direction,host_country,source_country,destination_country,lei,legal_name,entity_country,uie_country,uie_name,uie_lei,uie_source,evidence_tier,evidence_bucket,uie_confidence,is_known_uie,is_inferred_uie,direct_parent_country,ultimate_parent_country,chain_parent_country,ctos_registered_malaysia
IN,ID,CH,ID,2138004P5THCO7FJWH17,"""PAPANDAYAN COCOA INDUSTRIES"" PT",ID,CH,BARRY CALLEBAUT AG,213800Y5RWKLDPUTT265,gleif_ultimate_parent,A_known_ultimate_parent,A_hard_or_verified,1.0,1,0,CH,CH,,0.0
IN,ID,CN,ID,254900N240CIN0O2PC47,"BANK CHINA CONSTRUCTION BANK INDONESIA, PT TBK",ID,CN,中国建设银行股份有限公司,5493001KQW6DM7KEDR62,gleif_ultimate_parent,A_known_ultimate_parent,A_hard_or_verified,1.0,1,0,CN,CN,,0.0
IN,ID,MY,ID,549300NZ97UNGBXAPM35,BANK CIMB NIAGA,ID,MY,CIMB GROUP HOLDINGS BERHAD,549300FYDN5UD7USZW18,gleif_ultimate_parent,A_known_ultimate_parent,A_hard_or_verified,1.0,1,0,MY,MY,,0.0
IN,ID,GB,ID,2138008Z54IOGPGG1838,"BENTOEL INTERNASIONAL INVESTAMA TBK, PT",ID,GB,BRITISH AMERICAN TOBACCO P.L.C.,213800FKA5MF17RJKT63,gleif_ultimate_parent,A_known_ultimate_parent,A_hard_or_verified,1.0,1,0,GB,GB,,0.0
IN,ID,FR,ID,213800LXP1J51ILX9Y54,"BNP PARIBAS ASSET MANAGEMENT, PT",ID,FR,BNP PARIBAS,R0MUWSFPU8MPRO8K5P83,gleif_ultimate_parent,A_known_ultimate_parent,A_hard_or_verified,1.0,1,0,FR,FR,,0.0
IN,ID,HK,ID,213800O9OO4VS2MUDX27,"CLSA SEKURITAS INDONESIA, PT",ID,HK,CITIC Limited,2549006I3Q3M98KHOT11,gleif_ultimate_parent,A_known_ultimate_parent,A_hard_or_verified,1.0,1,0,HK,HK,,0.0
IN,ID,US,ID,2549000ZUV6K3SMJO390,"Crown Beverage Cans Indonesia, PT",ID,US,"CROWN HOLDINGS, INC.",NYLWZIOY8PUNIT4JOE22,gleif_ultimate_parent,A_known_ultimate_parent,A_hard_or_verified,1.0,1,0,SG,US,,0.0
IN,ID,DE,ID,549300XTEV3ZV7F18R83,DANA PENSIUN LEMBAGA KEUANGAN ALLIANZ INDONESIA,ID,DE,Allianz SE,529900K9B0N5BT694847,gleif_ultimate_parent,A_known_ultimate_parent,A_hard_or_verified,1.0,1,0,ID,DE,DE,0.0
IN,ID,DE,ID,529900FKQMWE1Q1CVE32,DRAEGERINDO JAYA,ID,DE,Drägerwerk AG & Co. KGaA,5493005UFVHY0PPNKD75,gleif_ultimate_parent,A_known_ultimate_parent,A_hard_or_verified,1.0,1,0,DE,DE,,0.0
IN,ID,DE,ID,254900JV97NJXWVHAD92,"FUCHS Indonesia, PT",ID,DE,FUCHS SE,529900SNF9E1P5ZO4P98,gleif_ultimate_parent,A_known_ultimate_parent,A_hard_or_verified,1.0,1,0,DE,DE,,0.0
IN,ID,US,ID,254900NVA3LAHUCPIG67,"HAVI Indonesia, PT",ID,US,THE HAVI GROUP LIMITED PARTNERSHIP,A7LWHWVH0PWZDS51XX82,gleif_ultimate_parent,A_known_ultimate_parent,A_hard_or_verified,1.0,1,0,US,US,,0.0
IN,ID,GB,ID,2138007FKYFDIXTWQZ43,"HSBC SECURITIES INDONESIA, PT",ID,GB,HSBC HOLDINGS PLC,MLU0ZO3ML4LN2LL2TL39,gleif_ultimate_parent,A_known_ultimate_parent,A_hard_or_verified,1.0,1,0,HK,GB,,0.0
IN,ID,US,ID,5493007LXG64XO75DS75,JP MORGAN SECURITIES INDONESIA,ID,US,JPMORGAN CHASE & CO.,8I5DZWZKVSZI1NUHU748,gleif_ultimate_parent,A_known_ultimate_parent,A_hard_or_verified,1.0,1,0,SG,US,,0.0
IN,ID,DE,ID,5299003PYOQJ4UGEWU88,"MERCK TBK, PT",ID,DE,E. Merck KG,529900YCCXD7AIHXU523,gleif_ultimate_parent,A_known_ultimate_parent,A_hard_or_verified,1.0,1,0,DE,DE,,0.0
IN,ID,BE,ID,549300TQR148MCBOTX13,P.T. CYTEC INDONESIA,ID,BE,SOLVAY,549300MMVL80RTBP3O28,gleif_ultimate_parent,A_known_ultimate_parent,A_hard_or_verified,1.0,1,0,BE,BE,,0.0
IN,ID,DE,ID,529900W01X1ZCGNM6S77,P.T. Heidelberg Indonesia,ID,DE,Heidelberger Druckmaschinen Aktiengesellschaft,529900ZM98OISTG16932,gleif_ultimate_parent,A_known_ultimate_parent,A_hard_or_verified,1.0,1,0,DE,DE,,0.0
IN,ID,BE,ID,5493001Q2ITOUBCYI393,"P.T. SOLVAY CHEMICALS INDONESIA, JAKARTA BARAT",ID,BE,SOLVAY,549300MMVL80RTBP3O28,gleif_ultimate_parent,A_known_ultimate_parent,A_hard_or_verified,1.0,1,0,BE,BE,,0.0
IN,ID,DE,ID,529900P6ECF4DC39NN25,P.T. Siemens Indonesia,ID,DE,Siemens Aktiengesellschaft,W38RGI023J3WT1HWRP32,gleif_ultimate_parent,A_known_ultimate_parent,A_hard_or_verified,1.0,1,0,DE,DE,,0.0
IN,ID,NO,ID,21380052OSZ43IY3TS22,P.T. YARA INDONESIA,ID,NO,YARA INTERNATIONAL ASA,213800WKOUWXWFJ5Z514,gleif_ultimate_parent,A_known_ultimate_parent,A_hard_or_verified,1.0,1,0,NO,NO,,0.0
IN,ID,US,ID,254900416KGZXE6KEJ47,"PROFAB INDONESIA, PT",ID,US,NOV Inc.,549300EHF3IW1AR6U008,gleif_ultimate_parent,A_known_ultimate_parent,A_hard_or_verified,1.0,1,0,,US,,0.0
IN,ID,US,ID,5493007XXRQ925K0JF85,PT ABBOTT INDONESIA,ID,US,ABBOTT LABORATORIES,HQD377W2YR662HK5JX27,gleif_ultimate_parent,A_known_ultimate_parent,A_hard_or_verified,1.0,1,0,,US,,0.0
IN,ID,US,ID,549300NTFRQ68A8ZHE31,PT ABBOTT PRODUCTS INDONESIA,ID,US,ABBOTT LABORATORIES,HQD377W2YR662HK5JX27,gleif_ultimate_parent,A_known_ultimate_parent,A_hard_or_verified,1.0,1,0,,US,,0.0
IN,ID,GB,ID,213800M15UL5G8KEPE93,PT ABERDEEN STANDARD INVESTMENTS INDONESIA,ID,GB,ABERDEEN GROUP PLC,0TMBS544NMO7GLCE7H90,gleif_ultimate_parent,A_known_ultimate_parent,A_hard_or_verified,1.0,1,0,SG,GB,,0.0
IN,ID,US,ID,2549007Y16F7JQCUOR08,PT ADM Animal Nutrition Indonesia,ID,US,ARCHER-DANIELS-MIDLAND COMPANY,549300LO13MQ9HYSTR83,gleif_ultimate_parent,A_known_ultimate_parent,A_hard_or_verified,1.0,1,0,US,US,,0.0
IN,ID,US,ID,549300FSSFFHFJY6N267,PT ADM INDONESIA TRADING AND LOGISTICS,ID,US,ARCHER-DANIELS-MIDLAND COMPANY,549300LO13MQ9HYSTR83,gleif_ultimate_parent,A_known_ultimate_parent,A_hard_or_verified,1.0,1,0,US,US,,0.0
IN,ID,VG,ID,549300PX6EIP7TF4M135,PT AGINCOURT RESOURCES,ID,VG,MARLIN ENTERPRISES LIMITED,549300WZXZUZPJR14Q71,gleif_ultimate_parent,A_known_ultimate_parent,A_hard_or_verified,1.0,1,0,VG,VG,,0.0
IN,ID,SG,ID,254900CQFD7NV5X6I769,PT AGRI HIKAY INDONESIA,ID,SG,KUOK (SINGAPORE) LIMITED,254900H2ZSDSNSMBG688,gleif_ultimate_parent,A_known_ultimate_parent,A_hard_or_verified,1.0,1,0,,SG,,0.0
IN,ID,SG,ID,254900E82XTWGT7EH960,PT AGRI INDOMAS,ID,SG,KUOK (SINGAPORE) LIMITED,254900H2ZSDSNSMBG688,gleif_ultimate_parent,A_known_ultimate_parent,A_hard_or_verified,1.0,1,0,,SG,,0.0
IN,ID,SG,ID,254900LVK7RQKHE1T506,PT AGRI SUMBA MAS,ID,SG,KUOK (SINGAPORE) LIMITED,254900H2ZSDSNSMBG688,gleif_ultimate_parent,A_known_ultimate_parent,A_hard_or_verified,1.0,1,0,,SG,,0.0
IN,ID,SG,ID,254900CMWNKBMZVOVX69,PT AGRI TIMUR MAS,ID,SG,KUOK (SINGAPORE) LIMITED,254900H2ZSDSNSMBG688,gleif_ultimate_parent,A_known_ultimate_parent,A_hard_or_verified,1.0,1,0,,SG,,0.0
IN,ID,US,ID,5493007MY6PSTFQ9FG98,PT AIR PRODUCTS EAST KALIMANTAN,ID,US,"AIR PRODUCTS AND CHEMICALS, INC.",7QEON6Y1RL5XR3R1W237,gleif_ultimate_parent,A_known_ultimate_parent,A_hard_or_verified,1.0,1,0,US,US,,0.0
IN,ID,US,ID,13YDL6E5ED517K83AE85,PT AIR PRODUCTS INDONESIA,ID,US,"AIR PRODUCTS AND CHEMICALS, INC.",7QEON6Y1RL5XR3R1W237,gleif_ultimate_parent,A_known_ultimate_parent,A_hard_or_verified,1.0,1,0,US,US,,0.0
IN,ID,US,ID,5493002X7JA30L1PE582,PT AIR PRODUCTS INDONESIA SERVICES,ID,US,"AIR PRODUCTS AND CHEMICALS, INC.",7QEON6Y1RL5XR3R1W237,gleif_ultimate_parent,A_known_ultimate_parent,A_hard_or_verified,1.0,1,0,ID,US,US,0.0
IN,ID,US,ID,549300SX0RWBKSVC1Z87,PT ALSTOM POWER ENERGY SYSTEMS INDONESIA,ID,US,GENERAL ELECTRIC COMPANY,3C7474T6CDKPR9K6YT90,gleif_ultimate_parent,A_known_ultimate_parent,A_hard_or_verified,1.0,1,0,NL,US,,0.0
IN,ID,US,ID,549300OAHU3NNUJB0285,PT ANDES AGRO INVESTAMA,ID,US,"CARGILL, INCORPORATED",QXZYQNMR4JZ5RIRN4T31,gleif_ultimate_parent,A_known_ultimate_parent,A_hard_or_verified,1.0,1,0,,US,,0.0
IN,ID,US,ID,5493004RBV347UBWY176,PT ANDES SAWIT LESTARI,ID,US,"CARGILL, INCORPORATED",QXZYQNMR4JZ5RIRN4T31,gleif_ultimate_parent,A_known_ultimate_parent,A_hard_or_verified,1.0,1,0,,US,,0.0
IN,ID,US,ID,549300OSABXRAZ7DZI86,PT ANDES SAWIT MAS,ID,US,"CARGILL, INCORPORATED",QXZYQNMR4JZ5RIRN4T31,gleif_ultimate_parent,A_known_ultimate_parent,A_hard_or_verified,1.0,1,0,,US,,0.0
IN,ID,AT,ID,549300I7ZDGQOHQCPX79,PT ANDRITZ HYDRO,ID,AT,Andritz AG,549300VZKC61IR5U8G96,gleif_ultimate_parent,A_known_ultimate_parent,A_hard_or_verified,1.0,1,0,AT,AT,,0.0
IN,ID,TR,ID,984500055B7D93FA5C38,PT ARCELIK HITACHI HOME APPLIANCES SALES INDONESIA,ID,TR,KOÇ HOLDİNG ANONİM ŞİRKETİ,7890005U0H950VH19H45,gleif_ultimate_parent,A_known_ultimate_parent,A_hard_or_verified,1.0,1,0,TR,TR,,0.0
IN,ID,GB,ID,213800RODUR1B5CAL145,PT ASTRA AVIVA LIFE,ID,GB,AVIVA PLC,YF0Y5B0IB8SM0ZFG9G81,gleif_ultimate_parent,A_known_ultimate_parent,A_hard_or_verified,1.0,1,0,GB,GB,,0.0
IN,ID,DE,ID,549300RNZZEXTY8WGD05,PT ASURANSI ALLIANZ LIFE INDONESIA,ID,DE,Allianz SE,529900K9B0N5BT694847,gleif_ultimate_parent,A_known_ultimate_parent,A_hard_or_verified,1.0,1,0,DE,DE,,0.0
IN,ID,CA,ID,549300RF2OU2C5QZTA06,PT ASURANSI JIWA MANULIFE INDONESIA,ID,CA,The Manufacturers Life Insurance Company,549300FGSGT5QIJPPO24,gleif_ultimate_parent,A_known_ultimate_parent,A_hard_or_verified,1.0,1,0,CA,CA,,0.0
IN,ID,CA,ID,254900Z7XCQZQJSDA934,PT ASURANSI JIWA MANULIFE INDONESIA SYARIAH,ID,CA,The Manufacturers Life Insurance Company,549300FGSGT5QIJPPO24,gleif_ultimate_parent,A_known_ultimate_parent,A_hard_or_verified,1.0,1,0,CA,CA,,0.0
IN,ID,US,ID,549300RTZRNPHNBUXO95,PT AVERY DENNISON INDONESIA,ID,US,AVERY DENNISON CORPORATION,549300PW7VPFCYKLIV37,gleif_ultimate_parent,A_known_ultimate_parent,A_hard_or_verified,1.0,1,0,US,US,,0.0
IN,ID,FR,ID,254900NSJX05NZYXKI58,PT AXA Group Operations Indonesia,ID,FR,AXA,F5WCUMTUM4RKZ1MAIE39,gleif_ultimate_parent,A_known_ultimate_parent,A_hard_or_verified,1.0,1,0,FR,FR,,0.0
IN,ID,NL,ID,254900H23EGOXP2PQB79,PT Akzo Nobel Car Refinishes Indonesia,ID,NL,Akzo Nobel N.V.,724500XYIJUGXAA5QD70,gleif_ultimate_parent,A_known_ultimate_parent,A_hard_or_verified,1.0,1,0,NL,NL,,0.0
IN,ID,NL,ID,254900EY44GKW69XL421,PT Akzo Nobel Wood Finishes and Adhesives Indonesia,ID,NL,Akzo Nobel N.V.,724500XYIJUGXAA5QD70,gleif_ultimate_parent,A_known_ultimate_parent,A_hard_or_verified,1.0,1,0,NL,NL,,0.0
IN,ID,IN,ID,2549004RTISESZNLLV69,PT Alliance Consumer Products Indonesia,ID,IN,ALLIANCE WORLD MANUFACTURING LIMITED,98450040C6FB78A97D63,gleif_ultimate_parent,A_known_ultimate_parent,A_hard_or_verified,1.0,1,0,SG,IN,IN,0.0
IN,ID,AU,ID,54930062386KQGFPW043,PT BANK ANZ INDONESIA,ID,AU,AUSTRALIA AND NEW ZEALAND BANKING GROUP LIMITED,JHE42UYNWWTJB8YTTU19,gleif_ultimate_parent,A_known_ultimate_parent,A_hard_or_verified,1.0,1,0,AU,AU,,0.0
IN,ID,FR,ID,5493005YXREMPPQK3G72,PT BANK BNP PARIBAS INDONESIA,ID,FR,BNP PARIBAS,R0MUWSFPU8MPRO8K5P83,gleif_ultimate_parent,A_known_ultimate_parent,A_hard_or_verified,1.0,1,0,FR,FR,,0.0
IN,ID,TW,ID,549300FJZHS98VKJKA72,PT BANK CTBC INDONESIA,ID,TW,中國信託金融控股股份有限公司,549300IWDYIFW6JXM387,gleif_ultimate_parent,A_known_ultimate_parent,A_hard_or_verified,1.0,1,0,,TW,,0.0
IN,ID,SG,ID,549300O6CSI01N2D1257,PT BANK DBS INDONESIA,ID,SG,DBS GROUP HOLDINGS LTD,5493007FKT78NKPM5V55,gleif_ultimate_parent,A_known_ultimate_parent,A_hard_or_verified,1.0,1,0,SG,SG,,0.0
IN,ID,GB,ID,213800HW5IDIRLWH1203,PT BANK HSBC INDONESIA,ID,GB,HSBC HOLDINGS PLC,MLU0ZO3ML4LN2LL2TL39,gleif_ultimate_parent,A_known_ultimate_parent,A_hard_or_verified,1.0,1,0,GB,GB,,0.0
IN,ID,MY,ID,549300RHDK5D1O3JHU60,PT BANK MAYBANK INDONESIA,ID,MY,MALAYAN BANKING BERHAD,5493004OT3TOY404V310,gleif_ultimate_parent,A_known_ultimate_parent,A_hard_or_verified,1.0,1,0,MY,MY,,0.0
IN,ID,JP,ID,549300ODYYY8HGVS6190,PT BANK MIZUHO INDONESIA,ID,JP,株式会社みずほフィナンシャルグループ,353800CI5L6DDAN5XZ33,gleif_ultimate_parent,A_known_ultimate_parent,A_hard_or_verified,1.0,1,0,JP,JP,,0.0
IN,ID,SG,ID,549300RBYAFM3PQZB872,PT BANK OCBC NISP TBK.,ID,SG,OVERSEA-CHINESE BANKING CORPORATION LIMITED,5493007O3QFXCPOGWK22,gleif_ultimate_parent,A_known_ultimate_parent,A_hard_or_verified,1.0,1,0,SG,SG,,0.0
IN,ID,TH,ID,5493003MGU02RFSRZT53,PT BANK PERMATA TBK,ID,TH,บริษัท ธนาคารกรุงเทพ จำกัด (มหาชน),549300CCL2BKJGMYXV60,gleif_ultimate_parent,A_known_ultimate_parent,A_hard_or_verified,1.0,1,0,TH,TH,,0.0
IN,ID,SG,ID,549300EZ5250PHXCJ452,PT BANK UOB INDONESIA,ID,SG,UNITED OVERSEAS BANK LIMITED,IO66REGK3RCBAMA8HR66,gleif_ultimate_parent,A_known_ultimate_parent,A_hard_or_verified,1.0,1,0,SG,SG,,0.0
IN,ID,DE,ID,254900DR0UTLML0TO568,PT BD AGRICULTURE INDONESIA,ID,DE,Big Dutchman AktiengeselIschaft,529900AXOUPVP04QCG44,gleif_ultimate_parent,A_known_ultimate_parent,A_hard_or_verified,1.0,1,0,DE,DE,,0.0
IN,ID,FR,ID,213800EM4GB3UD5XEE29,PT BNP PARIBAS SEKURITAS INDONESIA,ID,FR,BNP PARIBAS,R0MUWSFPU8MPRO8K5P83,gleif_ultimate_parent,A_known_ultimate_parent,A_hard_or_verified,1.0,1,0,FR,FR,,0.0
IN,ID,DE,ID,254900GSE0UXZVPTUI11,PT BRENNTAG,ID,DE,BRENNTAG SE,NNROIXVWJ7CPSR27SV97,gleif_ultimate_parent,A_known_ultimate_parent,A_hard_or_verified,1.0,1,0,SG,DE,,0.0
IN,ID,JP,ID,254900ITJZXKI8W1U173,PT BUSSAN AUTO FINANCE,ID,JP,三井物産株式会社,2NRSB4GOU9DD6CNW5R48,gleif_ultimate_parent,A_known_ultimate_parent,A_hard_or_verified,1.0,1,0,JP,JP,,0.0
IN,ID,NL,ID,549300CSSXBX5D7HKJ69,PT Bank Rabobank International Indonesia,ID,NL,Coöperatieve Rabobank U.A.,DG3RU1DBUFHT4ZF9WN62,gleif_ultimate_parent,A_known_ultimate_parent,A_hard_or_verified,1.0,1,0,NL,NL,,0.0
IN,ID,JP,ID,254900PLQ2RDXAKEZT67,PT Bank SMBC Indonesia Tbk,ID,JP,株式会社三井住友フィナンシャルグループ,35380028MYWPB6AUO129,gleif_ultimate_parent,A_known_ultimate_parent,A_hard_or_verified,1.0,1,0,JP,JP,,0.0
IN,ID,KY,ID,254900VFHQ11RO0U2773,PT Bank Seabank Indonesia,ID,KY,Sea Limited,529900OM6JLLW44YKI15,gleif_ultimate_parent,A_known_ultimate_parent,A_hard_or_verified,1.0,1,0,,KY,,0.0
IN,ID,DE,ID,529900NTY0GVX7Y46H44,PT Beiersdorf Indonesia,ID,DE,maxingvest GmbH & Co. KGaA,529900DV1ODI5C2GRH81,gleif_ultimate_parent,A_known_ultimate_parent,A_hard_or_verified,1.0,1,0,DE,DE,,0.0
IN,ID,CH,ID,2549003RPOYZZN0RYF47,PT Bunge Agribusiness Indonesia,ID,CH,Bunge Global SA,254900IVXSV9K0B7PO26,gleif_ultimate_parent,A_known_ultimate_parent,A_hard_or_verified,1.0,1,0,SG,CH,,0.0
IN,ID,US,ID,549300CM2QS0N56RZX28,PT CARGILL FOODS INDONESIA,ID,US,"CARGILL, INCORPORATED",QXZYQNMR4JZ5RIRN4T31,gleif_ultimate_parent,A_known_ultimate_parent,A_hard_or_verified,1.0,1,0,LU,US,,0.0
IN,ID,US,ID,549300PPI5ZETPPVX540,PT CARGILL INDONESIA,ID,US,"CARGILL, INCORPORATED",QXZYQNMR4JZ5RIRN4T31,gleif_ultimate_parent,A_known_ultimate_parent,A_hard_or_verified,1.0,1,0,LU,US,,0.0
IN,ID,US,ID,549300WMQAJ634ZSKK15,PT CATERPILLAR FINANCE INDONESIA,ID,US,CATERPILLAR INC.,WRJR7GS4GTRECRRTVX92,gleif_ultimate_parent,A_known_ultimate_parent,A_hard_or_verified,1.0,1,0,US,US,,0.0
IN,ID,US,ID,254900IQVYJDWCF77034,PT CATERPILLAR INDONESIA,ID,US,CATERPILLAR INC.,WRJR7GS4GTRECRRTVX92,gleif_ultimate_parent,A_known_ultimate_parent,A_hard_or_verified,1.0,1,0,,US,,0.0
IN,ID,FR,ID,2138007HTHL69VCPU239,PT CEGELEC,ID,FR,VINCI,213800WFQ334R8UXUG83,gleif_ultimate_parent,A_known_ultimate_parent,A_hard_or_verified,1.0,1,0,FR,FR,,0.0
IN,ID,SG,ID,25490041Q7H8137J4786,PT CILIANDRA PERKASA,ID,SG,FIRST RESOURCES LIMITED,5493007RRD817HUP4O49,gleif_ultimate_parent,A_known_ultimate_parent,A_hard_or_verified,1.0,1,0,SG,SG,,0.0
IN,ID,GB,ID,2138001LS155CW8PDJ53,PT COATS TRADING INDONESIA,ID,GB,COATS GROUP PLC,2138003SPYWGAITNFY17,gleif_ultimate_parent,A_known_ultimate_parent,A_hard_or_verified,1.0,1,0,GB,GB,,0.0
IN,ID,SG,ID,2549001D1MK0SGGGCF22,PT CODA INDONESIA,ID,SG,CODA PAYMENTS PTE. LTD.,984500DB97EF65F4J761,gleif_ultimate_parent,A_known_ultimate_parent,A_hard_or_verified,1.0,1,0,SG,SG,,0.0
IN,ID,KY,ID,5493002NVZ1DJ42PNC97,PT COFFEE INDONESIA JAYA,ID,KY,COFCO INTERNATIONAL LIMITED,549300GAZG2C850J2830,gleif_ultimate_parent,A_known_ultimate_parent,A_hard_or_verified,1.0,1,0,SG,KY,,0.0
IN,ID,DE,ID,549300FH48UXT5PYW237,PT COVESTRO POLYMERS INDONESIA,ID,DE,Covestro AG,3912005AWHKLQ1CPLV11,gleif_ultimate_parent,A_known_ultimate_parent,A_hard_or_verified,1.0,1,0,DE,DE,,0.0
IN,ID,GB,ID,25490084O2629377SW55,PT Calmic Indonesia,ID,GB,RENTOKIL INITIAL PLC,549300VN4WV7Z6T14K68,gleif_ultimate_parent,A_known_ultimate_parent,A_hard_or_verified,1.0,1,0,,GB,,0.0
IN,ID,US,ID,254900O5BK9EHBHT0Z59,PT Caterpillar Remanufacturing Indonesia,ID,US,CATERPILLAR INC.,WRJR7GS4GTRECRRTVX92,gleif_ultimate_parent,A_known_ultimate_parent,A_hard_or_verified,1.0,1,0,,US,,0.0
IN,ID,JP,ID,254900335BYMCOSBGF57,PT Central Java Power,ID,JP,住友商事株式会社,V82KK8NH1P0JS71FJC05,gleif_ultimate_parent,A_known_ultimate_parent,A_hard_or_verified,1.0,1,0,JP,JP,,0.0
IN,ID,US,ID,5493000QY2EN4QDHTJ68,PT Citigroup Sekuritas Indonesia,ID,US,CITIGROUP INC.,6SHGI4ZSSLCXXQSBB395,gleif_ultimate_parent,A_known_ultimate_parent,A_hard_or_verified,1.0,1,0,US,US,,0.0
IN,ID,AU,ID,254900L73C06246OMT50,PT Coca-Cola Bottling Indonesia,ID,AU,Coca-Cola Europacific Partners API Pty Ltd,JOR7RJTXUXBRJ4UA5G70,gleif_ultimate_parent,A_known_ultimate_parent,A_hard_or_verified,1.0,1,0,,AU,,0.0
IN,ID,SG,ID,254900YY2P0TIC394P65,PT DBS Vickers Sekuritas Indonesia,ID,SG,DBS GROUP HOLDINGS LTD,5493007FKT78NKPM5V55,gleif_ultimate_parent,A_known_ultimate_parent,A_hard_or_verified,1.0,1,0,,SG,,0.0
IN,ID,DE,ID,5299003MEY3TUXKQ7L36,PT DURR SYSTEMS INDONESIA,ID,DE,Dürr Aktiengesellschaft,5299003APZ54EDTSRO20,gleif_ultimate_parent,A_known_ultimate_parent,A_hard_or_verified,1.0,1,0,DE,DE,,0.0
IN,ID,DE,ID,529900694PEUWKDM8O53,PT Daimler Commercial Vehicles Indonesia,ID,DE,Daimler Truck Holding AG,529900PW78JIYOUBSR24,gleif_ultimate_parent,A_known_ultimate_parent,A_hard_or_verified,1.0,1,0,DE,DE,,0.0
IN,ID,DE,ID,529900QKMZ9BM7KRR010,PT Dresser Rand Services Indonesia,ID,DE,Siemens Energy AG,5299005CHJZ14D4FDJ62,gleif_ultimate_parent,A_known_ultimate_parent,A_hard_or_verified,1.0,1,0,DE,DE,,0.0
IN,ID,TH,ID,254900EFD1LYND24HO05,PT ENERGI BATUBARA PERKASA,ID,TH,บริษัท บ้านปู จำกัด (มหาชน),529900AJ2Z6SUR6TSW75,gleif_ultimate_parent,A_known_ultimate_parent,A_hard_or_verified,1.0,1,0,ID,TH,TH,0.0
IN,ID,US,ID,549300P2GYE662VY4X28,PT ESSENCE INDONESIA,ID,US,INTERNATIONAL FLAVORS & FRAGRANCES INC.,BZLRL03D3GPGMOGFO832,gleif_ultimate_parent,A_known_ultimate_parent,A_hard_or_verified,1.0,1,0,US,US,,0.0
IN,ID,DE,ID,529900UDDGWZ6NF27V16,PT EVONIK INDONESIA,ID,DE,Evonik Industries AG,41GUOJQTALQHLF39XJ34,gleif_ultimate_parent,A_known_ultimate_parent,A_hard_or_verified,1.0,1,0,DE,DE,,0.0
IN,ID,CH,ID,2549001QGEBM7XWJH830,PT Endress+Hauser Indonesia,ID,CH,Endress+Hauser Management AG,529900NPKCJBTNRVC265,gleif_ultimate_parent,A_known_ultimate_parent,A_hard_or_verified,1.0,1,0,CH,CH,,0.0
IN,ID,FR,ID,894500GJQ354TQ5V2I31,PT Exclusive Networks Indonesia,ID,FR,EXCLUSIVE NETWORKS CORPORATE,969500GFM1C4M1KMPL74,gleif_ultimate_parent,A_known_ultimate_parent,A_hard_or_verified,1.0,1,0,,FR,,0.0
IN,ID,CH,ID,549300FD4SZA86OHGD24,PT FIRMENICH AROMATICS INDONESIA,ID,CH,DSM-Firmenich AG,506700G44V67MPM4BI12,gleif_ultimate_parent,A_known_ultimate_parent,A_hard_or_verified,1.0,1,0,CH,CH,,0.0
IN,ID,GB,ID,2549005SHVYJB0DIQG58,PT FMC SANTANA PETROLEUM EQUIPMENT INDONESIA,ID,GB,TECHNIPFMC PLC,549300D5I93QWCJTCK36,gleif_ultimate_parent,A_known_ultimate_parent,A_hard_or_verified,1.0,1,0,SG,GB,,0.0
IN,ID,GB,ID,5493000BCP57VF8CUJ54,PT FMC TECHNOLOGIES SUBSEA INDONESIA,ID,GB,TECHNIPFMC PLC,549300D5I93QWCJTCK36,gleif_ultimate_parent,A_known_ultimate_parent,A_hard_or_verified,1.0,1,0,GB,GB,,0.0
IN,ID,US,ID,549300T4HTQHRKLNE619,PT FREEPORT INDONESIA,ID,US,FREEPORT-MCMORAN INC.,549300IRDTHJQ1PVET45,gleif_ultimate_parent,A_known_ultimate_parent,A_hard_or_verified,1.0,1,0,US,US,,0.0
IN,ID,NL,ID,54930024PCXDOAKIRB32,PT FRISIAN FLAG INDONESIA,ID,NL,Koninklijke FrieslandCampina N.V.,724500CDWM1CHYS8AP31,gleif_ultimate_parent,A_known_ultimate_parent,A_hard_or_verified,1.0,1,0,,NL,,0.0
IN,ID,DE,ID,254900I5KHZO6NEKSF94,PT FUCHS Lubricants Indonesia,ID,DE,FUCHS SE,529900SNF9E1P5ZO4P98,gleif_ultimate_parent,A_known_ultimate_parent,A_hard_or_verified,1.0,1,0,DE,DE,,0.0
IN,ID,DE,ID,5299004EXI3C2PCMDB40,PT Fresenius Kabi Combiphar,ID,DE,Fresenius SE & Co. KGaA,XDFJ0CYCOO1FXRFTQS51,gleif_ultimate_parent,A_known_ultimate_parent,A_hard_or_verified,1.0,1,0,DE,DE,,0.0
IN,ID,TH,ID,549300IJDXIW5LIE3430,PT GASEMAS,ID,TH,บริษัท บ้านปู จำกัด (มหาชน),529900AJ2Z6SUR6TSW75,gleif_ultimate_parent,A_known_ultimate_parent,A_hard_or_verified,1.0,1,0,,TH,,0.0
IN,ID,US,ID,549300ICULYM4CQF1672,PT GCP APPLIED TECHNOLOGIES INDONESIA,ID,US,GCP APPLIED TECHNOLOGIES INC.,5493007G654QKQVEKV09,gleif_ultimate_parent,A_known_ultimate_parent,A_hard_or_verified,1.0,1,0,US,US,,0.0
IN,ID,DE,ID,25490093IBCXL5L7FW86,PT GEA REFRIGERATION INDONESIA,ID,DE,GEA Group Aktiengesellschaft,549300PHUU0ZZWO8EO07,gleif_ultimate_parent,A_known_ultimate_parent,A_hard_or_verified,1.0,1,0,DE,DE,,0.0
IN,ID,CH,ID,213800SGVFVISPOEPO58,PT GIVAUDAN INDONESIA,ID,CH,GIVAUDAN SA,213800SVRMQA1TD91D41,gleif_ultimate_parent,A_known_ultimate_parent,A_hard_or_verified,1.0,1,0,CH,CH,,0.0
IN,ID,JE,ID,213800HHUB25EMOMSU31,PT GLENCORE COMMERCE INDONESIA,ID,JE,GLENCORE PLC,2138002658CPO9NBH955,gleif_ultimate_parent,A_known_ultimate_parent,A_hard_or_verified,1.0,1,0,JE,JE,,0.0
IN,ID,GB,ID,54930031NR8JDRCN5T26,PT GLOBAL INDUSTRIES ASIA PACIFIC,ID,GB,TECHNIPFMC PLC,549300D5I93QWCJTCK36,gleif_ultimate_parent,A_known_ultimate_parent,A_hard_or_verified,1.0,1,0,GB,GB,,0.0
IN,ID,US,ID,549300KLGSXQ8Q35LD60,PT GOLDMAN SACHS INDONESIA SEKURITAS,ID,US,"THE GOLDMAN SACHS GROUP, INC.",784F5XWPLTWKTBV3E584,gleif_ultimate_parent,A_known_ultimate_parent,A_hard_or_verified,1.0,1,0,US,US,,0.0
IN,ID,US,ID,5493009JE5QMGXGMDF56,PT GOODYEAR INDONESIA,ID,US,THE GOODYEAR TIRE & RUBBER COMPANY,5493002BI0S2ZQUY3437,gleif_ultimate_parent,A_known_ultimate_parent,A_hard_or_verified,1.0,1,0,US,US,,0.0
IN,ID,SG,ID,549300UNI41O19XN1T73,PT GREAT EASTERN LIFE INDONESIA,ID,SG,GREAT EASTERN HOLDINGS LIMITED,875500VP8E4GKG3B1P45,gleif_ultimate_parent,A_known_ultimate_parent,A_hard_or_verified,1.0,1,0,SG,SG,,0.0
IN,ID,US,ID,549300VC6TUMS095IT10,PT GRID SOLUTIONS,ID,US,GENERAL ELECTRIC COMPANY,3C7474T6CDKPR9K6YT90,gleif_ultimate_parent,A_known_ultimate_parent,A_hard_or_verified,1.0,1,0,US,US,,0.0
IN,ID,US,ID,549300MV6H0LW0X8GG54,PT Goldman Sachs Indonesia,ID,US,"THE GOLDMAN SACHS GROUP, INC.",784F5XWPLTWKTBV3E584,gleif_ultimate_parent,A_known_ultimate_parent,A_hard_or_verified,1.0,1,0,US,US,,0.0
IN,ID,DE,ID,254900DYMUMNZYMKP943,PT HAFELE INDOTAMA,ID,DE,Häfele SE & Co KG,529900D1UK7UO6210P19,gleif_ultimate_parent,A_known_ultimate_parent,A_hard_or_verified,1.0,1,0,DE,DE,,0.0
IN,ID,US,ID,549300ZA00UQ3CN51060,PT HANJAYA MANDALA SAMPOERNA TBK.,ID,US,Philip Morris International Inc.,HL3H1H2BGXWVG3BSWR90,gleif_ultimate_parent,A_known_ultimate_parent,A_hard_or_verified,1.0,1,0,ID,US,US,0.0
IN,ID,US,ID,549300BUIFQHEHPGYV80,PT HARAPAN SAWIT LESTARI,ID,US,"CARGILL, INCORPORATED",QXZYQNMR4JZ5RIRN4T31,gleif_ultimate_parent,A_known_ultimate_parent,A_hard_or_verified,1.0,1,0,ID,US,US,0.0
IN,ID,US,ID,549300JKBK2U7G644H95,PT HINDOLI,ID,US,"CARGILL, INCORPORATED",QXZYQNMR4JZ5RIRN4T31,gleif_ultimate_parent,A_known_ultimate_parent,A_hard_or_verified,1.0,1,0,SG,US,US,0.0
IN,ID,JP,ID,254900T3BR4QLL4UMZ25,PT HONDA LOCK INDONESIA,ID,JP,ミネベアアクセスソリューションズ株式会社,353800KH361OFVNE1W85,gleif_ultimate_parent,A_known_ultimate_parent,A_hard_or_verified,1.0,1,0,JP,JP,,0.0
IN,ID,DE,ID,529900FX6ONDHR6DA639,PT Henkel Adhesive Technologies,ID,DE,Henkel AG & Co. KGaA,549300VZCL1HTH4O4Y49,gleif_ultimate_parent,A_known_ultimate_parent,A_hard_or_verified,1.0,1,0,DE,DE,,0.0
IN,ID,GB,ID,529900AXH12US44BPA56,PT INCHCAPE INDOMOBIL DISTRIBUTION INDONESIA,ID,GB,INCHCAPE PLC,213800RGEH1MPPNM2T57,gleif_ultimate_parent,A_known_ultimate_parent,A_hard_or_verified,1.0,1,0,,GB,,0.0
IN,ID,GB,ID,254900G2GSOPFAUFD651,PT INCHCAPE INDOMOBIL ENERGI BARU,ID,GB,INCHCAPE PLC,213800RGEH1MPPNM2T57,gleif_ultimate_parent,A_known_ultimate_parent,A_hard_or_verified,1.0,1,0,,GB,,0.0
IN,ID,FR,ID,213800ALYJAQYGL8B188,PT INDOKOMAS BUANA PERKASA,ID,FR,VINCI,213800WFQ334R8UXUG83,gleif_ultimate_parent,A_known_ultimate_parent,A_hard_or_verified,1.0,1,0,FR,FR,,0.0
IN,ID,TH,ID,549300ZL1IXZO2GCPS59,PT INDOMINCO MANDIRI,ID,TH,บริษัท บ้านปู จำกัด (มหาชน),529900AJ2Z6SUR6TSW75,gleif_ultimate_parent,A_known_ultimate_parent,A_hard_or_verified,1.0,1,0,ID,TH,TH,0.0
IN,ID,US,ID,254900DIV6ZJ7Z0X2993,PT INGREDION INDONESIA,ID,US,INGREDION INCORPORATED,PKSTQ48QDN0XSVS7YK88,gleif_ultimate_parent,A_known_ultimate_parent,A_hard_or_verified,1.0,1,0,NL,US,,0.0
IN,ID,GB,ID,254900MTXLIDY7XP9U20,PT Inchcape Automotive Indonesia,ID,GB,INCHCAPE PLC,213800RGEH1MPPNM2T57,gleif_ultimate_parent,A_known_ultimate_parent,A_hard_or_verified,1.0,1,0,,GB,,0.0
IN,ID,GB,ID,2549003DKO7RLKZU0W23,PT Inchcape Indomobil Energi Baru Distribusi,ID,GB,INCHCAPE PLC,213800RGEH1MPPNM2T57,gleif_ultimate_parent,A_known_ultimate_parent,A_hard_or_verified,1.0,1,0,,GB,,0.0
IN,ID,TH,ID,52990056ZNHB217ZKL92,PT Indo Tambangraya Megah Tbk.,ID,TH,บริษัท บ้านปู จำกัด (มหาชน),529900AJ2Z6SUR6TSW75,gleif_ultimate_parent,A_known_ultimate_parent,A_hard_or_verified,1.0,1,0,SG,TH,TH,0.0
IN,ID,DE,ID,529900QTKVMZGBE53B33,PT Infineon Technologies Batam,ID,DE,Infineon Technologies AG,TSI2PJM6EPETEQ4X1U25,gleif_ultimate_parent,A_known_ultimate_parent,A_hard_or_verified,1.0,1,0,DE,DE,,0.0
IN,ID,DE,ID,5299006A254FYNIYHZ09,PT Innomotics Motors and Solutions,ID,DE,Siemens Aktiengesellschaft,W38RGI023J3WT1HWRP32,gleif_ultimate_parent,A_known_ultimate_parent,A_hard_or_verified,1.0,1,0,DE,DE,,0.0
IN,ID,NL,ID,25490015QK0QKCYY7778,PT International Paint Indonesia,ID,NL,Akzo Nobel N.V.,724500XYIJUGXAA5QD70,gleif_ultimate_parent,A_known_ultimate_parent,A_hard_or_verified,1.0,1,0,NL,NL,,0.0
IN,ID,JE,ID,254900IXFN9XTU18OE15,PT Inti Tullett Prebon Indonesia,ID,JE,TP ICAP GROUP PLC,2138006YAA7IRVKKGE63,gleif_ultimate_parent,A_known_ultimate_parent,A_hard_or_verified,1.0,1,0,JE,JE,,0.0
IN,ID,US,ID,549300RQCK7THKV0O244,PT JOHNSON & JOHNSON INDONESIA,ID,US,Johnson & Johnson,549300G0CFPGEF6X2043,gleif_ultimate_parent,A_known_ultimate_parent,A_hard_or_verified,1.0,1,0,,US,,0.0
IN,ID,US,ID,5493000JIQAIB5AIGO08,PT JOHNSON AND JOHNSON INDONESIA TWO,ID,US,Johnson & Johnson,549300G0CFPGEF6X2043,gleif_ultimate_parent,A_known_ultimate_parent,A_hard_or_verified,1.0,1,0,US,US,,0.0
IN,ID,US,ID,54930041YNSQ10O8QX95,PT JOHNSON HOME HYGIENE PRODUCTS,ID,US,"S. C. JOHNSON & SON, INC.",PH5ZFDENRYXEVLP50443,gleif_ultimate_parent,A_known_ultimate_parent,A_hard_or_verified,1.0,1,0,US,US,,0.0
IN,ID,TH,ID,25490038K5FQLLP32Z95,PT JORONG BARUTAMA GRESTON,ID,TH,บริษัท บ้านปู จำกัด (มหาชน),529900AJ2Z6SUR6TSW75,gleif_ultimate_parent,A_known_ultimate_parent,A_hard_or_verified,1.0,1,0,ID,TH,TH,0.0
IN,ID,MY,ID,549300RK1K905795P160,PT KAF SEKURITAS INDONESIA,ID,MY,AKKA SDN. BHD.,254900W4QYOAWWJSQQ11,gleif_ultimate_parent,A_known_ultimate_parent,A_hard_or_verified,1.0,1,0,MY,MY,,0.0
IN,ID,GB,ID,213800LMJCXAFGGNI759,PT LABAMU SEJAHTERA INDONESIA,ID,GB,STANDARD CHARTERED PLC,U4LOSYZ7YG4W3S5F2G91,gleif_ultimate_parent,A_known_ultimate_parent,A_hard_or_verified,1.0,1,0,GB,GB,,0.0
IN,ID,NL,ID,5493006HMZJ3JNLKJC43,PT LDC EAST INDONESIA,ID,NL,LOUIS DREYFUS COMPANY B.V.,54930077YL0GMTEGZD16,gleif_ultimate_parent,A_known_ultimate_parent,A_hard_or_verified,1.0,1,0,,NL,,0.0
IN,ID,NL,ID,5493002OFDZFR4V8JH98,PT LDC INDONESIA,ID,NL,LOUIS DREYFUS COMPANY B.V.,54930077YL0GMTEGZD16,gleif_ultimate_parent,A_known_ultimate_parent,A_hard_or_verified,1.0,1,0,SG,NL,,0.0
IN,ID,NL,ID,549300DNUX6ZR5C8GN87,PT LDC TRADING INDONESIA,ID,NL,LOUIS DREYFUS COMPANY B.V.,54930077YL0GMTEGZD16,gleif_ultimate_parent,A_known_ultimate_parent,A_hard_or_verified,1.0,1,0,SG,NL,,0.0
IN,ID,FR,ID,549300PB3RHRUV7GAD57,PT LESTARI ASRI JAYA,ID,FR,COMPAGNIE GENERALE DES ETABLISSEMENTS MICHELIN,549300SOSI58J6VIW052,gleif_ultimate_parent,A_known_ultimate_parent,A_hard_or_verified,1.0,1,0,FR,FR,,0.0
IN,ID,GB,ID,213800P74IS2LRSRUW68,PT LSEG TRANSACTION SERVICES INDONESIA,ID,GB,LONDON STOCK EXCHANGE GROUP PLC,213800QAUUUP6I445N30,gleif_ultimate_parent,A_known_ultimate_parent,A_hard_or_verified,1.0,1,0,NL,GB,,0.0
IN,ID,GB,ID,549300W5TSUA7I3XSX72,PT Lyondellbasell Advanced Polyolefins Commercial,ID,GB,LyondellBasell Industries N.V.,BN6WCCZ8OVP3ITUUVN49,gleif_ultimate_parent,A_known_ultimate_parent,A_hard_or_verified,1.0,1,0,GB,GB,,0.0
IN,ID,US,ID,5493005TS2QF68GOC723,PT MATTEL INDONESIA,ID,US,"MATTEL, INC.",549300VELLG24KHTJ564,gleif_ultimate_parent,A_known_ultimate_parent,A_hard_or_verified,1.0,1,0,US,US,,0.0
IN,ID,US,ID,5493009X7TPGTTUE5J33,PT MAYA AGRO INVESTAMA,ID,US,"CARGILL, INCORPORATED",QXZYQNMR4JZ5RIRN4T31,gleif_ultimate_parent,A_known_ultimate_parent,A_hard_or_verified,1.0,1,0,,US,,0.0
IN,ID,FR,ID,549300P500X2LGT8XJ19,PT MICHELIN INDONESIA,ID,FR,COMPAGNIE GENERALE DES ETABLISSEMENTS MICHELIN,549300SOSI58J6VIW052,gleif_ultimate_parent,A_known_ultimate_parent,A_hard_or_verified,1.0,1,0,FR,FR,,0.0
IN,ID,US,ID,549300RUHTSXJC1IRL08,PT MONDELEZ INDONESIA MANUFACTURING,ID,US,"MONDELEZ INTERNATIONAL, INC.",549300DV9GIB88LZ5P30,gleif_ultimate_parent,A_known_ultimate_parent,A_hard_or_verified,1.0,1,0,US,US,,0.0
IN,ID,US,ID,5493000R5XRNNTT0KM53,PT MORGAN STANLEY INDONESIA,ID,US,MORGAN STANLEY,IGJSJL3JD5P30I6NJZ34,gleif_ultimate_parent,A_known_ultimate_parent,A_hard_or_verified,1.0,1,0,US,US,,0.0
IN,ID,US,ID,549300JVGZMY503T1I56,PT MORGAN STANLEY SEKURITAS INDONESIA,ID,US,MORGAN STANLEY,IGJSJL3JD5P30I6NJZ34,gleif_ultimate_parent,A_known_ultimate_parent,A_hard_or_verified,1.0,1,0,,US,,0.0
IN,ID,NL,ID,5493006IQ4L0G3WJXZ80,PT MULTI BINTANG INDONESIA,ID,NL,Heineken Holding N.V.,724500M1WJLFM9TYBS04,gleif_ultimate_parent,A_known_ultimate_parent,A_hard_or_verified,1.0,1,0,NL,NL,,0.0
IN,ID,KR,ID,2549004VBR76MR9RPW07,PT Mirae Asset Sekuritas Indonesia,ID,KR,미래에셋캐피탈(주),9884004G8BI99QA17V17,gleif_ultimate_parent,A_known_ultimate_parent,A_hard_or_verified,1.0,1,0,HK,KR,,0.0
IN,ID,CH,ID,2549009VYV1X2Q8CVF13,PT NESTLE INDONESIA,ID,CH,NESTLÉ S.A.,KY37LUS27QQX7BB93L28,gleif_ultimate_parent,A_known_ultimate_parent,A_hard_or_verified,1.0,1,0,CH,CH,,0.0
IN,ID,SG,ID,254900OOFOCT01CN4870,PT NIUM MITRA INDONESIA,ID,SG,NIUM PTE. LTD.,2549001M1QCD7NV2FL63,gleif_ultimate_parent,A_known_ultimate_parent,A_hard_or_verified,1.0,1,0,SG,SG,,0.0
IN,ID,JP,ID,549300HLRMSZ6BUWED14,PT NOMURA SEKURITAS INDONESIA,ID,JP,野村ホールディングス株式会社,549300B3CEAHYG7K8164,gleif_ultimate_parent,A_known_ultimate_parent,A_hard_or_verified,1.0,1,0,,JP,,0.0
IN,ID,SG,ID,254900IYYW01Y2058737,PT OCBC SEKURITAS INDONESIA,ID,SG,OVERSEA-CHINESE BANKING CORPORATION LIMITED,5493007O3QFXCPOGWK22,gleif_ultimate_parent,A_known_ultimate_parent,A_hard_or_verified,1.0,1,0,SG,SG,,0.0
IN,ID,SG,ID,5493004GMJLK1NY8UB07,PT OLAM INDONESIA,ID,SG,OLAM GROUP LIMITED,9845006F83F5EEC2A704,gleif_ultimate_parent,A_known_ultimate_parent,A_hard_or_verified,1.0,1,0,SG,SG,,0.0
IN,ID,FR,ID,549300J7H1RQ24SIZ225,PT OPTICAL PARTNERS INDONESIA,ID,FR,ESSILORLUXOTTICA,549300M3VH1A3ER1TB49,gleif_ultimate_parent,A_known_ultimate_parent,A_hard_or_verified,1.0,1,0,FR,FR,,0.0
IN,ID,JP,ID,254900MCZVM45X162G53,PT ORIX Indonesia Finance,ID,JP,オリックス株式会社,35380016EMHNBOVYE123,gleif_ultimate_parent,A_known_ultimate_parent,A_hard_or_verified,1.0,1,0,JP,JP,,0.0
IN,ID,JP,ID,254900Y3XGJL1O247O64,PT OTO MULTIARTHA,ID,JP,株式会社三井住友フィナンシャルグループ,35380028MYWPB6AUO129,gleif_ultimate_parent,A_known_ultimate_parent,A_hard_or_verified,1.0,1,0,ID,JP,JP,0.0
IN,ID,US,ID,549300IKEH44T7SJ7X67,PT PACRIM NUSANTARA LESTARI FOODS,ID,US,"CARGILL, INCORPORATED",QXZYQNMR4JZ5RIRN4T31,gleif_ultimate_parent,A_known_ultimate_parent,A_hard_or_verified,1.0,1,0,ID,US,US,0.0
IN,ID,US,ID,549300YDGYNJ5OSNWF92,PT PAXAR INDONESIA,ID,US,AVERY DENNISON CORPORATION,549300PW7VPFCYKLIV37,gleif_ultimate_parent,A_known_ultimate_parent,A_hard_or_verified,1.0,1,0,US,US,,0.0
IN,ID,NO,ID,2138007381O5MHW1VD60,PT PETROPRIMA GEO-SERVICES NUSANTARA,ID,NO,PGS ASA,213800T66DRTE6O6BV87,gleif_ultimate_parent,A_known_ultimate_parent,A_hard_or_verified,1.0,1,0,NO,NO,,0.0
IN,ID,US,ID,5493005CL8CJ6LVLD287,PT PHILIP MORRIS INDONESIA,ID,US,Philip Morris International Inc.,HL3H1H2BGXWVG3BSWR90,gleif_ultimate_parent,A_known_ultimate_parent,A_hard_or_verified,1.0,1,0,US,US,,0.0
IN,ID,US,ID,549300ILFKXPUIUVCE02,PT POLIPLANT SEJAHTERA,ID,US,"CARGILL, INCORPORATED",QXZYQNMR4JZ5RIRN4T31,gleif_ultimate_parent,A_known_ultimate_parent,A_hard_or_verified,1.0,1,0,,US,,0.0
IN,ID,KR,ID,254900O8DX5AMP55NF47,PT POSCO INDONESIA JAKARTA PROCESSING CENTER,ID,KR,포스코홀딩스 주식회사,988400E5HRVX81AYLM04,gleif_ultimate_parent,A_known_ultimate_parent,A_hard_or_verified,1.0,1,0,KR,KR,,0.0
IN,ID,US,ID,549300JKI0P37IHUST92,PT PPG COATINGS INDONESIA,ID,US,"PPG INDUSTRIES, INC.",549300BKPEP01R3V6C59,gleif_ultimate_parent,A_known_ultimate_parent,A_hard_or_verified,1.0,1,0,,US,,0.0
IN,ID,GB,ID,21380019LD1QA1IY1Y94,PT PRUDENTIAL LIFE ASSURANCE,ID,GB,Prudential Public Limited Company,5493001Z3ZE83NGK8Y12,gleif_ultimate_parent,A_known_ultimate_parent,A_hard_or_verified,1.0,1,0,GB,GB,,0.0
IN,ID,GB,ID,213800VN7YU1FJ5XR726,PT PZ CUSSONS INDONESIA,ID,GB,PZ CUSSONS PLC,XB3CXKKKED7OMV80FY35,gleif_ultimate_parent,A_known_ultimate_parent,A_hard_or_verified,1.0,1,0,GB,GB,,0.0
IN,ID,DK,ID,549300VKN2Q6ADCKBL26,PT Pelayaran Bintang Putih,ID,DK,A.P. MØLLER HOLDING A/S,5493000HKHWS15XW2C38,gleif_ultimate_parent,A_known_ultimate_parent,A_hard_or_verified,1.0,1,0,DK,DK,,0.0
IN,ID,GB,ID,213800N8T9BPRMXC3J88,PT RECKITT BENCKISER INDONESIA,ID,GB,RECKITT BENCKISER GROUP PLC,5493003JFSMOJG48V108,gleif_ultimate_parent,A_known_ultimate_parent,A_hard_or_verified,1.0,1,0,,GB,,0.0
IN,ID,GB,ID,2138007MEKBOMT7VSR79,PT REFINITIV SERVICES INDONESIA,ID,GB,LONDON STOCK EXCHANGE GROUP PLC,213800QAUUUP6I445N30,gleif_ultimate_parent,A_known_ultimate_parent,A_hard_or_verified,1.0,1,0,GB,GB,,0.0
IN,ID,US,ID,549300J39DN8XBY0P526,PT RICH PRODUCTS INDONESIA,ID,US,RICH PRODUCTS CORPORATION,54930098YJWW4XAC3823,gleif_ultimate_parent,A_known_ultimate_parent,A_hard_or_verified,1.0,1,0,US,US,,0.0
IN,ID,DE,ID,529900QJPCRZVWQK0J69,PT ROHDE AND SCHWARZ INDONESIA,ID,DE,Rohde & Schwarz GmbH & Co. Kommanditgesellschaft,529900156OVPNZXFJ655,gleif_ultimate_parent,A_known_ultimate_parent,A_hard_or_verified,1.0,1,0,DE,DE,,0.0
IN,ID,FR,ID,213800YIBE1A28GP2590,PT ROYAL LESTARI UTAMA,ID,FR,COMPAGNIE GENERALE DES ETABLISSEMENTS MICHELIN,549300SOSI58J6VIW052,gleif_ultimate_parent,A_known_ultimate_parent,A_hard_or_verified,1.0,1,0,FR,FR,,0.0
IN,ID,GB,ID,254900YOBSGTY0K5IP19,PT Rentokil Indonesia,ID,GB,RENTOKIL INITIAL PLC,549300VN4WV7Z6T14K68,gleif_ultimate_parent,A_known_ultimate_parent,A_hard_or_verified,1.0,1,0,,GB,,0.0
IN,ID,IT,ID,549300R4L2RX55VK4473,PT SAIPEM INDONESIA,ID,IT,SAIPEM S.P.A.,549300PHV8MBDHWB8X12,gleif_ultimate_parent,A_known_ultimate_parent,A_hard_or_verified,1.0,1,0,IT,IT,,0.0
IN,ID,FR,ID,549300EBJDRTQIMN8319,PT SCHNEIDER ELECTRIC MANUFACTURING BATAM,ID,FR,SCHNEIDER ELECTRIC SE,969500A1YF1XUYYXS284,gleif_ultimate_parent,A_known_ultimate_parent,A_hard_or_verified,1.0,1,0,FR,FR,,0.0
IN,ID,GB,ID,213800E5SMXAVTVHI943,PT SCHRODER INVESTMENT MANAGEMENT INDONESIA,ID,GB,SCHRODERS PLC,2138001YYBULX5SZ2H24,gleif_ultimate_parent,A_known_ultimate_parent,A_hard_or_verified,1.0,1,0,GB,GB,,0.0
IN,ID,US,ID,549300WXOTJTFOWIL283,PT SCOULAR TRADING INDONESIA,ID,US,THE SCOULAR COMPANY,MIQ8NSEAVLWZCJIZ5U19,gleif_ultimate_parent,A_known_ultimate_parent,A_hard_or_verified,1.0,1,0,,US,,0.0
IN,ID,US,ID,549300DPFIESD5OGCM41,PT SENSIENT TECHNOLOGIES INDONESIA,ID,US,SENSIENT TECHNOLOGIES CORPORATION,CMMZHMFZQG86EI7WZU92,gleif_ultimate_parent,A_known_ultimate_parent,A_hard_or_verified,1.0,1,0,,US,,0.0
IN,ID,IN,ID,9845007B1D4DD995B171,PT SGF Oleo Asia,ID,IN,PT WORKS PRIVATE LIMITED,335800IM9AGQYLIFHK37,gleif_ultimate_parent,A_known_ultimate_parent,A_hard_or_verified,1.0,1,0,,IN,,0.0
IN,ID,NL,ID,549300WJOJTW1JKVJO58,PT SIGNIFY COMMERCIAL INDONESIA,ID,NL,SIGNIFY N.V.,549300072P3J1X8NZO35,gleif_ultimate_parent,A_known_ultimate_parent,A_hard_or_verified,1.0,1,0,NL,NL,,0.0
IN,ID,US,ID,549300KN52QPRJ31OJ40,PT SORINI AGRO ASIA CORPORINDO,ID,US,"CARGILL, INCORPORATED",QXZYQNMR4JZ5RIRN4T31,gleif_ultimate_parent,A_known_ultimate_parent,A_hard_or_verified,1.0,1,0,ID,US,US,0.0
IN,ID,JP,ID,2549009OLFLV508DP069,PT SUMMIT OTO FINANCE,ID,JP,株式会社三井住友フィナンシャルグループ,35380028MYWPB6AUO129,gleif_ultimate_parent,A_known_ultimate_parent,A_hard_or_verified,1.0,1,0,ID,JP,JP,0.0
IN,ID,FR,ID,549300MV72MBKVCM8416,PT SYNTHETIC RUBBER INDONESIA,ID,FR,COMPAGNIE GENERALE DES ETABLISSEMENTS MICHELIN,549300SOSI58J6VIW052,gleif_ultimate_parent,A_known_ultimate_parent,A_hard_or_verified,1.0,1,0,FR,FR,,0.0
IN,ID,FR,ID,549300FBBLBCQ28J5O28,PT Schneider Electric Indonesia,ID,FR,SCHNEIDER ELECTRIC SE,969500A1YF1XUYYXS284,gleif_ultimate_parent,A_known_ultimate_parent,A_hard_or_verified,1.0,1,0,FR,FR,,0.0
IN,ID,US,ID,254900GV69ADTM9GC849,PT Softex Indonesia,ID,US,KIMBERLY-CLARK CORPORATION,MP3J6QPYPGN75NVW2S34,gleif_ultimate_parent,A_known_ultimate_parent,A_hard_or_verified,1.0,1,0,,US,,0.0
IN,ID,JP,ID,254900PCIQBAHVE48154,PT TDK Electronics Indonesia,ID,JP,TDK株式会社,3538005O8WNU39U8NX03,gleif_ultimate_parent,A_known_ultimate_parent,A_hard_or_verified,1.0,1,0,DE,JP,,0.0
IN,ID,US,ID,549300UDPSUOK7GME055,PT TECH DATA ADVANCED SOLUTIONS INDONESIA,ID,US,TD SYNNEX CORPORATION,5493004HI6PFLF46NS53,gleif_ultimate_parent,A_known_ultimate_parent,A_hard_or_verified,1.0,1,0,,US,,0.0
IN,ID,GB,ID,549300DFF1UMVCOUET29,PT TECHNIP INDONESIA,ID,GB,TECHNIPFMC PLC,549300D5I93QWCJTCK36,gleif_ultimate_parent,A_known_ultimate_parent,A_hard_or_verified,1.0,1,0,GB,GB,,0.0
IN,ID,IE,ID,5493004K4QOIPUG65383,PT TRINSEO MATERIALS INDONESIA,ID,IE,TRINSEO PUBLIC LIMITED COMPANY,549300TJ3HIGDA2Z8315,gleif_ultimate_parent,A_known_ultimate_parent,A_hard_or_verified,1.0,1,0,SG,IE,IE,0.0
IN,ID,TH,ID,549300HF6H64LPONPV27,PT TRUBAINDO COAL MINING,ID,TH,บริษัท บ้านปู จำกัด (มหาชน),529900AJ2Z6SUR6TSW75,gleif_ultimate_parent,A_known_ultimate_parent,A_hard_or_verified,1.0,1,0,ID,TH,TH,0.0
IN,ID,IN,ID,984500FV2B91487A0A61,PT Thriveni Indo Mining,ID,IN,THRIVENI EARTHMOVERS PRIVATE LIMITED,335800Y64TUOIQAN6430,gleif_ultimate_parent,A_known_ultimate_parent,A_hard_or_verified,1.0,1,0,,IN,,0.0
IN,ID,FR,ID,25490045IGZHUWFQCF90,PT Tradition Indonesia,ID,FR,VIEL ET COMPAGNIE-FINANCE,969500CWFF1XKRFIXJ90,gleif_ultimate_parent,A_known_ultimate_parent,A_hard_or_verified,1.0,1,0,,FR,,0.0
IN,ID,CH,ID,5493000CQ6HDGVNGXM84,PT UBS Sekuritas Indonesia,ID,CH,UBS Group AG,549300SZJ9VS8SGXAN81,gleif_ultimate_parent,A_known_ultimate_parent,A_hard_or_verified,1.0,1,0,CH,CH,,0.0
IN,ID,US,ID,549300TJ8S100WIG5B71,PT UNELEC INDONESIA,ID,US,GENERAL ELECTRIC COMPANY,3C7474T6CDKPR9K6YT90,gleif_ultimate_parent,A_known_ultimate_parent,A_hard_or_verified,1.0,1,0,US,US,,0.0
IN,ID,GB,ID,549300MUHUFNRRI19O72,PT UNILEVER INDONESIA TBK,ID,GB,UNILEVER PLC,549300MKFYEKVRWML317,gleif_ultimate_parent,A_known_ultimate_parent,A_hard_or_verified,1.0,1,0,NL,GB,,0.0
IN,ID,SG,ID,254900ULRKAUA8DBWW08,PT UOB ASSET MANAGEMENT INDONESIA,ID,SG,UNITED OVERSEAS BANK LIMITED,IO66REGK3RCBAMA8HR66,gleif_ultimate_parent,A_known_ultimate_parent,A_hard_or_verified,1.0,1,0,SG,SG,,0.0
IN,ID,FI,ID,213800GBKGOSSVJMJ338,PT VALMET TECHNOLOGY CENTER,ID,FI,VALMET OYJ,213800D9O7FUQDH83V62,gleif_ultimate_parent,A_known_ultimate_parent,A_hard_or_verified,1.0,1,0,FI,FI,,0.0
IN,ID,NL,ID,54930012DAW0IG3S6S78,PT VERSUNI HOMELIFE INDONESIA,ID,NL,VERSUNI GROUP BV,549300NZZFLYK83VVT71,gleif_ultimate_parent,A_known_ultimate_parent,A_hard_or_verified,1.0,1,0,NL,NL,,0.0
IN,ID,FR,ID,549300J8TYVMH9T9S924,PT WANAMUKTI WISESA,ID,FR,COMPAGNIE GENERALE DES ETABLISSEMENTS MICHELIN,549300SOSI58J6VIW052,gleif_ultimate_parent,A_known_ultimate_parent,A_hard_or_verified,1.0,1,0,FR,FR,,0.0
IN,ID,FR,ID,549300KZKMXAKVREHD83,PT WORLDLINE INTERNATIONAL INDONESIA,ID,FR,WORLDLINE,549300CJMQNCA0U4TS33,gleif_ultimate_parent,A_known_ultimate_parent,A_hard_or_verified,1.0,1,0,HK,FR,,0.0
IN,ID,TW,ID,254900OOJU55OQMD6111,PT Walsin Nickel Industrial Indonesia,ID,TW,華新麗華股份有限公司,254900SKYY99YINZ3U83,gleif_ultimate_parent,A_known_ultimate_parent,A_hard_or_verified,1.0,1,0,TW,TW,,0.0
IN,ID,NL,ID,984500EA9HC7DE2E6495,PT Wolters Kluwer Financial Services Indonesia,ID,NL,Wolters Kluwer N.V.,724500TEM53I0U077B74,gleif_ultimate_parent,A_known_ultimate_parent,A_hard_or_verified,1.0,1,0,NL,NL,,0.0
IN,ID,DE,ID,254900EBBBATJ9BIKY84,PT adidas Retail Indonesia,ID,DE,adidas AG,549300JSX0Z4CW0V5023,gleif_ultimate_parent,A_known_ultimate_parent,A_hard_or_verified,1.0,1,0,DE,DE,,0.0
IN,ID,BM,ID,213800IGZFALN69LD862,PT. AEGON INSIGHTS INDONESIA,ID,BM,Aegon Ltd.,O4QK7KMMK83ITNTHUG69,gleif_ultimate_parent,A_known_ultimate_parent,A_hard_or_verified,1.0,1,0,NL,BM,,0.0
IN,ID,SE,ID,549300BT50B7GURD6416,PT. ALFA LAVAL INDONESIA,ID,SE,Alfa Laval AB,549300UCKT2UK88AG251,gleif_ultimate_parent,A_known_ultimate_parent,A_hard_or_verified,1.0,1,0,SE,SE,,0.0
IN,ID,SG,ID,254900OXLY8H4R4DBG55,PT. AMSTEL INDONESIA,ID,SG,Amstel Financial Services (S) Pte. Ltd.,254900X17Q0HT8RQQ134,gleif_ultimate_parent,A_known_ultimate_parent,A_hard_or_verified,1.0,1,0,SG,SG,,0.0
IN,ID,FR,ID,254900B27AGB95G1CT11,PT. AXA Financial Indonesia,ID,FR,AXA,F5WCUMTUM4RKZ1MAIE39,gleif_ultimate_parent,A_known_ultimate_parent,A_hard_or_verified,1.0,1,0,FR,FR,,0.0
IN,ID,US,ID,25490066ZGTVINSIFV23,PT. Air Products Indonesia Gases,ID,US,"AIR PRODUCTS AND CHEMICALS, INC.",7QEON6Y1RL5XR3R1W237,gleif_ultimate_parent,A_known_ultimate_parent,A_hard_or_verified,1.0,1,0,NL,US,,0.0
IN,ID,DE,ID,529900751OX88GF8DX48,PT. B. Braun Medical Indonesia,ID,DE,B. Braun Holding GmbH & Co. KG,5299004E1B0DK73UIY59,gleif_ultimate_parent,A_known_ultimate_parent,A_hard_or_verified,1.0,1,0,DE,DE,,0.0
IN,ID,DE,ID,529900Z58CS3SMI0FK57,PT. B. Braun Pharmaceutical Indonesia,ID,DE,B. Braun Holding GmbH & Co. KG,5299004E1B0DK73UIY59,gleif_ultimate_parent,A_known_ultimate_parent,A_hard_or_verified,1.0,1,0,DE,DE,,0.0
IN,ID,CH,ID,213800GF4MEUTT4LDS92,PT. BARRY CALLEBAUT COMEXTRA INDONESIA,ID,CH,BARRY CALLEBAUT AG,213800Y5RWKLDPUTT265,gleif_ultimate_parent,A_known_ultimate_parent,A_hard_or_verified,1.0,1,0,CH,CH,,0.0
IN,ID,CH,ID,213800ABJ6PEFZ19RR30,PT. BARRY CALLEBAUT INDONESIA,ID,CH,BARRY CALLEBAUT AG,213800Y5RWKLDPUTT265,gleif_ultimate_parent,A_known_ultimate_parent,A_hard_or_verified,1.0,1,0,CH,CH,,0.0
IN,ID,GB,ID,213800NW5WGGPPYLR183,PT. BENTOEL PRIMA,ID,GB,BRITISH AMERICAN TOBACCO P.L.C.,213800FKA5MF17RJKT63,gleif_ultimate_parent,A_known_ultimate_parent,A_hard_or_verified,1.0,1,0,ID,GB,GB,0.0
IN,ID,DE,ID,529900MOJGFD8AMLNV67,PT. BMW Indonesia,ID,DE,Bayerische Motoren Werke Aktiengesellschaft,YEH5ZCD6E441RHVHD759,gleif_ultimate_parent,A_known_ultimate_parent,A_hard_or_verified,1.0,1,0,DE,DE,,0.0
IN,ID,DE,ID,549300JPGM2OZIFKJI57,PT. Bayer Indonesia,ID,DE,Bayer Aktiengesellschaft,549300J4U55H3WP1XT59,gleif_ultimate_parent,A_known_ultimate_parent,A_hard_or_verified,1.0,1,0,DE,DE,,0.0
IN,ID,GB,ID,213800TIMLY8NHYC2I61,PT. COATS REJO INDONESIA,ID,GB,COATS GROUP PLC,2138003SPYWGAITNFY17,gleif_ultimate_parent,A_known_ultimate_parent,A_hard_or_verified,1.0,1,0,GB,GB,,0.0
IN,ID,CH,ID,529900NRPLGTDF7V3I04,PT. Comparex Indonesia,ID,CH,SoftwareOne Holding AG,529900GBI88JKWXLGI05,gleif_ultimate_parent,A_known_ultimate_parent,A_hard_or_verified,1.0,1,0,CH,CH,,0.0
IN,ID,DK,ID,529900A4KF37RC1YQZ69,PT. DFDS TRANSPORT INDONESIA,ID,DK,DSV A/S,529900X41C0BSLK67H70,gleif_ultimate_parent,A_known_ultimate_parent,A_hard_or_verified,1.0,1,0,DK,DK,,0.0
IN,ID,DE,ID,529900ZT21KA3IGZ1A50,PT. Draeger Medical Indonesia,ID,DE,Drägerwerk AG & Co. KGaA,5493005UFVHY0PPNKD75,gleif_ultimate_parent,A_known_ultimate_parent,A_hard_or_verified,1.0,1,0,DE,DE,,0.0
IN,ID,GB,ID,213800DEGR1LRZNWUP58,PT. EASTSPRING INVESTMENTS INDONESIA,ID,GB,Prudential Public Limited Company,5493001Z3ZE83NGK8Y12,gleif_ultimate_parent,A_known_ultimate_parent,A_hard_or_verified,1.0,1,0,GB,GB,,0.0
IN,ID,SG,ID,254900YEWB52CR1XL575,PT. EcoOils Jaya Indonesia,ID,SG,Kewalram Singapore Limited,254900X7GGLSTOX29A91,gleif_ultimate_parent,A_known_ultimate_parent,A_hard_or_verified,1.0,1,0,SG,SG,SG,0.0
IN,ID,DE,ID,529900LYCTFAOVVXBS82,PT. Evonik Sumi Asih,ID,DE,Evonik Industries AG,41GUOJQTALQHLF39XJ34,gleif_ultimate_parent,A_known_ultimate_parent,A_hard_or_verified,1.0,1,0,DE,DE,,0.0
IN,ID,BM,ID,2138003M3NTP1HB19R27,PT. FUTUREADY INSURANCE BROKER,ID,BM,Aegon Ltd.,O4QK7KMMK83ITNTHUG69,gleif_ultimate_parent,A_known_ultimate_parent,A_hard_or_verified,1.0,1,0,NL,BM,,0.0
IN,ID,DE,ID,529900AUK5AO1QTBYQ79,PT. Fresenius Kabi Indonesia,ID,DE,Fresenius SE & Co. KGaA,XDFJ0CYCOO1FXRFTQS51,gleif_ultimate_parent,A_known_ultimate_parent,A_hard_or_verified,1.0,1,0,DE,DE,,0.0
IN,ID,DE,ID,529900VNLLV0MX3CJH73,PT. Fresenius Medical Care Indonesia,ID,DE,Fresenius Medical Care AG,549300CP8NY40UP89Q40,gleif_ultimate_parent,A_known_ultimate_parent,A_hard_or_verified,1.0,1,0,DE,DE,,0.0
IN,ID,NL,ID,254900KDG5NM7DCEPQ50,PT. Gemalto Smart Cards,ID,NL,Gemalto Holding B.V.,724500Z5BLF00QVUM832,gleif_ultimate_parent,A_known_ultimate_parent,A_hard_or_verified,1.0,1,0,NL,NL,,0.0
IN,ID,KR,ID,254900KOD0FA9PVF3N64,PT. HYUNDAI MOTOR MANUFACTURING INDONESIA,ID,KR,현대자동차 (주),9884004RQX8PRBXQ8S60,gleif_ultimate_parent,A_known_ultimate_parent,A_hard_or_verified,1.0,1,0,KR,KR,,0.0
IN,ID,DE,ID,529900PBYXPCAWZ11N40,PT. Henkel Footwear and Speciality Adhesives,ID,DE,Henkel AG & Co. KGaA,549300VZCL1HTH4O4Y49,gleif_ultimate_parent,A_known_ultimate_parent,A_hard_or_verified,1.0,1,0,DE,DE,,0.0
IN,ID,DE,ID,529900Y9RC6A6HJ6VZ31,PT. Henkel Indonesien,ID,DE,Henkel AG & Co. KGaA,549300VZCL1HTH4O4Y49,gleif_ultimate_parent,A_known_ultimate_parent,A_hard_or_verified,1.0,1,0,DE,DE,,0.0
IN,ID,TH,ID,2549007VUVGSX5I5B017,PT. INDOCORR PACKAGING CIKARANG,ID,TH,บริษัท เอสซีจี แพคเกจจิ้ง จำกัด (มหาชน),254900GZ121E5NIATI41,gleif_ultimate_parent,A_known_ultimate_parent,A_hard_or_verified,1.0,1,0,TH,TH,,0.0
IN,ID,SG,ID,254900VHG8RQH7GMNW21,PT. Jebsen & Jessen Technology Indonesia,ID,SG,Jebsen & Jessen Pte. Ltd.,254900DHWOZ32SMCYQ10,gleif_ultimate_parent,A_known_ultimate_parent,A_hard_or_verified,1.0,1,0,SG,SG,,0.0
IN,ID,FI,ID,213800CBHW9643IBW507,PT. KONE INDO ELEVATOR,ID,FI,KONE OYJ,2138001CNF45JP5XZK38,gleif_ultimate_parent,A_known_ultimate_parent,A_hard_or_verified,1.0,1,0,FI,FI,,0.0
IN,ID,DE,ID,254900IVPG42RS1XES24,PT. Knauf Gypsum Indonesia,ID,DE,Gebr. Knauf KG,529900S5ASCVJ2FE1R29,gleif_ultimate_parent,A_known_ultimate_parent,A_hard_or_verified,1.0,1,0,DE,DE,,0.0
IN,ID,DE,ID,5299005N7GFH7K2NWU23,PT. MAHLE Filter Systems Indonesia,ID,DE,MAHLE GmbH,52990098TR1QJBWIYG58,gleif_ultimate_parent,A_known_ultimate_parent,A_hard_or_verified,1.0,1,0,DE,DE,,0.0
IN,ID,DE,ID,529900WTY98105MJWI65,PT. MAHLE Indonesia,ID,DE,MAHLE GmbH,52990098TR1QJBWIYG58,gleif_ultimate_parent,A_known_ultimate_parent,A_hard_or_verified,1.0,1,0,DE,DE,,0.0
IN,ID,SG,ID,2549007JFQQ2014WAB54,PT. MHE-Demag Indonesia,ID,SG,MHE-Demag (S) Pte Ltd,254900CCWW7CTUWGW729,gleif_ultimate_parent,A_known_ultimate_parent,A_hard_or_verified,1.0,1,0,SG,SG,,0.0
IN,ID,JP,ID,2549009DTHEB5ODGNP48,PT. MITSUI INDONESIA,ID,JP,三井物産株式会社,2NRSB4GOU9DD6CNW5R48,gleif_ultimate_parent,A_known_ultimate_parent,A_hard_or_verified,1.0,1,0,JP,JP,,0.0
IN,ID,LU,ID,213800QLZC84PNXTCH75,PT. PERFETTI VAN MELLE INDONESIA,ID,LU,C+F CONFECTIONERY AND FOODS S.A.,875500UMCWW2X77MW772,gleif_ultimate_parent,A_known_ultimate_parent,A_hard_or_verified,1.0,1,0,NL,LU,,0.0
IN,ID,MY,ID,254900EVT56ZHA1VGZ28,PT. RHB Sekuritas Indonesia,ID,MY,RHB BANK BERHAD,549300ZHRPSV7QIUJT80,gleif_ultimate_parent,A_known_ultimate_parent,A_hard_or_verified,1.0,1,0,MY,MY,MY,0.0
IN,ID,DE,ID,52990058WH1BJKGB9Z15,PT. SIEMENS ENERGY INDONESIA,ID,DE,Siemens Energy AG,5299005CHJZ14D4FDJ62,gleif_ultimate_parent,A_known_ultimate_parent,A_hard_or_verified,1.0,1,0,DE,DE,,0.0
IN,ID,SE,ID,2549007M8R5TJ6RYZU97,PT. SKF Indonesia,ID,SE,Aktiebolaget SKF,549300B6HWYEE57O8J84,gleif_ultimate_parent,A_known_ultimate_parent,A_hard_or_verified,1.0,1,0,SE,SE,,0.0
IN,ID,JP,ID,254900XOM2VLZRTVJJ19,PT. SMELTING,ID,JP,三菱マテリアル株式会社,35380076QOBOSOUBRT89,gleif_ultimate_parent,A_known_ultimate_parent,A_hard_or_verified,1.0,1,0,JP,JP,,0.0
IN,ID,FR,ID,549300VM873M5YCL5Y80,PT. Schneider Indonesia,ID,FR,SCHNEIDER ELECTRIC SE,969500A1YF1XUYYXS284,gleif_ultimate_parent,A_known_ultimate_parent,A_hard_or_verified,1.0,1,0,FR,FR,,0.0
IN,ID,DE,ID,529900BLNKDCBHY28L23,PT. Siemens Industrial Power,ID,DE,Siemens Aktiengesellschaft,W38RGI023J3WT1HWRP32,gleif_ultimate_parent,A_known_ultimate_parent,A_hard_or_verified,1.0,1,0,DE,DE,,0.0
IN,ID,FI,ID,213800MJMIXIX84LN311,PT. VALMET,ID,FI,VALMET OYJ,213800D9O7FUQDH83V62,gleif_ultimate_parent,A_known_ultimate_parent,A_hard_or_verified,1.0,1,0,FI,FI,,0.0
IN,ID,FI,ID,213800KFYJINPFZNOJ82,PT. VALMET AUTOMATION INDONESIA,ID,FI,VALMET OYJ,213800D9O7FUQDH83V62,gleif_ultimate_parent,A_known_ultimate_parent,A_hard_or_verified,1.0,1,0,FI,FI,,0.0
IN,ID,US,ID,2549004O2YX3X0ORYD92,"Principal Asset Management, PT",ID,US,"PRINCIPAL FINANCIAL GROUP, INC.",CUMYEZJOAF02RYZ1JJ85,gleif_ultimate_parent,A_known_ultimate_parent,A_hard_or_verified,1.0,1,0,,US,,0.0
IN,ID,IT,ID,529900DFNV8166JJ0984,Prysmian Cables Indonesia,ID,IT,PRYSMIAN S.P.A.,529900X0H1IO3RS1A464,gleif_ultimate_parent,A_known_ultimate_parent,A_hard_or_verified,1.0,1,0,IT,IT,,0.0
IN,ID,DE,ID,529900M2LB5DZWWEYX49,SCHOTT IGAR GLASS,ID,DE,SCHOTT AG,5299009QTM3SJL9BNR19,gleif_ultimate_parent,A_known_ultimate_parent,A_hard_or_verified,1.0,1,0,DE,DE,,0.0
IN,ID,MU,ID,2549003GUT38CVJ5C610,"Sinar Mas Agro Resources and Technology Tbk, PT",ID,MU,GOLDEN AGRI-RESOURCES LTD,529900GAK9LTNC3IFY40,gleif_ultimate_parent,A_known_ultimate_parent,A_hard_or_verified,1.0,1,0,MU,MU,,0.0
IN,ID,CH,ID,529900LOUL6KLXJ0RU24,SoftwareONE Indonesia,ID,CH,SoftwareOne Holding AG,529900GBI88JKWXLGI05,gleif_ultimate_parent,A_known_ultimate_parent,A_hard_or_verified,1.0,1,0,CH,CH,,0.0
IN,ID,IN,ID,254900NJY7OLN59QCX81,"Tech Mahindra Indonesia, PT",ID,IN,TECH MAHINDRA LIMITED,3358005FZUZ1I25XQH69,gleif_ultimate_parent,A_known_ultimate_parent,A_hard_or_verified,1.0,1,0,IN,IN,,0.0
IN,ID,DK,ID,2138002IBAQHS74FDK61,PT AVK FUSION INDONESIA,ID,DK,AVK HOLDING A/S,213800KB128IK92MCD10,gleif_direct_parent,B_known_direct_parent,B_parent_or_exception,0.85,1,0,DK,,,0.0
IN,ID,KR,ID,254900I2LS4KRECY8Z09,PT CHEIL JEDANG SUPERFEED,ID,KR,씨제이제일제당(주),9884008938PK154I3A92,gleif_direct_parent,B_known_direct_parent,B_parent_or_exception,0.85,1,0,KR,,,0.0
IN,ID,KR,ID,549300UAXSC9NR31J213,PT Cheil Jedang Indonesia,ID,KR,씨제이제일제당(주),9884008938PK154I3A92,gleif_direct_parent,B_known_direct_parent,B_parent_or_exception,0.85,1,0,KR,,,0.0
IN,ID,GB,ID,549300YAWIFS8273O417,PT SHELL MANUFACTURING INDONESIA,ID,GB,SHELL PLC,21380068P1DRHMJ8KU70,gleif_direct_parent,B_known_direct_parent,B_parent_or_exception,0.85,1,0,GB,,,0.0
IN,ID,CH,ID,54930042RDM5E7L7SS44,PT SYNGENTA SEED INDONESIA,ID,CH,SYNGENTA AG,549300HTOMQG20JYV568,gleif_direct_parent,B_known_direct_parent,B_parent_or_exception,0.85,1,0,CH,,,0.0
IN,ID,SG,ID,254900E0CXYX6CF28N09,PT Transfarma Medica Indah,ID,SG,A. Menarini Asia-Pacific Pte. Ltd.,254900CPAQRDL9DMSN25,gleif_direct_parent,B_known_direct_parent,B_parent_or_exception,0.85,1,0,SG,,,0.0
IN,ID,NL,ID,254900E2Z4Y5NUC2YG31,PT UNIVERSAL AGRI BISNISINDO,ID,NL,De Heus Animal Nutrition B.V.,72450076GGW647TVP344,gleif_direct_parent,B_known_direct_parent,B_parent_or_exception,0.85,1,0,NL,,,0.0
IN,ID,GB,ID,549300XSPZ26RK6HXZ74,PT. SHELL INDONESIA,ID,GB,SHELL PLC,21380068P1DRHMJ8KU70,gleif_direct_parent,B_known_direct_parent,B_parent_or_exception,0.85,1,0,GB,,,0.0
IN,ID,LU,ID,254900WZO1RRD2M16H20,PT. Menarini Indria Laboratories,ID,LU,A. MENARINI PARTICIPATIONS INTERNATIONALES S.A.,549300NJ0KXUBDXZXP57,gleif_upstream_direct_parent,B_known_upstream_direct_parent,B_parent_or_exception,0.9,1,0,SG,,LU,0.0
IN,ID,US,ID,9845005E713V4E990F54,AVERY DENNISON PACKAGING INDONESIA,ID,US,AVERY DENNISON CORPORATION,549300PW7VPFCYKLIV37,phase1_name_match,C_name_match_high,C_name_inferred,1.0,0,1,,,,0.0
IN,ID,DE,ID,529900WFF4OR45K8SQ37,P.T. Siemens Hearing Instruments Batam,ID,DE,Siemens Aktiengesellschaft,W38RGI023J3WT1HWRP32,phase1_name_match,C_name_match_high,C_name_inferred,1.0,0,1,,,,0.0
IN,ID,GB,ID,529900BF7J5DOSNMGA76,PT INCHCAPE INDOMOBIL MANUFACTURING INDONESIA,ID,GB,INCHCAPE PLC,213800RGEH1MPPNM2T57,phase1_name_match,C_name_match_high,C_name_inferred,1.0,0,1,,,,0.0
IN,ID,US,ID,213800RTM92MNHJ5B793,PT JOHNSON CONTROLS HITACHI AIR CONDITIONING INDONESIA,ID,US,Johnson & Johnson,549300G0CFPGEF6X2043,phase1_name_match,C_name_match_high,C_name_inferred,1.0,0,1,,,,0.0
IN,ID,US,ID,213800FLIOBFUTB1JH63,PT JOHNSON CONTROLS INDONESIA,ID,US,Johnson & Johnson,549300G0CFPGEF6X2043,phase1_name_match,C_name_match_high,C_name_inferred,1.0,0,1,,,,0.0
IN,ID,DE,ID,5299008Z34Z9TW714W65,PT SIEMENS HEALTHINEERS INDONESIA,ID,DE,Siemens Aktiengesellschaft,W38RGI023J3WT1HWRP32,phase1_name_match,C_name_match_high,C_name_inferred,1.0,0,1,,,,0.0
IN,ID,DE,ID,529900QD3YXRMC9BQ344,"Siemens Mobility Indonesia, PT",ID,DE,Siemens Aktiengesellschaft,W38RGI023J3WT1HWRP32,phase1_name_match,C_name_match_high,C_name_inferred,1.0,0,1,,,,0.0
IN,ID,GB,ID,254900XJQ7BKPSDXNP74,Standard Chartered Bank,ID,GB,STANDARD CHARTERED PLC,U4LOSYZ7YG4W3S5F2G91,phase1_name_match,C_name_match_high,C_name_inferred,1.0,0,1,,,,0.0
IN,ID,GB,ID,MBSWBEE266VRTJDUWX66,PT GE OPERATIONS INDONESIA,ID,GB,RENTOKIL INITIAL PLC,549300VN4WV7Z6T14K68,phase2_address_cluster,D_address_cluster,D_address_inferred,0.6,0,1,,,,0.0
IN,ID,CA,ID,254900E9FK3S8RJTZN18,PT Jawa Satu Power,ID,CA,The Manufacturers Life Insurance Company,549300FGSGT5QIJPPO24,phase2_address_cluster,D_address_cluster,D_address_inferred,0.6,0,1,,,,0.0
IN,ID,GB,ID,2549001HSGL35OR24691,PT Korea Investment Management Indonesia,ID,GB,INCHCAPE PLC,213800RGEH1MPPNM2T57,phase2_address_cluster,D_address_cluster,D_address_inferred,0.6,0,1,,,,0.0
IN,ID,CA,ID,254900XTEWA9FRJVUH68,PT Piaggio Indonesia,ID,CA,The Manufacturers Life Insurance Company,549300FGSGT5QIJPPO24,phase2_address_cluster,D_address_cluster,D_address_inferred,0.6,0,1,,,,0.0
IN,ID,CA,ID,549300QHEHWF78VCXB06,PT QUANTUM SOLAR GORONTALO,ID,CA,The Manufacturers Life Insurance Company,549300FGSGT5QIJPPO24,phase2_address_cluster,D_address_cluster,D_address_inferred,0.6,0,1,,,,0.0
IN,ID,CA,ID,254900OCUFFBBTB7OH69,PT. Graha Teknologi Nusantara,ID,CA,The Manufacturers Life Insurance Company,549300FGSGT5QIJPPO24,phase2_address_cluster,D_address_cluster,D_address_inferred,0.6,0,1,,,,0.0
IN,ID,CA,ID,25490081WFGLBW3Z9522,REKSA DANA MANULIFE LIQUID FUND USD,ID,CA,The Manufacturers Life Insurance Company,549300FGSGT5QIJPPO24,phase2_address_cluster,D_address_cluster,D_address_inferred,0.6,0,1,,,,0.0
IN,ID,CA,ID,549300HDEUNJWLUR5M86,REKSA DANA SYARIAH MANULIFE SAHAM SYARIAH GLOBAL DIVIDEN DOLAR AS,ID,CA,The Manufacturers Life Insurance Company,549300FGSGT5QIJPPO24,phase2_address_cluster,D_address_cluster,D_address_inferred,0.6,0,1,,,,0.0
IN,ID,CA,ID,2549002MUY93LLRU9079,Reksa Dana Syariah Manulife Global Sharia Mixed Asset Dollar Return,ID,CA,The Manufacturers Life Insurance Company,549300FGSGT5QIJPPO24,phase2_address_cluster,D_address_cluster,D_address_inferred,0.6,0,1,,,,0.0
IN,ID,CA,ID,254900QCLNG3GVSEIF32,Reksa Dana Syariah Manulife Saham Syariah ESG Transisi Global Dolar AS,ID,CA,The Manufacturers Life Insurance Company,549300FGSGT5QIJPPO24,phase2_address_cluster,D_address_cluster,D_address_inferred,0.6,0,1,,,,0.0
IN,ID,CA,ID,549300P4UMM4PN11IX31,Reksa Dana Syariah Manulife Saham Syariah Golden Asia Dolar AS,ID,CA,The Manufacturers Life Insurance Company,549300FGSGT5QIJPPO24,phase2_address_cluster,D_address_cluster,D_address_inferred,0.6,0,1,,,,0.0
IN,ID,EUROPE,ID,549300ANSSTW3BB1G906,P.T. BINA GUNA KIMIA,ID,EUROPE,,,phase3_jurisdiction_model,E_model_predicted_jurisdiction,E_model_only,0.8652,0,1,,,,0.0
IN,ID,EUROPE,ID,5299006RO5QVLR1NLX88,"Schaeffler Bearings Indonesia, PT",ID,EUROPE,,,phase3_jurisdiction_model,E_model_predicted_jurisdiction,E_model_only,0.8405,0,1,,,,0.0
IN,ID,EUROPE,ID,254900G6D6TF0OFB8C05,Batavia Campuran Utama,ID,EUROPE,,,phase3_jurisdiction_model,E_model_predicted_jurisdiction,E_model_only,0.8383,0,1,,,,0.0
IN,ID,EUROPE,ID,254900O58OBD4I4MXG26,Batavia Pesona Obligasi,ID,EUROPE,,,phase3_jurisdiction_model,E_model_predicted_jurisdiction,E_model_only,0.8383,0,1,,,,0.0
IN,ID,EUROPE,ID,254900KFTZGPAP41ZA42,Batavia Prima Campuran,ID,EUROPE,,,phase3_jurisdiction_model,E_model_predicted_jurisdiction,E_model_only,0.8383,0,1,,,,0.0
IN,ID,EUROPE,ID,2549007FDE21AW0ABC08,Batavia Prima Obligasi,ID,EUROPE,,,phase3_jurisdiction_model,E_model_predicted_jurisdiction,E_model_only,0.8383,0,1,,,,0.0
IN,ID,EUROPE,ID,254900IIABIX6F03XS78,Batavia Saham Cemerlang,ID,EUROPE,,,phase3_jurisdiction_model,E_model_predicted_jurisdiction,E_model_only,0.8383,0,1,,,,0.0
IN,ID,EUROPE,ID,254900390QTJOC4OTI48,Batavia Saham Sejahtera,ID,EUROPE,,,phase3_jurisdiction_model,E_model_predicted_jurisdiction,E_model_only,0.8383,0,1,,,,0.0
IN,ID,EUROPE,ID,5493006OFZTXNE180O69,PT SAMPOERNA AGRO TBK,ID,EUROPE,,,phase3_jurisdiction_model,E_model_predicted_jurisdiction,E_model_only,0.8382,0,1,,,,0.0
IN,ID,EUROPE,ID,5493007S4D3BX5RWGW03,PT GE NUSANTARA TURBINE SERVICES,ID,EUROPE,,,phase3_jurisdiction_model,E_model_predicted_jurisdiction,E_model_only,0.8339,0,1,,,,0.0
IN,ID,EUROPE,ID,54930087WVGXXYZWTH75,PT COWELL DEVELOPMENT,ID,EUROPE,,,phase3_jurisdiction_model,E_model_predicted_jurisdiction,E_model_only,0.825,0,1,,,,0.0
IN,ID,EUROPE,ID,549300MBZLRRCAREPE61,PT AUSTRALIAN SKILLS TRAINING,ID,EUROPE,,,phase3_jurisdiction_model,E_model_predicted_jurisdiction,E_model_only,0.824,0,1,,,,0.0
IN,ID,EUROPE,ID,549300XG8M63JDNCHN18,PT AVNET DATAMATION SOLUTIONS,ID,EUROPE,,,phase3_jurisdiction_model,E_model_predicted_jurisdiction,E_model_only,0.8231,0,1,,,,0.0
IN,ID,EUROPE,ID,25490042OBFSASD6IF04,Batavia Campuran Gemilang,ID,EUROPE,,,phase3_jurisdiction_model,E_model_predicted_jurisdiction,E_model_only,0.822,0,1,,,,0.0
IN,ID,EUROPE,ID,2549008LVU5VJT3NDL72,Batavia Obligasi Platinum,ID,EUROPE,,,phase3_jurisdiction_model,E_model_predicted_jurisdiction,E_model_only,0.822,0,1,,,,0.0
IN,ID,EUROPE,ID,529900LTL91HF58QI453,Air Liquide Indonesia PT,ID,EUROPE,,,phase3_jurisdiction_model,E_model_predicted_jurisdiction,E_model_only,0.8198,0,1,,,,0.0
IN,ID,EUROPE,ID,54930042FKKWWLXBF473,PT ESP MULIA INDONESIA,ID,EUROPE,,,phase3_jurisdiction_model,E_model_predicted_jurisdiction,E_model_only,0.8184,0,1,,,,0.0
IN,ID,EUROPE,ID,A5HUQXXTFG4Z9DQP3O38,PT VETCO GRAY INDONESIA,ID,EUROPE,,,phase3_jurisdiction_model,E_model_predicted_jurisdiction,E_model_only,0.8184,0,1,,,,0.0
IN,ID,EUROPE,ID,549300TCS20F0LU2TQ52,PT. GENERAL MOTORS INDONESIA MANUFACTURING,ID,EUROPE,,,phase3_jurisdiction_model,E_model_predicted_jurisdiction,E_model_only,0.8149,0,1,,,,0.0
IN,ID,EUROPE,ID,GMVD1YM2SIW23PXKXY93,PT GE LIGHTING INDONESIA,ID,EUROPE,,,phase3_jurisdiction_model,E_model_predicted_jurisdiction,E_model_only,0.8134,0,1,,,,0.0
IN,ID,EUROPE,ID,OUB893BYM4R6CVFWWL56,Bank Indonesia,ID,EUROPE,,,phase3_jurisdiction_model,E_model_predicted_jurisdiction,E_model_only,0.8126,0,1,,,,0.0
IN,ID,EUROPE,ID,254900ORQ4IYCZ7CC308,Lembaga Pembiayaan Ekspor Indonesia,ID,EUROPE,,,phase3_jurisdiction_model,E_model_predicted_jurisdiction,E_model_only,0.8065,0,1,,,,0.0
IN,ID,EUROPE,ID,254900ZF7O2BFPCKPH35,Batavia USD Balanced Asia,ID,EUROPE,,,phase3_jurisdiction_model,E_model_predicted_jurisdiction,E_model_only,0.8038,0,1,,,,0.0
IN,ID,EUROPE,ID,549300ELOP0ZL5N1FU29,GOLDEN SPRING CONSULTANTS LIMITED,ID,EUROPE,,,phase3_jurisdiction_model,E_model_predicted_jurisdiction,E_model_only,0.8012,0,1,,,,0.0
IN,ID,EUROPE,ID,Q62XRT3KYBGNVL8XGR97,PT GE TECHNOLOGY INDONESIA,ID,EUROPE,,,phase3_jurisdiction_model,E_model_predicted_jurisdiction,E_model_only,0.8011,0,1,,,,0.0
IN,ID,EUROPE,ID,549300J0O8ERYP8PWL75,PT SARIMAKMUR TUNGGALMANDIRI,ID,EUROPE,,,phase3_jurisdiction_model,E_model_predicted_jurisdiction,E_model_only,0.8007,0,1,,,,0.0
IN,ID,EUROPE,ID,549300RE8I2NIQZJ6881,PT PRICE SOLUTIONS INDONESIA,ID,EUROPE,,,phase3_jurisdiction_model,E_model_predicted_jurisdiction,E_model_only,0.8,0,1,,,,0.0
IN,ID,EUROPE,ID,549300LE2K70QP5RC354,PT FWD ASSET MANAGEMENT,ID,EUROPE,,,phase3_jurisdiction_model,E_model_predicted_jurisdiction,E_model_only,0.7985,0,1,,,,0.0
IN,ID,EUROPE,ID,2549005RCKAY4S79TP62,PT. Sulfindo Adiusaha,ID,EUROPE,,,phase3_jurisdiction_model,E_model_predicted_jurisdiction,E_model_only,0.7969,0,1,,,,0.0
IN,ID,EUROPE,ID,529900EUZC2H6QV2GM17,PT Smith Tool Indonesia,ID,EUROPE,,,phase3_jurisdiction_model,E_model_predicted_jurisdiction,E_model_only,0.7937,0,1,,,,0.0
IN,ID,EUROPE,ID,254900PQTOVSB3BFXS05,Batavia Dana Kas Maxima,ID,EUROPE,,,phase3_jurisdiction_model,E_model_predicted_jurisdiction,E_model_only,0.7931,0,1,,,,0.0
IN,ID,EUROPE,ID,254900TBPQZNMASDSI69,Si Dana Obligasi Maxima,ID,EUROPE,,,phase3_jurisdiction_model,E_model_predicted_jurisdiction,E_model_only,0.7931,0,1,,,,0.0
IN,ID,EUROPE,ID,549300MLN57FJKMZ2Y39,P.T. GENERAL MOTORS INDONESIA,ID,EUROPE,,,phase3_jurisdiction_model,E_model_predicted_jurisdiction,E_model_only,0.7917,0,1,,,,0.0
IN,ID,EUROPE,ID,549300RSDWEIY3N4J564,P.T. ECOLAB INDONESIA,ID,EUROPE,,,phase3_jurisdiction_model,E_model_predicted_jurisdiction,E_model_only,0.7911,0,1,,,,0.0
IN,ID,EUROPE,ID,8945002TLZJXJBRDRM08,PT Sinarmas Sekuritas,ID,EUROPE,,,phase3_jurisdiction_model,E_model_predicted_jurisdiction,E_model_only,0.7905,0,1,,,,0.0
IN,ID,EUROPE,ID,5493006TJMVRZEVWCG37,PT Amman Mineral Internasional Tbk.,ID,EUROPE,,,phase3_jurisdiction_model,E_model_predicted_jurisdiction,E_model_only,0.7904,0,1,,,,0.0
IN,ID,EUROPE,ID,254900Q3F41UHON2N355,Badan Pengelola Investasi Daya Anagata Nusantara,ID,EUROPE,,,phase3_jurisdiction_model,E_model_predicted_jurisdiction,E_model_only,0.7811,0,1,,,,0.0
IN,ID,EUROPE,ID,254900NUQG9XPTAPQ969,Batavia Dana Obligasi Andalan,ID,EUROPE,,,phase3_jurisdiction_model,E_model_predicted_jurisdiction,E_model_only,0.78,0,1,,,,0.0
IN,ID,EUROPE,ID,254900E8UM1THMGHPI35,Batavia Dana Obligasi Optimal,ID,EUROPE,,,phase3_jurisdiction_model,E_model_predicted_jurisdiction,E_model_only,0.78,0,1,,,,0.0
IN,ID,EUROPE,ID,25490056P0H58F0H5O69,Batavia Dana Obligasi Sentosa,ID,EUROPE,,,phase3_jurisdiction_model,E_model_predicted_jurisdiction,E_model_only,0.78,0,1,,,,0.0
IN,ID,EUROPE,ID,254900O0SZWTP8TF2U92,Batavia Proteksi Cemerlang 18,ID,EUROPE,,,phase3_jurisdiction_model,E_model_predicted_jurisdiction,E_model_only,0.78,0,1,,,,0.0
IN,ID,EUROPE,ID,254900W5OZLFOMBPKA36,Batavia Proteksi Cemerlang 33,ID,EUROPE,,,phase3_jurisdiction_model,E_model_predicted_jurisdiction,E_model_only,0.78,0,1,,,,0.0
IN,ID,EUROPE,ID,2549003GJBZAQ5YSE180,Batavia Proteksi Cemerlang 55,ID,EUROPE,,,phase3_jurisdiction_model,E_model_predicted_jurisdiction,E_model_only,0.78,0,1,,,,0.0
IN,ID,EUROPE,ID,254900722CXXA533AC65,Batavia Proteksi Cemerlang 58,ID,EUROPE,,,phase3_jurisdiction_model,E_model_predicted_jurisdiction,E_model_only,0.78,0,1,,,,0.0
IN,ID,EUROPE,ID,254900XYSO11I2Y5GY06,Batavia Proteksi Cemerlang 60,ID,EUROPE,,,phase3_jurisdiction_model,E_model_predicted_jurisdiction,E_model_only,0.78,0,1,,,,0.0
IN,ID,EUROPE,ID,254900CAKMF8AQ59UJ14,Batavia Proteksi Cemerlang 70,ID,EUROPE,,,phase3_jurisdiction_model,E_model_predicted_jurisdiction,E_model_only,0.78,0,1,,,,0.0
IN,ID,EUROPE,ID,2549009CVFYKCX8W3943,Batavia Proteksi Cemerlang 92,ID,EUROPE,,,phase3_jurisdiction_model,E_model_predicted_jurisdiction,E_model_only,0.78,0,1,,,,0.0
IN,ID,EUROPE,ID,254900K6ANDS3RIILJ18,PT. Senada Nusantara,ID,EUROPE,,,phase3_jurisdiction_model,E_model_predicted_jurisdiction,E_model_only,0.7776,0,1,,,,0.0
IN,ID,EUROPE,ID,254900DA2YB3RE5MJR41,Batavia Obligasi Sukses 1,ID,EUROPE,,,phase3_jurisdiction_model,E_model_predicted_jurisdiction,E_model_only,0.7768,0,1,,,,0.0
IN,ID,EUROPE,ID,25490080EBEGA2A7SN30,Batavia Obligasi Sukses 2,ID,EUROPE,,,phase3_jurisdiction_model,E_model_predicted_jurisdiction,E_model_only,0.7768,0,1,,,,0.0
IN,ID,EUROPE,ID,254900LB1GPY1YSCH548,Batavia Dana Obligasi Ultima,ID,EUROPE,,,phase3_jurisdiction_model,E_model_predicted_jurisdiction,E_model_only,0.7766,0,1,,,,0.0
IN,ID,EUROPE,ID,254900U14GDWNBNLH094,Discre YKP BRI,ID,EUROPE,,,phase3_jurisdiction_model,E_model_predicted_jurisdiction,E_model_only,0.7751,0,1,,,,0.0
IN,ID,EUROPE,ID,254900PTQSZIML60XQ72,Batavia Dana Obligasi Plus,ID,EUROPE,,,phase3_jurisdiction_model,E_model_predicted_jurisdiction,E_model_only,0.7748,0,1,,,,0.0
IN,ID,EUROPE,ID,2549009EEPZY41FC7319,Batavia Dana Obligasi Gemilang,ID,EUROPE,,,phase3_jurisdiction_model,E_model_predicted_jurisdiction,E_model_only,0.7727,0,1,,,,0.0
IN,ID,EUROPE,ID,254900WSGU4RI42SBM55,Batavia Obligasi Platinum Plus,ID,EUROPE,,,phase3_jurisdiction_model,E_model_predicted_jurisdiction,E_model_only,0.7727,0,1,,,,0.0
IN,ID,EUROPE,ID,549300RVRJJPH3RSNX42,PT CHAMPION KURNIA DJAJA TECHNOLOGIES,ID,EUROPE,,,phase3_jurisdiction_model,E_model_predicted_jurisdiction,E_model_only,0.7722,0,1,,,,0.0
IN,ID,EUROPE,ID,254900L38HPQLAERX917,Discre Dapen PLN,ID,EUROPE,,,phase3_jurisdiction_model,E_model_predicted_jurisdiction,E_model_only,0.7717,0,1,,,,0.0
IN,ID,EUROPE,ID,529900RK0MRZ90P9B557,PT LAFARGE CEMENT INDONESIA,ID,EUROPE,,,phase3_jurisdiction_model,E_model_predicted_jurisdiction,E_model_only,0.771,0,1,,,,0.0
IN,ID,EUROPE,ID,549300D11BOJ6QIYKB29,P.T. G M AUTOWORLD INDONESIA,ID,EUROPE,,,phase3_jurisdiction_model,E_model_predicted_jurisdiction,E_model_only,0.7702,0,1,,,,0.0
IN,ID,EUROPE,ID,549300O2H0F0TH1XHC15,PT NIKE INDONESIA,ID,EUROPE,,,phase3_jurisdiction_model,E_model_predicted_jurisdiction,E_model_only,0.7701,0,1,,,,0.0
IN,ID,EUROPE,ID,549300UW2VN2FSNSHR15,PT BINSAR NATORANG ENERGI,ID,EUROPE,,,phase3_jurisdiction_model,E_model_predicted_jurisdiction,E_model_only,0.7694,0,1,,,,0.0
IN,ID,EUROPE,ID,549300TPGLM48460EU02,ASEAN SECRETARIAT,ID,EUROPE,,,phase3_jurisdiction_model,E_model_predicted_jurisdiction,E_model_only,0.7689,0,1,,,,0.0
IN,ID,EUROPE,ID,254900E0HVTI0AB6KT78,PT National Assemblers,ID,EUROPE,,,phase3_jurisdiction_model,E_model_predicted_jurisdiction,E_model_only,0.7684,0,1,,,,0.0
IN,ID,EUROPE,ID,2549001VS4E3YXGE5M53,Batavia Dana Obligasi Sejahtera,ID,EUROPE,,,phase3_jurisdiction_model,E_model_predicted_jurisdiction,E_model_only,0.7677,0,1,,,,0.0
IN,ID,EUROPE,ID,254900JFNZ58NBD74A73,Batavia Proteksi Cemerlang Plus,ID,EUROPE,,,phase3_jurisdiction_model,E_model_predicted_jurisdiction,E_model_only,0.7677,0,1,,,,0.0
IN,ID,EUROPE,ID,529900UUMEQCPSDKFD75,PT Bumi Resources TBK,ID,EUROPE,,,phase3_jurisdiction_model,E_model_predicted_jurisdiction,E_model_only,0.767,0,1,,,,0.0
IN,ID,EUROPE,ID,2549000PVCNDCIZTWY52,Discre DP KWI,ID,EUROPE,,,phase3_jurisdiction_model,E_model_predicted_jurisdiction,E_model_only,0.7667,0,1,,,,0.0
IN,ID,EUROPE,ID,254900LX0TO7YY1EM886,Discre YKK BI,ID,EUROPE,,,phase3_jurisdiction_model,E_model_predicted_jurisdiction,E_model_only,0.7667,0,1,,,,0.0
IN,ID,OTHER,ID,2549000O3QUBVISG0051,PT BANK OF INDIA INDONESIA TBK,ID,OTHER,,,phase3_jurisdiction_model,E_model_predicted_jurisdiction,E_model_only,0.7667,0,1,,,,0.0
IN,ID,EUROPE,ID,254900T5HAADBXL4K119,Batavia Enhanced Equity Strategy,ID,EUROPE,,,phase3_jurisdiction_model,E_model_predicted_jurisdiction,E_model_only,0.7659,0,1,,,,0.0
IN,ID,EUROPE,ID,5493002SPPHP0R1OJ398,PT SARANA MEDITAMA METROPOLITAN TBK,ID,EUROPE,,,phase3_jurisdiction_model,E_model_predicted_jurisdiction,E_model_only,0.7655,0,1,,,,0.0
IN,ID,EUROPE,ID,549300ZIEKFBM0H2X839,PT CONNELL BERSAUDARA CHEMINDO,ID,EUROPE,,,phase3_jurisdiction_model,E_model_predicted_jurisdiction,E_model_only,0.7654,0,1,,,,0.0
IN,ID,EUROPE,ID,549300GJG3YRMERQ3O92,PT BASF INDONESIA,ID,EUROPE,,,phase3_jurisdiction_model,E_model_predicted_jurisdiction,E_model_only,0.7651,0,1,,,,0.0
IN,ID,EUROPE,ID,254900JI59X0IW65QR40,Batavia Proteksi Cemerlang 16,ID,EUROPE,,,phase3_jurisdiction_model,E_model_predicted_jurisdiction,E_model_only,0.7631,0,1,,,,0.0
IN,ID,EUROPE,ID,254900CPWWTKP200EK30,Batavia Proteksi Andalan 6,ID,EUROPE,,,phase3_jurisdiction_model,E_model_predicted_jurisdiction,E_model_only,0.7619,0,1,,,,0.0
IN,ID,EUROPE,ID,549300LRYMB8VE9QOZ69,PT CAHAYA BUMI CEMERLANG,ID,EUROPE,,,phase3_jurisdiction_model,E_model_predicted_jurisdiction,E_model_only,0.7618,0,1,,,,0.0
IN,ID,EUROPE,ID,254900XSHIM2JT4A6Y69,Batavia LQ 45 Plus,ID,EUROPE,,,phase3_jurisdiction_model,E_model_predicted_jurisdiction,E_model_only,0.7615,0,1,,,,0.0
IN,ID,EUROPE,ID,529900WZJCIRFK4ZGE82,PT M-I Indonesia,ID,EUROPE,,,phase3_jurisdiction_model,E_model_predicted_jurisdiction,E_model_only,0.7611,0,1,,,,0.0
IN,ID,EUROPE,ID,254900FMHTY5IU7JG228,Batavia Proteksi Cemerlang 1,ID,EUROPE,,,phase3_jurisdiction_model,E_model_predicted_jurisdiction,E_model_only,0.7598,0,1,,,,0.0
IN,ID,EUROPE,ID,254900O8IAFB0M6RRE64,Batavia Proteksi Cemerlang 8,ID,EUROPE,,,phase3_jurisdiction_model,E_model_predicted_jurisdiction,E_model_only,0.7598,0,1,,,,0.0
IN,ID,EUROPE,ID,529900AADL1VKU36N250,ADHI KARYA (PERSERO) TBK,ID,EUROPE,,,phase3_jurisdiction_model,E_model_predicted_jurisdiction,E_model_only,0.7595,0,1,,,,0.0
IN,ID,EUROPE,ID,549300IHJTKM8KH0DR06,PT TEREOS FKS INDONESIA,ID,EUROPE,,,phase3_jurisdiction_model,E_model_predicted_jurisdiction,E_model_only,0.7576,0,1,,,,0.0
IN,ID,EUROPE,ID,254900UPPX8UP6LW9723,PT BAYAN RESOURCES TBK.,ID,EUROPE,,,phase3_jurisdiction_model,E_model_predicted_jurisdiction,E_model_only,0.7575,0,1,,,,0.0
IN,ID,EUROPE,ID,529900PRQI8S32HOE387,KALBE FARMA TBK,ID,EUROPE,,,phase3_jurisdiction_model,E_model_predicted_jurisdiction,E_model_only,0.7555,0,1,,,,0.0
IN,ID,EUROPE,ID,529900FWX0GRR7WG5W79,Republic of Indonesia,ID,EUROPE,,,phase3_jurisdiction_model,E_model_predicted_jurisdiction,E_model_only,0.7552,0,1,,,,0.0
IN,ID,EUROPE,ID,529900PFUFL9IC9JJN38,"Voith Turbo, PT",ID,EUROPE,,,phase3_jurisdiction_model,E_model_predicted_jurisdiction,E_model_only,0.7532,0,1,,,,0.0
IN,ID,OTHER,ID,984500F7A4CFAE702891,PT APM LEAF SPRINGS INDONESIA,ID,OTHER,,,phase3_jurisdiction_model,E_model_predicted_jurisdiction,E_model_only,0.7529,0,1,,,,0.0
IN,ID,EUROPE,ID,254900OIZQ8Q1LJPRC35,Discre SWRE,ID,EUROPE,,,phase3_jurisdiction_model,E_model_predicted_jurisdiction,E_model_only,0.7517,0,1,,,,0.0
IN,ID,EUROPE,ID,213800WMCYO1RRF5DH18,PT ERNA DJULIAWATI,ID,EUROPE,,,phase3_jurisdiction_model,E_model_predicted_jurisdiction,E_model_only,0.7505,0,1,,,,0.0
IN,ID,EUROPE,ID,529900L49TRJOMG4DK47,PT Astra International TBK,ID,EUROPE,,,phase3_jurisdiction_model,E_model_predicted_jurisdiction,E_model_only,0.749,0,1,,,,0.0
IN,ID,EUROPE,ID,529900LRE2NALSSHMB80,PT ANEKA TAMBANG Tbk.,ID,EUROPE,,,phase3_jurisdiction_model,E_model_predicted_jurisdiction,E_model_only,0.7485,0,1,,,,0.0
IN,ID,EUROPE,ID,21380048GR6UU8YVEE09,PT SINAR DINAMIKA KAPUAS,ID,EUROPE,,,phase3_jurisdiction_model,E_model_predicted_jurisdiction,E_model_only,0.7471,0,1,,,,0.0
IN,ID,EUROPE,ID,254900PE46F2TQK7MT39,PT Lotus Andalan Sekuritas,ID,EUROPE,,,phase3_jurisdiction_model,E_model_predicted_jurisdiction,E_model_only,0.747,0,1,,,,0.0
IN,ID,EUROPE,ID,549300NULMG02X0A6H38,PT LINDE INDONESIA,ID,EUROPE,,,phase3_jurisdiction_model,E_model_predicted_jurisdiction,E_model_only,0.7464,0,1,,,,0.0
IN,ID,EUROPE,ID,5299003WO4TKWF96II88,PT. Westerngeco Indonesia,ID,EUROPE,,,phase3_jurisdiction_model,E_model_predicted_jurisdiction,E_model_only,0.7464,0,1,,,,0.0
IN,ID,EUROPE,ID,254900YLHTGEKRQH3Z12,PT Darma Henwa Tbk,ID,EUROPE,,,phase3_jurisdiction_model,E_model_predicted_jurisdiction,E_model_only,0.7458,0,1,,,,0.0
IN,ID,EUROPE,ID,549300WIEKY88V1S3C09,PT MONTIN VIVO INDONESIA,ID,EUROPE,,,phase3_jurisdiction_model,E_model_predicted_jurisdiction,E_model_only,0.7449,0,1,,,,0.0
IN,ID,EUROPE,ID,549300W3WWLV00TDR958,PT MK ELECTRIC INDONESIA,ID,EUROPE,,,phase3_jurisdiction_model,E_model_predicted_jurisdiction,E_model_only,0.7438,0,1,,,,0.0
IN,ID,EUROPE,ID,254900EW9Z7WE1AVME75,PT EKSPONEN KARYA PRIMA,ID,EUROPE,,,phase3_jurisdiction_model,E_model_predicted_jurisdiction,E_model_only,0.7425,0,1,,,,0.0
IN,ID,EUROPE,ID,254900PICAQ307GJWU93,PT Multi Harapan Utama,ID,EUROPE,,,phase3_jurisdiction_model,E_model_predicted_jurisdiction,E_model_only,0.7425,0,1,,,,0.0
IN,ID,EUROPE,ID,2549009WD30N8WIKRC45,PT UDAYA ANUGERAH ABADI,ID,EUROPE,,,phase3_jurisdiction_model,E_model_predicted_jurisdiction,E_model_only,0.7425,0,1,,,,0.0
IN,ID,OTHER,ID,213800E8DOIYF14B9466,PT INDONESIA ROYAL RESOURCES,ID,OTHER,,,phase3_jurisdiction_model,E_model_predicted_jurisdiction,E_model_only,0.7412,0,1,,,,0.0
IN,ID,EUROPE,ID,529900BYFVEGGOM24P36,PT Deutsche Sekuritas Indonesia,ID,EUROPE,,,phase3_jurisdiction_model,E_model_predicted_jurisdiction,E_model_only,0.741,0,1,,,,0.0
IN,ID,EUROPE,ID,2549003QH00JQNDNV668,MNC Sekuritas,ID,EUROPE,,,phase3_jurisdiction_model,E_model_predicted_jurisdiction,E_model_only,0.7405,0,1,,,,0.0
IN,ID,EUROPE,ID,2549005B5I1ASLKUJH26,PT Cemindo Gemilang,ID,EUROPE,,,phase3_jurisdiction_model,E_model_predicted_jurisdiction,E_model_only,0.7404,0,1,,,,0.0
IN,ID,EUROPE,ID,213800HD17EH7OLXCK87,PT KERAMINDO MEGAH PERTIWI,ID,EUROPE,,,phase3_jurisdiction_model,E_model_predicted_jurisdiction,E_model_only,0.7394,0,1,,,,0.0
IN,ID,EUROPE,ID,549300TKHCPCZIN4EW13,PT DELL INDONESIA,ID,EUROPE,,,phase3_jurisdiction_model,E_model_predicted_jurisdiction,E_model_only,0.7391,0,1,,,,0.0
IN,ID,EUROPE,ID,89450012N75X9LCSQB06,PT Bukalapak.com Tbk,ID,EUROPE,,,phase3_jurisdiction_model,E_model_predicted_jurisdiction,E_model_only,0.7387,0,1,,,,0.0
IN,ID,EUROPE,ID,529900E3L3047KZDIM24,PT Hexindo Adiperkasa Tbk,ID,EUROPE,,,phase3_jurisdiction_model,E_model_predicted_jurisdiction,E_model_only,0.7372,0,1,,,,0.0
IN,ID,EUROPE,ID,549300MGOEUV4YI1I382,P.T. NALCO INDONESIA,ID,EUROPE,,,phase3_jurisdiction_model,E_model_predicted_jurisdiction,E_model_only,0.7366,0,1,,,,0.0
IN,ID,OTHER,ID,98450046C2EDBEAF6546,PT Apm Shock Absorbers Indonesia,ID,OTHER,,,phase3_jurisdiction_model,E_model_predicted_jurisdiction,E_model_only,0.7355,0,1,,,,0.0
IN,ID,EUROPE,ID,254900MUSP5NEWE6E551,PT Braga Trading,ID,EUROPE,,,phase3_jurisdiction_model,E_model_predicted_jurisdiction,E_model_only,0.7351,0,1,,,,0.0
IN,ID,EUROPE,ID,213800C1LZAG2RYV2520,PT BONTIPERMAI JAYARAYA,ID,EUROPE,,,phase3_jurisdiction_model,E_model_predicted_jurisdiction,E_model_only,0.7347,0,1,,,,0.0
IN,ID,EUROPE,ID,254900SKWQC8M33STK65,PT SINARMAS LDA MARITIME,ID,EUROPE,,,phase3_jurisdiction_model,E_model_predicted_jurisdiction,E_model_only,0.7344,0,1,,,,0.0
IN,ID,EUROPE,ID,254900K57NTVUWL4H152,PT CIPTA SRIGATI LESTARI,ID,EUROPE,,,phase3_jurisdiction_model,E_model_predicted_jurisdiction,E_model_only,0.7337,0,1,,,,0.0
IN,ID,EUROPE,ID,254900BO30QJIS82SC38,PT PANCA AMARA UTAMA,ID,EUROPE,,,phase3_jurisdiction_model,E_model_predicted_jurisdiction,E_model_only,0.7325,0,1,,,,0.0
IN,ID,EUROPE,ID,529900WER46RYFNZER60,ACE HARDWARE INDONESIA TBK,ID,EUROPE,,,phase3_jurisdiction_model,E_model_predicted_jurisdiction,E_model_only,0.7315,0,1,,,,0.0
IN,ID,EUROPE,ID,254900078GQZ2GD3FM56,PT Tinindo Inter Nusa,ID,EUROPE,,,phase3_jurisdiction_model,E_model_predicted_jurisdiction,E_model_only,0.7311,0,1,,,,0.0
IN,ID,OTHER,ID,9845004CF5F795AA7577,PT Air Liquide Indonesia Teknologi,ID,OTHER,,,phase3_jurisdiction_model,E_model_predicted_jurisdiction,E_model_only,0.7307,0,1,,,,0.0
IN,ID,EUROPE,ID,254900Q93ILVOC2G9Y81,Batavia Technology Sharia Equity USD,ID,EUROPE,,,phase3_jurisdiction_model,E_model_predicted_jurisdiction,E_model_only,0.7303,0,1,,,,0.0
IN,ID,EUROPE,ID,254900UXFNO90K4E7V83,PT BUANA FINANCE TBK,ID,EUROPE,,,phase3_jurisdiction_model,E_model_predicted_jurisdiction,E_model_only,0.7299,0,1,,,,0.0
IN,ID,OTHER,ID,984500CD1B3FB0A07621,PT Apm Auto Components Indonesia,ID,OTHER,,,phase3_jurisdiction_model,E_model_predicted_jurisdiction,E_model_only,0.7297,0,1,,,,0.0
IN,ID,EUROPE,ID,254900YG9R887J0IMP47,PT Sinar Antjol,ID,EUROPE,,,phase3_jurisdiction_model,E_model_predicted_jurisdiction,E_model_only,0.7293,0,1,,,,0.0
IN,ID,EUROPE,ID,2138005W83A18JGRMU33,PT. PERUSAHAAN DAGANG DAN INDUSTRI TRESNO,ID,EUROPE,,,phase3_jurisdiction_model,E_model_predicted_jurisdiction,E_model_only,0.728,0,1,,,,0.0
IN,ID,EUROPE,ID,894500F1TTMVGRQB1U56,PT T SYSTEMS INDONESIA,ID,EUROPE,,,phase3_jurisdiction_model,E_model_predicted_jurisdiction,E_model_only,0.7265,0,1,,,,0.0
IN,ID,EUROPE,ID,5299002HHYBH7C6WBQ62,PT Vale Indonesia Tbk,ID,EUROPE,,,phase3_jurisdiction_model,E_model_predicted_jurisdiction,E_model_only,0.7265,0,1,,,,0.0
IN,ID,EUROPE,ID,894500XG2EBW3PZ4AB46,Koperasi Mitra Dhuafa,ID,EUROPE,,,phase3_jurisdiction_model,E_model_predicted_jurisdiction,E_model_only,0.7248,0,1,,,,0.0
IN,ID,EUROPE,ID,25490071PPJ054MU6I35,PT Trimegah Asset Management,ID,EUROPE,,,phase3_jurisdiction_model,E_model_predicted_jurisdiction,E_model_only,0.7248,0,1,,,,0.0
IN,ID,EUROPE,ID,549300C0LR0XWH8WH822,PT ROYAL INDUSTRIES INDONESIA,ID,EUROPE,,,phase3_jurisdiction_model,E_model_predicted_jurisdiction,E_model_only,0.7239,0,1,,,,0.0
IN,ID,EUROPE,ID,54930014H05JP30F6E62,PT BANK SUMITOMO MITSUI INDONESIA,ID,EUROPE,,,phase3_jurisdiction_model,E_model_predicted_jurisdiction,E_model_only,0.7229,0,1,,,,0.0
IN,ID,OTHER,ID,98450058EB0BO14FCF30,PT Hitachi Sakti Energy Indonesia,ID,OTHER,,,phase3_jurisdiction_model,E_model_predicted_jurisdiction,E_model_only,0.721,0,1,,,,0.0
IN,ID,EUROPE,ID,529900OZ01A7BWSE5227,PT Polychem Indonesia Tbk,ID,EUROPE,,,phase3_jurisdiction_model,E_model_predicted_jurisdiction,E_model_only,0.721,0,1,,,,0.0
IN,ID,EUROPE,ID,5493004UX2X7Y4H6VH54,PT COMMONWEALTH LIFE,ID,EUROPE,,,phase3_jurisdiction_model,E_model_predicted_jurisdiction,E_model_only,0.72,0,1,,,,0.0
IN,ID,EUROPE,ID,254900R68LQV1N5IMO71,PT. Panin Asset Management,ID,EUROPE,,,phase3_jurisdiction_model,E_model_predicted_jurisdiction,E_model_only,0.7193,0,1,,,,0.0
IN,ID,EUROPE,ID,2549004MX81YK60WHC28,PT WICAKSANA OVERSEAS INTERNATIONAL Tbk.,ID,EUROPE,,,phase3_jurisdiction_model,E_model_predicted_jurisdiction,E_model_only,0.7189,0,1,,,,0.0
IN,ID,EUROPE,ID,213800XMYALC6OTXMG95,PT LYMAN INVESTINDO,ID,EUROPE,,,phase3_jurisdiction_model,E_model_predicted_jurisdiction,E_model_only,0.7187,0,1,,,,0.0
IN,ID,EUROPE,ID,549300ZFNW2H6DUMPO19,PT TETRA PAK INDONESIA,ID,EUROPE,,,phase3_jurisdiction_model,E_model_predicted_jurisdiction,E_model_only,0.7184,0,1,,,,0.0
IN,ID,OTHER,ID,98450096ADD9F5220044,PT YUBICOM TEKNOLOGI INDONESIA,ID,OTHER,,,phase3_jurisdiction_model,E_model_predicted_jurisdiction,E_model_only,0.7183,0,1,,,,0.0
IN,ID,OTHER,ID,254900JEQ2RCGZOLY779,PT Xiangyu Trading Indonesia,ID,OTHER,,,phase3_jurisdiction_model,E_model_predicted_jurisdiction,E_model_only,0.7173,0,1,,,,0.0
IN,ID,EUROPE,ID,254900XTT2NNR3BPGT97,PT Sentul City Tbk,ID,EUROPE,,,phase3_jurisdiction_model,E_model_predicted_jurisdiction,E_model_only,0.7171,0,1,,,,0.0
IN,ID,EUROPE,ID,549300VQSG7KYQLHLH50,PT BASF CARE CHEMICALS INDONESIA,ID,EUROPE,,,phase3_jurisdiction_model,E_model_predicted_jurisdiction,E_model_only,0.7168,0,1,,,,0.0
IN,ID,EUROPE,ID,529900YWLCPTEZW0II83,"PT. Schlumberger Geophysics Nusantara, PT",ID,EUROPE,,,phase3_jurisdiction_model,E_model_predicted_jurisdiction,E_model_only,0.7167,0,1,,,,0.0
IN,ID,EUROPE,ID,254900MMXRRVX4RZG605,PT. Sumber Kencana Inhu,ID,EUROPE,,,phase3_jurisdiction_model,E_model_predicted_jurisdiction,E_model_only,0.7166,0,1,,,,0.0
IN,ID,EUROPE,ID,529900NX0EYVOH3TJZ08,SUMMARECON AGUNG TBK,ID,EUROPE,,,phase3_jurisdiction_model,E_model_predicted_jurisdiction,E_model_only,0.7159,0,1,,,,0.0
IN,ID,EUROPE,ID,254900WQG5N416AU2X90,PT MEGAH SURYA PERTIWI,ID,EUROPE,,,phase3_jurisdiction_model,E_model_predicted_jurisdiction,E_model_only,0.7157,0,1,,,,0.0
IN,ID,EUROPE,ID,254900ECHNBLKWODKJ22,PT ANDERIO PERMATA SEMESTA,ID,EUROPE,,,phase3_jurisdiction_model,E_model_predicted_jurisdiction,E_model_only,0.7149,0,1,,,,0.0
IN,ID,EUROPE,ID,254900UJSGYIL5JU7B49,Bank of America National Association,ID,EUROPE,,,phase3_jurisdiction_model,E_model_predicted_jurisdiction,E_model_only,0.7144,0,1,,,,0.0
IN,ID,EUROPE,ID,529900P2WAH7XA87OI24,PT Adaro Energy Tbk,ID,EUROPE,,,phase3_jurisdiction_model,E_model_predicted_jurisdiction,E_model_only,0.7137,0,1,,,,0.0
IN,ID,EUROPE,ID,529900RM3VNQRMDJ7M38,PT MAYORA INDAH TBK,ID,EUROPE,,,phase3_jurisdiction_model,E_model_predicted_jurisdiction,E_model_only,0.7137,0,1,,,,0.0
IN,ID,EUROPE,ID,254900YJOUDT9FUSHL33,PT Indosat Tbk,ID,EUROPE,,,phase3_jurisdiction_model,E_model_predicted_jurisdiction,E_model_only,0.7133,0,1,,,,0.0
IN,ID,EUROPE,ID,894500J9HPI39FREK316,PT INFOKOM INTERNUSA,ID,EUROPE,,,phase3_jurisdiction_model,E_model_predicted_jurisdiction,E_model_only,0.7131,0,1,,,,0.0
IN,ID,EUROPE,ID,2549003G28XAARA71U49,Kasongan Bumi Kencana PT,ID,EUROPE,,,phase3_jurisdiction_model,E_model_predicted_jurisdiction,E_model_only,0.7124,0,1,,,,0.0
IN,ID,OTHER,ID,984500EAB91C9B52CC43,PT Hamaden Indonesia Manufacturing,ID,OTHER,,,phase3_jurisdiction_model,E_model_predicted_jurisdiction,E_model_only,0.7123,0,1,,,,0.0
IN,ID,OTHER,ID,98450097A9D6970B7345,PT Flextronics Technology Indonesia,ID,OTHER,,,phase3_jurisdiction_model,E_model_predicted_jurisdiction,E_model_only,0.7122,0,1,,,,0.0
IN,ID,EUROPE,ID,254900ZUIWP5KVWAAA98,PT Gesit Perkasa,ID,EUROPE,,,phase3_jurisdiction_model,E_model_predicted_jurisdiction,E_model_only,0.7118,0,1,,,,0.0
IN,ID,EUROPE,ID,254900UXECELWPPCMF59,PT Panarub Industry,ID,EUROPE,,,phase3_jurisdiction_model,E_model_predicted_jurisdiction,E_model_only,0.7112,0,1,,,,0.0
IN,ID,EUROPE,ID,254900ON8S1K5BNRNA49,STARCH SOLUTION INTERNASIONAL. PT,ID,EUROPE,,,phase3_jurisdiction_model,E_model_predicted_jurisdiction,E_model_only,0.711,0,1,,,,0.0
IN,ID,EUROPE,ID,894500S2IP8ERXKM8E80,PT Persada Inti Sejahtera,ID,EUROPE,,,phase3_jurisdiction_model,E_model_predicted_jurisdiction,E_model_only,0.7108,0,1,,,,0.0
IN,ID,EUROPE,ID,213800AU7L7N3XASDG83,PT SATYARAYA KERAHMINDOINDA,ID,EUROPE,,,phase3_jurisdiction_model,E_model_predicted_jurisdiction,E_model_only,0.7107,0,1,,,,0.0
IN,ID,EUROPE,ID,254900SDBEPZKOIOT438,"SANGGAR SARANA BAJA, PT",ID,EUROPE,,,phase3_jurisdiction_model,E_model_predicted_jurisdiction,E_model_only,0.7096,0,1,,,,0.0
IN,ID,EUROPE,ID,254900TEBO2828FV5Z70,"Jakarta Tank Terminal, PT",ID,EUROPE,,,phase3_jurisdiction_model,E_model_predicted_jurisdiction,E_model_only,0.709,0,1,,,,0.0
IN,ID,EUROPE,ID,254900TBASD7T48GQU02,P.T. Sri Rejeki Isman,ID,EUROPE,,,phase3_jurisdiction_model,E_model_predicted_jurisdiction,E_model_only,0.7085,0,1,,,,0.0
IN,ID,EUROPE,ID,254900ANWA2CBUM16Y23,PT ABB Sakti Industri,ID,EUROPE,,,phase3_jurisdiction_model,E_model_predicted_jurisdiction,E_model_only,0.707,0,1,,,,0.0
IN,ID,EUROPE,ID,254900SI36BLITJATS92,Lembaga Pengelola Dana Pendidikan,ID,EUROPE,,,phase3_jurisdiction_model,E_model_predicted_jurisdiction,E_model_only,0.7064,0,1,,,,0.0
IN,ID,EUROPE,ID,52990014FJAD8ZZK2F90,PT Schlumberger Bhakti Nusantara,ID,EUROPE,,,phase3_jurisdiction_model,E_model_predicted_jurisdiction,E_model_only,0.7062,0,1,,,,0.0
IN,ID,EUROPE,ID,529900KMD8L6XX35BT35,PT. Dowell Anadrill Schlumberger,ID,EUROPE,,,phase3_jurisdiction_model,E_model_predicted_jurisdiction,E_model_only,0.7062,0,1,,,,0.0
IN,ID,OTHER,ID,984500PFFBJ84D800F08,PT Clariant Specialties Indonesia,ID,OTHER,,,phase3_jurisdiction_model,E_model_predicted_jurisdiction,E_model_only,0.7056,0,1,,,,0.0
IN,ID,EUROPE,ID,213800TADJDCPRWBS284,PT. SIBELCO LAUTAN MINERALS,ID,EUROPE,,,phase3_jurisdiction_model,E_model_predicted_jurisdiction,E_model_only,0.7056,0,1,,,,0.0
IN,ID,EUROPE,ID,254900EV5JZKVXIBIB09,"MUFG Bank Ltd, Jakarta Branch",ID,EUROPE,,,phase3_jurisdiction_model,E_model_predicted_jurisdiction,E_model_only,0.7043,0,1,,,,0.0
IN,ID,EUROPE,ID,254900466K7U4KLA8I66,PT Trisensa Mineral Utama,ID,EUROPE,,,phase3_jurisdiction_model,E_model_predicted_jurisdiction,E_model_only,0.7039,0,1,,,,0.0
IN,ID,EUROPE,ID,254900CLXCIVO1KCF078,PT Barito Pacific Tbk,ID,EUROPE,,,phase3_jurisdiction_model,E_model_predicted_jurisdiction,E_model_only,0.7029,0,1,,,,0.0
IN,ID,EUROPE,ID,254900BV79CZA0CIQO39,PT South Pacific Viscose,ID,EUROPE,,,phase3_jurisdiction_model,E_model_predicted_jurisdiction,E_model_only,0.7023,0,1,,,,0.0
IN,ID,EUROPE,ID,254900A4XA8N3H9L7T22,PT Total Oil Indonesia,ID,EUROPE,,,phase3_jurisdiction_model,E_model_predicted_jurisdiction,E_model_only,0.7023,0,1,,,,0.0
IN,ID,EUROPE,ID,254900NPCIO562Z7FN53,PT. Cikarang Listrindo Tbk,ID,EUROPE,,,phase3_jurisdiction_model,E_model_predicted_jurisdiction,E_model_only,0.7019,0,1,,,,0.0
IN,ID,EUROPE,ID,213800ADRX1T7C4V7Y36,"ALTRON INDONESIA, PT",ID,EUROPE,,,phase3_jurisdiction_model,E_model_predicted_jurisdiction,E_model_only,0.7016,0,1,,,,0.0
IN,ID,EUROPE,ID,213800WGD5QUFTCMCH29,PT ROMAN CERAMIC INTERNATIONAL,ID,EUROPE,,,phase3_jurisdiction_model,E_model_predicted_jurisdiction,E_model_only,0.7009,0,1,,,,0.0
IN,ID,EUROPE,ID,213800F4FI1KSN8U7173,"RBS FINANCE INDONESIA, PT",ID,EUROPE,,,phase3_jurisdiction_model,E_model_predicted_jurisdiction,E_model_only,0.7001,0,1,,,,0.0
IN,ID,EUROPE,ID,254900KU3TMRFXDJID10,"GLOBAL WIDJAJA ABADI, PT",ID,EUROPE,,,phase3_jurisdiction_model,E_model_predicted_jurisdiction,E_model_only,0.6999,0,1,,,,0.0
IN,ID,EUROPE,ID,254900GZHQ7RDBDWKJ22,PT Bank Shinhan Indonesia,ID,EUROPE,,,phase3_jurisdiction_model,E_model_predicted_jurisdiction,E_model_only,0.6997,0,1,,,,0.0
IN,ID,EUROPE,ID,254900OMUK6R58IBSF09,Reksa Dana Batavia Campuran Nusantara,ID,EUROPE,,,phase3_jurisdiction_model,E_model_predicted_jurisdiction,E_model_only,0.6994,0,1,,,,0.0
IN,ID,EUROPE,ID,2549003M4CFCMSWTGJ55,Reksa Dana Batavia Disruptive Equity,ID,EUROPE,,,phase3_jurisdiction_model,E_model_predicted_jurisdiction,E_model_only,0.6994,0,1,,,,0.0
IN,ID,EUROPE,ID,549300C76F5HYBKEYD13,PT RCM FINAN TEKNOLOGI,ID,EUROPE,,,phase3_jurisdiction_model,E_model_predicted_jurisdiction,E_model_only,0.6993,0,1,,,,0.0
IN,ID,EUROPE,ID,54930051VDJMG2DKXL81,PT BANK COMMONWEALTH,ID,EUROPE,,,phase3_jurisdiction_model,E_model_predicted_jurisdiction,E_model_only,0.6987,0,1,,,,0.0
IN,ID,EUROPE,ID,254900ZELCAJDOACAI84,Konferensi Waligereja Indonesia,ID,EUROPE,,,phase3_jurisdiction_model,E_model_predicted_jurisdiction,E_model_only,0.6985,0,1,,,,0.0
IN,ID,EUROPE,ID,549300P20KVZHMC5QH74,PT IDROS SERVICES,ID,EUROPE,,,phase3_jurisdiction_model,E_model_predicted_jurisdiction,E_model_only,0.6978,0,1,,,,0.0
IN,ID,OTHER,ID,984500A8BBDADA2DS292,CLARIANT ADSORBENTS INDONESIA,ID,OTHER,,,phase3_jurisdiction_model,E_model_predicted_jurisdiction,E_model_only,0.6975,0,1,,,,0.0
IN,ID,OTHER,ID,98450058C379BD6B0484,PT Avient Colorants Indonesia,ID,OTHER,,,phase3_jurisdiction_model,E_model_predicted_jurisdiction,E_model_only,0.6975,0,1,,,,0.0
IN,ID,EUROPE,ID,529900GCCJEVXNZ5DL24,"PT HOLCIM INDONESIA, TBK",ID,EUROPE,,,phase3_jurisdiction_model,E_model_predicted_jurisdiction,E_model_only,0.6966,0,1,,,,0.0
IN,ID,EUROPE,ID,254900GRXL2KIT6U4V83,PT Hanil Jaya Steel,ID,EUROPE,,,phase3_jurisdiction_model,E_model_predicted_jurisdiction,E_model_only,0.6965,0,1,,,,0.0
IN,ID,OTHER,ID,98450014F87EF788ED83,PT Indonesia Kapital Investama,ID,OTHER,,,phase3_jurisdiction_model,E_model_predicted_jurisdiction,E_model_only,0.6963,0,1,,,,0.0
IN,ID,EUROPE,ID,254900OZAGS6FXQAF834,Batavia China Sharia Equity USD,ID,EUROPE,,,phase3_jurisdiction_model,E_model_predicted_jurisdiction,E_model_only,0.6961,0,1,,,,0.0
IN,ID,EUROPE,ID,25490061WWJMGSD95610,PT Aneka Intipersada,ID,EUROPE,,,phase3_jurisdiction_model,E_model_predicted_jurisdiction,E_model_only,0.6948,0,1,,,,0.0
IN,ID,EUROPE,ID,254900T2DTX489YODV05,Badan Penyelenggara Jaminan Sosial Ketenagakerjaan,ID,EUROPE,,,phase3_jurisdiction_model,E_model_predicted_jurisdiction,E_model_only,0.6945,0,1,,,,0.0
IN,ID,EUROPE,ID,549300I31OZEGEEZRR40,PT BHIMASENA POWER INDONESIA,ID,EUROPE,,,phase3_jurisdiction_model,E_model_predicted_jurisdiction,E_model_only,0.6942,0,1,,,,0.0
IN,ID,OTHER,ID,984500F8648AC9BB9B30,PT Glory Metal Indonesia,ID,OTHER,,,phase3_jurisdiction_model,E_model_predicted_jurisdiction,E_model_only,0.6941,0,1,,,,0.0
IN,ID,EUROPE,ID,254900OU30LQ4MKFHE77,PT. Takari Kokoh Sejahtera,ID,EUROPE,,,phase3_jurisdiction_model,E_model_predicted_jurisdiction,E_model_only,0.6936,0,1,,,,0.0
IN,ID,EUROPE,ID,254900CUZ7H2RRRL4816,PT Triputra Permata Nusantara,ID,EUROPE,,,phase3_jurisdiction_model,E_model_predicted_jurisdiction,E_model_only,0.6935,0,1,,,,0.0
IN,ID,EUROPE,ID,254900OZUAE9W04PYM97,Yayasan Panti Rapih,ID,EUROPE,,,phase3_jurisdiction_model,E_model_predicted_jurisdiction,E_model_only,0.6931,0,1,,,,0.0
IN,ID,EUROPE,ID,549300SYXIYB5NQM3H75,PT FIRMENICH INDONESIA,ID,EUROPE,,,phase3_jurisdiction_model,E_model_predicted_jurisdiction,E_model_only,0.6926,0,1,,,,0.0
IN,ID,OTHER,ID,984500F5DC9F0AFD8D93,Filtrona Manufacturing Indonesia,ID,OTHER,,,phase3_jurisdiction_model,E_model_predicted_jurisdiction,E_model_only,0.6925,0,1,,,,0.0
IN,ID,OTHER,ID,254900I2JQBTUDN17X25,PT YASHI INDONESIA INVESTMENT,ID,OTHER,,,phase3_jurisdiction_model,E_model_predicted_jurisdiction,E_model_only,0.6923,0,1,,,,0.0
IN,ID,OTHER,ID,9845007712A508CF1A17,PT ADIKARA KAPITAL INDONESIA,ID,OTHER,,,phase3_jurisdiction_model,E_model_predicted_jurisdiction,E_model_only,0.6909,0,1,,,,0.0
IN,ID,OTHER,ID,254900IGYGH7VC4BQK65,PT Sailun Manufacturing Indonesia,ID,OTHER,,,phase3_jurisdiction_model,E_model_predicted_jurisdiction,E_model_only,0.6909,0,1,,,,0.0
IN,ID,EUROPE,ID,875500XW52AE6I9JYP21,CV Frico Finance,ID,EUROPE,,,phase3_jurisdiction_model,E_model_predicted_jurisdiction,E_model_only,0.6908,0,1,,,,0.0
IN,ID,EUROPE,ID,254900AD06MWAUER9M62,PT. Delta Dunia Tekstil,ID,EUROPE,,,phase3_jurisdiction_model,E_model_predicted_jurisdiction,E_model_only,0.6905,0,1,,,,0.0
IN,ID,EUROPE,ID,254900M7CQJDJR291G65,PT Triputra Investindo Arya,ID,EUROPE,,,phase3_jurisdiction_model,E_model_predicted_jurisdiction,E_model_only,0.6902,0,1,,,,0.0
IN,ID,EUROPE,ID,254900Z4DOKMNMURWQ55,BATAVIA USD BOND FUND,ID,EUROPE,,,phase3_jurisdiction_model,E_model_predicted_jurisdiction,E_model_only,0.6896,0,1,,,,0.0
IN,ID,EUROPE,ID,254900DGBG74IW7KHK66,PT BRI Danareksa Sekuritas,ID,EUROPE,,,phase3_jurisdiction_model,E_model_predicted_jurisdiction,E_model_only,0.6889,0,1,,,,0.0
IN,ID,EUROPE,ID,254900B0IYUK5VP4E092,PT Bara Daya Energi,ID,EUROPE,,,phase3_jurisdiction_model,E_model_predicted_jurisdiction,E_model_only,0.6875,0,1,,,,0.0
IN,ID,OTHER,ID,25490081II6S5BUB8821,PT Plaza Indonesia Realty Tbk,ID,OTHER,,,phase3_jurisdiction_model,E_model_predicted_jurisdiction,E_model_only,0.6872,0,1,,,,0.0
IN,ID,OTHER,ID,984500B7DB7E73E95A40,PT Heinz ABC Indonesia,ID,OTHER,,,phase3_jurisdiction_model,E_model_predicted_jurisdiction,E_model_only,0.6869,0,1,,,,0.0
IN,ID,EUROPE,ID,2549006ZQS463MFHDP64,PT M3 Ketapang Sejahtera,ID,EUROPE,,,phase3_jurisdiction_model,E_model_predicted_jurisdiction,E_model_only,0.6866,0,1,,,,0.0
IN,ID,EUROPE,ID,254900XHNEL95AXXXY66,PT. Primajaya Anugerah Selaras,ID,EUROPE,,,phase3_jurisdiction_model,E_model_predicted_jurisdiction,E_model_only,0.6859,0,1,,,,0.0
IN,ID,EUROPE,ID,254900TL466XG531BP05,Batavia USD Money Market,ID,EUROPE,,,phase3_jurisdiction_model,E_model_predicted_jurisdiction,E_model_only,0.6858,0,1,,,,0.0
IN,ID,EUROPE,ID,529900YO600BPBA76217,PT Geoprolog Intiwijaya,ID,EUROPE,,,phase3_jurisdiction_model,E_model_predicted_jurisdiction,E_model_only,0.6855,0,1,,,,0.0
IN,ID,EUROPE,ID,549300C02MIZ7K4Z1B81,PT INDO PREMIER SEKURITAS,ID,EUROPE,,,phase3_jurisdiction_model,E_model_predicted_jurisdiction,E_model_only,0.6852,0,1,,,,0.0
IN,ID,EUROPE,ID,254900KJN5SDJMNGJU30,PT Deraya,ID,EUROPE,,,phase3_jurisdiction_model,E_model_predicted_jurisdiction,E_model_only,0.6848,0,1,,,,0.0
IN,ID,OTHER,ID,9845008E7B75BB80EE84,PT Integrated Healthcare Indonesia,ID,OTHER,,,phase3_jurisdiction_model,E_model_predicted_jurisdiction,E_model_only,0.6844,0,1,,,,0.0
IN,ID,EUROPE,ID,254900UP30K3OAD0AS32,"SCHENKER PETROLOG UTAMA, PT",ID,EUROPE,,,phase3_jurisdiction_model,E_model_predicted_jurisdiction,E_model_only,0.6842,0,1,,,,0.0
IN,ID,EUROPE,ID,5493008HPMD7UQDUCX16,PT Asuransi Allianz Utama Indonesia,ID,EUROPE,,,phase3_jurisdiction_model,E_model_predicted_jurisdiction,E_model_only,0.6838,0,1,,,,0.0
IN,ID,EUROPE,ID,254900KO7DJW97TET002,PT NIPRESS TBK,ID,EUROPE,,,phase3_jurisdiction_model,E_model_predicted_jurisdiction,E_model_only,0.6834,0,1,,,,0.0
IN,ID,EUROPE,ID,254900S0KD3M2K6YSD61,PT PAN BROTHERS,ID,EUROPE,,,phase3_jurisdiction_model,E_model_predicted_jurisdiction,E_model_only,0.6834,0,1,,,,0.0
IN,ID,OTHER,ID,984500E2DAE009J06402,PG Lion Resources Indonesia PT,ID,OTHER,,,phase3_jurisdiction_model,E_model_predicted_jurisdiction,E_model_only,0.6832,0,1,,,,0.0
IN,ID,EUROPE,ID,549300NEXQR45JAMR977,PT. SENTOSA JAYA PROPERTI,ID,EUROPE,,,phase3_jurisdiction_model,E_model_predicted_jurisdiction,E_model_only,0.6832,0,1,,,,0.0
IN,ID,EUROPE,ID,984500653R409CC5AB28,"JP MORGAN CHASE BANK, NA",ID,EUROPE,,,phase3_jurisdiction_model,E_model_predicted_jurisdiction,E_model_only,0.6831,0,1,,,,0.0
IN,ID,EUROPE,ID,254900XWUP2H9I23N872,Batavia US Franchise Sharia Equity USD,ID,EUROPE,,,phase3_jurisdiction_model,E_model_predicted_jurisdiction,E_model_only,0.6811,0,1,,,,0.0
IN,ID,EUROPE,ID,5493002Q3PZRSNUSSX83,Reksa Dana Eastspring Investments Cash Reserve,ID,EUROPE,,,phase3_jurisdiction_model,E_model_predicted_jurisdiction,E_model_only,0.6811,0,1,,,,0.0
IN,ID,EUROPE,ID,254900U483EBJ8LKAB73,PT Solusi Bangun Indonesia,ID,EUROPE,,,phase3_jurisdiction_model,E_model_predicted_jurisdiction,E_model_only,0.6806,0,1,,,,0.0
IN,ID,EUROPE,ID,529900C1COJO2O1E5625,PT Welltekindo Nusantara,ID,EUROPE,,,phase3_jurisdiction_model,E_model_predicted_jurisdiction,E_model_only,0.6802,0,1,,,,0.0
IN,ID,OTHER,ID,984500862C3E2EB78147,PT Grab Teknologi Indonesia,ID,OTHER,,,phase3_jurisdiction_model,E_model_predicted_jurisdiction,E_model_only,0.6799,0,1,,,,0.0
IN,ID,EUROPE,ID,549300U0VYICQTIJ3V34,P.T. BERAU COAL,ID,EUROPE,,,phase3_jurisdiction_model,E_model_predicted_jurisdiction,E_model_only,0.6798,0,1,,,,0.0
IN,ID,EUROPE,ID,254900M4J4MMHLNPW748,PT. ADIKARSA SARANA,ID,EUROPE,,,phase3_jurisdiction_model,E_model_predicted_jurisdiction,E_model_only,0.6796,0,1,,,,0.0
IN,ID,EUROPE,ID,2138006REDF2GHELSE07,PT BUMIPUTERA SEKURITAS,ID,EUROPE,,,phase3_jurisdiction_model,E_model_predicted_jurisdiction,E_model_only,0.6787,0,1,,,,0.0
IN,ID,EUROPE,ID,54930014OI89O4JR0V94,PT MERRILL LYNCH SEKURITAS INDONESIA,ID,EUROPE,,,phase3_jurisdiction_model,E_model_predicted_jurisdiction,E_model_only,0.6786,0,1,,,,0.0
IN,ID,OTHER,ID,254900SPGMQJ5QQCD457,PT ADIRA DINAMIKA MULTI FINANCE TBK,ID,OTHER,,,phase3_jurisdiction_model,E_model_predicted_jurisdiction,E_model_only,0.6776,0,1,,,,0.0
IN,ID,EUROPE,ID,529900MW10SXTHVVCN76,CIPTA MORTAR UTAMA,ID,EUROPE,,,phase3_jurisdiction_model,E_model_predicted_jurisdiction,E_model_only,0.6774,0,1,,,,0.0
IN,ID,OTHER,ID,9845001DDF8Q762E6575,PT Apm Automotive Indonesia,ID,OTHER,,,phase3_jurisdiction_model,E_model_predicted_jurisdiction,E_model_only,0.6771,0,1,,,,0.0
IN,ID,EUROPE,ID,549300RC310OS6LZBH67,PT GE OIL & GAS PRESSURE CONTROL,ID,EUROPE,,,phase3_jurisdiction_model,E_model_predicted_jurisdiction,E_model_only,0.6767,0,1,,,,0.0
IN,ID,EUROPE,ID,2549004UCO7X6TGDSV64,PT Garuda Mataram Motor,ID,EUROPE,,,phase3_jurisdiction_model,E_model_predicted_jurisdiction,E_model_only,0.6764,0,1,,,,0.0
IN,ID,OTHER,ID,254900PDURHPW8ZHPT97,PT Sri Trang Lingga Indonesia,ID,OTHER,,,phase3_jurisdiction_model,E_model_predicted_jurisdiction,E_model_only,0.676,0,1,,,,0.0
IN,ID,EUROPE,ID,2549009J7JI7MDPTG432,PT OSRAM INDONESIA,ID,EUROPE,,,phase3_jurisdiction_model,E_model_predicted_jurisdiction,E_model_only,0.6759,0,1,,,,0.0
IN,ID,EUROPE,ID,2549002HYXDELEQU5G05,Reksa Dana Syariah Berbasis Efek Syariah Luar Negeri Batavia Gold Sharia Equity USD,ID,EUROPE,,,phase3_jurisdiction_model,E_model_predicted_jurisdiction,E_model_only,0.6757,0,1,,,,0.0
IN,ID,EUROPE,ID,2549005QIF5N3X7KTD12,PT Kertopaten Kencana,ID,EUROPE,,,phase3_jurisdiction_model,E_model_predicted_jurisdiction,E_model_only,0.6747,0,1,,,,0.0
IN,ID,OTHER,ID,984500D6D5773FCEEB29,HEUBACH COLORANTS COATINGS INDONESIA,ID,OTHER,,,phase3_jurisdiction_model,E_model_predicted_jurisdiction,E_model_only,0.674,0,1,,,,0.0
IN,ID,OTHER,ID,98450087E10BEDN3DB53,PT Rohm And Haas Indonesia,ID,OTHER,,,phase3_jurisdiction_model,E_model_predicted_jurisdiction,E_model_only,0.6738,0,1,,,,0.0
IN,ID,OTHER,ID,25490090QXOZ3JD7L645,PT Salam Pacific Indonesia Lines,ID,OTHER,,,phase3_jurisdiction_model,E_model_predicted_jurisdiction,E_model_only,0.6738,0,1,,,,0.0
IN,ID,EUROPE,ID,254900BOJ8ZHJLY6F389,PT. Golden Hawk Properties,ID,EUROPE,,,phase3_jurisdiction_model,E_model_predicted_jurisdiction,E_model_only,0.6734,0,1,,,,0.0
IN,ID,EUROPE,ID,25490030TCUOK0BV7O62,Reksa Dana Batavia Prima Ekspektasi,ID,EUROPE,,,phase3_jurisdiction_model,E_model_predicted_jurisdiction,E_model_only,0.6733,0,1,,,,0.0
IN,ID,EUROPE,ID,254900C0HEH23ZX8A242,PT Diptanala Bahana,ID,EUROPE,,,phase3_jurisdiction_model,E_model_predicted_jurisdiction,E_model_only,0.6732,0,1,,,,0.0
IN,ID,EUROPE,ID,213800GFRXLOC1FX1A41,BOSKALIS INTERNATIONAL INDONESIA. P.T,ID,EUROPE,,,phase3_jurisdiction_model,E_model_predicted_jurisdiction,E_model_only,0.6725,0,1,,,,0.0
IN,ID,EUROPE,ID,2549009BLYOGL9ZLAW17,PT BANK TABUNGAN NEGARA (PERSERO) TBK,ID,EUROPE,,,phase3_jurisdiction_model,E_model_predicted_jurisdiction,E_model_only,0.6725,0,1,,,,0.0
IN,ID,EUROPE,ID,254900P9RP17S3ADAW09,Batavia India Sharia Equity USD,ID,EUROPE,,,phase3_jurisdiction_model,E_model_predicted_jurisdiction,E_model_only,0.6713,0,1,,,,0.0
IN,ID,EUROPE,ID,254900KI59KUQ9D3NB66,PT Saligading Bersama,ID,EUROPE,,,phase3_jurisdiction_model,E_model_predicted_jurisdiction,E_model_only,0.6713,0,1,,,,0.0
IN,ID,EUROPE,ID,529900VVCJJVC9TYT119,PT Astrindo Nusantara Infrastruktur Tbk,ID,EUROPE,,,phase3_jurisdiction_model,E_model_predicted_jurisdiction,E_model_only,0.6712,0,1,,,,0.0
IN,ID,EUROPE,ID,254900DJ7F8P3BIQUN61,PT. Primacipta Intisejahtera Sentosa,ID,EUROPE,,,phase3_jurisdiction_model,E_model_predicted_jurisdiction,E_model_only,0.671,0,1,,,,0.0
IN,ID,OTHER,ID,2549007DKT4OZOJ3MX20,PT Caterpillar Indonesia Batam,ID,OTHER,,,phase3_jurisdiction_model,E_model_predicted_jurisdiction,E_model_only,0.6709,0,1,,,,0.0
IN,ID,EUROPE,ID,254900WQ1GDI4OW8TM05,Lembaga Pengelola Investasi,ID,EUROPE,,,phase3_jurisdiction_model,E_model_predicted_jurisdiction,E_model_only,0.6708,0,1,,,,0.0
IN,ID,EUROPE,ID,5493006GT33D38B1L637,PT ASURANSI JIWA GENERALI INDONESIA,ID,EUROPE,,,phase3_jurisdiction_model,E_model_predicted_jurisdiction,E_model_only,0.6704,0,1,,,,0.0
IN,ID,OTHER,ID,9845000AA69M767D7055,PT Ulusoy Electric Indonesia,ID,OTHER,,,phase3_jurisdiction_model,E_model_predicted_jurisdiction,E_model_only,0.6702,0,1,,,,0.0
IN,ID,OTHER,ID,213800HV89BTQ1F71K74,PT PERUSAHAAN PERSEROAN (PERSERO) PT. WASKITA KARYA TBK.,ID,OTHER,,,phase3_jurisdiction_model,E_model_predicted_jurisdiction,E_model_only,0.6695,0,1,,,,0.0
IN,ID,EUROPE,ID,549300BHKCPSK7GSWN23,PT KUTAI ENERGI,ID,EUROPE,,,phase3_jurisdiction_model,E_model_predicted_jurisdiction,E_model_only,0.6694,0,1,,,,0.0
IN,ID,EUROPE,ID,98450091ZA7884550C87,PARADISUS INTERNATIONAL TRUST,ID,EUROPE,,,phase3_jurisdiction_model,E_model_predicted_jurisdiction,E_model_only,0.6692,0,1,,,,0.0
IN,ID,EUROPE,ID,5493003M25XPZ2CWL144,PT KING'S SAFETYWEAR,ID,EUROPE,,,phase3_jurisdiction_model,E_model_predicted_jurisdiction,E_model_only,0.6691,0,1,,,,0.0
IN,ID,EUROPE,ID,213800LOGICIHNVAK930,PT GOBEAR INDONESIA INT,ID,EUROPE,,,phase3_jurisdiction_model,E_model_predicted_jurisdiction,E_model_only,0.6689,0,1,,,,0.0
IN,ID,EUROPE,ID,254900W88N6NS9RKHX55,PT MAJU KALIMANTAN HADAPAN,ID,EUROPE,,,phase3_jurisdiction_model,E_model_predicted_jurisdiction,E_model_only,0.6689,0,1,,,,0.0
IN,ID,EUROPE,ID,254900YPCECKQ661VK30,PT Platinum Ceramics Industry,ID,EUROPE,,,phase3_jurisdiction_model,E_model_predicted_jurisdiction,E_model_only,0.6689,0,1,,,,0.0
IN,ID,EUROPE,ID,213800A4TIGRMX7W1U17,PT. ARTA MAS FUTURES,ID,EUROPE,,,phase3_jurisdiction_model,E_model_predicted_jurisdiction,E_model_only,0.6686,0,1,,,,0.0
IN,ID,EUROPE,ID,52990099231PVNEW8373,PT. Ethica Industri Farmasi,ID,EUROPE,,,phase3_jurisdiction_model,E_model_predicted_jurisdiction,E_model_only,0.6684,0,1,,,,0.0
IN,ID,EUROPE,ID,254900MVL8NE8VJQU054,PT. JJ-Lapp Cable SMI,ID,EUROPE,,,phase3_jurisdiction_model,E_model_predicted_jurisdiction,E_model_only,0.668,0,1,,,,0.0
IN,ID,EUROPE,ID,254900E9DGQ9DMFV0C09,PT. Pulau Intanlestari,ID,EUROPE,,,phase3_jurisdiction_model,E_model_predicted_jurisdiction,E_model_only,0.6675,0,1,,,,0.0
IN,ID,EUROPE,ID,529900RKTMJ13UJG3340,PT MULTISTRADA ARAH SARANA,ID,EUROPE,,,phase3_jurisdiction_model,E_model_predicted_jurisdiction,E_model_only,0.6671,0,1,,,,0.0
IN,ID,EUROPE,ID,254900AIUVERXVK71463,PT. Harkatjaya Bumipersada,ID,EUROPE,,,phase3_jurisdiction_model,E_model_predicted_jurisdiction,E_model_only,0.6668,0,1,,,,0.0
IN,ID,EUROPE,ID,529900HQ6XVGKBCJGP77,PT Bisi International TBK,ID,EUROPE,,,phase3_jurisdiction_model,E_model_predicted_jurisdiction,E_model_only,0.6667,0,1,,,,0.0
IN,ID,EUROPE,ID,549300PGCQ7MMZAPBP30,PT STEELINDO WAHANA PERKASA,ID,EUROPE,,,phase3_jurisdiction_model,E_model_predicted_jurisdiction,E_model_only,0.665,0,1,,,,0.0
IN,ID,EUROPE,ID,549300D7IG051HX9QU54,PT SUMBER ELECTRINDO MAKMUR,ID,EUROPE,,,phase3_jurisdiction_model,E_model_predicted_jurisdiction,E_model_only,0.665,0,1,,,,0.0
IN,ID,EUROPE,ID,254900FXPYR224RYG478,PT Indomo Mulia,ID,EUROPE,,,phase3_jurisdiction_model,E_model_predicted_jurisdiction,E_model_only,0.6647,0,1,,,,0.0
IN,ID,EUROPE,ID,529900J6A8DD2F216H20,CITRA MARGA NUSAPHALA PERSADA tbk,ID,EUROPE,,,phase3_jurisdiction_model,E_model_predicted_jurisdiction,E_model_only,0.6641,0,1,,,,0.0
IN,ID,EUROPE,ID,213800DC7UYV567A3X82,PT. TRANS-PACIFIC PETROCHEMICAL INDOTAMA,ID,EUROPE,,,phase3_jurisdiction_model,E_model_predicted_jurisdiction,E_model_only,0.6631,0,1,,,,0.0
IN,ID,EUROPE,ID,529900VWIUOWNW54VC51,PT Multi Indocitra Tbk,ID,EUROPE,,,phase3_jurisdiction_model,E_model_predicted_jurisdiction,E_model_only,0.663,0,1,,,,0.0
IN,ID,EUROPE,ID,529900SEQXDO9VI8LW72,PT Lippo Securities Tbk,ID,EUROPE,,,phase3_jurisdiction_model,E_model_predicted_jurisdiction,E_model_only,0.6628,0,1,,,,0.0
IN,ID,EUROPE,ID,254900MT2CH1Y5Y7OX69,PT Goto Gojek Tokopedia,ID,EUROPE,,,phase3_jurisdiction_model,E_model_predicted_jurisdiction,E_model_only,0.6625,0,1,,,,0.0
IN,ID,EUROPE,ID,529900BJBI0YIIEUBJ14,PT. HARUM ENERGY Tbk,ID,EUROPE,,,phase3_jurisdiction_model,E_model_predicted_jurisdiction,E_model_only,0.6619,0,1,,,,0.0
IN,ID,EUROPE,ID,213800YCPOLER3FOGF52,BABEL INTI PERKASA,ID,EUROPE,,,phase3_jurisdiction_model,E_model_predicted_jurisdiction,E_model_only,0.6618,0,1,,,,0.0
IN,ID,EUROPE,ID,254900UG3MKTTGC3VE05,PT Laguna Mandiri,ID,EUROPE,,,phase3_jurisdiction_model,E_model_predicted_jurisdiction,E_model_only,0.6618,0,1,,,,0.0
IN,ID,EUROPE,ID,254900QPNCJMQRPX1714,PT Teguh Sempurna,ID,EUROPE,,,phase3_jurisdiction_model,E_model_predicted_jurisdiction,E_model_only,0.6618,0,1,,,,0.0
IN,ID,EUROPE,ID,529900U4G7W610K1S933,SEMEN BATURAJA (PERSERO) TBK,ID,EUROPE,,,phase3_jurisdiction_model,E_model_predicted_jurisdiction,E_model_only,0.6596,0,1,,,,0.0
IN,ID,EUROPE,ID,529900L3Z1JO1DTVL468,PT BAKRIE TELECOM Tbk,ID,EUROPE,,,phase3_jurisdiction_model,E_model_predicted_jurisdiction,E_model_only,0.6595,0,1,,,,0.0
IN,ID,EUROPE,ID,894500YHC0J8IORPN258,PT. Energi Sengkang,ID,EUROPE,,,phase3_jurisdiction_model,E_model_predicted_jurisdiction,E_model_only,0.6584,0,1,,,,0.0
IN,ID,EUROPE,ID,254900TCMB56OQSU7561,"""Bekasi Fajar Industrial Estate, Tbk."" PT.",ID,EUROPE,,,phase3_jurisdiction_model,E_model_predicted_jurisdiction,E_model_only,0.6577,0,1,,,,0.0
IN,ID,OTHER,ID,254900HAX07XKQUS9C43,PT CG POWER SYSTEMS INDONESIA,ID,OTHER,,,phase3_jurisdiction_model,E_model_predicted_jurisdiction,E_model_only,0.6576,0,1,,,,0.0
IN,ID,OTHER,ID,984500ECT99999CN9355,PT Mill Agro Indonesia,ID,OTHER,,,phase3_jurisdiction_model,E_model_predicted_jurisdiction,E_model_only,0.6576,0,1,,,,0.0
IN,ID,EUROPE,ID,529900AL85VUDIYVDU96,PT Star Pacific TBK,ID,EUROPE,,,phase3_jurisdiction_model,E_model_predicted_jurisdiction,E_model_only,0.6569,0,1,,,,0.0
IN,ID,EUROPE,ID,254900CZ5LTWZVG06281,PT Guthrie International Pratama Indonesia,ID,EUROPE,,,phase3_jurisdiction_model,E_model_predicted_jurisdiction,E_model_only,0.6565,0,1,,,,0.0
IN,ID,EUROPE,ID,254900YU4JXL8FJN1F96,PT.Bank Woori Saudara Indonesia 1906 Tbk,ID,EUROPE,,,phase3_jurisdiction_model,E_model_predicted_jurisdiction,E_model_only,0.6565,0,1,,,,0.0
IN,ID,EUROPE,ID,549300GK6EQ68WQ1B352,PT LOGAM MURNI NUSANTARA,ID,EUROPE,,,phase3_jurisdiction_model,E_model_predicted_jurisdiction,E_model_only,0.6564,0,1,,,,0.0
IN,ID,EUROPE,ID,894500AJZZNJN5AXSE39,PT CYBER FUTURES,ID,EUROPE,,,phase3_jurisdiction_model,E_model_predicted_jurisdiction,E_model_only,0.6557,0,1,,,,0.0
IN,ID,EUROPE,ID,8755004LU2B6DFV6QE19,PT. Columbia Jembatan Ampera,ID,EUROPE,,,phase3_jurisdiction_model,E_model_predicted_jurisdiction,E_model_only,0.6541,0,1,,,,0.0
IN,ID,EUROPE,ID,549300ME138W1FSLAS35,REKSA DANA TERPROTEKSI MANDIRI DOLLAR 2,ID,EUROPE,,,phase3_jurisdiction_model,E_model_predicted_jurisdiction,E_model_only,0.654,0,1,,,,0.0
IN,ID,OTHER,ID,98450007B510A6DC1248,PT Tate And Lyle Indonesia,ID,OTHER,,,phase3_jurisdiction_model,E_model_predicted_jurisdiction,E_model_only,0.6538,0,1,,,,0.0
IN,ID,OTHER,ID,98450047A2F049DR4D69,PT Mengniu Dairy Indonesia,ID,OTHER,,,phase3_jurisdiction_model,E_model_predicted_jurisdiction,E_model_only,0.6532,0,1,,,,0.0
IN,ID,EUROPE,ID,254900D87VGXIC4P0423,PT Hisense International Indonesia,ID,EUROPE,,,phase3_jurisdiction_model,E_model_predicted_jurisdiction,E_model_only,0.6531,0,1,,,,0.0
IN,ID,EUROPE,ID,254900KQPW1FRSXZ4H05,PT JAYA REFRIGERATION EQUIPMENT,ID,EUROPE,,,phase3_jurisdiction_model,E_model_predicted_jurisdiction,E_model_only,0.653,0,1,,,,0.0
IN,ID,EUROPE,ID,25490045KXCFS3AXVQ09,PT. TRANS KALLA MAKASSAR,ID,EUROPE,,,phase3_jurisdiction_model,E_model_predicted_jurisdiction,E_model_only,0.653,0,1,,,,0.0
IN,ID,EUROPE,ID,2549001VUNWSRFXKWV95,PT Lotus Lingga Pratama,ID,EUROPE,,,phase3_jurisdiction_model,E_model_predicted_jurisdiction,E_model_only,0.6528,0,1,,,,0.0
IN,ID,EUROPE,ID,549300VJMRP8O87R3147,PT Japfa Comfeed Indonesia Tbk,ID,EUROPE,,,phase3_jurisdiction_model,E_model_predicted_jurisdiction,E_model_only,0.6524,0,1,,,,0.0
IN,ID,EUROPE,ID,2549005XVM4WS5I15D47,BATAVIA PROSPERINDO SEKURITAS,ID,EUROPE,,,phase3_jurisdiction_model,E_model_predicted_jurisdiction,E_model_only,0.6523,0,1,,,,0.0
IN,ID,EUROPE,ID,254900XB9K06L7PWEP97,PT Bank Danamon Indonesia,ID,EUROPE,,,phase3_jurisdiction_model,E_model_predicted_jurisdiction,E_model_only,0.652,0,1,,,,0.0
IN,ID,EUROPE,ID,254900XR0Y7QNAGGOB26,PT. Valbury Asia Futures,ID,EUROPE,,,phase3_jurisdiction_model,E_model_predicted_jurisdiction,E_model_only,0.6517,0,1,,,,0.0
IN,ID,EUROPE,ID,254900KQ77NJ1AG8IC28,"Lippo Karawaci TBK., PT",ID,EUROPE,,,phase3_jurisdiction_model,E_model_predicted_jurisdiction,E_model_only,0.6516,0,1,,,,0.0
IN,ID,EUROPE,ID,25490081W3T8IIKXO654,PT Makmur Meta Graha Dinamika,ID,EUROPE,,,phase3_jurisdiction_model,E_model_predicted_jurisdiction,E_model_only,0.6515,0,1,,,,0.0
IN,ID,EUROPE,ID,254900V5HIXCQ0GWDA43,PT Maspion,ID,EUROPE,,,phase3_jurisdiction_model,E_model_predicted_jurisdiction,E_model_only,0.6513,0,1,,,,0.0
IN,ID,EUROPE,ID,549300MK67VBLZXCXX98,Reksa Dana Eastspring IDR Fixed Income Fund,ID,EUROPE,,,phase3_jurisdiction_model,E_model_predicted_jurisdiction,E_model_only,0.6513,0,1,,,,0.0
IN,ID,EUROPE,ID,254900KN3KJSW7J2VR56,PT GCM Marketing Solutions Indonesia,ID,EUROPE,,,phase3_jurisdiction_model,E_model_predicted_jurisdiction,E_model_only,0.6504,0,1,,,,0.0
IN,ID,EUROPE,ID,254900K4HWL2KBBPE180,PT Adimitra Kharisma,ID,EUROPE,,,phase3_jurisdiction_model,E_model_predicted_jurisdiction,E_model_only,0.6503,0,1,,,,0.0
IN,ID,EUROPE,ID,54930068V5LZ0883ET68,PT CAHAYA GUNUNG FOODS,ID,EUROPE,,,phase3_jurisdiction_model,E_model_predicted_jurisdiction,E_model_only,0.6503,0,1,,,,0.0
IN,ID,EUROPE,ID,549300ZV4BCV9J9UZD63,Reksa Dana Manulife USD Fixed Income,ID,EUROPE,,,phase3_jurisdiction_model,E_model_predicted_jurisdiction,E_model_only,0.6503,0,1,,,,0.0
IN,ID,EUROPE,ID,25490055MMAFDFNPW762,PT. Sumber Organik,ID,EUROPE,,,phase3_jurisdiction_model,E_model_predicted_jurisdiction,E_model_only,0.6496,0,1,,,,0.0
IN,ID,EUROPE,ID,89450063EPT8PQR2WJ76,PT IRA ENERGY,ID,EUROPE,,,phase3_jurisdiction_model,E_model_predicted_jurisdiction,E_model_only,0.6495,0,1,,,,0.0
IN,ID,EUROPE,ID,5493006AUYAO7LJWX552,PT SOLUSI CAKRA INDONESIA,ID,EUROPE,,,phase3_jurisdiction_model,E_model_predicted_jurisdiction,E_model_only,0.6489,0,1,,,,0.0
IN,ID,EUROPE,ID,549300D9IW6D5L3Z6C83,CV. Haji Silalahi Grup,ID,EUROPE,,,phase3_jurisdiction_model,E_model_predicted_jurisdiction,E_model_only,0.6487,0,1,,,,0.0
IN,ID,OTHER,ID,984500797AR710657F60,NUTRICIA INDONESIA SEJAHTERA,ID,OTHER,,,phase3_jurisdiction_model,E_model_predicted_jurisdiction,E_model_only,0.6487,0,1,,,,0.0
IN,ID,EUROPE,ID,5299005TDQ8UGGR3AM31,PT Gudang Garam TBK,ID,EUROPE,,,phase3_jurisdiction_model,E_model_predicted_jurisdiction,E_model_only,0.6487,0,1,,,,0.0
IN,ID,OTHER,ID,9845009E7AEAAFAD5483,PT. Duomax Solar Indonesia,ID,OTHER,,,phase3_jurisdiction_model,E_model_predicted_jurisdiction,E_model_only,0.6484,0,1,,,,0.0
IN,ID,EUROPE,ID,894500DN65ZAFW60S374,PT Akses Investasi Gemilang,ID,EUROPE,,,phase3_jurisdiction_model,E_model_predicted_jurisdiction,E_model_only,0.6482,0,1,,,,0.0
IN,ID,EUROPE,ID,2549003QZAVEDWGJU005,PT PELITA SAMUDERA SHIPPING Tbk,ID,EUROPE,,,phase3_jurisdiction_model,E_model_predicted_jurisdiction,E_model_only,0.6481,0,1,,,,0.0
IN,ID,OTHER,ID,2549000CT84WQVM4WF74,PT Tong Wei Indonesia,ID,OTHER,,,phase3_jurisdiction_model,E_model_predicted_jurisdiction,E_model_only,0.648,0,1,,,,0.0
IN,ID,EUROPE,ID,254900XDD7U0KZ1HJV07,Yayasan British School Jakarta,ID,EUROPE,,,phase3_jurisdiction_model,E_model_predicted_jurisdiction,E_model_only,0.6478,0,1,,,,0.0
IN,ID,EUROPE,ID,549300VN3VGBEW4Q0G49,REKSA DANA MANULIFE USD AGGRESSIVE BALANCE,ID,EUROPE,,,phase3_jurisdiction_model,E_model_predicted_jurisdiction,E_model_only,0.6472,0,1,,,,0.0
IN,ID,EUROPE,ID,894500V7UOKGFVZTE574,PT Pertamina Patra Niaga,ID,EUROPE,,,phase3_jurisdiction_model,E_model_predicted_jurisdiction,E_model_only,0.6467,0,1,,,,0.0
IN,ID,OTHER,ID,9845003L3C53F14R1110,PT HONOR TECHNOLOGIES INDONESIA,ID,OTHER,,,phase3_jurisdiction_model,E_model_predicted_jurisdiction,E_model_only,0.6465,0,1,,,,0.0
IN,ID,EUROPE,ID,529900S0L59W4T5NPO70,Wintermar Offshore Marine TBK,ID,EUROPE,,,phase3_jurisdiction_model,E_model_predicted_jurisdiction,E_model_only,0.6457,0,1,,,,0.0
IN,ID,EUROPE,ID,254900SWZCK0C7LPR779,"Karunia Bara Damai, PT",ID,EUROPE,,,phase3_jurisdiction_model,E_model_predicted_jurisdiction,E_model_only,0.6456,0,1,,,,0.0
IN,ID,OTHER,ID,984500FC43877A36C410,PT WFSGSR CAPITAL INDONESIA,ID,OTHER,,,phase3_jurisdiction_model,E_model_predicted_jurisdiction,E_model_only,0.6456,0,1,,,,0.0
IN,ID,EUROPE,ID,5493005GEB2526YW5338,PT DELAPAN MENIT ENERGI,ID,EUROPE,,,phase3_jurisdiction_model,E_model_predicted_jurisdiction,E_model_only,0.6454,0,1,,,,0.0
IN,ID,OTHER,ID,9845005370F7A1AEDC14,PT AXA MANDIRI FINANCIAL SERVICES,ID,OTHER,,,phase3_jurisdiction_model,E_model_predicted_jurisdiction,E_model_only,0.645,0,1,,,,0.0
IN,ID,OTHER,ID,2549000LUTNHPAZ81M13,PT Empat Mitra Indika Tenaga Surya,ID,OTHER,,,phase3_jurisdiction_model,E_model_predicted_jurisdiction,E_model_only,0.6443,0,1,,,,0.0
IN,ID,EUROPE,ID,529900GV66NMGZLKFS48,PT XL Axiata TBK,ID,EUROPE,,,phase3_jurisdiction_model,E_model_predicted_jurisdiction,E_model_only,0.6442,0,1,,,,0.0
IN,ID,EUROPE,ID,25490049636XFM5KBR83,PT Saka Energi Indonesia,ID,EUROPE,,,phase3_jurisdiction_model,E_model_predicted_jurisdiction,E_model_only,0.6437,0,1,,,,0.0
IN,ID,EUROPE,ID,254900SFLGCJYLKW4O61,PT Sumber Surya Kencana Inhu,ID,EUROPE,,,phase3_jurisdiction_model,E_model_predicted_jurisdiction,E_model_only,0.6429,0,1,,,,0.0
IN,ID,EUROPE,ID,8945006E12TRV9WIH994,PT Graha Adika Niaga,ID,EUROPE,,,phase3_jurisdiction_model,E_model_predicted_jurisdiction,E_model_only,0.6428,0,1,,,,0.0
IN,ID,EUROPE,ID,54930075YVRC18ST4Q80,REKSA DANA EASTSPRING INVESTMENTS VALUE DISCOVERY,ID,EUROPE,,,phase3_jurisdiction_model,E_model_predicted_jurisdiction,E_model_only,0.6428,0,1,,,,0.0
IN,ID,EUROPE,ID,5493003LG1LGQYDUB467,Reksa Dana Eastspring Investments Yield Discovery,ID,EUROPE,,,phase3_jurisdiction_model,E_model_predicted_jurisdiction,E_model_only,0.6428,0,1,,,,0.0
IN,ID,EUROPE,ID,875500FXILQ993X24S58,PT PODO PODO CUAN,ID,EUROPE,,,phase3_jurisdiction_model,E_model_predicted_jurisdiction,E_model_only,0.6425,0,1,,,,0.0
IN,ID,EUROPE,ID,254900HMOUXCCYABFT98,PT Segi Enam Era Digital,ID,EUROPE,,,phase3_jurisdiction_model,E_model_predicted_jurisdiction,E_model_only,0.6421,0,1,,,,0.0
IN,ID,OTHER,ID,254900UWL32GX50FTW74,"Battery Technology Indonesia, PT.",ID,OTHER,,,phase3_jurisdiction_model,E_model_predicted_jurisdiction,E_model_only,0.6416,0,1,,,,0.0
IN,ID,OTHER,ID,2549005VY8H69J0NP032,PT SARANA MULTI INFRASTRUKTUR (Persero),ID,OTHER,,,phase3_jurisdiction_model,E_model_predicted_jurisdiction,E_model_only,0.6415,0,1,,,,0.0
IN,ID,EUROPE,ID,254900U0JI82LF029M21,Reksa Dana Batavia Dana Saham,ID,EUROPE,,,phase3_jurisdiction_model,E_model_predicted_jurisdiction,E_model_only,0.6414,0,1,,,,0.0
IN,ID,OTHER,ID,984500DH0BDF460DB407,PT Denso Sales Indonesia,ID,OTHER,,,phase3_jurisdiction_model,E_model_predicted_jurisdiction,E_model_only,0.6412,0,1,,,,0.0
IN,ID,EUROPE,ID,25490072ITS4L4N41A76,PT GARUDA YAMATO STEEL,ID,EUROPE,,,phase3_jurisdiction_model,E_model_predicted_jurisdiction,E_model_only,0.6407,0,1,,,,0.0
IN,ID,EUROPE,ID,254900RRGXXNDMN8V882,PT. JJLurgi Engineering Indonesia,ID,EUROPE,,,phase3_jurisdiction_model,E_model_predicted_jurisdiction,E_model_only,0.6407,0,1,,,,0.0
IN,ID,EUROPE,ID,254900TBJTGONRA72E47,PT Synergy Oil Nusantara,ID,EUROPE,,,phase3_jurisdiction_model,E_model_predicted_jurisdiction,E_model_only,0.6404,0,1,,,,0.0
IN,ID,OTHER,ID,984500D9K8GXCI72CD18,CONCENTRIX SERVICES INDONESIA,ID,OTHER,,,phase3_jurisdiction_model,E_model_predicted_jurisdiction,E_model_only,0.6392,0,1,,,,0.0
IN,ID,OTHER,ID,2549009XL8YAWSBQOS45,PT Allianz Global Investors Asset Management Indonesia,ID,OTHER,,,phase3_jurisdiction_model,E_model_predicted_jurisdiction,E_model_only,0.639,0,1,,,,0.0
IN,ID,EUROPE,ID,9845001452CC8541IF73,PERSEKUTUAN KOMANDITER JAVAKAKAO INDUSTRIA,ID,EUROPE,,,phase3_jurisdiction_model,E_model_predicted_jurisdiction,E_model_only,0.6386,0,1,,,,0.0
IN,ID,OTHER,ID,9845003F62E750CBV025,PT Komatsu Marketing And Support Indonesia,ID,OTHER,,,phase3_jurisdiction_model,E_model_predicted_jurisdiction,E_model_only,0.6386,0,1,,,,0.0
IN,ID,EUROPE,ID,254900J94SOEDYHEMT15,PT. Trisetijo Manunggal Utama,ID,EUROPE,,,phase3_jurisdiction_model,E_model_predicted_jurisdiction,E_model_only,0.6384,0,1,,,,0.0
IN,ID,EUROPE,ID,254900GKP2M2OVLFYR44,PT. Meratus Line,ID,EUROPE,,,phase3_jurisdiction_model,E_model_predicted_jurisdiction,E_model_only,0.6378,0,1,,,,0.0
IN,ID,EUROPE,ID,549300USR6OEVNC1RD04,PT DKSH INDONESIA,ID,EUROPE,,,phase3_jurisdiction_model,E_model_predicted_jurisdiction,E_model_only,0.6376,0,1,,,,0.0
IN,ID,OTHER,ID,254900JENDVZGXOAND36,"PT. BANK PEMBANGUNAN DAERAH JAWA BARAT dan BANTEN, Tbk.",ID,OTHER,,,phase3_jurisdiction_model,E_model_predicted_jurisdiction,E_model_only,0.6375,0,1,,,,0.0
IN,ID,EUROPE,ID,254900BD4W5V1X4I8F86,PT Guthrie International Pulau Laut Refinery,ID,EUROPE,,,phase3_jurisdiction_model,E_model_predicted_jurisdiction,E_model_only,0.6373,0,1,,,,0.0
IN,ID,OTHER,ID,254900EZ9J2JHBFUAD22,PT Asuransi Jiwa Sequis Life,ID,OTHER,,,phase3_jurisdiction_model,E_model_predicted_jurisdiction,E_model_only,0.6372,0,1,,,,0.0
IN,ID,EUROPE,ID,894500N9R7TGLCE92R82,PT SOVEREIGN TREASURES NUSANTARA,ID,EUROPE,,,phase3_jurisdiction_model,E_model_predicted_jurisdiction,E_model_only,0.6365,0,1,,,,0.0
IN,ID,OTHER,ID,254900NRA19EDLCRGP06,PT TPC INDO PLASTIC AND CHEMICALS,ID,OTHER,,,phase3_jurisdiction_model,E_model_predicted_jurisdiction,E_model_only,0.6365,0,1,,,,0.0
IN,ID,OTHER,ID,984500EDCMFD0F3LH555,HEUBACH COLORANTS INDONESIA,ID,OTHER,,,phase3_jurisdiction_model,E_model_predicted_jurisdiction,E_model_only,0.6364,0,1,,,,0.0
IN,ID,OTHER,ID,2549006VVY3FDMC5ZG55,Delta Merlin Dunia Textile PT,ID,OTHER,,,phase3_jurisdiction_model,E_model_predicted_jurisdiction,E_model_only,0.636,0,1,,,,0.0
IN,ID,OTHER,ID,254900S57VO00YQ5SA49,PT Prose Technologies Indonesia,ID,OTHER,,,phase3_jurisdiction_model,E_model_predicted_jurisdiction,E_model_only,0.6355,0,1,,,,0.0
IN,ID,EUROPE,ID,254900YWGG7UN72F3165,PT Star Rubber,ID,EUROPE,,,phase3_jurisdiction_model,E_model_predicted_jurisdiction,E_model_only,0.6353,0,1,,,,0.0
IN,ID,EUROPE,ID,254900OVOEWMGBI81H73,PT Dayasa Aria Prima,ID,EUROPE,,,phase3_jurisdiction_model,E_model_predicted_jurisdiction,E_model_only,0.635,0,1,,,,0.0
IN,ID,EUROPE,ID,254900QSWPKDWQNN7P73,PT TOYOTA ASTRA FINANCIAL SERVICES,ID,EUROPE,,,phase3_jurisdiction_model,E_model_predicted_jurisdiction,E_model_only,0.6349,0,1,,,,0.0
IN,ID,OTHER,ID,2549001L9KSBBFK1JK90,PT DKSH MARKET EXPANSION SERVICES INDONESIA,ID,OTHER,,,phase3_jurisdiction_model,E_model_predicted_jurisdiction,E_model_only,0.6345,0,1,,,,0.0
IN,ID,EUROPE,ID,2549009IV22ERQ0VCV51,PT Metalindo Bumi Raya,ID,EUROPE,,,phase3_jurisdiction_model,E_model_predicted_jurisdiction,E_model_only,0.6342,0,1,,,,0.0
IN,ID,EUROPE,ID,984500E7FX6880WAFF95,Citibank N.A.,ID,EUROPE,,,phase3_jurisdiction_model,E_model_predicted_jurisdiction,E_model_only,0.6339,0,1,,,,0.0
IN,ID,EUROPE,ID,2549004AP5050R1FYY82,PT Chailease Finance Indonesia,ID,EUROPE,,,phase3_jurisdiction_model,E_model_predicted_jurisdiction,E_model_only,0.6335,0,1,,,,0.0
IN,ID,OTHER,ID,254900OEB0IJKHV2HS97,PT Bank Pembangunan Daerah Papua,ID,OTHER,,,phase3_jurisdiction_model,E_model_predicted_jurisdiction,E_model_only,0.6332,0,1,,,,0.0
IN,ID,EUROPE,ID,529900HIOTW8ZBKL2W31,PT Everllence Nusantara Indonesia,ID,EUROPE,,,phase3_jurisdiction_model,E_model_predicted_jurisdiction,E_model_only,0.633,0,1,,,,0.0
IN,ID,EUROPE,ID,254900RWM3TCXU1W3D97,Reksa Dana Si Dana Saham Optimal,ID,EUROPE,,,phase3_jurisdiction_model,E_model_predicted_jurisdiction,E_model_only,0.6324,0,1,,,,0.0
IN,ID,EUROPE,ID,254900HPG5UTWQ9Y6I52,CV HARAPAN MUDA PERKASA,ID,EUROPE,,,phase3_jurisdiction_model,E_model_predicted_jurisdiction,E_model_only,0.6317,0,1,,,,0.0
IN,ID,EUROPE,ID,213800HTCEMRQFFE4F02,PT TEMBAGA PRIMA INDONESIA,ID,EUROPE,,,phase3_jurisdiction_model,E_model_predicted_jurisdiction,E_model_only,0.6311,0,1,,,,0.0
IN,ID,EUROPE,ID,254900GPTI0EIL781U88,PT. BANK SAHABAT SAMPOERNA,ID,EUROPE,,,phase3_jurisdiction_model,E_model_predicted_jurisdiction,E_model_only,0.631,0,1,,,,0.0
IN,ID,EUROPE,ID,254900ICDXDREHV5O748,PT. Iknk Investment Trust,ID,EUROPE,,,phase3_jurisdiction_model,E_model_predicted_jurisdiction,E_model_only,0.631,0,1,,,,0.0
IN,ID,EUROPE,ID,213800XUJ8XS2G14XZ72,PT HANWA ROYAL METALS,ID,EUROPE,,,phase3_jurisdiction_model,E_model_predicted_jurisdiction,E_model_only,0.6308,0,1,,,,0.0
IN,ID,EUROPE,ID,529900QA0XBQHL6KXF87,Siloam International Hospitals TBK,ID,EUROPE,,,phase3_jurisdiction_model,E_model_predicted_jurisdiction,E_model_only,0.6306,0,1,,,,0.0
IN,ID,EUROPE,ID,254900SPN5UGAES5ZO15,PT Indal Aluminium Industry Tbk,ID,EUROPE,,,phase3_jurisdiction_model,E_model_predicted_jurisdiction,E_model_only,0.6304,0,1,,,,0.0
IN,ID,EUROPE,ID,529900BTBGCACRCSZJ95,PT WAHANA OTTOMITRA MULTIARTHA Tbk,ID,EUROPE,,,phase3_jurisdiction_model,E_model_predicted_jurisdiction,E_model_only,0.6299,0,1,,,,0.0
IN,ID,EUROPE,ID,549300LUFR89UYMPO153,PT HOK TONG,ID,EUROPE,,,phase3_jurisdiction_model,E_model_predicted_jurisdiction,E_model_only,0.6295,0,1,,,,0.0
IN,ID,OTHER,ID,254900CUWPNFYKQUW656,PT Garuda Indonesia (Persero) Tbk,ID,OTHER,,,phase3_jurisdiction_model,E_model_predicted_jurisdiction,E_model_only,0.6291,0,1,,,,0.0
IN,ID,EUROPE,ID,254900R015TWPZAIA228,Reksa Dana Batavia Dana Dinamis,ID,EUROPE,,,phase3_jurisdiction_model,E_model_predicted_jurisdiction,E_model_only,0.6291,0,1,,,,0.0
IN,ID,EUROPE,ID,549300PE6VHJOCMGQW39,PT BANK SINARMAS,ID,EUROPE,,,phase3_jurisdiction_model,E_model_predicted_jurisdiction,E_model_only,0.6288,0,1,,,,0.0
IN,ID,EUROPE,ID,254900TNIOO4T11BI432,PT. Hunter Douglas Indonesia,ID,EUROPE,,,phase3_jurisdiction_model,E_model_predicted_jurisdiction,E_model_only,0.6284,0,1,,,,0.0
IN,ID,EUROPE,ID,254900JC8MLKRYFF8Z77,Persekutuan PNB,ID,EUROPE,,,phase3_jurisdiction_model,E_model_predicted_jurisdiction,E_model_only,0.6277,0,1,,,,0.0
IN,ID,EUROPE,ID,8945009FT20M3J8N0345,PT ADHIKARYA CIPTA PERSADA,ID,EUROPE,,,phase3_jurisdiction_model,E_model_predicted_jurisdiction,E_model_only,0.6273,0,1,,,,0.0
IN,ID,EUROPE,ID,254900CCDJBNBIO9OK07,Reksa Dana Allianz USD Fixed Income Fund,ID,EUROPE,,,phase3_jurisdiction_model,E_model_predicted_jurisdiction,E_model_only,0.6267,0,1,,,,0.0
IN,ID,EUROPE,ID,254900FC9Q6J14JBT219,PT Alumindo Light Metal Industry Tbk,ID,EUROPE,,,phase3_jurisdiction_model,E_model_predicted_jurisdiction,E_model_only,0.6263,0,1,,,,0.0
IN,ID,EUROPE,ID,254900927BYKHV45WL33,PT HARTADINATA ABADI,ID,EUROPE,,,phase3_jurisdiction_model,E_model_predicted_jurisdiction,E_model_only,0.6262,0,1,,,,0.0
IN,ID,EUROPE,ID,213800KPC9Y3UOEC7476,PT METSO OUTOTEC INDONESIA,ID,EUROPE,,,phase3_jurisdiction_model,E_model_predicted_jurisdiction,E_model_only,0.6252,0,1,,,,0.0
IN,ID,EUROPE,ID,213800T6WOJCF1N71105,BUKIT TIMAH,ID,EUROPE,,,phase3_jurisdiction_model,E_model_predicted_jurisdiction,E_model_only,0.625,0,1,,,,0.0
IN,ID,OTHER,ID,9845005C573755A5VB89,PT Asuransi Allianz Life Syariah Indonesia,ID,OTHER,,,phase3_jurisdiction_model,E_model_predicted_jurisdiction,E_model_only,0.6249,0,1,,,,0.0
IN,ID,OTHER,ID,984500EEK9E4N3H0G921,PT EVEREST KRIPTO INDONESIA,ID,OTHER,,,phase3_jurisdiction_model,E_model_predicted_jurisdiction,E_model_only,0.6249,0,1,,,,0.0
IN,ID,EUROPE,ID,5493000LEIVKAEGC8L98,PT GE OIL & GAS ESP INDONESIA,ID,EUROPE,,,phase3_jurisdiction_model,E_model_predicted_jurisdiction,E_model_only,0.6249,0,1,,,,0.0
IN,ID,EUROPE,ID,254900NDS1H0Z7DF1X54,PT UNION SAMPOERNA,ID,EUROPE,,,phase3_jurisdiction_model,E_model_predicted_jurisdiction,E_model_only,0.6242,0,1,,,,0.0
IN,ID,EUROPE,ID,984500562DEBDFZE5421,PT Agung Niaga Bersama,ID,EUROPE,,,phase3_jurisdiction_model,E_model_predicted_jurisdiction,E_model_only,0.6238,0,1,,,,0.0
IN,ID,OTHER,ID,984500G8966FDECB8B41,PT SULZER INDONESIA,ID,OTHER,,,phase3_jurisdiction_model,E_model_predicted_jurisdiction,E_model_only,0.6232,0,1,,,,0.0
IN,ID,EUROPE,ID,529900XX13TXG5L4CN33,PT Bukit Asam TBK,ID,EUROPE,,,phase3_jurisdiction_model,E_model_predicted_jurisdiction,E_model_only,0.6229,0,1,,,,0.0
IN,ID,EUROPE,ID,254900DV8KZQWUN1Y414,PT JGC INDONESIA,ID,EUROPE,,,phase3_jurisdiction_model,E_model_predicted_jurisdiction,E_model_only,0.6224,0,1,,,,0.0
IN,ID,OTHER,ID,254900H6WZJTR8OQZH72,PT. DSM Nutritional Products Manufacturing Indonesia,ID,OTHER,,,phase3_jurisdiction_model,E_model_predicted_jurisdiction,E_model_only,0.6223,0,1,,,,0.0
IN,ID,EUROPE,ID,254900WU8YK35IGV4J15,PT ROLLS ROYCE SOLUTIONS INDONESIA,ID,EUROPE,,,phase3_jurisdiction_model,E_model_predicted_jurisdiction,E_model_only,0.6221,0,1,,,,0.0
IN,ID,EUROPE,ID,254900S821CDE3X8P311,PT Nicholas Levenstein dan Rekan,ID,EUROPE,,,phase3_jurisdiction_model,E_model_predicted_jurisdiction,E_model_only,0.6219,0,1,,,,0.0
IN,ID,EUROPE,ID,254900AZNLTPEW6DK530,PT IA Agriniaga,ID,EUROPE,,,phase3_jurisdiction_model,E_model_predicted_jurisdiction,E_model_only,0.6215,0,1,,,,0.0
IN,ID,OTHER,ID,254900WCR44M0M03SL19,PT UNITRAS KAPITAL INDONESIA,ID,OTHER,,,phase3_jurisdiction_model,E_model_predicted_jurisdiction,E_model_only,0.6212,0,1,,,,0.0
IN,ID,EUROPE,ID,2549008KWUF7JQL9IL92,PT Ajaib Futures Asia,ID,EUROPE,,,phase3_jurisdiction_model,E_model_predicted_jurisdiction,E_model_only,0.6209,0,1,,,,0.0
IN,ID,OTHER,ID,984500971LI3EEB7D469,PT Asuransi Multi Artha Guna,ID,OTHER,,,phase3_jurisdiction_model,E_model_predicted_jurisdiction,E_model_only,0.6208,0,1,,,,0.0
IN,ID,EUROPE,ID,894500HNAC2G2AESNH13,CV Dharma Dana Dyaksa Persada,ID,EUROPE,,,phase3_jurisdiction_model,E_model_predicted_jurisdiction,E_model_only,0.6207,0,1,,,,0.0
IN,ID,EUROPE,ID,254900NM60T0J8TAAP70,PT KEWALRAM INDONESIA,ID,EUROPE,,,phase3_jurisdiction_model,E_model_predicted_jurisdiction,E_model_only,0.6205,0,1,,,,0.0
IN,ID,EUROPE,ID,254900IY2WC20LH0YD62,ANR Partnership,ID,EUROPE,,,phase3_jurisdiction_model,E_model_predicted_jurisdiction,E_model_only,0.6202,0,1,,,,0.0
IN,ID,EUROPE,ID,254900AY50ACKCUGPW20,PT Asianet Media Teknologi,ID,EUROPE,,,phase3_jurisdiction_model,E_model_predicted_jurisdiction,E_model_only,0.6202,0,1,,,,0.0
IN,ID,EUROPE,ID,984500L40E9EE138A513,PT Citra Hydro Energi,ID,EUROPE,,,phase3_jurisdiction_model,E_model_predicted_jurisdiction,E_model_only,0.6188,0,1,,,,0.0
IN,ID,EUROPE,ID,254900QZTRB37BYXEL30,PT MNC Asia Holding Tbk,ID,EUROPE,,,phase3_jurisdiction_model,E_model_predicted_jurisdiction,E_model_only,0.618,0,1,,,,0.0
IN,ID,EUROPE,ID,549300IX43R6IJEUFX13,PT KSW BATAM,ID,EUROPE,,,phase3_jurisdiction_model,E_model_predicted_jurisdiction,E_model_only,0.6179,0,1,,,,0.0
IN,ID,EUROPE,ID,2549007MDXVY3A4DFK75,PT. Huadian Bukit Asam Power,ID,EUROPE,,,phase3_jurisdiction_model,E_model_predicted_jurisdiction,E_model_only,0.6176,0,1,,,,0.0
IN,ID,OTHER,ID,254900SGW0YI6IPRR943,PT Bright Mobile Telecommunication,ID,OTHER,,,phase3_jurisdiction_model,E_model_predicted_jurisdiction,E_model_only,0.6168,0,1,,,,0.0
IN,ID,OTHER,ID,254900A5C53TWKEOV143,PT HIMEL INDONESIA,ID,OTHER,,,phase3_jurisdiction_model,E_model_predicted_jurisdiction,E_model_only,0.6167,0,1,,,,0.0
IN,ID,EUROPE,ID,25490029RC3BTSHRIA83,PT MAYBANK ASSET MANAGEMENT,ID,EUROPE,,,phase3_jurisdiction_model,E_model_predicted_jurisdiction,E_model_only,0.6159,0,1,,,,0.0
IN,ID,EUROPE,ID,25490043VAELWFAQXO88,Bura OÜ,ID,EUROPE,,,phase3_jurisdiction_model,E_model_predicted_jurisdiction,E_model_only,0.6158,0,1,,,,0.0
IN,ID,EUROPE,ID,549300P2DLX8N7O0UT06,Reksa Dana Mandiri Investa Equity ASEAN 5 Plus,ID,EUROPE,,,phase3_jurisdiction_model,E_model_predicted_jurisdiction,E_model_only,0.6156,0,1,,,,0.0
IN,ID,EUROPE,ID,254900HF1OOHXD8GTT38,PT. Delta Dunia Sandang Tekstil,ID,EUROPE,,,phase3_jurisdiction_model,E_model_predicted_jurisdiction,E_model_only,0.6152,0,1,,,,0.0
IN,ID,EUROPE,ID,875500U0ETRYW5IZWB42,PT VIVO ENERGY INDONESIA,ID,EUROPE,,,phase3_jurisdiction_model,E_model_predicted_jurisdiction,E_model_only,0.6146,0,1,,,,0.0
IN,ID,OTHER,ID,98450086FH9D5BFCAB09,PT Synergy Marine Indonesia,ID,OTHER,,,phase3_jurisdiction_model,E_model_predicted_jurisdiction,E_model_only,0.614,0,1,,,,0.0
IN,ID,EUROPE,ID,529900WKY5LWACDEKJ20,PT Bakrie & Brothers Tbk,ID,EUROPE,,,phase3_jurisdiction_model,E_model_predicted_jurisdiction,E_model_only,0.6133,0,1,,,,0.0
IN,ID,EUROPE,ID,2549002PT174IX2CTD91,PT. Bahari Cakrawala Sebuku,ID,EUROPE,,,phase3_jurisdiction_model,E_model_predicted_jurisdiction,E_model_only,0.6133,0,1,,,,0.0
IN,ID,EUROPE,ID,5493006T0UW43TJDND11,PT. INDORAMA POLYCHEM INDONESIA,ID,EUROPE,,,phase3_jurisdiction_model,E_model_predicted_jurisdiction,E_model_only,0.6133,0,1,,,,0.0
IN,ID,OTHER,ID,25490065XGJV695OQV71,PT Verdhana Sekuritas Indonesia,ID,OTHER,,,phase3_jurisdiction_model,E_model_predicted_jurisdiction,E_model_only,0.6132,0,1,,,,0.0
IN,ID,OTHER,ID,2549003J4CSP48HKSW10,PT Centratama Menara Indonesia,ID,OTHER,,,phase3_jurisdiction_model,E_model_predicted_jurisdiction,E_model_only,0.6127,0,1,,,,0.0
IN,ID,OTHER,ID,984500D6M84E48HVFB52,PT Denso Indonesia,ID,OTHER,,,phase3_jurisdiction_model,E_model_predicted_jurisdiction,E_model_only,0.612,0,1,,,,0.0
IN,ID,EUROPE,ID,549300M2YJW9FD5SEM77,"FORD MOTOR INDONESIA, PT",ID,EUROPE,,,phase3_jurisdiction_model,E_model_predicted_jurisdiction,E_model_only,0.6119,0,1,,,,0.0
IN,ID,EUROPE,ID,254900YVKE6BJ1I4V036,"Indika Energy, PT.TBK",ID,EUROPE,,,phase3_jurisdiction_model,E_model_predicted_jurisdiction,E_model_only,0.6117,0,1,,,,0.0
IN,ID,EUROPE,ID,254900CBAI74VR02I226,PT Bukitmega Masabadi,ID,EUROPE,,,phase3_jurisdiction_model,E_model_predicted_jurisdiction,E_model_only,0.6117,0,1,,,,0.0
IN,ID,EUROPE,ID,254900GPH670AO1ZN981,PT Pdcg Indonesia One,ID,EUROPE,,,phase3_jurisdiction_model,E_model_predicted_jurisdiction,E_model_only,0.6105,0,1,,,,0.0
IN,ID,OTHER,ID,2549007S6BYLT3IXJU07,PT Mitsubishi Hc Capital And Finance Indonesia,ID,OTHER,,,phase3_jurisdiction_model,E_model_predicted_jurisdiction,E_model_only,0.6102,0,1,,,,0.0
IN,ID,EUROPE,ID,529900XU6T7VIQ56SN17,PT Astra Agro Lestari TBK,ID,EUROPE,,,phase3_jurisdiction_model,E_model_predicted_jurisdiction,E_model_only,0.61,0,1,,,,0.0
IN,ID,OTHER,ID,254900TBLX33AO7PVK20,PT MEDCO E & P TOMORI SULAWESI,ID,OTHER,,,phase3_jurisdiction_model,E_model_predicted_jurisdiction,E_model_only,0.61,0,1,,,,0.0
IN,ID,OTHER,ID,984500A9FC9E7381XC46,PT Nusantara Sembcorp Solar Energi,ID,OTHER,,,phase3_jurisdiction_model,E_model_predicted_jurisdiction,E_model_only,0.6098,0,1,,,,0.0
IN,ID,OTHER,ID,254900GJ5CGNJLVMBP70,PT Apexindo Pratama Duta Tbk,ID,OTHER,,,phase3_jurisdiction_model,E_model_predicted_jurisdiction,E_model_only,0.6094,0,1,,,,0.0
IN,ID,OTHER,ID,984500FR1DFD01F98078,PT YKK Zipper Indonesia,ID,OTHER,,,phase3_jurisdiction_model,E_model_predicted_jurisdiction,E_model_only,0.6085,0,1,,,,0.0
IN,ID,OTHER,ID,254900W2HWX8P4L6WA52,PT. Broco Aerated Concrete Industry,ID,OTHER,,,phase3_jurisdiction_model,E_model_predicted_jurisdiction,E_model_only,0.6084,0,1,,,,0.0
IN,ID,EUROPE,ID,254900STLEEZLLSQ4A05,PT. FKS Multi Agro Tbk,ID,EUROPE,,,phase3_jurisdiction_model,E_model_predicted_jurisdiction,E_model_only,0.6082,0,1,,,,0.0
IN,ID,EUROPE,ID,2549004E28FYY3C3HS04,"Sumber Indahperkasa, PT",ID,EUROPE,,,phase3_jurisdiction_model,E_model_predicted_jurisdiction,E_model_only,0.6078,0,1,,,,0.0
IN,ID,OTHER,ID,9845008QA92F01A66162,PT Anta Express Tour & Travel Service,ID,OTHER,,,phase3_jurisdiction_model,E_model_predicted_jurisdiction,E_model_only,0.6069,0,1,,,,0.0
IN,ID,OTHER,ID,254900AMT6QDVD6GO926,PT BANK KB INDONESIA Tbk.,ID,OTHER,,,phase3_jurisdiction_model,E_model_predicted_jurisdiction,E_model_only,0.6069,0,1,,,,0.0
IN,ID,OTHER,ID,254900AI3PQEZTN98D86,PT SCHNEIDER ELECTRIC IT INDONESIA,ID,OTHER,,,phase3_jurisdiction_model,E_model_predicted_jurisdiction,E_model_only,0.6068,0,1,,,,0.0
IN,ID,OTHER,ID,2549008YV7LSNJCZ0E18,PT Samuel Sekuritas Indonesia,ID,OTHER,,,phase3_jurisdiction_model,E_model_predicted_jurisdiction,E_model_only,0.606,0,1,,,,0.0
IN,ID,EUROPE,ID,213800CRN3JBM6BGI564,"RBS ASIA SECURITIES INDONESIA, PT",ID,EUROPE,,,phase3_jurisdiction_model,E_model_predicted_jurisdiction,E_model_only,0.6055,0,1,,,,0.0
IN,ID,EUROPE,ID,254900WELZ8JDOUJGR50,PT LIVZON PHARMA INDONESIA,ID,EUROPE,,,phase3_jurisdiction_model,E_model_predicted_jurisdiction,E_model_only,0.6053,0,1,,,,0.0
IN,ID,EUROPE,ID,254900Y1RWWJB308HC47,PT. GUNTNER INDONESIA,ID,EUROPE,,,phase3_jurisdiction_model,E_model_predicted_jurisdiction,E_model_only,0.6052,0,1,,,,0.0
IN,ID,EUROPE,ID,549300Q4GC0J1AKMXF46,PT Bahana Sekuritas,ID,EUROPE,,,phase3_jurisdiction_model,E_model_predicted_jurisdiction,E_model_only,0.6047,0,1,,,,0.0
IN,ID,EUROPE,ID,549300GRH4KCB4K1Y426,PT TANGGAMUS ELECTRIC POWER,ID,EUROPE,,,phase3_jurisdiction_model,E_model_predicted_jurisdiction,E_model_only,0.6033,0,1,,,,0.0
IN,ID,OTHER,ID,254900G9D9WAWBGW4M42,PT ACER MANUFACTURING INDONESIA,ID,OTHER,,,phase3_jurisdiction_model,E_model_predicted_jurisdiction,E_model_only,0.603,0,1,,,,0.0
IN,ID,OTHER,ID,2549006LBWFTTHSBP159,PT PRINCETON DIGITAL GROUP SGPLUS ONE,ID,OTHER,,,phase3_jurisdiction_model,E_model_predicted_jurisdiction,E_model_only,0.6027,0,1,,,,0.0
IN,ID,EUROPE,ID,2549001BH38BBDI34774,PT Binaartha Sekuritas,ID,EUROPE,,,phase3_jurisdiction_model,E_model_predicted_jurisdiction,E_model_only,0.6021,0,1,,,,0.0
IN,ID,EUROPE,ID,254900AYE19EEY8D6C14,PT BANK ALADIN SYARIAH Tbk.,ID,EUROPE,,,phase3_jurisdiction_model,E_model_predicted_jurisdiction,E_model_only,0.602,0,1,,,,0.0
IN,ID,EUROPE,ID,254900J5HLPF6HBW2T41,PT Nicole Metal Industry,ID,EUROPE,,,phase3_jurisdiction_model,E_model_predicted_jurisdiction,E_model_only,0.6019,0,1,,,,0.0
IN,ID,OTHER,ID,254900AW944MBO1N9626,PT Yokohama Industrial Products Manufacturing Indonesia,ID,OTHER,,,phase3_jurisdiction_model,E_model_predicted_jurisdiction,E_model_only,0.6019,0,1,,,,0.0
IN,ID,EUROPE,ID,254900V6Y9B3J9Z7D515,PT Maxxis International Indonesia,ID,EUROPE,,,phase3_jurisdiction_model,E_model_predicted_jurisdiction,E_model_only,0.6018,0,1,,,,0.0
IN,ID,OTHER,ID,254900C56X4TCCPDOX78,PT INDOMOBIL FINANCE INDONESIA,ID,OTHER,,,phase3_jurisdiction_model,E_model_predicted_jurisdiction,E_model_only,0.6011,0,1,,,,0.0
IN,ID,OTHER,ID,9845007FB7E9D9788C98,PT Harta International Investama,ID,OTHER,,,phase3_jurisdiction_model,E_model_predicted_jurisdiction,E_model_only,0.6009,0,1,,,,0.0
IN,ID,OTHER,ID,2549002HE0AP5H4KHC19,PT Princeton Digital Group Data Centres,ID,OTHER,,,phase3_jurisdiction_model,E_model_predicted_jurisdiction,E_model_only,0.6007,0,1,,,,0.0
IN,ID,OTHER,ID,984500D7715E662E8E83,PT Upl Indonesia,ID,OTHER,,,phase3_jurisdiction_model,E_model_predicted_jurisdiction,E_model_only,0.6006,0,1,,,,0.0
IN,ID,OTHER,ID,984500E73D770BACD630,PT Sarihusada Generasi Mahardhika,ID,OTHER,,,phase3_jurisdiction_model,E_model_predicted_jurisdiction,E_model_only,0.6,0,1,,,,0.0
IN,ID,OTHER,ID,984500D42AE1F76CEB22,MARS FOODS INDONESIA PT,ID,OTHER,,,phase3_jurisdiction_model,E_model_predicted_jurisdiction,E_model_only,0.5993,0,1,,,,0.0
IN,ID,OTHER,ID,984500370842C6EYF863,PT HONDA POWER PRODUCTS INDONESIA,ID,OTHER,,,phase3_jurisdiction_model,E_model_predicted_jurisdiction,E_model_only,0.5993,0,1,,,,0.0
IN,ID,EUROPE,ID,254900HH8FSUDNQIH023,PT IBJ VERENA FINANCE,ID,EUROPE,,,phase3_jurisdiction_model,E_model_predicted_jurisdiction,E_model_only,0.5993,0,1,,,,0.0
IN,ID,OTHER,ID,254900FRLWS5ZLMN0R80,PT Decathlon Sports Indonesia,ID,OTHER,,,phase3_jurisdiction_model,E_model_predicted_jurisdiction,E_model_only,0.5985,0,1,,,,0.0
IN,ID,OTHER,ID,254900HRGDL6SDC21N91,PT Indo Asia Tirta Manunggal,ID,OTHER,,,phase3_jurisdiction_model,E_model_predicted_jurisdiction,E_model_only,0.5982,0,1,,,,0.0
IN,ID,EUROPE,ID,52990032WOY138CLDH92,PT Huber Inks Indonesia,ID,EUROPE,,,phase3_jurisdiction_model,E_model_predicted_jurisdiction,E_model_only,0.598,0,1,,,,0.0
IN,ID,EUROPE,ID,25490060VFWEW5N1SZ34,PT MNC Sky Vision Tbk.,ID,EUROPE,,,phase3_jurisdiction_model,E_model_predicted_jurisdiction,E_model_only,0.598,0,1,,,,0.0
IN,ID,OTHER,ID,254900FPK93WNZDBYN10,PT Leighton Contractors Indonesia,ID,OTHER,,,phase3_jurisdiction_model,E_model_predicted_jurisdiction,E_model_only,0.5978,0,1,,,,0.0
IN,ID,EUROPE,ID,254900UBWJP95GNP1N78,PT Bintang Samudera Mandiri Lines,ID,EUROPE,,,phase3_jurisdiction_model,E_model_predicted_jurisdiction,E_model_only,0.5975,0,1,,,,0.0
IN,ID,OTHER,ID,984500E5F9D2F44A5541,PT. KO ONE INDONESIA,ID,OTHER,,,phase3_jurisdiction_model,E_model_predicted_jurisdiction,E_model_only,0.5974,0,1,,,,0.0
IN,ID,EUROPE,ID,254900YW9LIWWMAG9Z46,PT VARD TRADE NOKRA,ID,EUROPE,,,phase3_jurisdiction_model,E_model_predicted_jurisdiction,E_model_only,0.5972,0,1,,,,0.0
IN,ID,EUROPE,ID,213800WTNN5MK272BH76,PT. KLIKALL TEKNOLOGI BERSAMA,ID,EUROPE,,,phase3_jurisdiction_model,E_model_predicted_jurisdiction,E_model_only,0.597,0,1,,,,0.0
IN,ID,EUROPE,ID,2549001EI2CGXBVXJ463,PT. Wahana Inti Selaras,ID,EUROPE,,,phase3_jurisdiction_model,E_model_predicted_jurisdiction,E_model_only,0.5961,0,1,,,,0.0
IN,ID,OTHER,ID,254900A4FEKAFJLZVW06,PT SCHNEIDER ELECTRIC SYSTEMS INDONESIA,ID,OTHER,,,phase3_jurisdiction_model,E_model_predicted_jurisdiction,E_model_only,0.5958,0,1,,,,0.0
IN,ID,OTHER,ID,529900OT1D06DV321198,PT Daimler Commercial Vehicles Manufacturing Indonesia,ID,OTHER,,,phase3_jurisdiction_model,E_model_predicted_jurisdiction,E_model_only,0.5956,0,1,,,,0.0
IN,ID,OTHER,ID,5493006RG7PMHD212B85,PT Ids Medical Systems Indonesia,ID,OTHER,,,phase3_jurisdiction_model,E_model_predicted_jurisdiction,E_model_only,0.5955,0,1,,,,0.0
IN,ID,EUROPE,ID,213800V5M7TLHERGFB25,PT EXA NUSA PERSADA,ID,EUROPE,,,phase3_jurisdiction_model,E_model_predicted_jurisdiction,E_model_only,0.5954,0,1,,,,0.0
IN,ID,EUROPE,ID,549300QOYJC3FFL10D65,Reksa Dana Eastspring Investments IDR High Grade,ID,EUROPE,,,phase3_jurisdiction_model,E_model_predicted_jurisdiction,E_model_only,0.5954,0,1,,,,0.0
IN,ID,OTHER,ID,9845009D5BQ54EDDF867,Clariant Indonesia,ID,OTHER,,,phase3_jurisdiction_model,E_model_predicted_jurisdiction,E_model_only,0.5952,0,1,,,,0.0
IN,ID,OTHER,ID,254900TMM90TUUUQZ657,PT Lotte Chemical Indonesia,ID,OTHER,,,phase3_jurisdiction_model,E_model_predicted_jurisdiction,E_model_only,0.5949,0,1,,,,0.0
IN,ID,EUROPE,ID,984500B086L2AA2A2C55,HURIA KRISTEN BATAK PROTESTAN (HKBP),ID,EUROPE,,,phase3_jurisdiction_model,E_model_predicted_jurisdiction,E_model_only,0.5946,0,1,,,,0.0
IN,ID,OTHER,ID,254900LQDFCJRQZNS130,PT Ichimoku Chinkou Cloud Inc,ID,OTHER,,,phase3_jurisdiction_model,E_model_predicted_jurisdiction,E_model_only,0.5946,0,1,,,,0.0
IN,ID,OTHER,ID,254900T317QE3VXLAF87,PT ZTT Cable Indonesia,ID,OTHER,,,phase3_jurisdiction_model,E_model_predicted_jurisdiction,E_model_only,0.5943,0,1,,,,0.0
IN,ID,EUROPE,ID,254900E78MIZFDDZQS08,PT Toba Bara Sejahtra Tbk,ID,EUROPE,,,phase3_jurisdiction_model,E_model_predicted_jurisdiction,E_model_only,0.5936,0,1,,,,0.0
IN,ID,EUROPE,ID,25490014Q8Z08PZ3D329,Reksa Dana Syariah Ashmore Global EM Equity Syariah Fund USD,ID,EUROPE,,,phase3_jurisdiction_model,E_model_predicted_jurisdiction,E_model_only,0.5936,0,1,,,,0.0
IN,ID,EUROPE,ID,2549003L1L3ZCVKDLY06,Reksa Dana Syariah Ashmore Global EM Sukuk Fund USD,ID,EUROPE,,,phase3_jurisdiction_model,E_model_predicted_jurisdiction,E_model_only,0.5936,0,1,,,,0.0
IN,ID,EUROPE,ID,2549002YWCN2LZBWYT61,Reksa Dana Syariah Eastspring Syariah Income Global Mixed Asset USD,ID,EUROPE,,,phase3_jurisdiction_model,E_model_predicted_jurisdiction,E_model_only,0.5936,0,1,,,,0.0
IN,ID,EUROPE,ID,254900HU65N4JTEO0T78,Reksa Dana Syariah Indeks Principal Elite S&P 500 Information Technology Shariah USD,ID,EUROPE,,,phase3_jurisdiction_model,E_model_predicted_jurisdiction,E_model_only,0.5936,0,1,,,,0.0
IN,ID,EUROPE,ID,254900IUKG4EWUJ6OD21,Reksa Dana Syariah Principal Pasar Uang Valas Berkah USD,ID,EUROPE,,,phase3_jurisdiction_model,E_model_predicted_jurisdiction,E_model_only,0.5936,0,1,,,,0.0
IN,ID,OTHER,ID,984500E909C4BT809V61,PT JAVA TAIKO DRUM INDUSTRIES,ID,OTHER,,,phase3_jurisdiction_model,E_model_predicted_jurisdiction,E_model_only,0.5929,0,1,,,,0.0
IN,ID,EUROPE,ID,5493003P8OX1VOZAHS54,Reksa Dana Indeks Eastspring IDX ESG Leaders Plus,ID,EUROPE,,,phase3_jurisdiction_model,E_model_predicted_jurisdiction,E_model_only,0.5926,0,1,,,,0.0
IN,ID,OTHER,ID,9845006038CBIZ784367,PT CITRA SIP INDONESIA,ID,OTHER,,,phase3_jurisdiction_model,E_model_predicted_jurisdiction,E_model_only,0.5925,0,1,,,,0.0
IN,ID,OTHER,ID,254900LI3J30QY1BNC51,PT QMB New Energy Materials,ID,OTHER,,,phase3_jurisdiction_model,E_model_predicted_jurisdiction,E_model_only,0.5919,0,1,,,,0.0
IN,ID,EUROPE,ID,254900Z7KB30YSCKID46,"PT Tiphone Mobile Indonesia,Tbk",ID,EUROPE,,,phase3_jurisdiction_model,E_model_predicted_jurisdiction,E_model_only,0.5918,0,1,,,,0.0
IN,ID,OTHER,ID,254900ZR5H5G4QP0O341,Liebherr Indonesia Perkasa PT,ID,OTHER,,,phase3_jurisdiction_model,E_model_predicted_jurisdiction,E_model_only,0.5914,0,1,,,,0.0
IN,ID,EUROPE,ID,254900DAXNDESDVS8F48,Pt Solusi Tunas Pratama Tbk,ID,EUROPE,,,phase3_jurisdiction_model,E_model_predicted_jurisdiction,E_model_only,0.5912,0,1,,,,0.0
IN,ID,OTHER,ID,984500AAE1E95E09F804,YKK ZIPCO INDONESIA,ID,OTHER,,,phase3_jurisdiction_model,E_model_predicted_jurisdiction,E_model_only,0.5912,0,1,,,,0.0
IN,ID,OTHER,ID,254900C13OP0T2U21288,PT Hwa Seung Indonesia,ID,OTHER,,,phase3_jurisdiction_model,E_model_predicted_jurisdiction,E_model_only,0.5911,0,1,,,,0.0
IN,ID,EUROPE,ID,25490083P1MISBBG0Q76,Reksa Dana Syariah Batavia Dana Saham Syariah,ID,EUROPE,,,phase3_jurisdiction_model,E_model_predicted_jurisdiction,E_model_only,0.5909,0,1,,,,0.0
IN,ID,OTHER,ID,254900THSMV8RXBPNM21,"AMCOR FLEXIBLES INDONESIA, PT.",ID,OTHER,,,phase3_jurisdiction_model,E_model_predicted_jurisdiction,E_model_only,0.5899,0,1,,,,0.0
IN,ID,OTHER,ID,254900WTIJD6B1OVCE32,PT KNAUF PLASTERBOARD INDONESIA,ID,OTHER,,,phase3_jurisdiction_model,E_model_predicted_jurisdiction,E_model_only,0.5899,0,1,,,,0.0
IN,ID,OTHER,ID,984500YT65BFDCAA1563,PT Basf Catalysts Distribution Indonesia,ID,OTHER,,,phase3_jurisdiction_model,E_model_predicted_jurisdiction,E_model_only,0.5898,0,1,,,,0.0
IN,ID,EUROPE,ID,549300S39ZRFNWGF8822,PT HONORIS CORPORINDO PRATAMA,ID,EUROPE,,,phase3_jurisdiction_model,E_model_predicted_jurisdiction,E_model_only,0.5896,0,1,,,,0.0
IN,ID,OTHER,ID,9845001F77752C4D7931,BINTAN CELLULAR INDONESIA,ID,OTHER,,,phase3_jurisdiction_model,E_model_predicted_jurisdiction,E_model_only,0.5892,0,1,,,,0.0
IN,ID,EUROPE,ID,54930040D13PZGM3QG39,PT INDORAMA PETROCHEMICALS,ID,EUROPE,,,phase3_jurisdiction_model,E_model_predicted_jurisdiction,E_model_only,0.5889,0,1,,,,0.0
IN,ID,EUROPE,ID,254900DIU0FZCNP9N347,PT MULTI KUSUMA CEMERLANG,ID,EUROPE,,,phase3_jurisdiction_model,E_model_predicted_jurisdiction,E_model_only,0.5889,0,1,,,,0.0
IN,ID,EUROPE,ID,254900VW6GQHGKK3KG59,PT Bank SBI Indonesia,ID,EUROPE,,,phase3_jurisdiction_model,E_model_predicted_jurisdiction,E_model_only,0.5884,0,1,,,,0.0
IN,ID,OTHER,ID,2549003SQ53LZE8THN85,PT. PARKLAND WORLD INDONESIA,ID,OTHER,,,phase3_jurisdiction_model,E_model_predicted_jurisdiction,E_model_only,0.5883,0,1,,,,0.0
IN,ID,EUROPE,ID,5493007LRBLVCQYOO368,PT INDO SAWIT KEKAL,ID,EUROPE,,,phase3_jurisdiction_model,E_model_predicted_jurisdiction,E_model_only,0.5877,0,1,,,,0.0
IN,ID,EUROPE,ID,549300HE5DJWH1UY4V85,PT WOOD GROUP KENNY INDONESIA,ID,EUROPE,,,phase3_jurisdiction_model,E_model_predicted_jurisdiction,E_model_only,0.5873,0,1,,,,0.0
IN,ID,OTHER,ID,254900N1NUHJBRYGMI34,PT Korea Investment and Sekuritas Indonesia,ID,OTHER,,,phase3_jurisdiction_model,E_model_predicted_jurisdiction,E_model_only,0.587,0,1,,,,0.0
IN,ID,EUROPE,ID,254900DKE4PY6HEHNI89,PT BORNEO OLAH SARANA SUKSES,ID,EUROPE,,,phase3_jurisdiction_model,E_model_predicted_jurisdiction,E_model_only,0.5868,0,1,,,,0.0
IN,ID,OTHER,ID,2549008P48EB9SN2OI80,PT Indonesia Asahan Aluminium,ID,OTHER,,,phase3_jurisdiction_model,E_model_predicted_jurisdiction,E_model_only,0.5866,0,1,,,,0.0
IN,ID,OTHER,ID,254900A0ZNGJ4VA13S98,PT BENTELER DISTRIBUTION INDONESIA,ID,OTHER,,,phase3_jurisdiction_model,E_model_predicted_jurisdiction,E_model_only,0.5863,0,1,,,,0.0
IN,ID,EUROPE,ID,25490039U56Z6K00B742,PT. Exedy Manufacturing Indonesia,ID,EUROPE,,,phase3_jurisdiction_model,E_model_predicted_jurisdiction,E_model_only,0.5863,0,1,,,,0.0
IN,ID,EUROPE,ID,25490033SML81N1I0490,AXA Investment Managers Select Indonesia,ID,EUROPE,,,phase3_jurisdiction_model,E_model_predicted_jurisdiction,E_model_only,0.5862,0,1,,,,0.0
IN,ID,EUROPE,ID,529900B7QI6XUHZ6TE33,PT Eagle High Plantations Tbk,ID,EUROPE,,,phase3_jurisdiction_model,E_model_predicted_jurisdiction,E_model_only,0.5852,0,1,,,,0.0
IN,ID,EUROPE,ID,254900KVLI8VHS5JZU28,"Bhumi Jati Power, PT",ID,EUROPE,,,phase3_jurisdiction_model,E_model_predicted_jurisdiction,E_model_only,0.5843,0,1,,,,0.0
IN,ID,OTHER,ID,984500938CA75NFE0771,PT NESTLE TRADING INDONESIA,ID,OTHER,,,phase3_jurisdiction_model,E_model_predicted_jurisdiction,E_model_only,0.5841,0,1,,,,0.0
IN,ID,EUROPE,ID,254900YZD1GHA5OIDA29,PT Voksel Electric Tbk.,ID,EUROPE,,,phase3_jurisdiction_model,E_model_predicted_jurisdiction,E_model_only,0.5841,0,1,,,,0.0
IN,ID,EUROPE,ID,254900L5J4YN0IZQQ594,PT. Hoegh LNG Lampung,ID,EUROPE,,,phase3_jurisdiction_model,E_model_predicted_jurisdiction,E_model_only,0.5837,0,1,,,,0.0
IN,ID,EUROPE,ID,529900KOJVEVTZ5IRE24,Bumi Resources Minerals Tbk PT,ID,EUROPE,,,phase3_jurisdiction_model,E_model_predicted_jurisdiction,E_model_only,0.5829,0,1,,,,0.0
IN,ID,EUROPE,ID,5299007FR202UEQ83E31,PT. Voith Paper,ID,EUROPE,,,phase3_jurisdiction_model,E_model_predicted_jurisdiction,E_model_only,0.5818,0,1,,,,0.0
IN,ID,OTHER,ID,984500C545F9058F7550,PT Marmara Indonesia Pratama,ID,OTHER,,,phase3_jurisdiction_model,E_model_predicted_jurisdiction,E_model_only,0.5816,0,1,,,,0.0
IN,ID,OTHER,ID,98450073C467F6B61A29,RASA COCO INDONESIA,ID,OTHER,,,phase3_jurisdiction_model,E_model_predicted_jurisdiction,E_model_only,0.5816,0,1,,,,0.0
IN,ID,EUROPE,ID,254900J56527PVXDYG81,PT Bharinto Ekatama,ID,EUROPE,,,phase3_jurisdiction_model,E_model_predicted_jurisdiction,E_model_only,0.5813,0,1,,,,0.0
IN,ID,EUROPE,ID,984500JD1B92DCB19383,PT Multi Karya Utama Abadi,ID,EUROPE,,,phase3_jurisdiction_model,E_model_predicted_jurisdiction,E_model_only,0.5812,0,1,,,,0.0
IN,ID,OTHER,ID,254900I714FPTHA8XI89,PT Arzara Baraindo Energitama,ID,OTHER,,,phase3_jurisdiction_model,E_model_predicted_jurisdiction,E_model_only,0.5811,0,1,,,,0.0
IN,ID,EUROPE,ID,529900JL5SA37OU87X40,PT Charoen Pokphand Indonesia TBK,ID,EUROPE,,,phase3_jurisdiction_model,E_model_predicted_jurisdiction,E_model_only,0.5811,0,1,,,,0.0
IN,ID,OTHER,ID,9845004H373FCPAA8933,PT ARAMCO PETRONUSA INTERNATIONAL,ID,OTHER,,,phase3_jurisdiction_model,E_model_predicted_jurisdiction,E_model_only,0.5808,0,1,,,,0.0
IN,ID,OTHER,ID,213800XRRCURIJ5TUY76,REKSA DANA SYARIAH INDEKS BNP PARIBAS DJIM GLOBAL TECHNOLOGY TITANS 50 SYARIAH USD,ID,OTHER,,,phase3_jurisdiction_model,E_model_predicted_jurisdiction,E_model_only,0.5797,0,1,,,,0.0
IN,ID,EUROPE,ID,254900YXPCKT2MCWCY64,PT OCEAN SKY METAL INDUSTRY,ID,EUROPE,,,phase3_jurisdiction_model,E_model_predicted_jurisdiction,E_model_only,0.5795,0,1,,,,0.0
IN,ID,OTHER,ID,984500J6808BDDF3B574,PT Supravisi Rama Optik Manufacturing,ID,OTHER,,,phase3_jurisdiction_model,E_model_predicted_jurisdiction,E_model_only,0.5792,0,1,,,,0.0
IN,ID,EUROPE,ID,8945002OJ9R5EET66M63,PT. AKSES GEMILANG INDONESIA,ID,EUROPE,,,phase3_jurisdiction_model,E_model_predicted_jurisdiction,E_model_only,0.579,0,1,,,,0.0
IN,ID,EUROPE,ID,529900I6WYQLNS396M40,PT. TKE Elevator Indonesia,ID,EUROPE,,,phase3_jurisdiction_model,E_model_predicted_jurisdiction,E_model_only,0.5789,0,1,,,,0.0
IN,ID,EUROPE,ID,254900A3G9OPZCJ31158,PT Cirebon Electric Power,ID,EUROPE,,,phase3_jurisdiction_model,E_model_predicted_jurisdiction,E_model_only,0.5788,0,1,,,,0.0
IN,ID,EUROPE,ID,254900DBHM3HEWNF4Q02,PT INDONESIA RUIPU NICKEL AND CHROME ALLOY,ID,EUROPE,,,phase3_jurisdiction_model,E_model_predicted_jurisdiction,E_model_only,0.5778,0,1,,,,0.0
IN,ID,EUROPE,ID,25490003RTTCA4DP9L21,PT WENSON MULIA INVESTAMA,ID,EUROPE,,,phase3_jurisdiction_model,E_model_predicted_jurisdiction,E_model_only,0.5773,0,1,,,,0.0
IN,ID,EUROPE,ID,213800RMO5ZSBLA77Q05,PT ONE ANDALUSIA INVESTMENTS,ID,EUROPE,,,phase3_jurisdiction_model,E_model_predicted_jurisdiction,E_model_only,0.5772,0,1,,,,0.0
IN,ID,EUROPE,ID,254900C55JU8VVF1MQ51,Reksa Dana Syariah Principal Islamic Asia Pacific Equity Syariah (USD),ID,EUROPE,,,phase3_jurisdiction_model,E_model_predicted_jurisdiction,E_model_only,0.5769,0,1,,,,0.0
IN,ID,OTHER,ID,254900ZAGSFSSS4VV060,PT DCI Indonesia Tbk.,ID,OTHER,,,phase3_jurisdiction_model,E_model_predicted_jurisdiction,E_model_only,0.5766,0,1,,,,0.0
IN,ID,OTHER,ID,254900FF46R5ZVZ94Y72,PT DAIKIN MANUFACTURING INDONESIA,ID,OTHER,,,phase3_jurisdiction_model,E_model_predicted_jurisdiction,E_model_only,0.5764,0,1,,,,0.0
IN,ID,OTHER,ID,9845002F7679FX6B7907,Thermax International Indonesia PT,ID,OTHER,,,phase3_jurisdiction_model,E_model_predicted_jurisdiction,E_model_only,0.5763,0,1,,,,0.0
IN,ID,EUROPE,ID,2549007459TPK026M577,PT Sucor Sekuritas,ID,EUROPE,,,phase3_jurisdiction_model,E_model_predicted_jurisdiction,E_model_only,0.5762,0,1,,,,0.0
IN,ID,OTHER,ID,549300NKH54TN9TU1529,PT ASIA PACIFIC FIBERS TBK,ID,OTHER,,,phase3_jurisdiction_model,E_model_predicted_jurisdiction,E_model_only,0.5761,0,1,,,,0.0
IN,ID,OTHER,ID,549300E1Y0LK71FDUD81,PT. ASHMORE ASSET MANAGEMENT INDONESIA,ID,OTHER,,,phase3_jurisdiction_model,E_model_predicted_jurisdiction,E_model_only,0.576,0,1,,,,0.0
IN,ID,EUROPE,ID,549300MBEWSJNQJUSB35,PT BASF DISTRIBUTION INDONESIA,ID,EUROPE,,,phase3_jurisdiction_model,E_model_predicted_jurisdiction,E_model_only,0.5758,0,1,,,,0.0
IN,ID,OTHER,ID,254900YMIVWY604BUP38,"MITSUI LEASING CAPITAL INDONESIA, PT",ID,OTHER,,,phase3_jurisdiction_model,E_model_predicted_jurisdiction,E_model_only,0.5757,0,1,,,,0.0
IN,ID,EUROPE,ID,2549002QAV3RNVYQJ865,Reksa Dana Syariah Danareksa G20 Sharia Equity Fund Dollar,ID,EUROPE,,,phase3_jurisdiction_model,E_model_predicted_jurisdiction,E_model_only,0.5756,0,1,,,,0.0
IN,ID,EUROPE,ID,2549006N0FRFQ613J965,PT. Wilmar Chemical Indonesia,ID,EUROPE,,,phase3_jurisdiction_model,E_model_predicted_jurisdiction,E_model_only,0.5753,0,1,,,,0.0
IN,ID,EUROPE,ID,254900K8MGGPT3ROLP63,PT MEGA AUTO FINANCE,ID,EUROPE,,,phase3_jurisdiction_model,E_model_predicted_jurisdiction,E_model_only,0.5743,0,1,,,,0.0
IN,ID,EUROPE,ID,254900SOPOTNC1J2RW75,PT Nusa Prima Logistik,ID,EUROPE,,,phase3_jurisdiction_model,E_model_predicted_jurisdiction,E_model_only,0.5743,0,1,,,,0.0
IN,ID,EUROPE,ID,254900N4Y9YAXIHIL056,PT Putra Agung Lestari,ID,EUROPE,,,phase3_jurisdiction_model,E_model_predicted_jurisdiction,E_model_only,0.5743,0,1,,,,0.0
IN,ID,EUROPE,ID,254900A9W66Y580CQX43,"Fajar Surya Wisesa Tbk, PT",ID,EUROPE,,,phase3_jurisdiction_model,E_model_predicted_jurisdiction,E_model_only,0.5739,0,1,,,,0.0
IN,ID,EUROPE,ID,254900JLHL7DKK5A2H91,"Indo Bharat Rayon, PT",ID,EUROPE,,,phase3_jurisdiction_model,E_model_predicted_jurisdiction,E_model_only,0.5738,0,1,,,,0.0
IN,ID,EUROPE,ID,529900H05IX5T4XK2N45,PT Flender Drives Indonesia,ID,EUROPE,,,phase3_jurisdiction_model,E_model_predicted_jurisdiction,E_model_only,0.5737,0,1,,,,0.0
IN,ID,EUROPE,ID,254900RT8JO82FB6C890,"Ivo Mas Tunggal, PT",ID,EUROPE,,,phase3_jurisdiction_model,E_model_predicted_jurisdiction,E_model_only,0.5727,0,1,,,,0.0
IN,ID,EUROPE,ID,529900B2A53WLF4ROM64,PT SUTRIANA VENTURES INDONESIA,ID,EUROPE,,,phase3_jurisdiction_model,E_model_predicted_jurisdiction,E_model_only,0.5724,0,1,,,,0.0
IN,ID,OTHER,ID,254900A792LVK4ST0M93,PT Yamaha Indonesia Motor MFG,ID,OTHER,,,phase3_jurisdiction_model,E_model_predicted_jurisdiction,E_model_only,0.572,0,1,,,,0.0
IN,ID,EUROPE,ID,5493006FKRMLPJC49415,REKSA DANA MANULIFE GREATER INDONESIA FUND,ID,EUROPE,,,phase3_jurisdiction_model,E_model_predicted_jurisdiction,E_model_only,0.5718,0,1,,,,0.0
IN,ID,OTHER,ID,9845009A00A8O150KC16,ACCELLERON SAKTI INDONESIA,ID,OTHER,,,phase3_jurisdiction_model,E_model_predicted_jurisdiction,E_model_only,0.5717,0,1,,,,0.0
IN,ID,OTHER,ID,984500C3740B75K86F18,PT Puncak Emas Tani Sejahtera,ID,OTHER,,,phase3_jurisdiction_model,E_model_predicted_jurisdiction,E_model_only,0.5717,0,1,,,,0.0
IN,ID,OTHER,ID,254900FW5GHWR21IQ113,PT GUNUNG RAJA PAKSI TBK,ID,OTHER,,,phase3_jurisdiction_model,E_model_predicted_jurisdiction,E_model_only,0.5716,0,1,,,,0.0
IN,ID,EUROPE,ID,254900MS8LSAZHC7V413,PT INDO ACWA TENAGA SAGULING,ID,EUROPE,,,phase3_jurisdiction_model,E_model_predicted_jurisdiction,E_model_only,0.5715,0,1,,,,0.0
IN,ID,EUROPE,ID,254900GPMTD84ZK1ND28,PT Maluku Utara Metal Industry,ID,EUROPE,,,phase3_jurisdiction_model,E_model_predicted_jurisdiction,E_model_only,0.5714,0,1,,,,0.0
IN,ID,OTHER,ID,254900R3K18DYFZX7189,PT IDEMITSU LUBE TECHNO INDONESIA,ID,OTHER,,,phase3_jurisdiction_model,E_model_predicted_jurisdiction,E_model_only,0.5712,0,1,,,,0.0
IN,ID,EUROPE,ID,984500CE6C47EC5E7820,TASRIF M SALEH & PARTNERS,ID,EUROPE,,,phase3_jurisdiction_model,E_model_predicted_jurisdiction,E_model_only,0.5708,0,1,,,,0.0
IN,ID,OTHER,ID,254900GARJ7VGNNCZK35,PT Buana Lintas Lautan Tbk,ID,OTHER,,,phase3_jurisdiction_model,E_model_predicted_jurisdiction,E_model_only,0.5707,0,1,,,,0.0
IN,ID,OTHER,ID,2549002M57H2EQ5W6I46,PT Buma Internasional Grup Tbk.,ID,OTHER,,,phase3_jurisdiction_model,E_model_predicted_jurisdiction,E_model_only,0.5707,0,1,,,,0.0
IN,ID,EUROPE,ID,213800O9WJA91IDQYB13,PT FRAGRANCE OILS INDONESIA,ID,EUROPE,,,phase3_jurisdiction_model,E_model_predicted_jurisdiction,E_model_only,0.5707,0,1,,,,0.0
IN,ID,EUROPE,ID,2549009L5FEANT6CVK13,PT Syailendra Capital,ID,EUROPE,,,phase3_jurisdiction_model,E_model_predicted_jurisdiction,E_model_only,0.5704,0,1,,,,0.0
IN,ID,OTHER,ID,254900AHA1SLOOZ3N245,PT ICI Paints Indonesia,ID,OTHER,,,phase3_jurisdiction_model,E_model_predicted_jurisdiction,E_model_only,0.5703,0,1,,,,0.0
IN,ID,OTHER,ID,254900S3M4RPY4ZKHJ38,PT Kustodian Sentral Efek Indonesia,ID,OTHER,,,phase3_jurisdiction_model,E_model_predicted_jurisdiction,E_model_only,0.5699,0,1,,,,0.0
IN,ID,EUROPE,ID,254900VU43QE0YQRRT79,PT MEGA CENTRAL FINANCE,ID,EUROPE,,,phase3_jurisdiction_model,E_model_predicted_jurisdiction,E_model_only,0.5699,0,1,,,,0.0
IN,ID,OTHER,ID,254900E7WOAN0T839Z54,PT GOLDENHEAVEN PRIMA INVESTAMA,ID,OTHER,,,phase3_jurisdiction_model,E_model_predicted_jurisdiction,E_model_only,0.5692,0,1,,,,0.0
IN,ID,EUROPE,ID,2549006YBXNWWWTP2773,PT Avia Avian Tbk.,ID,EUROPE,,,phase3_jurisdiction_model,E_model_predicted_jurisdiction,E_model_only,0.5691,0,1,,,,0.0
IN,ID,OTHER,ID,549300E4EEEEN0J02Z12,PT HALIM MITRADANA INTERNASIONAL,ID,OTHER,,,phase3_jurisdiction_model,E_model_predicted_jurisdiction,E_model_only,0.5691,0,1,,,,0.0
IN,ID,OTHER,ID,549300TR4OE88JS0X769,PT RWOOD RESOURCES INDONESIA,ID,OTHER,,,phase3_jurisdiction_model,E_model_predicted_jurisdiction,E_model_only,0.5691,0,1,,,,0.0
IN,ID,EUROPE,ID,5299007CLLIR11YU8W83,PT. HOERBIGER Kompresotama Indonesia,ID,EUROPE,,,phase3_jurisdiction_model,E_model_predicted_jurisdiction,E_model_only,0.5691,0,1,,,,0.0
IN,ID,EUROPE,ID,529900C7G31XDC574160,PT BANK ICBC INDONESIA,ID,EUROPE,,,phase3_jurisdiction_model,E_model_predicted_jurisdiction,E_model_only,0.5689,0,1,,,,0.0
IN,ID,EUROPE,ID,2549001E84J4VDF07K45,PT Huake Nickel Indonesia,ID,EUROPE,,,phase3_jurisdiction_model,E_model_predicted_jurisdiction,E_model_only,0.5689,0,1,,,,0.0
IN,ID,EUROPE,ID,2549008BGDU5CV4KUL90,PT Lin Victor Metal Industry,ID,EUROPE,,,phase3_jurisdiction_model,E_model_predicted_jurisdiction,E_model_only,0.5681,0,1,,,,0.0
IN,ID,OTHER,ID,254900D29ZNKZUEMCN61,PT TECHNIP ENGINEERING INDONESIA,ID,OTHER,,,phase3_jurisdiction_model,E_model_predicted_jurisdiction,E_model_only,0.5681,0,1,,,,0.0
IN,ID,EUROPE,ID,254900M8F4RQGA263684,"Gajah Tunggal Tbk, PT",ID,EUROPE,,,phase3_jurisdiction_model,E_model_predicted_jurisdiction,E_model_only,0.5679,0,1,,,,0.0
IN,ID,EUROPE,ID,549300CZOLXMXES0PN98,PT Surya Anugrah Mulya,ID,EUROPE,,,phase3_jurisdiction_model,E_model_predicted_jurisdiction,E_model_only,0.5679,0,1,,,,0.0
IN,ID,EUROPE,ID,2549000Z7HLAH6WFSP54,PT TRANS MEDIA CORPORA,ID,EUROPE,,,phase3_jurisdiction_model,E_model_predicted_jurisdiction,E_model_only,0.5679,0,1,,,,0.0
IN,ID,EUROPE,ID,254900LR9K5SVPP8BP79,PT NISP Sekuritas,ID,EUROPE,,,phase3_jurisdiction_model,E_model_predicted_jurisdiction,E_model_only,0.5678,0,1,,,,0.0
IN,ID,EUROPE,ID,254900OH2457RZ4YVN54,PT Pacific Resorts Buana Indonesia,ID,EUROPE,,,phase3_jurisdiction_model,E_model_predicted_jurisdiction,E_model_only,0.5678,0,1,,,,0.0
IN,ID,EUROPE,ID,5493009U1I66SH2N8B13,PT BCA SEKURITAS,ID,EUROPE,,,phase3_jurisdiction_model,E_model_predicted_jurisdiction,E_model_only,0.5677,0,1,,,,0.0
IN,ID,EUROPE,ID,254900DFY1OTLTKU0B43,PT Trans Airways,ID,EUROPE,,,phase3_jurisdiction_model,E_model_predicted_jurisdiction,E_model_only,0.5677,0,1,,,,0.0
IN,ID,EUROPE,ID,5493001BM9UBKT1YQW58,PT UTC AEROSPACE SYSTEMS BANDUNG OPERATIONS,ID,EUROPE,,,phase3_jurisdiction_model,E_model_predicted_jurisdiction,E_model_only,0.5677,0,1,,,,0.0
IN,ID,EUROPE,ID,549300PSGUCZV4QKZQ41,PT AIA FINANCIAL,ID,EUROPE,,,phase3_jurisdiction_model,E_model_predicted_jurisdiction,E_model_only,0.5676,0,1,,,,0.0
IN,ID,EUROPE,ID,254900Y6SH3NRN1A8R64,PT PELABUHAN INDONESIA III (PERSERO),ID,EUROPE,,,phase3_jurisdiction_model,E_model_predicted_jurisdiction,E_model_only,0.5675,0,1,,,,0.0
IN,ID,EUROPE,ID,2549005K4JISOZ11LQ73,PT Pollux Properti Indonesia Tbk,ID,EUROPE,,,phase3_jurisdiction_model,E_model_predicted_jurisdiction,E_model_only,0.5674,0,1,,,,0.0
IN,ID,EUROPE,ID,254900A9OSZABVLP1J34,PT SCG INDONESIA,ID,EUROPE,,,phase3_jurisdiction_model,E_model_predicted_jurisdiction,E_model_only,0.567,0,1,,,,0.0
IN,ID,EUROPE,ID,2549005ALSYRNDPVN624,Badan Pengelola Keuangan Haji,ID,EUROPE,,,phase3_jurisdiction_model,E_model_predicted_jurisdiction,E_model_only,0.5669,0,1,,,,0.0
IN,ID,EUROPE,ID,2549003UJ7FOCPCQ3Z76,PT. EKAMAS SARIJAYA,ID,EUROPE,,,phase3_jurisdiction_model,E_model_predicted_jurisdiction,E_model_only,0.5662,0,1,,,,0.0
IN,ID,OTHER,ID,5493006HY5C8XZCWIK02,BT DANA PENSIUN LEMBAGA KEUANGAN AIA FINANCIAL,ID,OTHER,,,phase3_jurisdiction_model,E_model_predicted_jurisdiction,E_model_only,0.5656,0,1,,,,0.0
IN,ID,EUROPE,ID,529900JJUFNRG43LED18,PT L'oreal Indonesia,ID,EUROPE,,,phase3_jurisdiction_model,E_model_predicted_jurisdiction,E_model_only,0.5653,0,1,,,,0.0
IN,ID,OTHER,ID,254900E8L4WOY6QRR728,PT BANK MUAMALAT INDONESIA,ID,OTHER,,,phase3_jurisdiction_model,E_model_predicted_jurisdiction,E_model_only,0.5652,0,1,,,,0.0
IN,ID,EUROPE,ID,254900JPV9WYTX6FHT85,"Toyota Motor Manufacturing Indonesia, PT",ID,EUROPE,,,phase3_jurisdiction_model,E_model_predicted_jurisdiction,E_model_only,0.565,0,1,,,,0.0
IN,ID,EUROPE,ID,549300PJBCPQZJ8H3N36,PT HONEYWELL INDONESIA,ID,EUROPE,,,phase3_jurisdiction_model,E_model_predicted_jurisdiction,E_model_only,0.5648,0,1,,,,0.0
IN,ID,OTHER,ID,549300L4XXVFP76SJS73,REKSA DANA SYARIAH BAHANA GLOBAL HEALTHCARE SHARIA USD EQUITY FUND,ID,OTHER,,,phase3_jurisdiction_model,E_model_predicted_jurisdiction,E_model_only,0.5647,0,1,,,,0.0
IN,ID,EUROPE,ID,254900IH8FFKLDV4NG92,"PricewaterhouseCoopers Consulting Indonesia, PT",ID,EUROPE,,,phase3_jurisdiction_model,E_model_predicted_jurisdiction,E_model_only,0.5645,0,1,,,,0.0
IN,ID,OTHER,ID,98450094857843A90E89,PT Indo Malabar Safe Trading,ID,OTHER,,,phase3_jurisdiction_model,E_model_predicted_jurisdiction,E_model_only,0.5635,0,1,,,,0.0
IN,ID,OTHER,ID,984500C68BB43EC8Y077,PT BINTANGCHIP SEMICON MANUFACTURE,ID,OTHER,,,phase3_jurisdiction_model,E_model_predicted_jurisdiction,E_model_only,0.5631,0,1,,,,0.0
IN,ID,OTHER,ID,5493007UBG82E5B35002,Reksa Dana Syariah Mandiri Global Sharia Equity Dollar,ID,OTHER,,,phase3_jurisdiction_model,E_model_predicted_jurisdiction,E_model_only,0.5631,0,1,,,,0.0
IN,ID,EUROPE,ID,9845005E4K37CEC71D62,SUNRISE BUMI TEXTILES,ID,EUROPE,,,phase3_jurisdiction_model,E_model_predicted_jurisdiction,E_model_only,0.563,0,1,,,,0.0
IN,ID,EUROPE,ID,254900EYXEMPFB2OWV50,Reksa Dana Syariah Allianz High Dividend Global Sharia Equity Dollar,ID,EUROPE,,,phase3_jurisdiction_model,E_model_predicted_jurisdiction,E_model_only,0.5622,0,1,,,,0.0
IN,ID,EUROPE,ID,254900ZZ7KCZEEDPJA51,Reksa Dana Syariah Principal Islamic ASEAN Equity Syariah (USD),ID,EUROPE,,,phase3_jurisdiction_model,E_model_predicted_jurisdiction,E_model_only,0.5622,0,1,,,,0.0
IN,ID,EUROPE,ID,254900IUUC82LEVH3N47,Reksa Dana Syariah Principal Islamic Global Responsible Equity Syariah (USD),ID,EUROPE,,,phase3_jurisdiction_model,E_model_predicted_jurisdiction,E_model_only,0.5622,0,1,,,,0.0
IN,ID,OTHER,ID,25490092W9P8BUACZU34,PT Stockbit Sekuritas Digital,ID,OTHER,,,phase3_jurisdiction_model,E_model_predicted_jurisdiction,E_model_only,0.5621,0,1,,,,0.0
IN,ID,EUROPE,ID,254900BF3C7SLPH8G631,PT SAMSUNG ELECTRONICS INDONESIA,ID,EUROPE,,,phase3_jurisdiction_model,E_model_predicted_jurisdiction,E_model_only,0.562,0,1,,,,0.0
IN,ID,EUROPE,ID,213800SA48M8TY4HNI54,"INDRA ERAMULTI LOGAM INDUSTRI, PT",ID,EUROPE,,,phase3_jurisdiction_model,E_model_predicted_jurisdiction,E_model_only,0.5619,0,1,,,,0.0
IN,ID,EUROPE,ID,875500RRU53G6G7HKK23,PT SMARTFREN TELECOM TBK,ID,EUROPE,,,phase3_jurisdiction_model,E_model_predicted_jurisdiction,E_model_only,0.5619,0,1,,,,0.0
IN,ID,EUROPE,ID,254900V6IIYF1T4IY412,PT. Bank Resona Perdania,ID,EUROPE,,,phase3_jurisdiction_model,E_model_predicted_jurisdiction,E_model_only,0.5619,0,1,,,,0.0
IN,ID,EUROPE,ID,549300USY21T387T2Z41,Reksa Dana Syariah Manulife Saham Syariah Asia Pacifik Dollar AS,ID,EUROPE,,,phase3_jurisdiction_model,E_model_predicted_jurisdiction,E_model_only,0.5618,0,1,,,,0.0
IN,ID,EUROPE,ID,2549007JV11JZ4P6A494,Reksa Dana STAR Balanced III,ID,EUROPE,,,phase3_jurisdiction_model,E_model_predicted_jurisdiction,E_model_only,0.5615,0,1,,,,0.0
IN,ID,EUROPE,ID,254900GCLCKS0WUXYT71,PT TRANS CORPORA,ID,EUROPE,,,phase3_jurisdiction_model,E_model_predicted_jurisdiction,E_model_only,0.5614,0,1,,,,0.0
IN,ID,EUROPE,ID,549300G1BVZY6Q4G3571,SAMUEL ASET MANAJEMEN PT,ID,EUROPE,,,phase3_jurisdiction_model,E_model_predicted_jurisdiction,E_model_only,0.5614,0,1,,,,0.0
IN,ID,OTHER,ID,2549003HF1PYK76X1V65,P.T. Krama Yudha Tiga Berlian Motors,ID,OTHER,,,phase3_jurisdiction_model,E_model_predicted_jurisdiction,E_model_only,0.5613,0,1,,,,0.0
IN,ID,OTHER,ID,254900PZW4RCVE0YL732,PT Itochu Indonesia,ID,OTHER,,,phase3_jurisdiction_model,E_model_predicted_jurisdiction,E_model_only,0.5612,0,1,,,,0.0
IN,ID,OTHER,ID,254900UNWEDARW5MII49,Perusahaan Perseroan (Persero) PT Perusahaan Pengelola Aset,ID,OTHER,,,phase3_jurisdiction_model,E_model_predicted_jurisdiction,E_model_only,0.5607,0,1,,,,0.0
IN,ID,EUROPE,ID,5493008CFIPSG8TGX994,Reksa Dana Syariah Eastspring Syariah Fixed Income Amanah,ID,EUROPE,,,phase3_jurisdiction_model,E_model_predicted_jurisdiction,E_model_only,0.5604,0,1,,,,0.0
IN,ID,OTHER,ID,984500BB99BD55EAC439,PT Virtus Technology Indonesia,ID,OTHER,,,phase3_jurisdiction_model,E_model_predicted_jurisdiction,E_model_only,0.5603,0,1,,,,0.0
IN,ID,EUROPE,ID,254900L9T6KYZ1L2NF45,PT FENI HALTIM,ID,EUROPE,,,phase3_jurisdiction_model,E_model_predicted_jurisdiction,E_model_only,0.5598,0,1,,,,0.0
IN,ID,EUROPE,ID,254900GKISW23M64I214,"Binasawit Abadipratama, PT",ID,EUROPE,,,phase3_jurisdiction_model,E_model_predicted_jurisdiction,E_model_only,0.5596,0,1,,,,0.0
IN,ID,OTHER,ID,254900UOIVMEWJV8HM03,PT. Sarimode Fashindo Adiperkasa,ID,OTHER,,,phase3_jurisdiction_model,E_model_predicted_jurisdiction,E_model_only,0.5596,0,1,,,,0.0
IN,ID,EUROPE,ID,529900U7IH8JW3FMGM30,PT Indocement Tunggal Prakarsa Tbk.,ID,EUROPE,,,phase3_jurisdiction_model,E_model_predicted_jurisdiction,E_model_only,0.5588,0,1,,,,0.0
IN,ID,EUROPE,ID,549300OOBMPFRB4LGY15,Reksa Dana Syariah Eastspring Syariah Fixed Income USD,ID,EUROPE,,,phase3_jurisdiction_model,E_model_predicted_jurisdiction,E_model_only,0.5588,0,1,,,,0.0
IN,ID,EUROPE,ID,984500A80DXN97737123,PT Global Sinergi Utama,ID,EUROPE,,,phase3_jurisdiction_model,E_model_predicted_jurisdiction,E_model_only,0.5583,0,1,,,,0.0
IN,ID,OTHER,ID,254900J0GQ8X4OPLND68,PT. Jebsen & Jessen Business Services Indonesia,ID,OTHER,,,phase3_jurisdiction_model,E_model_predicted_jurisdiction,E_model_only,0.5581,0,1,,,,0.0
IN,ID,EUROPE,ID,529900GMYOWTGJ8BCO47,"Rheincoal Supply & Trading Indonesia, PT",ID,EUROPE,,,phase3_jurisdiction_model,E_model_predicted_jurisdiction,E_model_only,0.5581,0,1,,,,0.0
IN,ID,EUROPE,ID,254900A15GOB2Z7M0922,"LION MENTARI, PT",ID,EUROPE,,,phase3_jurisdiction_model,E_model_predicted_jurisdiction,E_model_only,0.5577,0,1,,,,0.0
IN,ID,EUROPE,ID,549300OX1VFDX7ZPN240,PT Perusahaan Gas Negara Tbk.,ID,EUROPE,,,phase3_jurisdiction_model,E_model_predicted_jurisdiction,E_model_only,0.5571,0,1,,,,0.0
IN,ID,EUROPE,ID,549300SNDJ9CDP3RBU47,Reksa Dana Syariah Eastspring Syariah Money Market Khazanah,ID,EUROPE,,,phase3_jurisdiction_model,E_model_predicted_jurisdiction,E_model_only,0.5568,0,1,,,,0.0
IN,ID,EUROPE,ID,254900UNCCZSQ41YVK75,PT Aventis Pharma,ID,EUROPE,,,phase3_jurisdiction_model,E_model_predicted_jurisdiction,E_model_only,0.5566,0,1,,,,0.0
IN,ID,EUROPE,ID,529900F19DXXA9HNCB51,PT Indah Kiat Pulp & Paper TBK,ID,EUROPE,,,phase3_jurisdiction_model,E_model_predicted_jurisdiction,E_model_only,0.5559,0,1,,,,0.0
IN,ID,EUROPE,ID,2549007O5ONXFCITN410,PT SOMA JAYA INVESTAMA,ID,EUROPE,,,phase3_jurisdiction_model,E_model_predicted_jurisdiction,E_model_only,0.555,0,1,,,,0.0
IN,ID,EUROPE,ID,254900LXHUBEQ8L0LT87,PT UT Quality Indonesia,ID,EUROPE,,,phase3_jurisdiction_model,E_model_predicted_jurisdiction,E_model_only,0.5549,0,1,,,,0.0
IN,ID,OTHER,ID,254900HWNPJW4XTP8491,PT. PETRONAS NIAGA INDONESIA,ID,OTHER,,,phase3_jurisdiction_model,E_model_predicted_jurisdiction,E_model_only,0.5541,0,1,,,,0.0
IN,ID,EUROPE,ID,254900RD2GUA5GA21R07,PT Indo Raya Tenaga,ID,EUROPE,,,phase3_jurisdiction_model,E_model_predicted_jurisdiction,E_model_only,0.5539,0,1,,,,0.0
IN,ID,EUROPE,ID,254900XCVWV9RMXZWZ69,PT Karya Makmur Sejahtera,ID,EUROPE,,,phase3_jurisdiction_model,E_model_predicted_jurisdiction,E_model_only,0.5531,0,1,,,,0.0
IN,ID,EUROPE,ID,529900SX5I5APKIH8E53,PT Krakatau Steel (Persero) Tbk,ID,EUROPE,,,phase3_jurisdiction_model,E_model_predicted_jurisdiction,E_model_only,0.5526,0,1,,,,0.0
IN,ID,OTHER,ID,9845004F8BEND0B39580,JKMAINI PRECISION TECHNOLOGIES,ID,OTHER,,,phase3_jurisdiction_model,E_model_predicted_jurisdiction,E_model_only,0.5525,0,1,,,,0.0
IN,ID,EUROPE,ID,25490014QNS7EV3RBW04,PT Karunia Utama Perdana,ID,EUROPE,,,phase3_jurisdiction_model,E_model_predicted_jurisdiction,E_model_only,0.5519,0,1,,,,0.0
IN,ID,EUROPE,ID,254900IJU6661H8U3Z49,PT Komatsu Astra Finance,ID,EUROPE,,,phase3_jurisdiction_model,E_model_predicted_jurisdiction,E_model_only,0.5519,0,1,,,,0.0
IN,ID,OTHER,ID,254900GR3V23MZQDW822,PT Asuransi MSIG Indonesia,ID,OTHER,,,phase3_jurisdiction_model,E_model_predicted_jurisdiction,E_model_only,0.5516,0,1,,,,0.0
IN,ID,EUROPE,ID,254900Z2B7Y7F69ZZZ04,"PT. Mitra Adiperkasa, Tbk",ID,EUROPE,,,phase3_jurisdiction_model,E_model_predicted_jurisdiction,E_model_only,0.5515,0,1,,,,0.0
IN,ID,EUROPE,ID,254900NUUXHF2RRE7W86,PT TRANS RETAIL INDONESIA,ID,EUROPE,,,phase3_jurisdiction_model,E_model_predicted_jurisdiction,E_model_only,0.5514,0,1,,,,0.0
IN,ID,EUROPE,ID,2138004SJWSCOQCVZ548,PT ANDALAN MULTI GUNA,ID,EUROPE,,,phase3_jurisdiction_model,E_model_predicted_jurisdiction,E_model_only,0.5511,0,1,,,,0.0
IN,ID,OTHER,ID,2549002LCQLL5HNV4M92,"MIDEA PLANET INDONESIA, PT",ID,OTHER,,,phase3_jurisdiction_model,E_model_predicted_jurisdiction,E_model_only,0.5508,0,1,,,,0.0
IN,ID,EUROPE,ID,254900HL5C4GI5370F94,PT Bahana TCW Investment Management,ID,EUROPE,,,phase3_jurisdiction_model,E_model_predicted_jurisdiction,E_model_only,0.5504,0,1,,,,0.0
IN,ID,OTHER,ID,2549008YNMDG6LY4L648,PT. Daesang Ingredients Indonesia,ID,OTHER,,,phase3_jurisdiction_model,E_model_predicted_jurisdiction,E_model_only,0.5502,0,1,,,,0.0
IN,ID,OTHER,ID,254900LL467DP1N6PH13,PT GODREJ CONSUMER PRODUCTS INDONESIA,ID,OTHER,,,phase3_jurisdiction_model,E_model_predicted_jurisdiction,E_model_only,0.5499,0,1,,,,0.0
IN,ID,EUROPE,ID,2138002ZKW2XO1P2HF28,PT HOME CREDIT INDONESIA,ID,EUROPE,,,phase3_jurisdiction_model,E_model_predicted_jurisdiction,E_model_only,0.5497,0,1,,,,0.0
IN,ID,OTHER,ID,254900YO8ORKD44GEO60,PT Vector Infotechnologies Indonesia,ID,OTHER,,,phase3_jurisdiction_model,E_model_predicted_jurisdiction,E_model_only,0.5497,0,1,,,,0.0
IN,ID,OTHER,ID,984500BO24D0F7K52A57,PT Sony Indonesia,ID,OTHER,,,phase3_jurisdiction_model,E_model_predicted_jurisdiction,E_model_only,0.5495,0,1,,,,0.0
IN,ID,OTHER,ID,549300ZJZS8LH511DI12,PT PHILIPS INDONESIA COMMERCIAL,ID,OTHER,,,phase3_jurisdiction_model,E_model_predicted_jurisdiction,E_model_only,0.5492,0,1,,,,0.0
IN,ID,OTHER,ID,254900I26YRZ0IMJSB27,PT Pacific Indopalm Industries,ID,OTHER,,,phase3_jurisdiction_model,E_model_predicted_jurisdiction,E_model_only,0.5489,0,1,,,,0.0
IN,ID,OTHER,ID,254900JPGKTX2VMLJP94,PT INDONESIA GUANG CHING NICKEL AND STAINLESS STEEL INDUSTRY,ID,OTHER,,,phase3_jurisdiction_model,E_model_predicted_jurisdiction,E_model_only,0.5488,0,1,,,,0.0
IN,ID,EUROPE,ID,549300IH2K1V5JTICF06,Reksa Dana Saham Eastspring Investments Alpha Navigator,ID,EUROPE,,,phase3_jurisdiction_model,E_model_predicted_jurisdiction,E_model_only,0.5488,0,1,,,,0.0
IN,ID,EUROPE,ID,254900S6OSRJ34U0BK39,PT DUPOIN FUTURES INDONESIA,ID,EUROPE,,,phase3_jurisdiction_model,E_model_predicted_jurisdiction,E_model_only,0.5486,0,1,,,,0.0
IN,ID,OTHER,ID,254900S5HT0XBVXW7J30,PT Batavia Prosperindo Makmur,ID,OTHER,,,phase3_jurisdiction_model,E_model_predicted_jurisdiction,E_model_only,0.5482,0,1,,,,0.0
IN,ID,OTHER,ID,9845006D2EED89D83E69,PT Gorontalo Sejahtera Mining,ID,OTHER,,,phase3_jurisdiction_model,E_model_predicted_jurisdiction,E_model_only,0.5482,0,1,,,,0.0
IN,ID,OTHER,ID,984500D1HE3BTFABRA63,COCA-COLA INDONESIA,ID,OTHER,,,phase3_jurisdiction_model,E_model_predicted_jurisdiction,E_model_only,0.5481,0,1,,,,0.0
IN,ID,EUROPE,ID,254900QZSG81XWR54K51,PT Agro Wana Lestari,ID,EUROPE,,,phase3_jurisdiction_model,E_model_predicted_jurisdiction,E_model_only,0.5481,0,1,,,,0.0
IN,ID,EUROPE,ID,9845001CAB2CCF607427,Reksa Dana Terproteksi UOBAM Protected I USD,ID,EUROPE,,,phase3_jurisdiction_model,E_model_predicted_jurisdiction,E_model_only,0.5479,0,1,,,,0.0
IN,ID,OTHER,ID,254900Z05E8W7X31K395,PT BUKIT MAKMUR MANDIRI UTAMA,ID,OTHER,,,phase3_jurisdiction_model,E_model_predicted_jurisdiction,E_model_only,0.5478,0,1,,,,0.0
IN,ID,EUROPE,ID,254900AMCKPSJ6IHN259,PT INTRADITA PROSIMPEX,ID,EUROPE,,,phase3_jurisdiction_model,E_model_predicted_jurisdiction,E_model_only,0.5477,0,1,,,,0.0
IN,ID,OTHER,ID,254900FK8ATV6QP3JN95,PT. Jebsen Jessen Ingredients Indonesia,ID,OTHER,,,phase3_jurisdiction_model,E_model_predicted_jurisdiction,E_model_only,0.5477,0,1,,,,0.0
IN,ID,EUROPE,ID,254900RL6TLXO7FQLD46,Reksa Dana Syariah Batavia Global ESG Sharia Equity USD,ID,EUROPE,,,phase3_jurisdiction_model,E_model_predicted_jurisdiction,E_model_only,0.5476,0,1,,,,0.0
IN,ID,EUROPE,ID,549300XTM307XLLYOH19,Reksa Dana Syariah Mandiri Asia Sharia Equity Dollar,ID,EUROPE,,,phase3_jurisdiction_model,E_model_predicted_jurisdiction,E_model_only,0.5476,0,1,,,,0.0
IN,ID,EUROPE,ID,254900G0AVXPV26HIK52,Kongregasi Suster Suster Cinta Kasih Santo Carolus Borromeus,ID,EUROPE,,,phase3_jurisdiction_model,E_model_predicted_jurisdiction,E_model_only,0.5472,0,1,,,,0.0
IN,ID,OTHER,ID,98450004D65J5740CK64,PT Denso Manufacturing Indonesia,ID,OTHER,,,phase3_jurisdiction_model,E_model_predicted_jurisdiction,E_model_only,0.5472,0,1,,,,0.0
IN,ID,EUROPE,ID,254900PVEY9ZBCFX2H57,PT SANY PERKASA,ID,EUROPE,,,phase3_jurisdiction_model,E_model_predicted_jurisdiction,E_model_only,0.547,0,1,,,,0.0
IN,ID,OTHER,ID,984500EF11K643LF6540,PT DREAM TOURS AND TRAVEL,ID,OTHER,,,phase3_jurisdiction_model,E_model_predicted_jurisdiction,E_model_only,0.5458,0,1,,,,0.0
IN,ID,OTHER,ID,9845000E2DA72B2BM920,PT Mars Symbioscience Indonesia,ID,OTHER,,,phase3_jurisdiction_model,E_model_predicted_jurisdiction,E_model_only,0.5458,0,1,,,,0.0
IN,ID,EUROPE,ID,5493004VMI80MVJ0R443,PT Grainland,ID,EUROPE,,,phase3_jurisdiction_model,E_model_predicted_jurisdiction,E_model_only,0.5456,0,1,,,,0.0
IN,ID,OTHER,ID,254900T6WF78EGC0NV85,PT Asuransi Jiwa Starinvestama SA Q Investa Fixed Income Dollar,ID,OTHER,,,phase3_jurisdiction_model,E_model_predicted_jurisdiction,E_model_only,0.545,0,1,,,,0.0
IN,ID,OTHER,ID,254900FPGAX6ZBHJYF88,PT Asuransi Jiwa Starinvestama SA STAR Investama FIxed Income Dollar,ID,OTHER,,,phase3_jurisdiction_model,E_model_predicted_jurisdiction,E_model_only,0.545,0,1,,,,0.0
IN,ID,EUROPE,ID,254900ZXD7WB451FZG89,PT Energi Unggul Persada,ID,EUROPE,,,phase3_jurisdiction_model,E_model_predicted_jurisdiction,E_model_only,0.545,0,1,,,,0.0
IN,ID,EUROPE,ID,9845006376C2GB83AC27,PT Electrolux Indonesia,ID,EUROPE,,,phase3_jurisdiction_model,E_model_predicted_jurisdiction,E_model_only,0.5449,0,1,,,,0.0
IN,ID,EUROPE,ID,254900JNJQ4VYZ3SAA89,PT UOB Kay Hian Sekuritas,ID,EUROPE,,,phase3_jurisdiction_model,E_model_predicted_jurisdiction,E_model_only,0.5443,0,1,,,,0.0
IN,ID,OTHER,ID,2549001TJMZDDC40NY91,REKSA DANA SYARIAH KISI GLOBAL SHARIA TRANSFORMATIVE TECHNOLOGY EQUITY FUND USD,ID,OTHER,,,phase3_jurisdiction_model,E_model_predicted_jurisdiction,E_model_only,0.5439,0,1,,,,0.0
IN,ID,OTHER,ID,2549004JJOL6AMJ44W97,PT Amazon Data Services Indonesia,ID,OTHER,,,phase3_jurisdiction_model,E_model_predicted_jurisdiction,E_model_only,0.5438,0,1,,,,0.0
IN,ID,EUROPE,ID,254900I2DPLD0MIOKX16,REKSA DANA GROW SAHAM INDONESIA PLUS,ID,EUROPE,,,phase3_jurisdiction_model,E_model_predicted_jurisdiction,E_model_only,0.5438,0,1,,,,0.0
IN,ID,EUROPE,ID,549300C4R6NR2T2ZSO19,PT CARGILL TRADING INDONESIA,ID,EUROPE,,,phase3_jurisdiction_model,E_model_predicted_jurisdiction,E_model_only,0.5435,0,1,,,,0.0
IN,ID,OTHER,ID,254900G3H7GQPAKD4N18,PT Mitra Pinasthika Mustika Tbk,ID,OTHER,,,phase3_jurisdiction_model,E_model_predicted_jurisdiction,E_model_only,0.543,0,1,,,,0.0
IN,ID,OTHER,ID,25490019ABALWIGUDM79,PT Energi Mega Persada TBK,ID,OTHER,,,phase3_jurisdiction_model,E_model_predicted_jurisdiction,E_model_only,0.5427,0,1,,,,0.0
IN,ID,EUROPE,ID,549300YR2VFGVTMQY763,Schroder Global Sharia Equity Fund (USD),ID,EUROPE,,,phase3_jurisdiction_model,E_model_predicted_jurisdiction,E_model_only,0.5424,0,1,,,,0.0
IN,ID,OTHER,ID,984500070757DCECBB43,PT NUSANTARA GUODIAN KARANGKATES INDONESIA,ID,OTHER,,,phase3_jurisdiction_model,E_model_predicted_jurisdiction,E_model_only,0.5419,0,1,,,,0.0
IN,ID,EUROPE,ID,984500B48969KA373944,CHANDRA DAYA INVESTASI,ID,EUROPE,,,phase3_jurisdiction_model,E_model_predicted_jurisdiction,E_model_only,0.5414,0,1,,,,0.0
IN,ID,OTHER,ID,254900N4NAM06PT04B51,PT Indonesia Puqing Recycling Technology,ID,OTHER,,,phase3_jurisdiction_model,E_model_predicted_jurisdiction,E_model_only,0.5412,0,1,,,,0.0
IN,ID,EUROPE,ID,254900293PO4Y9XEHT63,PT Home Center Indonesia,ID,EUROPE,,,phase3_jurisdiction_model,E_model_predicted_jurisdiction,E_model_only,0.541,0,1,,,,0.0
IN,ID,OTHER,ID,529900TV2K4TNI883X13,PT. Voith Paper Rolls Indonesia,ID,OTHER,,,phase3_jurisdiction_model,E_model_predicted_jurisdiction,E_model_only,0.541,0,1,,,,0.0
IN,ID,OTHER,ID,2549006MXBXTZNI0BO71,PT Transisi Mobile Indonesia,ID,OTHER,,,phase3_jurisdiction_model,E_model_predicted_jurisdiction,E_model_only,0.5409,0,1,,,,0.0
IN,ID,OTHER,ID,254900A6T3DFUFIE5Y90,PT Bank Pembangunan Daerah Jawa Tengah,ID,OTHER,,,phase3_jurisdiction_model,E_model_predicted_jurisdiction,E_model_only,0.5408,0,1,,,,0.0
IN,ID,EUROPE,ID,54930051RVOVMNITNY08,REKSA DANA TERPROTEKSI MANDIRI INVESTA CAPITAL PROTECTED DOLLAR FUND 3,ID,EUROPE,,,phase3_jurisdiction_model,E_model_predicted_jurisdiction,E_model_only,0.54,0,1,,,,0.0
IN,ID,EUROPE,ID,98450061A51F15F87E35,INDO AGRITECH INVESTMENT,ID,EUROPE,,,phase3_jurisdiction_model,E_model_predicted_jurisdiction,E_model_only,0.5398,0,1,,,,0.0
IN,ID,EUROPE,ID,254900ZAWDI91Z92XH38,PT Intermedia Capital Tbk,ID,EUROPE,,,phase3_jurisdiction_model,E_model_predicted_jurisdiction,E_model_only,0.5395,0,1,,,,0.0
IN,ID,EUROPE,ID,254900ARFWZH6BQ95Q17,PT ERA DIGITAL MEDIA Tbk.,ID,EUROPE,,,phase3_jurisdiction_model,E_model_predicted_jurisdiction,E_model_only,0.5389,0,1,,,,0.0
IN,ID,OTHER,ID,8945002VBH3XB8VWJU24,PT The Greenworld Indonesia,ID,OTHER,,,phase3_jurisdiction_model,E_model_predicted_jurisdiction,E_model_only,0.5389,0,1,,,,0.0
IN,ID,OTHER,ID,529900WE34Z6GL9E7C72,PT AIK MOH CHEMICALS INDONESIA,ID,OTHER,,,phase3_jurisdiction_model,E_model_predicted_jurisdiction,E_model_only,0.5375,0,1,,,,0.0
IN,ID,OTHER,ID,549300L4EBYEYQT34F06,REKSA DANA SYARIAH SCHRODER GLOBAL SHARIA MULTI-THEMATIC EQUITY USD,ID,OTHER,,,phase3_jurisdiction_model,E_model_predicted_jurisdiction,E_model_only,0.536,0,1,,,,0.0
IN,ID,EUROPE,ID,984500AFDB1008MA0807,STAR REACHERS INDONESIA,ID,EUROPE,,,phase3_jurisdiction_model,E_model_predicted_jurisdiction,E_model_only,0.5351,0,1,,,,0.0
IN,ID,EUROPE,ID,254900ID7MGTMZI92B10,PT KIWOOM SEKURITAS INDONESIA,ID,EUROPE,,,phase3_jurisdiction_model,E_model_predicted_jurisdiction,E_model_only,0.5348,0,1,,,,0.0
IN,ID,OTHER,ID,254900XUVY4KFCQR8719,PT Multi Persada Nusantara,ID,OTHER,,,phase3_jurisdiction_model,E_model_predicted_jurisdiction,E_model_only,0.5347,0,1,,,,0.0
IN,ID,OTHER,ID,2549005HCGBIEN8G5445,PT Antara Elektronik Transaksi Pratama,ID,OTHER,,,phase3_jurisdiction_model,E_model_predicted_jurisdiction,E_model_only,0.5343,0,1,,,,0.0
IN,ID,EUROPE,ID,549300TJL94FO5NP3S81,PT KOHLER MANUFACTURING INDONESIA,ID,EUROPE,,,phase3_jurisdiction_model,E_model_predicted_jurisdiction,E_model_only,0.5342,0,1,,,,0.0
IN,ID,EUROPE,ID,254900QTUILRMAQ79O64,PT Maju Bersama Gemilang,ID,EUROPE,,,phase3_jurisdiction_model,E_model_predicted_jurisdiction,E_model_only,0.5339,0,1,,,,0.0
IN,ID,OTHER,ID,254900G3L2Z0HNRV7W43,PT Indonesia BTR New Energy Material,ID,OTHER,,,phase3_jurisdiction_model,E_model_predicted_jurisdiction,E_model_only,0.5337,0,1,,,,0.0
IN,ID,OTHER,ID,984500EA62A574BA7880,PT Kawan Lama Internusa,ID,OTHER,,,phase3_jurisdiction_model,E_model_predicted_jurisdiction,E_model_only,0.5331,0,1,,,,0.0
IN,ID,EUROPE,ID,254900L4DA9N61J4B877,PT MODERNLAND REALTY Tbk.,ID,EUROPE,,,phase3_jurisdiction_model,E_model_predicted_jurisdiction,E_model_only,0.5331,0,1,,,,0.0
IN,ID,EUROPE,ID,213800Z5GOTGXZYZ7585,PT NTT INDONESIA SOLUTIONS,ID,EUROPE,,,phase3_jurisdiction_model,E_model_predicted_jurisdiction,E_model_only,0.5331,0,1,,,,0.0
IN,ID,OTHER,ID,2549008IJ9EZ9G2CVN21,"Dunia Investama Sejahtera, PT",ID,OTHER,,,phase3_jurisdiction_model,E_model_predicted_jurisdiction,E_model_only,0.533,0,1,,,,0.0
IN,ID,EUROPE,ID,549300K1GF7D3VC6TZ97,PT WIJAYA KARYA (PERSERO) TBK,ID,EUROPE,,,phase3_jurisdiction_model,E_model_predicted_jurisdiction,E_model_only,0.5329,0,1,,,,0.0
IN,ID,OTHER,ID,254900YV959J9CVLB067,PT. Super Capital Indonesia,ID,OTHER,,,phase3_jurisdiction_model,E_model_predicted_jurisdiction,E_model_only,0.5325,0,1,,,,0.0
IN,ID,EUROPE,ID,213800DX82ZRL7R34377,PT AMTRUST MOBILE SOLUTIONS INDONESIA HOLDINGS,ID,EUROPE,,,phase3_jurisdiction_model,E_model_predicted_jurisdiction,E_model_only,0.5324,0,1,,,,0.0
IN,ID,EUROPE,ID,984500533CBL2BB40035,PT Catur Agrodaya Mandiri,ID,EUROPE,,,phase3_jurisdiction_model,E_model_predicted_jurisdiction,E_model_only,0.5323,0,1,,,,0.0
IN,ID,OTHER,ID,254900FYJN01BUT6YG98,PT. DYNAPACK INDONESIA,ID,OTHER,,,phase3_jurisdiction_model,E_model_predicted_jurisdiction,E_model_only,0.5322,0,1,,,,0.0
IN,ID,OTHER,ID,2549003UI8UOGI9VXK64,"PT Agung Podomoro Land, Tbk.",ID,OTHER,,,phase3_jurisdiction_model,E_model_predicted_jurisdiction,E_model_only,0.5321,0,1,,,,0.0
IN,ID,OTHER,ID,984500DE704KE7E4F569,PT Astra Auto Finance,ID,OTHER,,,phase3_jurisdiction_model,E_model_predicted_jurisdiction,E_model_only,0.532,0,1,,,,0.0
IN,ID,OTHER,ID,2549003XWTG5FZQ97U74,PT Nadesico Nickel Industry,ID,OTHER,,,phase3_jurisdiction_model,E_model_predicted_jurisdiction,E_model_only,0.5313,0,1,,,,0.0
IN,ID,OTHER,ID,254900Y6RQWJTTG87U84,PT CND INTERNATIONAL TRADE INDONESIA,ID,OTHER,,,phase3_jurisdiction_model,E_model_predicted_jurisdiction,E_model_only,0.5311,0,1,,,,0.0
IN,ID,OTHER,ID,254900QUU1GE3QIOEI34,PT Sands Capital Indonesia,ID,OTHER,,,phase3_jurisdiction_model,E_model_predicted_jurisdiction,E_model_only,0.5309,0,1,,,,0.0
IN,ID,OTHER,ID,254900RGM98WZ48CIE80,PT Eka Dharma Jaya Sakti,ID,OTHER,,,phase3_jurisdiction_model,E_model_predicted_jurisdiction,E_model_only,0.5299,0,1,,,,0.0
IN,ID,OTHER,ID,2549004K4F9F8LHI3A49,PT PETER CREMER INDONESIA,ID,OTHER,,,phase3_jurisdiction_model,E_model_predicted_jurisdiction,E_model_only,0.5296,0,1,,,,0.0
IN,ID,OTHER,ID,254900YKZW9GRKZZN285,PT Indofood CBP Sukses Makmur TBK.,ID,OTHER,,,phase3_jurisdiction_model,E_model_predicted_jurisdiction,E_model_only,0.5295,0,1,,,,0.0
IN,ID,OTHER,ID,254900CJTPD74KDQD532,PT Peak Sekuritas Indonesia,ID,OTHER,,,phase3_jurisdiction_model,E_model_predicted_jurisdiction,E_model_only,0.529,0,1,,,,0.0
IN,ID,OTHER,ID,9845009EA964BCACAK10,PT Merdeka Gold Resources,ID,OTHER,,,phase3_jurisdiction_model,E_model_predicted_jurisdiction,E_model_only,0.5287,0,1,,,,0.0
IN,ID,OTHER,ID,254900Z5ZK0ZHZHPIM67,PT TBS Energi Utama Tbk,ID,OTHER,,,phase3_jurisdiction_model,E_model_predicted_jurisdiction,E_model_only,0.5287,0,1,,,,0.0
IN,ID,OTHER,ID,25490029JL0QGPFKZP24,PT Profesional Telekomunikasi Indonesia,ID,OTHER,,,phase3_jurisdiction_model,E_model_predicted_jurisdiction,E_model_only,0.528,0,1,,,,0.0
IN,ID,OTHER,ID,254900KR43CL1CZEPX29,PT FWD INSURANCE INDONESIA,ID,OTHER,,,phase3_jurisdiction_model,E_model_predicted_jurisdiction,E_model_only,0.5279,0,1,,,,0.0
IN,ID,EUROPE,ID,2549003YZ66B7UT3AV53,PT. SCG INTERNATIONAL INDONESIA,ID,EUROPE,,,phase3_jurisdiction_model,E_model_predicted_jurisdiction,E_model_only,0.5279,0,1,,,,0.0
IN,ID,EUROPE,ID,98450003F1F2D08D9C16,PT KRAKATAU POSCO,ID,EUROPE,,,phase3_jurisdiction_model,E_model_predicted_jurisdiction,E_model_only,0.5276,0,1,,,,0.0
IN,ID,OTHER,ID,2549007CBFC54JAZMQ78,PT SURYA TIMUR ALAM RAYA ASSET MANAGEMENT,ID,OTHER,,,phase3_jurisdiction_model,E_model_predicted_jurisdiction,E_model_only,0.5276,0,1,,,,0.0
IN,ID,EUROPE,ID,9845004DD3EZDDF06793,PT Asahimas Chemical,ID,EUROPE,,,phase3_jurisdiction_model,E_model_predicted_jurisdiction,E_model_only,0.5274,0,1,,,,0.0
IN,ID,EUROPE,ID,21380046Z1FXE7SJQP60,HELEN OLIVER'S TRUST FOR SARAH PEACOCK,ID,EUROPE,,,phase3_jurisdiction_model,E_model_predicted_jurisdiction,E_model_only,0.5273,0,1,,,,0.0
IN,ID,OTHER,ID,549300YZUP3PTRF84T40,Reksa Dana Syariah Eastspring Syariah Equity Islamic Asia Pacific USD,ID,OTHER,,,phase3_jurisdiction_model,E_model_predicted_jurisdiction,E_model_only,0.5273,0,1,,,,0.0
IN,ID,OTHER,ID,549300RX6V32COF2JV49,PT SUZUKI FINANCE INDONESIA,ID,OTHER,,,phase3_jurisdiction_model,E_model_predicted_jurisdiction,E_model_only,0.5265,0,1,,,,0.0
IN,ID,EUROPE,ID,9845000CEB4CBF547C35,PT Tigadaya Minergy,ID,EUROPE,,,phase3_jurisdiction_model,E_model_predicted_jurisdiction,E_model_only,0.5262,0,1,,,,0.0
IN,ID,OTHER,ID,984500GA1FBZTD449F34,PT HARIJADI MAKMUR INVESTAMA,ID,OTHER,,,phase3_jurisdiction_model,E_model_predicted_jurisdiction,E_model_only,0.5252,0,1,,,,0.0
IN,ID,EUROPE,ID,5299006MJEWGZ9Z8P528,PT. M-I Production Chemicals Indonesia,ID,EUROPE,,,phase3_jurisdiction_model,E_model_predicted_jurisdiction,E_model_only,0.5252,0,1,,,,0.0
IN,ID,OTHER,ID,98450090CTCAD1C1E486,PT Visi Kreasi Indonesia,ID,OTHER,,,phase3_jurisdiction_model,E_model_predicted_jurisdiction,E_model_only,0.5249,0,1,,,,0.0
IN,ID,EUROPE,ID,984500UFC5AFM6F86E91,ABADIMAS INVESTAMA,ID,EUROPE,,,phase3_jurisdiction_model,E_model_predicted_jurisdiction,E_model_only,0.5248,0,1,,,,0.0
IN,ID,OTHER,ID,254900ZET0PTVUNKS173,PT BANK PEMBANGUNAN DAERAH SUMATERA SELATAN DAN BANGKA BELITUNG,ID,OTHER,,,phase3_jurisdiction_model,E_model_predicted_jurisdiction,E_model_only,0.5248,0,1,,,,0.0
IN,ID,OTHER,ID,984500TA3EE039CCD513,PT Global Creation Nusantara,ID,OTHER,,,phase3_jurisdiction_model,E_model_predicted_jurisdiction,E_model_only,0.5246,0,1,,,,0.0
IN,ID,OTHER,ID,254900FVR6OAZ0BI5F31,PT XCMG GROUP INDONESIA,ID,OTHER,,,phase3_jurisdiction_model,E_model_predicted_jurisdiction,E_model_only,0.5244,0,1,,,,0.0
IN,ID,OTHER,ID,254900CWRKGLB0IQJK50,PT Finaccel Teknologi Indonesia,ID,OTHER,,,phase3_jurisdiction_model,E_model_predicted_jurisdiction,E_model_only,0.5243,0,1,,,,0.0
IN,ID,OTHER,ID,9845004C9Z4C3E640D89,PT GUODIAN POWER JASA TIRTA INVESTASI,ID,OTHER,,,phase3_jurisdiction_model,E_model_predicted_jurisdiction,E_model_only,0.5242,0,1,,,,0.0
IN,ID,OTHER,ID,2549006CGEYG1S5HH310,PT VATA KIRANA NIRVANA,ID,OTHER,,,phase3_jurisdiction_model,E_model_predicted_jurisdiction,E_model_only,0.524,0,1,,,,0.0
IN,ID,EUROPE,ID,894500IMURWSIZMWST44,PT INFINY NIAGA ABADI,ID,EUROPE,,,phase3_jurisdiction_model,E_model_predicted_jurisdiction,E_model_only,0.5238,0,1,,,,0.0
IN,ID,EUROPE,ID,25490075PGS91BAA5X57,PT Bank Mega Tbk,ID,EUROPE,,,phase3_jurisdiction_model,E_model_predicted_jurisdiction,E_model_only,0.5235,0,1,,,,0.0
IN,ID,EUROPE,ID,529900446D0A6MP4PP55,PT Dian Swastatika Sentosa Tbk,ID,EUROPE,,,phase3_jurisdiction_model,E_model_predicted_jurisdiction,E_model_only,0.5235,0,1,,,,0.0
IN,ID,EUROPE,ID,2549006JSD2YLKN6YG76,PT ECS Indo Jaya,ID,EUROPE,,,phase3_jurisdiction_model,E_model_predicted_jurisdiction,E_model_only,0.5235,0,1,,,,0.0
IN,ID,EUROPE,ID,529900LW3VAOHNNTPF45,PT Pelayaran Tempuran Emas Tbk,ID,EUROPE,,,phase3_jurisdiction_model,E_model_predicted_jurisdiction,E_model_only,0.5235,0,1,,,,0.0
IN,ID,EUROPE,ID,213800ELUARKGNPAPY10,PT TOWER BERSAMA INFRASTRUCTURE,ID,EUROPE,,,phase3_jurisdiction_model,E_model_predicted_jurisdiction,E_model_only,0.5234,0,1,,,,0.0
IN,ID,OTHER,ID,254900LAF8G1A840J002,PT Asuransi Takaful Keluarga,ID,OTHER,,,phase3_jurisdiction_model,E_model_predicted_jurisdiction,E_model_only,0.5231,0,1,,,,0.0
IN,ID,OTHER,ID,254900H3MSYMD9RAS411,"Stamford Tyres Distributor Indonesia, PT",ID,OTHER,,,phase3_jurisdiction_model,E_model_predicted_jurisdiction,E_model_only,0.5224,0,1,,,,0.0
IN,ID,EUROPE,ID,2549003GE998LAYNV684,"Delta Merlin Sandang Tekstil, PT",ID,EUROPE,,,phase3_jurisdiction_model,E_model_predicted_jurisdiction,E_model_only,0.5221,0,1,,,,0.0
IN,ID,EUROPE,ID,25490070N65NFGES4F26,PT Pakuwon Arthaniaga,ID,EUROPE,,,phase3_jurisdiction_model,E_model_predicted_jurisdiction,E_model_only,0.5221,0,1,,,,0.0
IN,ID,OTHER,ID,2549004SZASOKJHK2465,PT SUN PAPER SOURCE,ID,OTHER,,,phase3_jurisdiction_model,E_model_predicted_jurisdiction,E_model_only,0.522,0,1,,,,0.0
IN,ID,EUROPE,ID,254900UNZ6V13HUYW284,PT Wilmar Nabati Indonesia,ID,EUROPE,,,phase3_jurisdiction_model,E_model_predicted_jurisdiction,E_model_only,0.522,0,1,,,,0.0
IN,ID,OTHER,ID,549300ECH7PTJCCZX406,PT UOP INDONESIA,ID,OTHER,,,phase3_jurisdiction_model,E_model_predicted_jurisdiction,E_model_only,0.5219,0,1,,,,0.0
IN,ID,EUROPE,ID,984500E05BDB2CE03R16,LOUIS VUITTON INDONESIA,ID,EUROPE,,,phase3_jurisdiction_model,E_model_predicted_jurisdiction,E_model_only,0.5214,0,1,,,,0.0
IN,ID,EUROPE,ID,2549008LV7QO5TVV5F63,PT. HINO FINANCE INDONESIA,ID,EUROPE,,,phase3_jurisdiction_model,E_model_predicted_jurisdiction,E_model_only,0.5213,0,1,,,,0.0
IN,ID,OTHER,ID,254900270ZM1YWVT7P54,PT OKI Pulp & Paper Mills,ID,OTHER,,,phase3_jurisdiction_model,E_model_predicted_jurisdiction,E_model_only,0.5211,0,1,,,,0.0
IN,ID,EUROPE,ID,9845009F5BE1ED391D91,PT DWIPA ALAM PERKASA,ID,EUROPE,,,phase3_jurisdiction_model,E_model_predicted_jurisdiction,E_model_only,0.521,0,1,,,,0.0
IN,ID,OTHER,ID,254900IYUN0QU5B91I54,PT CHARGED FLEET INDONESIA,ID,OTHER,,,phase3_jurisdiction_model,E_model_predicted_jurisdiction,E_model_only,0.5207,0,1,,,,0.0
IN,ID,OTHER,ID,254900W72DGKLENFAD25,PT JJ-Lapp Cable Indonesia,ID,OTHER,,,phase3_jurisdiction_model,E_model_predicted_jurisdiction,E_model_only,0.5207,0,1,,,,0.0
IN,ID,OTHER,ID,254900IQIAZ1QI18SX79,PT. SURYA ARTHA NUSANTARA FINANCE,ID,OTHER,,,phase3_jurisdiction_model,E_model_predicted_jurisdiction,E_model_only,0.5207,0,1,,,,0.0
IN,ID,OTHER,ID,984500774550C9C76F74,PT DWI DAYA WORLD WIDE,ID,OTHER,,,phase3_jurisdiction_model,E_model_predicted_jurisdiction,E_model_only,0.5203,0,1,,,,0.0
IN,ID,EUROPE,ID,254900S6W9XVN384W988,PT. ASURANSI SAMSUNG TUGU,ID,EUROPE,,,phase3_jurisdiction_model,E_model_predicted_jurisdiction,E_model_only,0.5202,0,1,,,,0.0
IN,ID,EUROPE,ID,254900RGBIMYS8R48S10,P.T. Trakindo Utama,ID,EUROPE,,,phase3_jurisdiction_model,E_model_predicted_jurisdiction,E_model_only,0.5197,0,1,,,,0.0
IN,ID,OTHER,ID,254900B7G41QVRP9Y389,PT Asuransi Tugu Pratama Indonesia Tbk,ID,OTHER,,,phase3_jurisdiction_model,E_model_predicted_jurisdiction,E_model_only,0.5195,0,1,,,,0.0
IN,ID,OTHER,ID,9845006840DBFC82BA15,PT ARKATAMA ANUGERAH ABADI,ID,OTHER,,,phase3_jurisdiction_model,E_model_predicted_jurisdiction,E_model_only,0.519,0,1,,,,0.0
IN,ID,OTHER,ID,254900HOIFQ7755KTX11,PT Grow Investments Indonesia,ID,OTHER,,,phase3_jurisdiction_model,E_model_predicted_jurisdiction,E_model_only,0.5189,0,1,,,,0.0
IN,ID,OTHER,ID,254900TB215XC87MHW14,PT MIZUHO LEASING INDONESIA TBK,ID,OTHER,,,phase3_jurisdiction_model,E_model_predicted_jurisdiction,E_model_only,0.5188,0,1,,,,0.0
IN,ID,OTHER,ID,894500VPPO9IHQ9TAL10,"Mandiri karya utama rizky,PT",ID,OTHER,,,phase3_jurisdiction_model,E_model_predicted_jurisdiction,E_model_only,0.5184,0,1,,,,0.0
IN,ID,EUROPE,ID,254900ZQ03X42TE2EN72,PT. BRI Manajemen Investasi,ID,EUROPE,,,phase3_jurisdiction_model,E_model_predicted_jurisdiction,E_model_only,0.5184,0,1,,,,0.0
IN,ID,EUROPE,ID,2549009Z0YED3S2BID40,"ADARO INDONESIA, PT",ID,EUROPE,,,phase3_jurisdiction_model,E_model_predicted_jurisdiction,E_model_only,0.5181,0,1,,,,0.0
IN,ID,OTHER,ID,2549007K9P6AA5ZFX960,REKSA DANA SYARIAH MAYBANK GLOBAL EQUITY TECHNOLOGY SYARIAH USD,ID,OTHER,,,phase3_jurisdiction_model,E_model_predicted_jurisdiction,E_model_only,0.5173,0,1,,,,0.0
IN,ID,OTHER,ID,254900W35AGKR3UZB817,PT Aneka Petroindo Raya,ID,OTHER,,,phase3_jurisdiction_model,E_model_predicted_jurisdiction,E_model_only,0.517,0,1,,,,0.0
IN,ID,EUROPE,ID,549300RV35EPTV9IUT09,PT KGI SEKURITAS INDONESIA,ID,EUROPE,,,phase3_jurisdiction_model,E_model_predicted_jurisdiction,E_model_only,0.5169,0,1,,,,0.0
IN,ID,OTHER,ID,2549009E8WP1VYXKLH54,PT Satya Mulia Gema Gemilang,ID,OTHER,,,phase3_jurisdiction_model,E_model_predicted_jurisdiction,E_model_only,0.5168,0,1,,,,0.0
IN,ID,EUROPE,ID,254900X2NUD6BMNZKP36,PT Kilang Pertamina Balikpapan,ID,EUROPE,,,phase3_jurisdiction_model,E_model_predicted_jurisdiction,E_model_only,0.5162,0,1,,,,0.0
IN,ID,OTHER,ID,984500873680C5B39704,PT Yuk Travel Indonesia,ID,OTHER,,,phase3_jurisdiction_model,E_model_predicted_jurisdiction,E_model_only,0.5161,0,1,,,,0.0
IN,ID,EUROPE,ID,529900E61EV2GTYWZ485,PT Indofood Sukses Makmur TBK,ID,EUROPE,,,phase3_jurisdiction_model,E_model_predicted_jurisdiction,E_model_only,0.516,0,1,,,,0.0
IN,ID,OTHER,ID,254900YN7RH1JFLP4J36,PT MEDCO ENERGI INTERNASIONAL Tbk.,ID,OTHER,,,phase3_jurisdiction_model,E_model_predicted_jurisdiction,E_model_only,0.516,0,1,,,,0.0
IN,ID,OTHER,ID,254900LTRS6XAV1DNT70,PT. Batavia Prosperindo Internasional TBK,ID,OTHER,,,phase3_jurisdiction_model,E_model_predicted_jurisdiction,E_model_only,0.516,0,1,,,,0.0
IN,ID,OTHER,ID,254900EQJ8IILA8P2U12,PT Electra Mobilitas Indonesia,ID,OTHER,,,phase3_jurisdiction_model,E_model_predicted_jurisdiction,E_model_only,0.5158,0,1,,,,0.0
IN,ID,EUROPE,ID,254900BBCMW8YHOQHD27,PT Beko Appliances Indonesia,ID,EUROPE,,,phase3_jurisdiction_model,E_model_predicted_jurisdiction,E_model_only,0.5154,0,1,,,,0.0
IN,ID,OTHER,ID,984500CD3FK57DE4D718,PT Dow Indonesia,ID,OTHER,,,phase3_jurisdiction_model,E_model_predicted_jurisdiction,E_model_only,0.5148,0,1,,,,0.0
IN,ID,OTHER,ID,984500E59FFC768F1F86,PT Nsk Indonesia,ID,OTHER,,,phase3_jurisdiction_model,E_model_predicted_jurisdiction,E_model_only,0.5148,0,1,,,,0.0
IN,ID,OTHER,ID,254900EVVYD1QS7NSF53,PT. KSB INDONESIA,ID,OTHER,,,phase3_jurisdiction_model,E_model_predicted_jurisdiction,E_model_only,0.5148,0,1,,,,0.0
IN,ID,OTHER,ID,254900U2EY63VO4W8147,PT. BINA ARTA CHARISMA,ID,OTHER,,,phase3_jurisdiction_model,E_model_predicted_jurisdiction,E_model_only,0.5146,0,1,,,,0.0
IN,ID,OTHER,ID,25490008PE85CK9CUC92,PT. INDO-RAMA SYNTHETICS TBK,ID,OTHER,,,phase3_jurisdiction_model,E_model_predicted_jurisdiction,E_model_only,0.5146,0,1,,,,0.0
IN,ID,OTHER,ID,984500C0DF58D15F4415,PT Genesis Gemilang Futures,ID,OTHER,,,phase3_jurisdiction_model,E_model_predicted_jurisdiction,E_model_only,0.5143,0,1,,,,0.0
IN,ID,OTHER,ID,984500HD4562E52ABB53,JAVA TAIKO MINERALINDO,ID,OTHER,,,phase3_jurisdiction_model,E_model_predicted_jurisdiction,E_model_only,0.5141,0,1,,,,0.0
IN,ID,EUROPE,ID,254900KGBVBAHV3YD458,PT Baramulti Suksessarana Tbk.,ID,EUROPE,,,phase3_jurisdiction_model,E_model_predicted_jurisdiction,E_model_only,0.514,0,1,,,,0.0
IN,ID,OTHER,ID,9845001S5YNC57Q3C143,PT Dsi Indonesia,ID,OTHER,,,phase3_jurisdiction_model,E_model_predicted_jurisdiction,E_model_only,0.5136,0,1,,,,0.0
IN,ID,EUROPE,ID,875500UIACF3NNGP4I32,PT PEMBANGKITAN JAWA BALI MASDAR SOLAR ENERGI,ID,EUROPE,,,phase3_jurisdiction_model,E_model_predicted_jurisdiction,E_model_only,0.5135,0,1,,,,0.0
IN,ID,OTHER,ID,254900XH3NCHZEKRUY24,"""Bumimulia Indah Lestari"" PT",ID,OTHER,,,phase3_jurisdiction_model,E_model_predicted_jurisdiction,E_model_only,0.5131,0,1,,,,0.0
IN,ID,OTHER,ID,984500DA1C0AE7396331,TOYOTA-ASTRA MOTOR,ID,OTHER,,,phase3_jurisdiction_model,E_model_predicted_jurisdiction,E_model_only,0.5129,0,1,,,,0.0
IN,ID,EUROPE,ID,254900Z0E0NSNK5OLR16,"Multipolar, PT TBK",ID,EUROPE,,,phase3_jurisdiction_model,E_model_predicted_jurisdiction,E_model_only,0.5125,0,1,,,,0.0
IN,ID,EUROPE,ID,5299004YVLW9J08ITY27,PT PP LONDON SUMATRA INDONESIA Tbk,ID,EUROPE,,,phase3_jurisdiction_model,E_model_predicted_jurisdiction,E_model_only,0.5124,0,1,,,,0.0
IN,ID,OTHER,ID,984500957F7072F4BB51,Yayasan Abadi Amanah Global,ID,OTHER,,,phase3_jurisdiction_model,E_model_predicted_jurisdiction,E_model_only,0.5121,0,1,,,,0.0
IN,ID,OTHER,ID,984500C3B007EQ933B58,PT CAKRA NUSANTARA BERSAMA,ID,OTHER,,,phase3_jurisdiction_model,E_model_predicted_jurisdiction,E_model_only,0.512,0,1,,,,0.0
IN,ID,OTHER,ID,213800OJV7OLU9NDZD11,PT FONTERRA BRANDS MANUFACTURING INDONESIA,ID,OTHER,,,phase3_jurisdiction_model,E_model_predicted_jurisdiction,E_model_only,0.512,0,1,,,,0.0
IN,ID,EUROPE,ID,984500DE8908A6E79Q45,SAMIRA ALI WISATA,ID,EUROPE,,,phase3_jurisdiction_model,E_model_predicted_jurisdiction,E_model_only,0.5118,0,1,,,,0.0
IN,ID,EUROPE,ID,254900DMPQR6XE1E1K57,"Sepatu Bata, PT.TBK",ID,EUROPE,,,phase3_jurisdiction_model,E_model_predicted_jurisdiction,E_model_only,0.5117,0,1,,,,0.0
IN,ID,OTHER,ID,549300XDRUL0TUQLQY80,PT CREDIT SUISSE SEKURITAS INDONESIA,ID,OTHER,,,phase3_jurisdiction_model,E_model_predicted_jurisdiction,E_model_only,0.5114,0,1,,,,0.0
IN,ID,EUROPE,ID,254900YP9QCW8JYQ9F90,PT Langit Metal Industry,ID,EUROPE,,,phase3_jurisdiction_model,E_model_predicted_jurisdiction,E_model_only,0.5114,0,1,,,,0.0
IN,ID,OTHER,ID,549300RZS5B3T5F2LD86,PT MANULIFE ASET MANAJEMEN INDONESIA,ID,OTHER,,,phase3_jurisdiction_model,E_model_predicted_jurisdiction,E_model_only,0.5114,0,1,,,,0.0
IN,ID,EUROPE,ID,894500E3HMB87QIZKD33,PT Narendra Inti Corpora,ID,EUROPE,,,phase3_jurisdiction_model,E_model_predicted_jurisdiction,E_model_only,0.5114,0,1,,,,0.0
IN,ID,EUROPE,ID,984500E115F9E5FE3657,PT Arminareka Perdana,ID,EUROPE,,,phase3_jurisdiction_model,E_model_predicted_jurisdiction,E_model_only,0.5113,0,1,,,,0.0
IN,ID,OTHER,ID,9845009C3DEBA7DRBF78,PT Plutonext Digital Aset,ID,OTHER,,,phase3_jurisdiction_model,E_model_predicted_jurisdiction,E_model_only,0.5113,0,1,,,,0.0
IN,ID,EUROPE,ID,549300CX0MET33HKK004,PT HONEYWELL INDONESIA TRADING,ID,EUROPE,,,phase3_jurisdiction_model,E_model_predicted_jurisdiction,E_model_only,0.511,0,1,,,,0.0
IN,ID,EUROPE,ID,98450003K835C51DEE88,SYNPULSE INDONESIA MANAGEMENT CONSULTING,ID,EUROPE,,,phase3_jurisdiction_model,E_model_predicted_jurisdiction,E_model_only,0.5109,0,1,,,,0.0
IN,ID,EUROPE,ID,2549000JMJUYB9U5Y204,PT Ciputra Development Tbk.,ID,EUROPE,,,phase3_jurisdiction_model,E_model_predicted_jurisdiction,E_model_only,0.5107,0,1,,,,0.0
IN,ID,EUROPE,ID,25490008EK689CFI2636,PT Satelit Nusantara Tiga,ID,EUROPE,,,phase3_jurisdiction_model,E_model_predicted_jurisdiction,E_model_only,0.5106,0,1,,,,0.0
IN,ID,OTHER,ID,984500CEBCF9E8CEBD57,PT Pasopati Setia Perkasa,ID,OTHER,,,phase3_jurisdiction_model,E_model_predicted_jurisdiction,E_model_only,0.5104,0,1,,,,0.0
IN,ID,EUROPE,ID,894500UAQMBED8HQ4T79,PT Jscapital Investasi Gesit,ID,EUROPE,,,phase3_jurisdiction_model,E_model_predicted_jurisdiction,E_model_only,0.5101,0,1,,,,0.0
IN,ID,EUROPE,ID,254900R0EPRWR22BD386,PT RESTU MAHKOTA KARYA,ID,EUROPE,,,phase3_jurisdiction_model,E_model_predicted_jurisdiction,E_model_only,0.5098,0,1,,,,0.0
IN,ID,EUROPE,ID,254900IJ4XZYQWXRQF57,PT AVRIST ASSURANCE,ID,EUROPE,,,phase3_jurisdiction_model,E_model_predicted_jurisdiction,E_model_only,0.5097,0,1,,,,0.0
IN,ID,EUROPE,ID,2549009YOC3I5OS48I77,PT Well Harvest Winning Alumina Refinery,ID,EUROPE,,,phase3_jurisdiction_model,E_model_predicted_jurisdiction,E_model_only,0.5097,0,1,,,,0.0
IN,ID,EUROPE,ID,254900IM7G1V5E1W2L15,PT. Tjipta Dinamika,ID,EUROPE,,,phase3_jurisdiction_model,E_model_predicted_jurisdiction,E_model_only,0.5097,0,1,,,,0.0
IN,ID,EUROPE,ID,254900UTFF76ILHGHA51,PT. SGMW Motor Indonesia,ID,EUROPE,,,phase3_jurisdiction_model,E_model_predicted_jurisdiction,E_model_only,0.5094,0,1,,,,0.0
IN,ID,OTHER,ID,254900740C0WW1F37K33,PT Obsidian Stainless Steel,ID,OTHER,,,phase3_jurisdiction_model,E_model_predicted_jurisdiction,E_model_only,0.5089,0,1,,,,0.0
IN,ID,OTHER,ID,254900RKS383HWGAFU89,PT IDEMITSU LUBE INDONESIA,ID,OTHER,,,phase3_jurisdiction_model,E_model_predicted_jurisdiction,E_model_only,0.5087,0,1,,,,0.0
IN,ID,OTHER,ID,254900591QQMUG1ILC57,PT. Capital Megah Mandiri,ID,OTHER,,,phase3_jurisdiction_model,E_model_predicted_jurisdiction,E_model_only,0.5087,0,1,,,,0.0
IN,ID,OTHER,ID,98450078D3E57589E035,PT PALOBORAN MULTI BARATAMA,ID,OTHER,,,phase3_jurisdiction_model,E_model_predicted_jurisdiction,E_model_only,0.5086,0,1,,,,0.0
IN,ID,OTHER,ID,9845009CAA48C9D74869,PT VENTURA SEMESTA WISATA,ID,OTHER,,,phase3_jurisdiction_model,E_model_predicted_jurisdiction,E_model_only,0.5086,0,1,,,,0.0
IN,ID,EUROPE,ID,254900OYVDRYS9J51J61,PT. PLN (PERSERO),ID,EUROPE,,,phase3_jurisdiction_model,E_model_predicted_jurisdiction,E_model_only,0.5085,0,1,,,,0.0
IN,ID,EUROPE,ID,254900J0LXJ4MNHV8X83,PT. Perwira Adhitama Sejati,ID,EUROPE,,,phase3_jurisdiction_model,E_model_predicted_jurisdiction,E_model_only,0.5084,0,1,,,,0.0
IN,ID,EUROPE,ID,254900NRR0WYESDXAX13,PT. Solusi Investasi Global,ID,EUROPE,,,phase3_jurisdiction_model,E_model_predicted_jurisdiction,E_model_only,0.5084,0,1,,,,0.0
IN,ID,OTHER,ID,254900P7XI2CT5BUEN68,PT Pacific Palmindo Industri,ID,OTHER,,,phase3_jurisdiction_model,E_model_predicted_jurisdiction,E_model_only,0.5082,0,1,,,,0.0
IN,ID,OTHER,ID,254900146Z996100HK31,PT Chandra Asri Petrochemical Tbk,ID,OTHER,,,phase3_jurisdiction_model,E_model_predicted_jurisdiction,E_model_only,0.508,0,1,,,,0.0
IN,ID,EUROPE,ID,254900MMQ329FKM5DI70,PT PIAGGIO INDONESIA INDUSTRIAL,ID,EUROPE,,,phase3_jurisdiction_model,E_model_predicted_jurisdiction,E_model_only,0.5078,0,1,,,,0.0
IN,ID,EUROPE,ID,254900WVYLRUANM62I27,PT Agro Bukit,ID,EUROPE,,,phase3_jurisdiction_model,E_model_predicted_jurisdiction,E_model_only,0.5077,0,1,,,,0.0
IN,ID,EUROPE,ID,2549005CBO1OCCKGA183,PT Agro Indomas,ID,EUROPE,,,phase3_jurisdiction_model,E_model_predicted_jurisdiction,E_model_only,0.5077,0,1,,,,0.0
IN,ID,EUROPE,ID,984500E5VCCO8F0U0993,PT Sentra Arta Maxima,ID,EUROPE,,,phase3_jurisdiction_model,E_model_predicted_jurisdiction,E_model_only,0.5076,0,1,,,,0.0
IN,ID,OTHER,ID,549300434FE1HMW4ZD75,MACQUARIE SEKURITAS INDONESIA,ID,OTHER,,,phase3_jurisdiction_model,E_model_predicted_jurisdiction,E_model_only,0.5074,0,1,,,,0.0
IN,ID,OTHER,ID,2549006H9V8VZ3JWBG79,PT CONCORD TRADE GROUP,ID,OTHER,,,phase3_jurisdiction_model,E_model_predicted_jurisdiction,E_model_only,0.5074,0,1,,,,0.0
IN,ID,OTHER,ID,529900AYY9T852XBBO93,PT Pabrik Kertas Tjiwi Kimia TBK,ID,OTHER,,,phase3_jurisdiction_model,E_model_predicted_jurisdiction,E_model_only,0.5073,0,1,,,,0.0
IN,ID,OTHER,ID,984500DBF3A0FE711B41,PT Polyvisi Rama Optik,ID,OTHER,,,phase3_jurisdiction_model,E_model_predicted_jurisdiction,E_model_only,0.5073,0,1,,,,0.0
IN,ID,EUROPE,ID,254900EYBP9KM4RW7F31,PT Elang Mahkota Teknologi TBK,ID,EUROPE,,,phase3_jurisdiction_model,E_model_predicted_jurisdiction,E_model_only,0.5071,0,1,,,,0.0
IN,ID,EUROPE,ID,2549009LAI4BNH8PSH95,PT First Media Tbk.,ID,EUROPE,,,phase3_jurisdiction_model,E_model_predicted_jurisdiction,E_model_only,0.5065,0,1,,,,0.0
IN,ID,EUROPE,ID,254900KZWXXPBEZRE658,Reksa Dana Syariah STAR Global Sharia Equity USD,ID,EUROPE,,,phase3_jurisdiction_model,E_model_predicted_jurisdiction,E_model_only,0.5065,0,1,,,,0.0
IN,ID,OTHER,ID,2549009PL37PSF69QF42,"CGS International Sekuritas Indonesia, PT",ID,OTHER,,,phase3_jurisdiction_model,E_model_predicted_jurisdiction,E_model_only,0.5061,0,1,,,,0.0
IN,ID,OTHER,ID,984500EC5545E0EF4F08,PT Akira Global Investama,ID,OTHER,,,phase3_jurisdiction_model,E_model_predicted_jurisdiction,E_model_only,0.5055,0,1,,,,0.0
IN,ID,OTHER,ID,254900NOWNL3CGA4WS37,PT BFI FINANCE INDONESIA,ID,OTHER,,,phase3_jurisdiction_model,E_model_predicted_jurisdiction,E_model_only,0.5055,0,1,,,,0.0
IN,ID,EUROPE,ID,529900M5SQZAOKV1PC81,PT Telkom Indonesia (Persero) TBK,ID,EUROPE,,,phase3_jurisdiction_model,E_model_predicted_jurisdiction,E_model_only,0.5054,0,1,,,,0.0
IN,ID,EUROPE,ID,984500WED3DLC2C69986,INDOKARYA MAS SEJAHTERA,ID,EUROPE,,,phase3_jurisdiction_model,E_model_predicted_jurisdiction,E_model_only,0.5053,0,1,,,,0.0
IN,ID,OTHER,ID,8945009E9TUHN6VNGT40,PT INTANJAYA AGROMEGAH ABADI,ID,OTHER,,,phase3_jurisdiction_model,E_model_predicted_jurisdiction,E_model_only,0.5052,0,1,,,,0.0
IN,ID,EUROPE,ID,549300MDXDJWRICN6640,PT KALDU SARI NABATI INDONESIA,ID,EUROPE,,,phase3_jurisdiction_model,E_model_predicted_jurisdiction,E_model_only,0.5051,0,1,,,,0.0
IN,ID,OTHER,ID,9845009F2C3FCE8A6672,PT Kafilah Maghfirah Wisata,ID,OTHER,,,phase3_jurisdiction_model,E_model_predicted_jurisdiction,E_model_only,0.505,0,1,,,,0.0
IN,ID,EUROPE,ID,894500U49LXLMJOZN709,PT. Aruna Dirgantara Dhana,ID,EUROPE,,,phase3_jurisdiction_model,E_model_predicted_jurisdiction,E_model_only,0.5049,0,1,,,,0.0
IN,ID,OTHER,ID,254900RSQN7ERKIDPJ14,PT. Bank Pan Indonesia Tbk.,ID,OTHER,,,phase3_jurisdiction_model,E_model_predicted_jurisdiction,E_model_only,0.5046,0,1,,,,0.0
IN,ID,OTHER,ID,254900DDF252EUB6CU29,PT Sun Life Financial Indonesia,ID,OTHER,,,phase3_jurisdiction_model,E_model_predicted_jurisdiction,E_model_only,0.5043,0,1,,,,0.0
IN,ID,EUROPE,ID,894500L1ZXDRWZGS4Z20,PT BANK IBK INDONESIA TBK,ID,EUROPE,,,phase3_jurisdiction_model,E_model_predicted_jurisdiction,E_model_only,0.504,0,1,,,,0.0
IN,ID,OTHER,ID,254900DWXP18622TQK97,PT CHANDRA SAKTI UTAMA LEASING,ID,OTHER,,,phase3_jurisdiction_model,E_model_predicted_jurisdiction,E_model_only,0.5038,0,1,,,,0.0
IN,ID,EUROPE,ID,2549000IHVOHKP5T8G36,PT BNI Asset Management,ID,EUROPE,,,phase3_jurisdiction_model,E_model_predicted_jurisdiction,E_model_only,0.5033,0,1,,,,0.0
IN,ID,EUROPE,ID,254900501XLEE92YBR72,PT INDONESIA INFRASTRUCTURE FINANCE,ID,EUROPE,,,phase3_jurisdiction_model,E_model_predicted_jurisdiction,E_model_only,0.5029,0,1,,,,0.0
IN,ID,OTHER,ID,2549002HS4BLR7YJX987,PT Embee Plumbon Tekstil,ID,OTHER,,,phase3_jurisdiction_model,E_model_predicted_jurisdiction,E_model_only,0.5027,0,1,,,,0.0
IN,ID,EUROPE,ID,2549009HWHDS0I14BP80,PT Dharmapala Usaha Sukses,ID,EUROPE,,,phase3_jurisdiction_model,E_model_predicted_jurisdiction,E_model_only,0.5025,0,1,,,,0.0
IN,ID,EUROPE,ID,254900UIPXQYFYF6E126,"Pancadosha Perdana Mandiri, PT",ID,EUROPE,,,phase3_jurisdiction_model,E_model_predicted_jurisdiction,E_model_only,0.5018,0,1,,,,0.0
IN,ID,EUROPE,ID,254900BYQ8EK1F9TTM95,PT Halmahera Persada Lygend,ID,EUROPE,,,phase3_jurisdiction_model,E_model_predicted_jurisdiction,E_model_only,0.5016,0,1,,,,0.0
IN,ID,EUROPE,ID,254900SNJF2NX6MGTQ29,PT SKY DRAGON INTERNATIONAL,ID,EUROPE,,,phase3_jurisdiction_model,E_model_predicted_jurisdiction,E_model_only,0.5016,0,1,,,,0.0
IN,ID,OTHER,ID,254900PYPRRJQ647EG65,PT Artha Fintrust Consultasean,ID,OTHER,,,phase3_jurisdiction_model,E_model_predicted_jurisdiction,E_model_only,0.5013,0,1,,,,0.0
IN,ID,OTHER,ID,549300HO85YBQM7YM593,PT Lyondellbasell Advanced Polyolefins,ID,OTHER,,,phase3_jurisdiction_model,E_model_predicted_jurisdiction,E_model_only,0.5013,0,1,,,,0.0
IN,ID,EUROPE,ID,254900P1OOJDWP5IUE16,PT. SEINO INDOMOBIL LOGISTICS,ID,EUROPE,,,phase3_jurisdiction_model,E_model_predicted_jurisdiction,E_model_only,0.5004,0,1,,,,0.0
IN,ID,EUROPE,ID,2549001OKOT4EPMW3Z97,PT NIAO SOFTWARE INDONESIA,ID,EUROPE,,,phase3_jurisdiction_model,E_model_predicted_jurisdiction,E_model_only,0.5001,0,1,,,,0.0
IN,ID,EUROPE,ID,549300482ZTWLG0WF343,PT INDORAMA POLYPET INDONESIA,ID,EUROPE,,,phase3_jurisdiction_model,E_model_predicted_jurisdiction,E_model_only,0.4992,0,1,,,,0.0
IN,ID,OTHER,ID,254900E622EWIYCWI386,PT ACER INDONESIA,ID,OTHER,,,phase3_jurisdiction_model,E_model_predicted_jurisdiction,E_model_only,0.4991,0,1,,,,0.0
IN,ID,OTHER,ID,254900EXSRDIFS7Y9A46,PT Bank KEB Hana Indonesia,ID,OTHER,,,phase3_jurisdiction_model,E_model_predicted_jurisdiction,E_model_only,0.4989,0,1,,,,0.0
IN,ID,EUROPE,ID,25490062FMJKMRZ8KU45,PT Unitras Pertama,ID,EUROPE,,,phase3_jurisdiction_model,E_model_predicted_jurisdiction,E_model_only,0.4989,0,1,,,,0.0
IN,ID,OTHER,ID,254900TCB3DTEFZE6X12,PT Steel Pipe Industry of Indonesia Tbk,ID,OTHER,,,phase3_jurisdiction_model,E_model_predicted_jurisdiction,E_model_only,0.4983,0,1,,,,0.0
IN,ID,EUROPE,ID,254900M1BS5L78W0J285,PT Princeton Digital Group Data Centres Beta,ID,EUROPE,,,phase3_jurisdiction_model,E_model_predicted_jurisdiction,E_model_only,0.4982,0,1,,,,0.0
IN,ID,OTHER,ID,254900GXN8DMDAD6NG09,PT. Bank Mega Syariah,ID,OTHER,,,phase3_jurisdiction_model,E_model_predicted_jurisdiction,E_model_only,0.4982,0,1,,,,0.0
IN,ID,OTHER,ID,254900NPCOBGZLJT6H17,PT GPI Jabung Indonesia,ID,OTHER,,,phase3_jurisdiction_model,E_model_predicted_jurisdiction,E_model_only,0.4979,0,1,,,,0.0
IN,ID,EUROPE,ID,213800PEHZXBVG72LT17,PT NTT INDONESIA TECHNOLOGY,ID,EUROPE,,,phase3_jurisdiction_model,E_model_predicted_jurisdiction,E_model_only,0.4978,0,1,,,,0.0
IN,ID,EUROPE,ID,2549002C7IWK8EBON285,PT Centratama Telekomunikasi Indonesia TBK,ID,EUROPE,,,phase3_jurisdiction_model,E_model_predicted_jurisdiction,E_model_only,0.4977,0,1,,,,0.0
IN,ID,OTHER,ID,254900KYY1D87FVC4E69,PT Bank MNC Internasional,ID,OTHER,,,phase3_jurisdiction_model,E_model_predicted_jurisdiction,E_model_only,0.4974,0,1,,,,0.0
IN,ID,EUROPE,ID,254900BUK6KGZO7Y4333,PT DIALOG SISTEMINDO,ID,EUROPE,,,phase3_jurisdiction_model,E_model_predicted_jurisdiction,E_model_only,0.4971,0,1,,,,0.0
IN,ID,OTHER,ID,9845004CA5B6EBEB0E44,Philips Industries Batam PT,ID,OTHER,,,phase3_jurisdiction_model,E_model_predicted_jurisdiction,E_model_only,0.4967,0,1,,,,0.0
IN,ID,OTHER,ID,254900ZUSEE8VCY3IQ49,PT. Krakatau Posco Energy,ID,OTHER,,,phase3_jurisdiction_model,E_model_predicted_jurisdiction,E_model_only,0.4966,0,1,,,,0.0
IN,ID,OTHER,ID,213800W62QLUZOIHPN19,PT. LINTAS MAHESA RAYA,ID,OTHER,,,phase3_jurisdiction_model,E_model_predicted_jurisdiction,E_model_only,0.4966,0,1,,,,0.0
IN,ID,OTHER,ID,98450097DD8B4709U326,SGS Indonesia PT,ID,OTHER,,,phase3_jurisdiction_model,E_model_predicted_jurisdiction,E_model_only,0.4966,0,1,,,,0.0
IN,ID,OTHER,ID,213800PY72RI2M6F1W40,"JETEC INDONESIA, PT",ID,OTHER,,,phase3_jurisdiction_model,E_model_predicted_jurisdiction,E_model_only,0.4959,0,1,,,,0.0
IN,ID,OTHER,ID,254900VYJLDILI53IJ89,PT Mega Capital Sekuritas,ID,OTHER,,,phase3_jurisdiction_model,E_model_predicted_jurisdiction,E_model_only,0.4959,0,1,,,,0.0
IN,ID,OTHER,ID,213800OEG8K7MC4FWG29,"JASA MARGA (PERSERO) TBK, PT",ID,OTHER,,,phase3_jurisdiction_model,E_model_predicted_jurisdiction,E_model_only,0.4954,0,1,,,,0.0
IN,ID,OTHER,ID,984500CA4F3B66E6E296,PT Aqua Golden Mississippi,ID,OTHER,,,phase3_jurisdiction_model,E_model_predicted_jurisdiction,E_model_only,0.4942,0,1,,,,0.0
IN,ID,EUROPE,ID,254900M4TFT4ICJSVY08,PT PACIFIC LUBRITAMA INDONESIA,ID,EUROPE,,,phase3_jurisdiction_model,E_model_predicted_jurisdiction,E_model_only,0.4942,0,1,,,,0.0
IN,ID,EUROPE,ID,254900PVQGZ3RB13XA28,PT CPM ASSETS INDONESIA,ID,EUROPE,,,phase3_jurisdiction_model,E_model_predicted_jurisdiction,E_model_only,0.4941,0,1,,,,0.0
IN,ID,OTHER,ID,254900K77Z1DF95N3168,PT GEA WESTFALIA SEPARATOR INDONESIA,ID,OTHER,,,phase3_jurisdiction_model,E_model_predicted_jurisdiction,E_model_only,0.4941,0,1,,,,0.0
IN,ID,EUROPE,ID,254900W8U7N29994XO83,PT Thyssenkrupp Industrial Solutions Indonesia,ID,EUROPE,,,phase3_jurisdiction_model,E_model_predicted_jurisdiction,E_model_only,0.4941,0,1,,,,0.0
IN,ID,EUROPE,ID,549300BIX3DBG7GYWU84,PT PINTU KEMANA SAJA,ID,EUROPE,,,phase3_jurisdiction_model,E_model_predicted_jurisdiction,E_model_only,0.493,0,1,,,,0.0
IN,ID,EUROPE,ID,984500638DF79D2A7446,HIRANYAVARNAAM ALKALIS INDONESIA,ID,EUROPE,,,phase3_jurisdiction_model,E_model_predicted_jurisdiction,E_model_only,0.4926,0,1,,,,0.0
IN,ID,OTHER,ID,254900T3UCIQCL0GPK61,PT Multimas Nabati Asahan,ID,OTHER,,,phase3_jurisdiction_model,E_model_predicted_jurisdiction,E_model_only,0.4924,0,1,,,,0.0
IN,ID,EUROPE,ID,2549006XZIE0TFE28Y24,PT Indotruck Utama,ID,EUROPE,,,phase3_jurisdiction_model,E_model_predicted_jurisdiction,E_model_only,0.4922,0,1,,,,0.0
IN,ID,OTHER,ID,549300T9ZREE4L7NJ685,PT Medco E & P Malaka,ID,OTHER,,,phase3_jurisdiction_model,E_model_predicted_jurisdiction,E_model_only,0.4921,0,1,,,,0.0
IN,ID,EUROPE,ID,984500EDACBCBCA37335,REKSA DANA SYARIAH UOBAM GLOBAL SHARIA BALANCED FUND USD,ID,EUROPE,,,phase3_jurisdiction_model,E_model_predicted_jurisdiction,E_model_only,0.4919,0,1,,,,0.0
IN,ID,EUROPE,ID,254900MPS07NJI5QEM82,PT Maybank Sekuritas Indonesia,ID,EUROPE,,,phase3_jurisdiction_model,E_model_predicted_jurisdiction,E_model_only,0.4918,0,1,,,,0.0
IN,ID,EUROPE,ID,254900SR3HXJZOEJVG50,PT Bungasari Flour Mills Indonesia,ID,EUROPE,,,phase3_jurisdiction_model,E_model_predicted_jurisdiction,E_model_only,0.4916,0,1,,,,0.0
IN,ID,OTHER,ID,2549008LL05DOTQWPU90,PT. Indomas Susemi Jaya.,ID,OTHER,,,phase3_jurisdiction_model,E_model_predicted_jurisdiction,E_model_only,0.4915,0,1,,,,0.0
IN,ID,OTHER,ID,254900XJLTLSHM8ZBW53,PT Kemilau Rindang Abadi,ID,OTHER,,,phase3_jurisdiction_model,E_model_predicted_jurisdiction,E_model_only,0.4908,0,1,,,,0.0
IN,ID,OTHER,ID,984500Y01BF67K1C0773,PT Rowan Sukses Investama,ID,OTHER,,,phase3_jurisdiction_model,E_model_predicted_jurisdiction,E_model_only,0.4907,0,1,,,,0.0
IN,ID,EUROPE,ID,254900GWZ0RSR1DN1B37,PT CSM Corporatama,ID,EUROPE,,,phase3_jurisdiction_model,E_model_predicted_jurisdiction,E_model_only,0.4906,0,1,,,,0.0
IN,ID,EUROPE,ID,25490079NESTMU0MIA94,PT FORTUNE STRENGTH SOFTWARE SERVICES,ID,EUROPE,,,phase3_jurisdiction_model,E_model_predicted_jurisdiction,E_model_only,0.4906,0,1,,,,0.0
IN,ID,EUROPE,ID,254900U3YNDOB6EGCO74,PT LONTAR PAPYRUS PULP & PAPER INDUSTRY,ID,EUROPE,,,phase3_jurisdiction_model,E_model_predicted_jurisdiction,E_model_only,0.4906,0,1,,,,0.0
IN,ID,OTHER,ID,529900DGM06AC0584V78,"PT BANK PEMBANGUNAN DAERAH JAWA TIMUR, Tbk",ID,OTHER,,,phase3_jurisdiction_model,E_model_predicted_jurisdiction,E_model_only,0.4904,0,1,,,,0.0
IN,ID,OTHER,ID,9845002FCR3EC0E1B872,PT Anugrah Danamas Remit,ID,OTHER,,,phase3_jurisdiction_model,E_model_predicted_jurisdiction,E_model_only,0.4895,0,1,,,,0.0
IN,ID,OTHER,ID,984500WC13M55EHFA435,PT Apm Armada Suspension,ID,OTHER,,,phase3_jurisdiction_model,E_model_predicted_jurisdiction,E_model_only,0.4895,0,1,,,,0.0
IN,ID,OTHER,ID,254900I1VUAN56E4F617,PT KMK GLOBAL SPORTS,ID,OTHER,,,phase3_jurisdiction_model,E_model_predicted_jurisdiction,E_model_only,0.4891,0,1,,,,0.0
IN,ID,EUROPE,ID,254900U8LXG7COID7J81,PT SAMSUNG TELECOMMUNICATION INDONESIA,ID,EUROPE,,,phase3_jurisdiction_model,E_model_predicted_jurisdiction,E_model_only,0.4891,0,1,,,,0.0
IN,ID,OTHER,ID,984500414Q4FE1DBC965,LIVEWIRE GLOBAL STRATEGI,ID,OTHER,,,phase3_jurisdiction_model,E_model_predicted_jurisdiction,E_model_only,0.4888,0,1,,,,0.0
IN,ID,OTHER,ID,9845003A1SCDF7EA5726,PT GLOBAL OCEANIA SEJAHTERA,ID,OTHER,,,phase3_jurisdiction_model,E_model_predicted_jurisdiction,E_model_only,0.4888,0,1,,,,0.0
IN,ID,EUROPE,ID,2549007GPQCZCD0MVP42,PT MAXIMA PRIMA SEJAHTERA,ID,EUROPE,,,phase3_jurisdiction_model,E_model_predicted_jurisdiction,E_model_only,0.4888,0,1,,,,0.0
IN,ID,OTHER,ID,254900IJ5CIKQUWRVK82,PT Nikomas Gemilang,ID,OTHER,,,phase3_jurisdiction_model,E_model_predicted_jurisdiction,E_model_only,0.4883,0,1,,,,0.0
IN,ID,OTHER,ID,984500AE24A96B2BI313,PT Kyara Sukses Investama,ID,OTHER,,,phase3_jurisdiction_model,E_model_predicted_jurisdiction,E_model_only,0.4882,0,1,,,,0.0
IN,ID,OTHER,ID,549300L0HN6HS5QSDL27,PT. Bank QNB Indonesia Tbk.,ID,OTHER,,,phase3_jurisdiction_model,E_model_predicted_jurisdiction,E_model_only,0.4882,0,1,,,,0.0
IN,ID,OTHER,ID,254900EKUA2ZRJICDN72,PT Corpus Prima Mandiri,ID,OTHER,,,phase3_jurisdiction_model,E_model_predicted_jurisdiction,E_model_only,0.4879,0,1,,,,0.0
IN,ID,EUROPE,ID,254900LD41X5SQ939O73,PT BANK DKI,ID,EUROPE,,,phase3_jurisdiction_model,E_model_predicted_jurisdiction,E_model_only,0.4875,0,1,,,,0.0
IN,ID,OTHER,ID,25490000H4WCIWO76H45,PT. MILLENNIUM PHARMACON INTERNATIONAL Tbk,ID,OTHER,,,phase3_jurisdiction_model,E_model_predicted_jurisdiction,E_model_only,0.4874,0,1,,,,0.0
IN,ID,OTHER,ID,9845002H88136B70DB67,PT Kanomas Arci Wisata,ID,OTHER,,,phase3_jurisdiction_model,E_model_predicted_jurisdiction,E_model_only,0.4873,0,1,,,,0.0
IN,ID,OTHER,ID,984500E1GCM9EB022C39,PT RXSMART GLOBAL INVESTING,ID,OTHER,,,phase3_jurisdiction_model,E_model_predicted_jurisdiction,E_model_only,0.4873,0,1,,,,0.0
IN,ID,OTHER,ID,984500A5U1FC891CE066,PT Howard Consulting Group,ID,OTHER,,,phase3_jurisdiction_model,E_model_predicted_jurisdiction,E_model_only,0.4872,0,1,,,,0.0
IN,ID,EUROPE,ID,5493004URBWT8OXJ1Q30,PT Kaltim Prima Coal,ID,EUROPE,,,phase3_jurisdiction_model,E_model_predicted_jurisdiction,E_model_only,0.487,0,1,,,,0.0
IN,ID,OTHER,ID,984500D771D979E9AA82,PT Indo Inkubator Bisnis,ID,OTHER,,,phase3_jurisdiction_model,E_model_predicted_jurisdiction,E_model_only,0.4869,0,1,,,,0.0
IN,ID,OTHER,ID,254900311JPYRH40DT65,PT Bakrie Kalila Investment,ID,OTHER,,,phase3_jurisdiction_model,E_model_predicted_jurisdiction,E_model_only,0.4867,0,1,,,,0.0
IN,ID,OTHER,ID,254900KOYNGYHOIJW969,PT Obi Nickel Cobalt,ID,OTHER,,,phase3_jurisdiction_model,E_model_predicted_jurisdiction,E_model_only,0.4866,0,1,,,,0.0
IN,ID,EUROPE,ID,9845008A5D054D966B58,SANDVIK MINING & CONSTRUCTION,ID,EUROPE,,,phase3_jurisdiction_model,E_model_predicted_jurisdiction,E_model_only,0.4866,0,1,,,,0.0
IN,ID,OTHER,ID,254900PC17T6PLHIYY68,PT AKEZ DJAJA INVESTAMA,ID,OTHER,,,phase3_jurisdiction_model,E_model_predicted_jurisdiction,E_model_only,0.4861,0,1,,,,0.0
IN,ID,OTHER,ID,25490003Y3RLRY1SBK15,PT J Resources Asia Pasifik Tbk,ID,OTHER,,,phase3_jurisdiction_model,E_model_predicted_jurisdiction,E_model_only,0.4857,0,1,,,,0.0
IN,ID,OTHER,ID,254900VKQ4QKA2UE7867,PT Intiland Development Tbk,ID,OTHER,,,phase3_jurisdiction_model,E_model_predicted_jurisdiction,E_model_only,0.4847,0,1,,,,0.0
IN,ID,EUROPE,ID,254900IYUX123BC1XW25,PT INTI ANUGERAH PRATAMA,ID,EUROPE,,,phase3_jurisdiction_model,E_model_predicted_jurisdiction,E_model_only,0.4846,0,1,,,,0.0
IN,ID,OTHER,ID,894500C14C3EVQ5AJ139,PT ALPHA INDO NUSA,ID,OTHER,,,phase3_jurisdiction_model,E_model_predicted_jurisdiction,E_model_only,0.4844,0,1,,,,0.0
IN,ID,EUROPE,ID,2549006IEGGRK0YIF518,PT JLM Auto Indonesia,ID,EUROPE,,,phase3_jurisdiction_model,E_model_predicted_jurisdiction,E_model_only,0.4841,0,1,,,,0.0
IN,ID,OTHER,ID,984500ABF9ZF59C7D545,PT Multi Pintar Teknologi,ID,OTHER,,,phase3_jurisdiction_model,E_model_predicted_jurisdiction,E_model_only,0.4836,0,1,,,,0.0
IN,ID,EUROPE,ID,254900DEXCXKF14NR428,PT Perkasa Metal Industry,ID,EUROPE,,,phase3_jurisdiction_model,E_model_predicted_jurisdiction,E_model_only,0.4836,0,1,,,,0.0
IN,ID,EUROPE,ID,549300HZ8J3MLVXQ8F85,PT BANK NEGARA INDONESIA (PERSERO) TBK,ID,EUROPE,,,phase3_jurisdiction_model,E_model_predicted_jurisdiction,E_model_only,0.4833,0,1,,,,0.0
IN,ID,OTHER,ID,254900K01LSYZ7UOKU22,PT Stamford Tyres Indonesia,ID,OTHER,,,phase3_jurisdiction_model,E_model_predicted_jurisdiction,E_model_only,0.4831,0,1,,,,0.0
IN,ID,OTHER,ID,254900YLGJXPAEPKH757,PT Teknologi Struktur Berantai,ID,OTHER,,,phase3_jurisdiction_model,E_model_predicted_jurisdiction,E_model_only,0.4824,0,1,,,,0.0
IN,ID,EUROPE,ID,254900ZHU2OE8Y8HHT28,PT ASTRA SEDAYA FINANCE,ID,EUROPE,,,phase3_jurisdiction_model,E_model_predicted_jurisdiction,E_model_only,0.4823,0,1,,,,0.0
IN,ID,EUROPE,ID,254900RFMHBJWCQW8040,PT FIRST MARINE SEAFOODS,ID,EUROPE,,,phase3_jurisdiction_model,E_model_predicted_jurisdiction,E_model_only,0.4812,0,1,,,,0.0
IN,ID,EUROPE,ID,254900LIRX29G7OOIT03,PT Saratoga Investama Sedaya,ID,EUROPE,,,phase3_jurisdiction_model,E_model_predicted_jurisdiction,E_model_only,0.4812,0,1,,,,0.0
IN,ID,OTHER,ID,98450057K54E64573P28,PT Penukaran Aneka Uang,ID,OTHER,,,phase3_jurisdiction_model,E_model_predicted_jurisdiction,E_model_only,0.4811,0,1,,,,0.0
IN,ID,OTHER,ID,52990011ZVAQ12VAN873,PT Tunas Baru Lampung Tbk,ID,OTHER,,,phase3_jurisdiction_model,E_model_predicted_jurisdiction,E_model_only,0.4807,0,1,,,,0.0
IN,ID,OTHER,ID,254900RDBWOQL3P2FZ29,PT Tsingshan Steel Indonesia,ID,OTHER,,,phase3_jurisdiction_model,E_model_predicted_jurisdiction,E_model_only,0.4806,0,1,,,,0.0
IN,ID,OTHER,ID,254900DAWSBW5Y74Z845,PT PLI INDONESIA,ID,OTHER,,,phase3_jurisdiction_model,E_model_predicted_jurisdiction,E_model_only,0.4804,0,1,,,,0.0
IN,ID,OTHER,ID,984500DBB81403653754,PT ROCHE INDONESIA,ID,OTHER,,,phase3_jurisdiction_model,E_model_predicted_jurisdiction,E_model_only,0.4802,0,1,,,,0.0
IN,ID,OTHER,ID,2549009X85P67AX9QD11,PT Avrist Asset Management,ID,OTHER,,,phase3_jurisdiction_model,E_model_predicted_jurisdiction,E_model_only,0.4801,0,1,,,,0.0
IN,ID,EUROPE,ID,25490004I9UL0VTGFU26,PT. ENERGI SEJAHTERA MAS,ID,EUROPE,,,phase3_jurisdiction_model,E_model_predicted_jurisdiction,E_model_only,0.4799,0,1,,,,0.0
IN,ID,EUROPE,ID,984500F9XBD797780952,PT Eaton Industries,ID,EUROPE,,,phase3_jurisdiction_model,E_model_predicted_jurisdiction,E_model_only,0.4798,0,1,,,,0.0
IN,ID,OTHER,ID,984500A6T108BC1AWF95,PT Jasa Mulia Forexindo,ID,OTHER,,,phase3_jurisdiction_model,E_model_predicted_jurisdiction,E_model_only,0.4798,0,1,,,,0.0
IN,ID,OTHER,ID,984500D73DEE96135170,PT Kalimantan Aluminium Industry,ID,OTHER,,,phase3_jurisdiction_model,E_model_predicted_jurisdiction,E_model_only,0.4793,0,1,,,,0.0
IN,ID,EUROPE,ID,254900DEBW6B6AMEEZ65,PT Angel Nickel Industry,ID,EUROPE,,,phase3_jurisdiction_model,E_model_predicted_jurisdiction,E_model_only,0.4784,0,1,,,,0.0
IN,ID,EUROPE,ID,254900KBH6EVE6BR3U61,PT Walhsu Metal Industry,ID,EUROPE,,,phase3_jurisdiction_model,E_model_predicted_jurisdiction,E_model_only,0.4784,0,1,,,,0.0
IN,ID,OTHER,ID,254900BR956G2OHVOM21,PT Bank Central Asia Tbk.,ID,OTHER,,,phase3_jurisdiction_model,E_model_predicted_jurisdiction,E_model_only,0.4783,0,1,,,,0.0
IN,ID,OTHER,ID,98450052C6188DBRE612,PT Amanah Antar Arta,ID,OTHER,,,phase3_jurisdiction_model,E_model_predicted_jurisdiction,E_model_only,0.4773,0,1,,,,0.0
IN,ID,OTHER,ID,9845004F1A91A0C8EF59,PT Asia Jasa Perdana,ID,OTHER,,,phase3_jurisdiction_model,E_model_predicted_jurisdiction,E_model_only,0.4773,0,1,,,,0.0
IN,ID,OTHER,ID,9845003SAECED4066C55,PT Sapta Borneo Utama,ID,OTHER,,,phase3_jurisdiction_model,E_model_predicted_jurisdiction,E_model_only,0.4773,0,1,,,,0.0
IN,ID,OTHER,ID,984500FFELA5ABCF4C56,PT Rabbani Semesta Utama,ID,OTHER,,,phase3_jurisdiction_model,E_model_predicted_jurisdiction,E_model_only,0.4767,0,1,,,,0.0
IN,ID,OTHER,ID,894500Q05Q7L9KQYRY03,PT Widharta Lintas Mandala,ID,OTHER,,,phase3_jurisdiction_model,E_model_predicted_jurisdiction,E_model_only,0.4766,0,1,,,,0.0
IN,ID,OTHER,ID,254900N4PO1LE54H8K04,PT RHB ASSET MANAGEMENT INDONESIA,ID,OTHER,,,phase3_jurisdiction_model,E_model_predicted_jurisdiction,E_model_only,0.4762,0,1,,,,0.0
IN,ID,EUROPE,ID,984500FO538EIBB95K31,ULUSOY ELECTRIC INDUSTRY,ID,EUROPE,,,phase3_jurisdiction_model,E_model_predicted_jurisdiction,E_model_only,0.4756,0,1,,,,0.0
IN,ID,EUROPE,ID,254900RS1QLVUBXOTZ40,PT Jembayan Muarabara,ID,EUROPE,,,phase3_jurisdiction_model,E_model_predicted_jurisdiction,E_model_only,0.4752,0,1,,,,0.0
IN,ID,OTHER,ID,254900TRYVTZ82SNBY40,PT Indosurya Inti Finance,ID,OTHER,,,phase3_jurisdiction_model,E_model_predicted_jurisdiction,E_model_only,0.4747,0,1,,,,0.0
IN,ID,OTHER,ID,9845005T2AB580B70037,PT Jakarta Berkarya Bersama,ID,OTHER,,,phase3_jurisdiction_model,E_model_predicted_jurisdiction,E_model_only,0.4747,0,1,,,,0.0
IN,ID,OTHER,ID,254900VCJJ57KQ4C4F94,PT. MMC METAL FABRICATION,ID,OTHER,,,phase3_jurisdiction_model,E_model_predicted_jurisdiction,E_model_only,0.4747,0,1,,,,0.0
IN,ID,EUROPE,ID,254900OR3Z1CN2DO6135,PT. Petrokimia Gresik,ID,EUROPE,,,phase3_jurisdiction_model,E_model_predicted_jurisdiction,E_model_only,0.4744,0,1,,,,0.0
IN,ID,OTHER,ID,254900DBJT2SC3GPC728,PT SICPA PERURI SECURINK,ID,OTHER,,,phase3_jurisdiction_model,E_model_predicted_jurisdiction,E_model_only,0.4736,0,1,,,,0.0
IN,ID,EUROPE,ID,2549005YCTK3WRVIO670,PT. SUNWAY TREK MASINDO,ID,EUROPE,,,phase3_jurisdiction_model,E_model_predicted_jurisdiction,E_model_only,0.4732,0,1,,,,0.0
IN,ID,OTHER,ID,984500636CBF7841SH76,PT LANGIT ASIA INVESTAMA,ID,OTHER,,,phase3_jurisdiction_model,E_model_predicted_jurisdiction,E_model_only,0.4729,0,1,,,,0.0
IN,ID,OTHER,ID,894500NM369FEZAG0D68,PT BARUS FAMILLY JAYA,ID,OTHER,,,phase3_jurisdiction_model,E_model_predicted_jurisdiction,E_model_only,0.4726,0,1,,,,0.0
IN,ID,OTHER,ID,9845008E1D55E83N1484,PT Wir Global Kreatif,ID,OTHER,,,phase3_jurisdiction_model,E_model_predicted_jurisdiction,E_model_only,0.4721,0,1,,,,0.0
IN,ID,EUROPE,ID,254900PVDK5HOKD5BG59,PT Indo Traktor Utama,ID,EUROPE,,,phase3_jurisdiction_model,E_model_predicted_jurisdiction,E_model_only,0.4719,0,1,,,,0.0
IN,ID,EUROPE,ID,254900PUEAUBM4Z3HB36,PT Plaza Indonesia Investama,ID,EUROPE,,,phase3_jurisdiction_model,E_model_predicted_jurisdiction,E_model_only,0.4719,0,1,,,,0.0
IN,ID,OTHER,ID,254900NNVSDEXBW1PC15,PT CS2 POLA SEHAT,ID,OTHER,,,phase3_jurisdiction_model,E_model_predicted_jurisdiction,E_model_only,0.4717,0,1,,,,0.0
IN,ID,EUROPE,ID,254900OW9VKG09S8C597,PT SORIK MARAPI GEOTHERMAL POWER,ID,EUROPE,,,phase3_jurisdiction_model,E_model_predicted_jurisdiction,E_model_only,0.4715,0,1,,,,0.0
IN,ID,OTHER,ID,254900JUY20UH35RER70,PT Meratus Mitra Maritim,ID,OTHER,,,phase3_jurisdiction_model,E_model_predicted_jurisdiction,E_model_only,0.4714,0,1,,,,0.0
IN,ID,EUROPE,ID,2549008XD7IV91IT3N28,PT BAMBANG DJAJA,ID,EUROPE,,,phase3_jurisdiction_model,E_model_predicted_jurisdiction,E_model_only,0.4712,0,1,,,,0.0
IN,ID,EUROPE,ID,894500IM8LPPZ2BE6L79,PT PINNACLE PERSADA INVESTAMA,ID,EUROPE,,,phase3_jurisdiction_model,E_model_predicted_jurisdiction,E_model_only,0.471,0,1,,,,0.0
IN,ID,EUROPE,ID,2549002C10KMBZ017D85,PT Dipo Star Finance,ID,EUROPE,,,phase3_jurisdiction_model,E_model_predicted_jurisdiction,E_model_only,0.4708,0,1,,,,0.0
IN,ID,OTHER,ID,2549001ML992STTEP738,PT Alam Sutera Realty Tbk,ID,OTHER,,,phase3_jurisdiction_model,E_model_predicted_jurisdiction,E_model_only,0.4707,0,1,,,,0.0
IN,ID,OTHER,ID,98450006B7453AE77E29,PT Dua Delapan Investama,ID,OTHER,,,phase3_jurisdiction_model,E_model_predicted_jurisdiction,E_model_only,0.4704,0,1,,,,0.0
IN,ID,OTHER,ID,98450001FF98CD51AD95,PT Golden Biomass Energy,ID,OTHER,,,phase3_jurisdiction_model,E_model_predicted_jurisdiction,E_model_only,0.4704,0,1,,,,0.0
IN,ID,OTHER,ID,9845007ADB6A79DD5Y62,SANDVIK INDONESIA,ID,OTHER,,,phase3_jurisdiction_model,E_model_predicted_jurisdiction,E_model_only,0.4703,0,1,,,,0.0
IN,ID,OTHER,ID,254900A3H467V3GYA602,PT TAMBANG TONDANO NUSAJAYA,ID,OTHER,,,phase3_jurisdiction_model,E_model_predicted_jurisdiction,E_model_only,0.4702,0,1,,,,0.0
IN,ID,OTHER,ID,984500D7CZC9Y44F7E74,PT. SISTEM INFORMASI TRANSPORTASI OTOMATIS,ID,OTHER,,,phase3_jurisdiction_model,E_model_predicted_jurisdiction,E_model_only,0.4696,0,1,,,,0.0
IN,ID,EUROPE,ID,9845005057MEQ1FE4E06,PT Arena Agro Andalan,ID,EUROPE,,,phase3_jurisdiction_model,E_model_predicted_jurisdiction,E_model_only,0.4695,0,1,,,,0.0
IN,ID,EUROPE,ID,984500997TF8D8856D11,PT BERKAH BERSAMA ARA,ID,EUROPE,,,phase3_jurisdiction_model,E_model_predicted_jurisdiction,E_model_only,0.4695,0,1,,,,0.0
IN,ID,EUROPE,ID,254900R15O4Q6UMD7C92,PT Indomarco Prismatama,ID,EUROPE,,,phase3_jurisdiction_model,E_model_predicted_jurisdiction,E_model_only,0.4694,0,1,,,,0.0
IN,ID,OTHER,ID,9845000CE7A911JD7821,PT PARAMITRA ALFA SEKURITAS,ID,OTHER,,,phase3_jurisdiction_model,E_model_predicted_jurisdiction,E_model_only,0.4688,0,1,,,,0.0
IN,ID,OTHER,ID,984500FC9652AF36D691,PT Iforte Solusi Infotek,ID,OTHER,,,phase3_jurisdiction_model,E_model_predicted_jurisdiction,E_model_only,0.468,0,1,,,,0.0
IN,ID,EUROPE,ID,25490048T42Q2JTNJG62,PT Indonesia Tsingshan Stainless Steel,ID,EUROPE,,,phase3_jurisdiction_model,E_model_predicted_jurisdiction,E_model_only,0.468,0,1,,,,0.0
IN,ID,OTHER,ID,9845003FF9D0C852F097,PT. GLORY IRFAN PERKASA,ID,OTHER,,,phase3_jurisdiction_model,E_model_predicted_jurisdiction,E_model_only,0.468,0,1,,,,0.0
IN,ID,OTHER,ID,984500CE58F807B3AA68,PT RAMAJAYA PRAMUKTI,ID,OTHER,,,phase3_jurisdiction_model,E_model_predicted_jurisdiction,E_model_only,0.4678,0,1,,,,0.0
IN,ID,EUROPE,ID,984500FBA409906BG449,PT WYETH NUTRITION SDUAENAM,ID,EUROPE,,,phase3_jurisdiction_model,E_model_predicted_jurisdiction,E_model_only,0.4678,0,1,,,,0.0
IN,ID,OTHER,ID,2549006T7VV8R6R1MJ44,PT Wahana Lancar Rejeki,ID,OTHER,,,phase3_jurisdiction_model,E_model_predicted_jurisdiction,E_model_only,0.4678,0,1,,,,0.0
IN,ID,OTHER,ID,549300SUA5TYSVA8VL95,PT POLIPLANT SAWIT LESTARI,ID,OTHER,,,phase3_jurisdiction_model,E_model_predicted_jurisdiction,E_model_only,0.4677,0,1,,,,0.0
IN,ID,OTHER,ID,25490095M71W8WNPZB22,PT Eurokars Artha Utama,ID,OTHER,,,phase3_jurisdiction_model,E_model_predicted_jurisdiction,E_model_only,0.4676,0,1,,,,0.0
IN,ID,OTHER,ID,984500FAA75EQ72A2E36,PT AMERTA INDAH OTSUKA,ID,OTHER,,,phase3_jurisdiction_model,E_model_predicted_jurisdiction,E_model_only,0.4674,0,1,,,,0.0
IN,ID,OTHER,ID,89450053ZPN7ZU8LU520,PT ANAK BOS GROUP,ID,OTHER,,,phase3_jurisdiction_model,E_model_predicted_jurisdiction,E_model_only,0.4674,0,1,,,,0.0
IN,ID,OTHER,ID,2549007S2FCGDQQ0KV13,PT Hartono Wira Tanik,ID,OTHER,,,phase3_jurisdiction_model,E_model_predicted_jurisdiction,E_model_only,0.4666,0,1,,,,0.0
IN,ID,OTHER,ID,254900DAO78IB1DRAI35,PT KING HALIM JEWELRY,ID,OTHER,,,phase3_jurisdiction_model,E_model_predicted_jurisdiction,E_model_only,0.4666,0,1,,,,0.0
IN,ID,OTHER,ID,549300SFRSG2AFNFBP86,PT Tirta Sari Surya,ID,OTHER,,,phase3_jurisdiction_model,E_model_predicted_jurisdiction,E_model_only,0.4666,0,1,,,,0.0
IN,ID,EUROPE,ID,8945008GJWLCU9M36584,PT. Dexin Steel Indonesia,ID,EUROPE,,,phase3_jurisdiction_model,E_model_predicted_jurisdiction,E_model_only,0.4663,0,1,,,,0.0
IN,ID,OTHER,ID,9845007H0AAZB8JO7992,PT Arina Multi Karya,ID,OTHER,,,phase3_jurisdiction_model,E_model_predicted_jurisdiction,E_model_only,0.466,0,1,,,,0.0
IN,ID,OTHER,ID,984500678A50F2E44F83,PT CAHAYA RAKA KARSANA,ID,OTHER,,,phase3_jurisdiction_model,E_model_predicted_jurisdiction,E_model_only,0.4658,0,1,,,,0.0
IN,ID,OTHER,ID,984500969B2PECFA1E88,PT KAMIBE BANGUN MUSI,ID,OTHER,,,phase3_jurisdiction_model,E_model_predicted_jurisdiction,E_model_only,0.4658,0,1,,,,0.0
IN,ID,OTHER,ID,254900QBMGI6CJFCTU88,PT INDO KORDSA TBK,ID,OTHER,,,phase3_jurisdiction_model,E_model_predicted_jurisdiction,E_model_only,0.4654,0,1,,,,0.0
IN,ID,OTHER,ID,25490033RHDZMO8HY563,PT. Mitra Selaras Sempurna,ID,OTHER,,,phase3_jurisdiction_model,E_model_predicted_jurisdiction,E_model_only,0.4651,0,1,,,,0.0
IN,ID,OTHER,ID,2549004GZ5US30AWNB59,PT. Mitramode Duta Fashindo,ID,OTHER,,,phase3_jurisdiction_model,E_model_predicted_jurisdiction,E_model_only,0.4651,0,1,,,,0.0
IN,ID,OTHER,ID,984500D2E66BELH0C529,PT Sinarmas Bio Energy,ID,OTHER,,,phase3_jurisdiction_model,E_model_predicted_jurisdiction,E_model_only,0.4649,0,1,,,,0.0
IN,ID,EUROPE,ID,2549005XLYRUP5ONY763,PT. REKREASINDO NUSANTARA,ID,EUROPE,,,phase3_jurisdiction_model,E_model_predicted_jurisdiction,E_model_only,0.4646,0,1,,,,0.0
IN,ID,OTHER,ID,254900LO904KE2GR1X60,PT TANCORP SURYA SENTOSA,ID,OTHER,,,phase3_jurisdiction_model,E_model_predicted_jurisdiction,E_model_only,0.4643,0,1,,,,0.0
IN,ID,OTHER,ID,254900UJ7VTN1UAIHS48,PT. Jawa Satu Regas,ID,OTHER,,,phase3_jurisdiction_model,E_model_predicted_jurisdiction,E_model_only,0.4641,0,1,,,,0.0
IN,ID,OTHER,ID,254900Z3391NL29TL975,SOECHI LINES TBK PT,ID,OTHER,,,phase3_jurisdiction_model,E_model_predicted_jurisdiction,E_model_only,0.4641,0,1,,,,0.0
IN,ID,EUROPE,ID,254900UB6SH8Y0WY2868,PT. DSM Nutritional Products Indonesia,ID,EUROPE,,,phase3_jurisdiction_model,E_model_predicted_jurisdiction,E_model_only,0.4638,0,1,,,,0.0
IN,ID,OTHER,ID,254900B0BC746Z5PRZ45,PT Ciptadana Sekuritas Asia,ID,OTHER,,,phase3_jurisdiction_model,E_model_predicted_jurisdiction,E_model_only,0.4637,0,1,,,,0.0
IN,ID,OTHER,ID,984500CDA945CBF4C922,GRANJAYA ASIA INVESTAMA,ID,OTHER,,,phase3_jurisdiction_model,E_model_predicted_jurisdiction,E_model_only,0.4632,0,1,,,,0.0
IN,ID,EUROPE,ID,254900WNNHOEBAELSP90,PT Sumber Global Energy,ID,EUROPE,,,phase3_jurisdiction_model,E_model_predicted_jurisdiction,E_model_only,0.4631,0,1,,,,0.0
IN,ID,OTHER,ID,984500C955F8DLF86E44,NUTRICIA MEDICAL NUTRITION,ID,OTHER,,,phase3_jurisdiction_model,E_model_predicted_jurisdiction,E_model_only,0.4628,0,1,,,,0.0
IN,ID,OTHER,ID,9845005938F9B5X99A49,PT Rrfx Investasi Berjangka,ID,OTHER,,,phase3_jurisdiction_model,E_model_predicted_jurisdiction,E_model_only,0.4628,0,1,,,,0.0
IN,ID,OTHER,ID,8945006HKKGFJUHQJ194,PT SMARTECH INDO JAYA,ID,OTHER,,,phase3_jurisdiction_model,E_model_predicted_jurisdiction,E_model_only,0.4628,0,1,,,,0.0
IN,ID,OTHER,ID,254900LLTL2UKW807B87,PT Bukit Muria Jaya,ID,OTHER,,,phase3_jurisdiction_model,E_model_predicted_jurisdiction,E_model_only,0.4623,0,1,,,,0.0
IN,ID,OTHER,ID,254900G8NWSWJZG9EW94,PT Berca Schindler Lifts,ID,OTHER,,,phase3_jurisdiction_model,E_model_predicted_jurisdiction,E_model_only,0.4622,0,1,,,,0.0
IN,ID,OTHER,ID,254900LMQQYEHUX0U586,"ARMADA GEMA NUSANTARA, PT",ID,OTHER,,,phase3_jurisdiction_model,E_model_predicted_jurisdiction,E_model_only,0.4619,0,1,,,,0.0
IN,ID,EUROPE,ID,89450063ELXSTK4UBX93,PT KAPUAS PRIMA COAL TBK,ID,EUROPE,,,phase3_jurisdiction_model,E_model_predicted_jurisdiction,E_model_only,0.4615,0,1,,,,0.0
IN,ID,OTHER,ID,549300IDL6QRMLEQTS82,PT Kirana Musi Persada,ID,OTHER,,,phase3_jurisdiction_model,E_model_predicted_jurisdiction,E_model_only,0.461,0,1,,,,0.0
IN,ID,EUROPE,ID,254900YQT5DG9PN8G757,PT. INDO KORDSA POLYESTER,ID,EUROPE,,,phase3_jurisdiction_model,E_model_predicted_jurisdiction,E_model_only,0.4605,0,1,,,,0.0
IN,ID,EUROPE,ID,529900N9ELYOWQV4FW14,PT United Tractors Tbk,ID,EUROPE,,,phase3_jurisdiction_model,E_model_predicted_jurisdiction,E_model_only,0.4603,0,1,,,,0.0
IN,ID,EUROPE,ID,254900X9SWV95RQKNL36,PT IMCD Indonesia,ID,EUROPE,,,phase3_jurisdiction_model,E_model_predicted_jurisdiction,E_model_only,0.46,0,1,,,,0.0
IN,ID,EUROPE,ID,254900CL19LVF7SMUG18,PT Solusi Bangun Andalas,ID,EUROPE,,,phase3_jurisdiction_model,E_model_predicted_jurisdiction,E_model_only,0.46,0,1,,,,0.0
IN,ID,EUROPE,ID,9845001D9D9F0440F702,PT Royal Trust Futures,ID,EUROPE,,,phase3_jurisdiction_model,E_model_predicted_jurisdiction,E_model_only,0.4599,0,1,,,,0.0
IN,ID,OTHER,ID,254900XL7TAV3VN78240,PT TRIMEGAH SEKURITAS INDONESIA Tbk.,ID,OTHER,,,phase3_jurisdiction_model,E_model_predicted_jurisdiction,E_model_only,0.4598,0,1,,,,0.0
IN,ID,OTHER,ID,984500F103OC681NE092,PROSPECT MOTOR,ID,OTHER,,,phase3_jurisdiction_model,E_model_predicted_jurisdiction,E_model_only,0.4595,0,1,,,,0.0
IN,ID,EUROPE,ID,549300NVXY8MYBCK7165,PT Anugrah Bungo Lestari,ID,EUROPE,,,phase3_jurisdiction_model,E_model_predicted_jurisdiction,E_model_only,0.4593,0,1,,,,0.0
IN,ID,EUROPE,ID,254900W1C520NTRRPG65,PT ANDALAN LEPAS PANTAI,ID,EUROPE,,,phase3_jurisdiction_model,E_model_predicted_jurisdiction,E_model_only,0.459,0,1,,,,0.0
IN,ID,EUROPE,ID,254900VPGI7WKEPMLD13,PT. Sukses Diva Mandiri,ID,EUROPE,,,phase3_jurisdiction_model,E_model_predicted_jurisdiction,E_model_only,0.459,0,1,,,,0.0
IN,ID,EUROPE,ID,549300HVLMGEUER5IH84,PT Kirana Sapta,ID,EUROPE,,,phase3_jurisdiction_model,E_model_predicted_jurisdiction,E_model_only,0.4589,0,1,,,,0.0
IN,ID,EUROPE,ID,549300GC8GA3PBXETT90,PT Pantja Surya,ID,EUROPE,,,phase3_jurisdiction_model,E_model_predicted_jurisdiction,E_model_only,0.4589,0,1,,,,0.0
IN,ID,OTHER,ID,213800ZDSJBEJG7I5566,PT. HUAWEI TECH INVESTMENT,ID,OTHER,,,phase3_jurisdiction_model,E_model_predicted_jurisdiction,E_model_only,0.4586,0,1,,,,0.0
IN,ID,OTHER,ID,254900M9G3RI9DT5RE69,PT. Sarico Indah,ID,OTHER,,,phase3_jurisdiction_model,E_model_predicted_jurisdiction,E_model_only,0.4583,0,1,,,,0.0
IN,ID,OTHER,ID,9845007YD72B41A69102,PT Pani Bersama Tambang,ID,OTHER,,,phase3_jurisdiction_model,E_model_predicted_jurisdiction,E_model_only,0.458,0,1,,,,0.0
IN,ID,EUROPE,ID,254900FHBP4WC0EJK189,PT. Guna Elektro,ID,EUROPE,,,phase3_jurisdiction_model,E_model_predicted_jurisdiction,E_model_only,0.458,0,1,,,,0.0
IN,ID,OTHER,ID,254900NA4NGP8BT2KH46,PT ABM INVESTAMA Tbk.,ID,OTHER,,,phase3_jurisdiction_model,E_model_predicted_jurisdiction,E_model_only,0.4577,0,1,,,,0.0
IN,ID,OTHER,ID,549300SKFV4UR2UP3I34,PT New Kalbar Processors,ID,OTHER,,,phase3_jurisdiction_model,E_model_predicted_jurisdiction,E_model_only,0.4566,0,1,,,,0.0
IN,ID,EUROPE,ID,2549003ZAGGN05O7X242,PT KLIRING PENJAMINAN EFEK INDONESIA,ID,EUROPE,,,phase3_jurisdiction_model,E_model_predicted_jurisdiction,E_model_only,0.4563,0,1,,,,0.0
IN,ID,OTHER,ID,254900JFBW45600V8I61,PT Jababeka Tbk,ID,OTHER,,,phase3_jurisdiction_model,E_model_predicted_jurisdiction,E_model_only,0.4561,0,1,,,,0.0
IN,ID,EUROPE,ID,549300RSKQN4Z5ZSGH94,PT. Bank Mandiri (Persero) Tbk.,ID,EUROPE,,,phase3_jurisdiction_model,E_model_predicted_jurisdiction,E_model_only,0.456,0,1,,,,0.0
IN,ID,OTHER,ID,984500660CB037C14464,ALAZIZ PUTRA MANDIRI,ID,OTHER,,,phase3_jurisdiction_model,E_model_predicted_jurisdiction,E_model_only,0.4556,0,1,,,,0.0
IN,ID,OTHER,ID,984500D6EA5NC84F5A42,PT Sunny Metal Industry,ID,OTHER,,,phase3_jurisdiction_model,E_model_predicted_jurisdiction,E_model_only,0.4556,0,1,,,,0.0
IN,ID,EUROPE,ID,98450098841N3747F366,PT INDO GLOBAL GOLD,ID,EUROPE,,,phase3_jurisdiction_model,E_model_predicted_jurisdiction,E_model_only,0.4554,0,1,,,,0.0
IN,ID,OTHER,ID,984500E1D1A2BD4C8F67,PT Tirta Sibayakindo,ID,OTHER,,,phase3_jurisdiction_model,E_model_predicted_jurisdiction,E_model_only,0.4552,0,1,,,,0.0
IN,ID,EUROPE,ID,254900LG0T6W3FFZRJ63,PT CETTA BHAKTI SOLUSI,ID,EUROPE,,,phase3_jurisdiction_model,E_model_predicted_jurisdiction,E_model_only,0.4551,0,1,,,,0.0
IN,ID,OTHER,ID,9845007EF8F9BZ0B0A61,PT Karia Bhumi Sejahtera,ID,OTHER,,,phase3_jurisdiction_model,E_model_predicted_jurisdiction,E_model_only,0.4549,0,1,,,,0.0
IN,ID,OTHER,ID,254900OK5YLKT95PBT16,PT PAN BROTHERS,ID,OTHER,,,phase3_jurisdiction_model,E_model_predicted_jurisdiction,E_model_only,0.4547,0,1,,,,0.0
IN,ID,EUROPE,ID,254900XBQBHM0QPI0V70,"Karunia Bara Perkasa, PT",ID,EUROPE,,,phase3_jurisdiction_model,E_model_predicted_jurisdiction,E_model_only,0.4543,0,1,,,,0.0
IN,ID,OTHER,ID,254900V0WSXCCR0E1I22,PT EPID MENARA ASSETCO,ID,OTHER,,,phase3_jurisdiction_model,E_model_predicted_jurisdiction,E_model_only,0.4541,0,1,,,,0.0
IN,ID,OTHER,ID,254900V148MLDF2QNS52,PT World Index Investment,ID,OTHER,,,phase3_jurisdiction_model,E_model_predicted_jurisdiction,E_model_only,0.4537,0,1,,,,0.0
IN,ID,OTHER,ID,254900W39HGEX95VTQ31,PT Mac Sarana Djaya,ID,OTHER,,,phase3_jurisdiction_model,E_model_predicted_jurisdiction,E_model_only,0.4536,0,1,,,,0.0
IN,ID,EUROPE,ID,984500FE9C88IECM8764,PT TRANS DANA PROFITRI,ID,EUROPE,,,phase3_jurisdiction_model,E_model_predicted_jurisdiction,E_model_only,0.4534,0,1,,,,0.0
IN,ID,EUROPE,ID,254900BF3IG4IKUL3P23,PT. Kawan Lama Sejahtera,ID,EUROPE,,,phase3_jurisdiction_model,E_model_predicted_jurisdiction,E_model_only,0.4532,0,1,,,,0.0
IN,ID,OTHER,ID,25490059PV3L859A6J68,PT Mest Indonesiy,ID,OTHER,,,phase3_jurisdiction_model,E_model_predicted_jurisdiction,E_model_only,0.4529,0,1,,,,0.0
IN,ID,OTHER,ID,2549003T1FQWS9PUV190,PT RANCANG HARUM GUNAWAN,ID,OTHER,,,phase3_jurisdiction_model,E_model_predicted_jurisdiction,E_model_only,0.4523,0,1,,,,0.0
IN,ID,OTHER,ID,2549006QL3NYCY4DBC85,PT CERIA METALINDO PRIMA,ID,OTHER,,,phase3_jurisdiction_model,E_model_predicted_jurisdiction,E_model_only,0.4522,0,1,,,,0.0
IN,ID,EUROPE,ID,549300VH0VM87NPXO675,PT Djambi Waras,ID,EUROPE,,,phase3_jurisdiction_model,E_model_predicted_jurisdiction,E_model_only,0.4517,0,1,,,,0.0
IN,ID,EUROPE,ID,254900YBR26IULZHMD62,PT VIREMA IMPEX,ID,EUROPE,,,phase3_jurisdiction_model,E_model_predicted_jurisdiction,E_model_only,0.4517,0,1,,,,0.0
IN,ID,OTHER,ID,254900N3WK9AC24SVF17,PT MAP AKTIF Adiperkasa,ID,OTHER,,,phase3_jurisdiction_model,E_model_predicted_jurisdiction,E_model_only,0.4516,0,1,,,,0.0
IN,ID,EUROPE,ID,2549007CSP01DDP3S024,PT Sarana Inti Selaras,ID,EUROPE,,,phase3_jurisdiction_model,E_model_predicted_jurisdiction,E_model_only,0.4516,0,1,,,,0.0
IN,ID,EUROPE,ID,549300XK58TOGDAYQF57,PT Kirana Permata,ID,EUROPE,,,phase3_jurisdiction_model,E_model_predicted_jurisdiction,E_model_only,0.451,0,1,,,,0.0
IN,ID,EUROPE,ID,549300EHM118T7OHF032,PT Kirana Windu,ID,EUROPE,,,phase3_jurisdiction_model,E_model_predicted_jurisdiction,E_model_only,0.4492,0,1,,,,0.0
IN,ID,EUROPE,ID,894500DF5TJXCOE26L58,PT MERDEKA COPPER GOLD Tbk,ID,EUROPE,,,phase3_jurisdiction_model,E_model_predicted_jurisdiction,E_model_only,0.4491,0,1,,,,0.0
IN,ID,OTHER,ID,25490016VWJTI5Z8H319,PT Tonekan Niat Baikmu,ID,OTHER,,,phase3_jurisdiction_model,E_model_predicted_jurisdiction,E_model_only,0.4491,0,1,,,,0.0
IN,ID,EUROPE,ID,549300288CMZK9IZTC62,PT Nusira,ID,EUROPE,,,phase3_jurisdiction_model,E_model_predicted_jurisdiction,E_model_only,0.4489,0,1,,,,0.0
IN,ID,OTHER,ID,984500995CF1F8079913,PT MITRA KERETA KENCANA,ID,OTHER,,,phase3_jurisdiction_model,E_model_predicted_jurisdiction,E_model_only,0.4478,0,1,,,,0.0
IN,ID,EUROPE,ID,87550069I59L8R53A098,PT MEPPO-GEN,ID,EUROPE,,,phase3_jurisdiction_model,E_model_predicted_jurisdiction,E_model_only,0.4477,0,1,,,,0.0
IN,ID,OTHER,ID,254900QR811BMI4E7L90,PT Dynaplast,ID,OTHER,,,phase3_jurisdiction_model,E_model_predicted_jurisdiction,E_model_only,0.4469,0,1,,,,0.0
IN,ID,OTHER,ID,984500DB7014D82FF841,PT Tirta Investama,ID,OTHER,,,phase3_jurisdiction_model,E_model_predicted_jurisdiction,E_model_only,0.4469,0,1,,,,0.0
IN,ID,OTHER,ID,87550012M44BM181BU53,PT ASIA INVES KAVINAR,ID,OTHER,,,phase3_jurisdiction_model,E_model_predicted_jurisdiction,E_model_only,0.4467,0,1,,,,0.0
IN,ID,OTHER,ID,984500A02CACC5B60166,PT LABBAIKA CIPTA IMANI,ID,OTHER,,,phase3_jurisdiction_model,E_model_predicted_jurisdiction,E_model_only,0.4466,0,1,,,,0.0
IN,ID,EUROPE,ID,254900HNZGUX4KSDYD65,PT Bintang Agung Persada,ID,EUROPE,,,phase3_jurisdiction_model,E_model_predicted_jurisdiction,E_model_only,0.4462,0,1,,,,0.0
IN,ID,OTHER,ID,894500Q1DREQJRTYFH86,PT ARNION KARYA ANUGRA,ID,OTHER,,,phase3_jurisdiction_model,E_model_predicted_jurisdiction,E_model_only,0.4452,0,1,,,,0.0
IN,ID,OTHER,ID,984500Q9G94A84550393,PT GARUDA ASIA SENTOSA,ID,OTHER,,,phase3_jurisdiction_model,E_model_predicted_jurisdiction,E_model_only,0.4445,0,1,,,,0.0
IN,ID,OTHER,ID,984500E2A76814810753,PT Sugizindo,ID,OTHER,,,phase3_jurisdiction_model,E_model_predicted_jurisdiction,E_model_only,0.4443,0,1,,,,0.0
IN,ID,EUROPE,ID,254900NDU083GBSUQJ23,PT TRIAS SENTOSA,ID,EUROPE,,,phase3_jurisdiction_model,E_model_predicted_jurisdiction,E_model_only,0.4443,0,1,,,,0.0
IN,ID,EUROPE,ID,254900LMP6GLXK4YVE61,PT. Pupuk Kujang,ID,EUROPE,,,phase3_jurisdiction_model,E_model_predicted_jurisdiction,E_model_only,0.4443,0,1,,,,0.0
IN,ID,OTHER,ID,8945000Y651NXH896B02,PT INDO LIBERTY TEXTILES,ID,OTHER,,,phase3_jurisdiction_model,E_model_predicted_jurisdiction,E_model_only,0.4441,0,1,,,,0.0
IN,ID,OTHER,ID,254900J9HRZLWCTUDV71,PT Komering Jaya Perdana,ID,OTHER,,,phase3_jurisdiction_model,E_model_predicted_jurisdiction,E_model_only,0.4441,0,1,,,,0.0
IN,ID,OTHER,ID,9845000744Z2C3835A56,PT Golden Rama Express,ID,OTHER,,,phase3_jurisdiction_model,E_model_predicted_jurisdiction,E_model_only,0.4431,0,1,,,,0.0
IN,ID,OTHER,ID,984500K49D5642B91P96,PT INDO LYSAGHT,ID,OTHER,,,phase3_jurisdiction_model,E_model_predicted_jurisdiction,E_model_only,0.4431,0,1,,,,0.0
IN,ID,EUROPE,ID,984500EBBCC6F1J4BD40,MAHKOTA BANK INTERNASIONAL,ID,EUROPE,,,phase3_jurisdiction_model,E_model_predicted_jurisdiction,E_model_only,0.4426,0,1,,,,0.0
IN,ID,EUROPE,ID,9845003F874390B3CA64,PT KB Valbury Sekuritas,ID,EUROPE,,,phase3_jurisdiction_model,E_model_predicted_jurisdiction,E_model_only,0.4412,0,1,,,,0.0
IN,ID,EUROPE,ID,9845003A3DFB7V456B48,PT TRIFANI BERKAH UTAMA,ID,EUROPE,,,phase3_jurisdiction_model,E_model_predicted_jurisdiction,E_model_only,0.4412,0,1,,,,0.0
IN,ID,OTHER,ID,98450009BF4DC1W32A62,BCA FINANCE,ID,OTHER,,,phase3_jurisdiction_model,E_model_predicted_jurisdiction,E_model_only,0.4405,0,1,,,,0.0
IN,ID,EUROPE,ID,984500D899EEADC65081,PURIMAS SASMITA,ID,EUROPE,,,phase3_jurisdiction_model,E_model_predicted_jurisdiction,E_model_only,0.4396,0,1,,,,0.0
IN,ID,OTHER,ID,9845002CZ70GY08CA804,PT Honda Prospect Motor,ID,OTHER,,,phase3_jurisdiction_model,E_model_predicted_jurisdiction,E_model_only,0.4394,0,1,,,,0.0
IN,ID,EUROPE,ID,549300HNYI5OXKJL7179,PT Karini Utama,ID,EUROPE,,,phase3_jurisdiction_model,E_model_predicted_jurisdiction,E_model_only,0.4393,0,1,,,,0.0
IN,ID,EUROPE,ID,549300RDIC52HVIH8S97,PT Kirana Prima,ID,EUROPE,,,phase3_jurisdiction_model,E_model_predicted_jurisdiction,E_model_only,0.4393,0,1,,,,0.0
IN,ID,OTHER,ID,9845007DB515CF1CK103,PT AGRO MURNI,ID,OTHER,,,phase3_jurisdiction_model,E_model_predicted_jurisdiction,E_model_only,0.4381,0,1,,,,0.0
IN,ID,EUROPE,ID,984500BDB480765F4996,PT Dsi Underground,ID,EUROPE,,,phase3_jurisdiction_model,E_model_predicted_jurisdiction,E_model_only,0.4369,0,1,,,,0.0
IN,ID,EUROPE,ID,2549004BK3VLS5EYRY10,PT Monagro Kimia,ID,EUROPE,,,phase3_jurisdiction_model,E_model_predicted_jurisdiction,E_model_only,0.4365,0,1,,,,0.0
IN,ID,OTHER,ID,254900MIPIY5DBJEM210,PT Pan Emperor,ID,OTHER,,,phase3_jurisdiction_model,E_model_predicted_jurisdiction,E_model_only,0.4356,0,1,,,,0.0
IN,ID,OTHER,ID,5299004I8EXG4Q5XEY96,PT TIMAH Tbk,ID,OTHER,,,phase3_jurisdiction_model,E_model_predicted_jurisdiction,E_model_only,0.4338,0,1,,,,0.0
IN,ID,OTHER,ID,9845008B4576C764V525,SANDVIK SMC,ID,OTHER,,,phase3_jurisdiction_model,E_model_predicted_jurisdiction,E_model_only,0.4294,0,1,,,,0.0
IN,ID,OTHER,ID,254900HB6S4B12GBNP64,"Bank Rakyat Indonesia (Persero) Tbk, PT",ID,OTHER,,,phase3_jurisdiction_model,E_model_predicted_jurisdiction,E_model_only,0.427,0,1,,,,0.0
IN,ID,OTHER,ID,9845001C4E7DD5D2EA27,PT Soci Mas,ID,OTHER,,,phase3_jurisdiction_model,E_model_predicted_jurisdiction,E_model_only,0.4231,0,1,,,,0.0
IN,ID,OTHER,ID,254900GVS59NZ0IMDC94,PT Sari Burger Indonesia,ID,OTHER,,,phase3_jurisdiction_model,E_model_predicted_jurisdiction,E_model_only,0.4222,0,1,,,,0.0
IN,ID,EUROPE,ID,894500B6H2I2WYJIB757,PT Kilang Pertamina Internasional,ID,EUROPE,,,phase3_jurisdiction_model,E_model_predicted_jurisdiction,E_model_only,0.4041,0,1,,,,0.0
IN,ID,OTHER,ID,984500B4F24FC9H3CB43,PT AVIDA AVIADUTA,ID,OTHER,,,phase3_jurisdiction_model,E_model_predicted_jurisdiction,E_model_only,0.3971,0,1,,,,0.0
IN,ID,OTHER,ID,254900DZRM5FOGM5Z966,PT Mineral Industri Indonesia (Persero),ID,OTHER,,,phase3_jurisdiction_model,E_model_predicted_jurisdiction,E_model_only,0.3966,0,1,,,,0.0
IN,ID,OTHER,ID,9845004E582D9HGC4285,PT MASUSHITA,ID,OTHER,,,phase3_jurisdiction_model,E_model_predicted_jurisdiction,E_model_only,0.3915,0,1,,,,0.0
IN,ID,EUROPE,ID,9845003DALFFC6976114,PT Damwoo Indo,ID,EUROPE,,,phase3_jurisdiction_model,E_model_predicted_jurisdiction,E_model_only,0.3859,0,1,,,,0.0
