direction,host_country,source_country,destination_country,lei,legal_name,entity_country,uie_country,uie_name,uie_lei,uie_source,evidence_tier,evidence_bucket,uie_confidence,is_known_uie,is_inferred_uie,direct_parent_country,ultimate_parent_country,chain_parent_country,ctos_registered_malaysia
IN,TH,DE,TH,254900S5Q47WW6DH9R23,ADIDAS (THAILAND) COMPANY LIMITED,TH,DE,adidas AG,549300JSX0Z4CW0V5023,gleif_ultimate_parent,A_known_ultimate_parent,A_hard_or_verified,1.0,1,0,DE,DE,,0.0
IN,TH,BM,TH,2138003C9DBI9I4ZR845,"ADMS GOLBAL SERVICES (THAILAND) CO.,LTD.",TH,BM,Aegon Ltd.,O4QK7KMMK83ITNTHUG69,gleif_ultimate_parent,A_known_ultimate_parent,A_hard_or_verified,1.0,1,0,,BM,,0.0
IN,TH,BM,TH,213800CN7ISVO16Y1B81,"AEGON DIRECT & AFFINITY MARKETING SERVICES (THAILAND) CO.,LTD.",TH,BM,Aegon Ltd.,O4QK7KMMK83ITNTHUG69,gleif_ultimate_parent,A_known_ultimate_parent,A_hard_or_verified,1.0,1,0,US,BM,,0.0
IN,TH,BM,TH,213800KYU495KRK1TT89,"AEGON DIRECT LIFE INSURANCE CO.,LTD.",TH,BM,Aegon Ltd.,O4QK7KMMK83ITNTHUG69,gleif_ultimate_parent,A_known_ultimate_parent,A_hard_or_verified,1.0,1,0,TH,BM,BM,0.0
IN,TH,BM,TH,213800NLLWGM5Z858M59,"AEGON DIRECT NON LIFE INSURANCE BROKER THAILAND CO.,LTD.",TH,BM,Aegon Ltd.,O4QK7KMMK83ITNTHUG69,gleif_ultimate_parent,A_known_ultimate_parent,A_hard_or_verified,1.0,1,0,TH,BM,BM,0.0
IN,TH,HK,TH,549300A6FQXVKIMVJG88,AIA INVESTMENT MANAGEMENT (THAILAND) LIMITED,TH,HK,AIA Group Limited,ZP5ILWVSYE4LJGMMVD57,gleif_ultimate_parent,A_known_ultimate_parent,A_hard_or_verified,1.0,1,0,HK,HK,,0.0
IN,TH,NL,TH,549300Y00S0076EAFS65,ATOTECH (THAILAND) COMPANY LIMITED,TH,NL,Atotech B.V.,529900PCHLQ9RMGYML57,gleif_ultimate_parent,A_known_ultimate_parent,A_hard_or_verified,1.0,1,0,NL,NL,,0.0
IN,TH,US,TH,MG8URDW1RUDNRPBHVO36,B.E.S. COMPANY LIMITED,TH,US,CITIGROUP INC.,6SHGI4ZSSLCXXQSBB395,gleif_ultimate_parent,A_known_ultimate_parent,A_hard_or_verified,1.0,1,0,US,US,,0.0
IN,TH,NL,TH,549300CEPHCAISPSJ139,CBI (THAILAND) COMPANY LIMITED,TH,NL,CHICAGO BRIDGE & IRON COMPANY N.V.,75H8W24NDBLLSXSCXH23,gleif_ultimate_parent,A_known_ultimate_parent,A_hard_or_verified,1.0,1,0,,NL,,0.0
IN,TH,US,TH,549300TWQMYSVX4UZG60,DOW AGROSCIENCES (THAILAND) LTD.,TH,US,DOW INC.,5493003S21INSLK2IP73,gleif_ultimate_parent,A_known_ultimate_parent,A_hard_or_verified,1.0,1,0,US,US,,0.0
IN,TH,IE,TH,5493006CSD0IO1L5C766,EATON INDUSTRIES (THAILAND) LTD.,TH,IE,EATON CORPORATION PUBLIC LIMITED COMPANY,549300VDIGTMXUNT7H71,gleif_ultimate_parent,A_known_ultimate_parent,A_hard_or_verified,1.0,1,0,IE,IE,,0.0
IN,TH,GB,TH,21380015KQO8FOFDKW15,EK-CHAI DISTRIBUTION SYSTEM CO. LTD,TH,GB,TESCO PLC,2138002P5RNKC5W2JZ46,gleif_ultimate_parent,A_known_ultimate_parent,A_hard_or_verified,1.0,1,0,,GB,,0.0
IN,TH,FR,TH,5493004WTHSS6OWNHE94,"EYEBIZ LABORATORY (THAILAND) CO.,LTD.",TH,FR,ESSILORLUXOTTICA,549300M3VH1A3ER1TB49,gleif_ultimate_parent,A_known_ultimate_parent,A_hard_or_verified,1.0,1,0,FR,FR,,0.0
IN,TH,KY,TH,549300G97UW72P48KL59,FABRINET COMPANY LIMITED,TH,KY,FABRINET,5493004TETZ6IYF7CV44,gleif_ultimate_parent,A_known_ultimate_parent,A_hard_or_verified,1.0,1,0,KY,KY,,0.0
IN,TH,US,TH,549300EG01FHHZERMH83,FEDERAL-MOGUL (THAILAND) COMPANY LIMITED,TH,US,TENNECO INC.,549300U0EXXFAQFAD785,gleif_ultimate_parent,A_known_ultimate_parent,A_hard_or_verified,1.0,1,0,,US,,0.0
IN,TH,NL,TH,549300YJJB2ZUEYK3D31,FRIESLANDCAMPINA (THAILAND) PUBLIC COMPANY LIMITED,TH,NL,Koninklijke FrieslandCampina N.V.,724500CDWM1CHYS8AP31,gleif_ultimate_parent,A_known_ultimate_parent,A_hard_or_verified,1.0,1,0,NL,NL,,0.0
IN,TH,JP,TH,254900ERH6DFC1LJMH62,GMO-Z.Com Cryptonomics (Thailand) Company Limited,TH,JP,ＧＭＯインターネットグループ株式会社,529900BFZEY3BESHBW90,gleif_ultimate_parent,A_known_ultimate_parent,A_hard_or_verified,1.0,1,0,,JP,,0.0
IN,TH,SG,TH,213800ZOTFDMLVPXCR50,GOBEAR (THAILAND) COMPANY LIMITED,TH,SG,WOODPECKER ASIA TECH PTE. LTD,213800YL1WKCFM1LOQ12,gleif_ultimate_parent,A_known_ultimate_parent,A_hard_or_verified,1.0,1,0,SG,SG,,0.0
IN,TH,US,TH,549300LQR3SNIY0UYJ10,HGST (THAILAND) COMPANY LIMITED,TH,US,WESTERN DIGITAL CORPORATION,549300QQXOOYEF89IC56,gleif_ultimate_parent,A_known_ultimate_parent,A_hard_or_verified,1.0,1,0,US,US,,0.0
IN,TH,DE,TH,549300FP7KULSUEF7T21,"KSB PUMPS CO., LTD",TH,DE,KSB SE & Co. KGaA,529900BVAET534PD7C28,gleif_ultimate_parent,A_known_ultimate_parent,A_hard_or_verified,1.0,1,0,DE,DE,,0.0
IN,TH,SE,TH,549300FI6YV7S7V6J740,OOY COMP. LTD,TH,SE,Rederi Aktiebolaget Svenska Kusten,549300L7DMB53U4PUF02,gleif_ultimate_parent,A_known_ultimate_parent,A_hard_or_verified,1.0,1,0,SE,SE,,0.0
IN,TH,US,TH,254900J2DPMF71KCIG02,"Pancosma & Associates Marketing (Thailand) Co., Ltd",TH,US,ARCHER-DANIELS-MIDLAND COMPANY,549300LO13MQ9HYSTR83,gleif_ultimate_parent,A_known_ultimate_parent,A_hard_or_verified,1.0,1,0,,US,,0.0
IN,TH,US,TH,5493002HJ2XMLFVBXH20,"RICH PRODUCTS MANUFACTURING (THAILAND) CO., LTD.",TH,US,RICH PRODUCTS CORPORATION,54930098YJWW4XAC3823,gleif_ultimate_parent,A_known_ultimate_parent,A_hard_or_verified,1.0,1,0,US,US,,0.0
IN,TH,US,TH,549300TMH33MGXTZF064,ROHM AND HAAS CHEMICAL (THAILAND) LIMITED,TH,US,DOW INC.,5493003S21INSLK2IP73,gleif_ultimate_parent,A_known_ultimate_parent,A_hard_or_verified,1.0,1,0,,US,,0.0
IN,TH,IT,TH,5493001O24BME5RQCW07,SPCC,TH,IT,SAIPEM S.P.A.,549300PHV8MBDHWB8X12,gleif_ultimate_parent,A_known_ultimate_parent,A_hard_or_verified,1.0,1,0,FR,IT,,0.0
IN,TH,US,TH,549300CUDSD1F54ZJZ90,SPECIALTY ELECTRONIC MATERIALS (THAILAND) COMPANY LIMITED,TH,US,DOW INC.,5493003S21INSLK2IP73,gleif_ultimate_parent,A_known_ultimate_parent,A_hard_or_verified,1.0,1,0,US,US,,0.0
IN,TH,GB,TH,213800G6IWQQKM9GJ808,TESCO GLOBAL EMPLOYMENT COMPANY LIMITED,TH,GB,TESCO PLC,2138002P5RNKC5W2JZ46,gleif_ultimate_parent,A_known_ultimate_parent,A_hard_or_verified,1.0,1,0,NL,GB,,0.0
IN,TH,GB,TH,549300G9QZ08PUODV127,UNILEVER THAI SERVICES CO LTD,TH,GB,UNILEVER PLC,549300MKFYEKVRWML317,gleif_ultimate_parent,A_known_ultimate_parent,A_hard_or_verified,1.0,1,0,NL,GB,,0.0
IN,TH,FR,TH,5493001H50LJC8JXQ563,VALEO COMFORT AND DRIVING ASSISTANCE SYSTEMS (THAILAND) COMPANY LIMITED,TH,FR,VALEO,5493006IH2N2WMIBB742,gleif_ultimate_parent,A_known_ultimate_parent,A_hard_or_verified,1.0,1,0,FR,FR,,0.0
IN,TH,FR,TH,549300TZJFLEQ0YMJE73,VALEO THERMAL SYSTEMS SALES (THAILAND) COMPANY LIMITED,TH,FR,VALEO,5493006IH2N2WMIBB742,gleif_ultimate_parent,A_known_ultimate_parent,A_hard_or_verified,1.0,1,0,FR,FR,,0.0
IN,TH,US,TH,549300NCYVFJ32L87446,VISTEON AUTOMOTIVE ELECTRONICS (THAILAND) COMPANY LIMITED,TH,US,VISTEON CORPORATION,549300MOVLYHRW4GGW78,gleif_ultimate_parent,A_known_ultimate_parent,A_hard_or_verified,1.0,1,0,US,US,,0.0
IN,TH,US,TH,5493006C84O23EM17025,WESTERN DIGITAL [THAILAND] COMPANY LIMITED,TH,US,WESTERN DIGITAL CORPORATION,549300QQXOOYEF89IC56,gleif_ultimate_parent,A_known_ultimate_parent,A_hard_or_verified,1.0,1,0,,US,,0.0
IN,TH,US,TH,549300X2LNVDZKVMHK31,"YUM RESTAURANTS INTERNATIONAL (THAILAND) CO., LTD.",TH,US,"YUM! Brands, Inc.",549300JE8XHZZ7OHN517,gleif_ultimate_parent,A_known_ultimate_parent,A_hard_or_verified,1.0,1,0,US,US,,0.0
IN,TH,US,TH,549300Q1UAF87OU82K37,คาร์ไบด์ เคมีคอล (ประเทศไทย) จำกัด,TH,US,DOW INC.,5493003S21INSLK2IP73,gleif_ultimate_parent,A_known_ultimate_parent,A_hard_or_verified,1.0,1,0,US,US,,0.0
IN,TH,US,TH,549300A12VSCVO5F7426,จอห์นสัน แอนด์ จอห์นสัน (ประเทศไทย) บจก.,TH,US,Johnson & Johnson,549300G0CFPGEF6X2043,gleif_ultimate_parent,A_known_ultimate_parent,A_hard_or_verified,1.0,1,0,,US,,0.0
IN,TH,SG,TH,549300V1F773E1PK6553,ชื่อนิติบุคคล : บริษัท ธนาคารยูโอบี จำกัด (มหาชน),TH,SG,UNITED OVERSEAS BANK LIMITED,IO66REGK3RCBAMA8HR66,gleif_ultimate_parent,A_known_ultimate_parent,A_hard_or_verified,1.0,1,0,SG,SG,,0.0
IN,TH,IN,TH,254900MXVTREKWR7Q490,ซูพรีม ฟอสเทรียน (ประเทศไทย) จำกัด,TH,IN,SUPREME NONWOVENS PRIVATE LIMITED,335800HYS5ATQI8XSP20,gleif_ultimate_parent,A_known_ultimate_parent,A_hard_or_verified,1.0,1,0,IN,IN,,0.0
IN,TH,MY,TH,549300R0ZPYS6LVTM523,ธนาคาร ซีไอเอ็มบี ไทย จำกัด (มหาชน),TH,MY,CIMB GROUP HOLDINGS BERHAD,549300FYDN5UD7USZW18,gleif_ultimate_parent,A_known_ultimate_parent,A_hard_or_verified,1.0,1,0,MY,MY,MY,0.0
IN,TH,DE,TH,8945004XOG4QTLPK0E21,บมจ.ปูนซีเมนต์เอเซีย,TH,DE,Heidelberg Materials AG,LZ2C6E0W5W7LQMX5ZI37,gleif_ultimate_parent,A_known_ultimate_parent,A_hard_or_verified,1.0,1,0,DE,DE,,0.0
IN,TH,JE,TH,894500QKBJY62HF3WS49,บริษัท กรุ๊ปเอ็ม โพรพริเอทารี มีเดีย จำกัด,TH,JE,WPP PLC,549300LSGBXPYHXGDT93,gleif_ultimate_parent,A_known_ultimate_parent,A_hard_or_verified,1.0,1,0,JE,JE,,0.0
IN,TH,US,TH,254900Y19JCCEI7M4W84,บริษัท คราวน์ ฟู้ด แพ็คเก็จจิ้ง (ประเทศไทย) จำกัด (มหาชน),TH,US,"CROWN HOLDINGS, INC.",NYLWZIOY8PUNIT4JOE22,gleif_ultimate_parent,A_known_ultimate_parent,A_hard_or_verified,1.0,1,0,,US,,0.0
IN,TH,US,TH,254900E3R9IO171MP006,บริษัท คราวน์เบ็บแคน แอนด์ โคลสเชอร์ส (ประเทศไทย) จำกัด,TH,US,"CROWN HOLDINGS, INC.",NYLWZIOY8PUNIT4JOE22,gleif_ultimate_parent,A_known_ultimate_parent,A_hard_or_verified,1.0,1,0,,US,,0.0
IN,TH,CH,TH,5493007AFFAMSJB5PF75,บริษัท ควอลิตี้ คอฟฟี่ โปรดักท์ส จำกัด,TH,CH,NESTLÉ S.A.,KY37LUS27QQX7BB93L28,gleif_ultimate_parent,A_known_ultimate_parent,A_hard_or_verified,1.0,1,0,CH,CH,,0.0
IN,TH,US,TH,894500A3IVWEC4ZURW12,บริษัท คอลเกต-ปาล์มโอลีฟ (ประเทศไทย) จำกัด,TH,US,COLGATE-PALMOLIVE COMPANY,YMEGZFW4SBUSS5BQXF88,gleif_ultimate_parent,A_known_ultimate_parent,A_hard_or_verified,1.0,1,0,US,US,,0.0
IN,TH,US,TH,549300KIJANFFYFZ4A21,บริษัท คาร์กิลล์มีทส์ (ไทยแลนด์) จำกัด,TH,US,"CARGILL, INCORPORATED",QXZYQNMR4JZ5RIRN4T31,gleif_ultimate_parent,A_known_ultimate_parent,A_hard_or_verified,1.0,1,0,TH,US,US,0.0
IN,TH,US,TH,549300A0H8IN7ESRVE56,บริษัท คาร์กิลล์สยาม จำกัด,TH,US,"CARGILL, INCORPORATED",QXZYQNMR4JZ5RIRN4T31,gleif_ultimate_parent,A_known_ultimate_parent,A_hard_or_verified,1.0,1,0,LU,US,,0.0
IN,TH,DE,TH,5299004DFQJ191JD6L16,บริษัท คาร์ล ไซส์ส จำกัด,TH,DE,Carl Zeiss AG,5299000XH7YX33EJZP65,gleif_ultimate_parent,A_known_ultimate_parent,A_hard_or_verified,1.0,1,0,DE,DE,,0.0
IN,TH,US,TH,5493007BZU57N10K3Q39,บริษัท จอห์นสัน แอนด์ จอห์นสัน คอนซูเมอร์ (ประเทศไทย) จำกัด,TH,US,Johnson & Johnson,549300G0CFPGEF6X2043,gleif_ultimate_parent,A_known_ultimate_parent,A_hard_or_verified,1.0,1,0,,US,,0.0
IN,TH,US,TH,254900B5FNBX7U9FSQ24,บริษัท จอห์นสัน แอนด์ จอห์นสัน เมดเทค (ประเทศไทย) จำกัด,TH,US,Johnson & Johnson,549300G0CFPGEF6X2043,gleif_ultimate_parent,A_known_ultimate_parent,A_hard_or_verified,1.0,1,0,,US,,0.0
IN,TH,US,TH,549300W8AHJHSD40OR13,บริษัท จีซีพี แอพพลายด์ เทคโนโลยีส์ โฮลดิ้งส์ (ไทยแลนด์) จำกัด,TH,US,GCP APPLIED TECHNOLOGIES INC.,5493007G654QKQVEKV09,gleif_ultimate_parent,A_known_ultimate_parent,A_hard_or_verified,1.0,1,0,US,US,,0.0
IN,TH,CH,TH,52990044YDMO1Y0R5N94,บริษัท ซอฟต์แวร์วัน จำกัด,TH,CH,SoftwareOne Holding AG,529900GBI88JKWXLGI05,gleif_ultimate_parent,A_known_ultimate_parent,A_hard_or_verified,1.0,1,0,CH,CH,,0.0
IN,TH,KR,TH,2549006WUX6DYQEGZN20,บริษัท ซัมซุง ซี แอนด์ ที (ประเทศไทย) จำกัด,TH,KR,삼성물산 주식회사,988400GFRE4IDFPE9E64,gleif_ultimate_parent,A_known_ultimate_parent,A_hard_or_verified,1.0,1,0,KR,KR,,0.0
IN,TH,DE,TH,529900VMFNOC2129QE28,บริษัท ซิมไรส์ จำกัด,TH,DE,Symrise AG,529900D82I6R9601CF26,gleif_ultimate_parent,A_known_ultimate_parent,A_hard_or_verified,1.0,1,0,DE,DE,,0.0
IN,TH,CA,TH,549300WO51P2GPNVUL50,บริษัท ซิเลซติกา (ประเทศไทย) จำกัด,TH,CA,CELESTICA INC.,549300J3CG5T6RZWLN53,gleif_ultimate_parent,A_known_ultimate_parent,A_hard_or_verified,1.0,1,0,,CA,,0.0
IN,TH,DE,TH,529900ZYV65DZCT32I95,บริษัท ซีพีอาร์เอ็น (ประเทศไทย) จำกัด,TH,DE,Allianz SE,529900K9B0N5BT694847,gleif_ultimate_parent,A_known_ultimate_parent,A_hard_or_verified,1.0,1,0,DE,DE,,0.0
IN,TH,DE,TH,529900RFLGGW9NL0IJ29,บริษัท ซีเมนส์ กาเมซ่า รีนิวเอเบิล เอ็นเนอร์ยี จำกัด,TH,DE,Siemens Energy AG,5299005CHJZ14D4FDJ62,gleif_ultimate_parent,A_known_ultimate_parent,A_hard_or_verified,1.0,1,0,ES,DE,,0.0
IN,TH,DE,TH,529900DQBZI0ZN8GZ661,บริษัท ซีเมนส์ จำกัด,TH,DE,Siemens Aktiengesellschaft,W38RGI023J3WT1HWRP32,gleif_ultimate_parent,A_known_ultimate_parent,A_hard_or_verified,1.0,1,0,DE,DE,,0.0
IN,TH,DE,TH,5299001BS2N6FDSU5V12,บริษัท ซีเมนส์ เอนเนอร์ยี่ จำกัด,TH,DE,Siemens Energy AG,5299005CHJZ14D4FDJ62,gleif_ultimate_parent,A_known_ultimate_parent,A_hard_or_verified,1.0,1,0,DE,DE,,0.0
IN,TH,DE,TH,529900MHAROBMG81YE22,บริษัท ซีเมนส์ เฮลท์แคร์ จำกัด,TH,DE,Siemens Aktiengesellschaft,W38RGI023J3WT1HWRP32,gleif_ultimate_parent,A_known_ultimate_parent,A_hard_or_verified,1.0,1,0,DE,DE,,0.0
IN,TH,DE,TH,5299005CX86908X4DB52,บริษัท ซีเมนส์ โมบิลิตี้ จำกัด,TH,DE,Siemens Aktiengesellschaft,W38RGI023J3WT1HWRP32,gleif_ultimate_parent,A_known_ultimate_parent,A_hard_or_verified,1.0,1,0,DE,DE,,0.0
IN,TH,JE,TH,894500Y08FE0U3L2FG55,บริษัท ดับบลิวพีพี (ประเทศไทย) จำกัด,TH,JE,WPP PLC,549300LSGBXPYHXGDT93,gleif_ultimate_parent,A_known_ultimate_parent,A_hard_or_verified,1.0,1,0,JE,JE,,0.0
IN,TH,US,TH,549300C0UDGBOPI0O521,บริษัท ดาน่า สไปเซอร์ (ประเทศไทย) จำกัด,TH,US,DANA INCORPORATED,KVWHW7YLZPFJM8QYNJ51,gleif_ultimate_parent,A_known_ultimate_parent,A_hard_or_verified,1.0,1,0,US,US,,0.0
IN,TH,US,TH,549300PDFJU7M44DPS33,บริษัท ดาว เคมิคอล ประเทศไทย จำกัด,TH,US,DOW INC.,5493003S21INSLK2IP73,gleif_ultimate_parent,A_known_ultimate_parent,A_hard_or_verified,1.0,1,0,,US,,0.0
IN,TH,KR,TH,984500FD3SA82A86B054,บริษัท ดาโอ (ประเทศไทย) จำกัด (มหาชน),TH,KR,다올투자증권,988400IHZEWTN9N0WY45,gleif_ultimate_parent,A_known_ultimate_parent,A_hard_or_verified,1.0,1,0,KR,KR,,0.0
IN,TH,IN,TH,254900SKC9F7628K0B37,บริษัท ดี ไปปิง ซิสเท็มส์ (ไทยแลนด์) จำกัด,TH,IN,DEE DEVELOPMENT ENGINEERS LIMITED,335800RQIEGPE972AY57,gleif_ultimate_parent,A_known_ultimate_parent,A_hard_or_verified,1.0,1,0,IN,IN,,0.0
IN,TH,DK,TH,529900NV2C1HT5Z7XE16,บริษัท ดีเอสวี แอร์ แอนด์ ซี จำกัด,TH,DK,DSV A/S,529900X41C0BSLK67H70,gleif_ultimate_parent,A_known_ultimate_parent,A_hard_or_verified,1.0,1,0,DK,DK,,0.0
IN,TH,DE,TH,5299003W5AVEKEFMDR47,บริษัท ดูคาติ พาวเวอร์เทรน(ประเทศไทย) จำกัด,TH,DE,VOLKSWAGEN AKTIENGESELLSCHAFT,529900NNUPAGGOMPXZ31,gleif_ultimate_parent,A_known_ultimate_parent,A_hard_or_verified,1.0,1,0,DE,DE,,0.0
IN,TH,DE,TH,529900YLTOCU94X92W77,บริษัท ดูคาติ มอเตอร์ (ประเทศไทย) จำกัด,TH,DE,VOLKSWAGEN AKTIENGESELLSCHAFT,529900NNUPAGGOMPXZ31,gleif_ultimate_parent,A_known_ultimate_parent,A_hard_or_verified,1.0,1,0,DE,DE,,0.0
IN,TH,DE,TH,529900K8HEULF497KQ25,บริษัท ดูอาร์ (ประเทศไทย) จำกัด,TH,DE,Dürr Aktiengesellschaft,5299003APZ54EDTSRO20,gleif_ultimate_parent,A_known_ultimate_parent,A_hard_or_verified,1.0,1,0,DE,DE,,0.0
IN,TH,US,TH,549300XL87SG2C06FU24,บริษัท ทรานสนอร์ม ซิสเต็ม จำกัด,TH,US,HONEYWELL INTERNATIONAL INC.,ISRPG12PN4EIEOEMW547,gleif_ultimate_parent,A_known_ultimate_parent,A_hard_or_verified,1.0,1,0,US,US,,0.0
IN,TH,FR,TH,894500GIYDEAMTIGSQ06,บริษัท ทรานสิชั่น ซิสเต็มส์ แอนด์ เน็ทเวอร์คส (ประเทศไทย) จำกัด,TH,FR,EXCLUSIVE NETWORKS CORPORATE,969500GFM1C4M1KMPL74,gleif_ultimate_parent,A_known_ultimate_parent,A_hard_or_verified,1.0,1,0,,FR,,0.0
IN,TH,DE,TH,254900RXJ904LBQ40J62,บริษัท ทิสเซิ่นครุปแมททีเรี่ยลส์(ไทยแลนด์) จำกัด,TH,DE,thyssenkrupp AG,549300UDG16DOYUPR330,gleif_ultimate_parent,A_known_ultimate_parent,A_hard_or_verified,1.0,1,0,,DE,,0.0
IN,TH,GB,TH,254900H0CU1Q61H54U96,บริษัท ทีไอ ออโทโมทีฟ (ไทยแลนด์) จำกัด,TH,GB,TI FLUID SYSTEMS PLC,5493001T9RXVD6OAWY46,gleif_ultimate_parent,A_known_ultimate_parent,A_hard_or_verified,1.0,1,0,,GB,,0.0
IN,TH,JP,TH,549300I1B1U1HB4HRH77,บริษัท ธนาคารกรุงศรีอยุธยา จำกัด (มหาชน),TH,JP,株式会社三菱ＵＦＪフィナンシャル・グループ,353800V2V8PUY9TK3E06,gleif_ultimate_parent,A_known_ultimate_parent,A_hard_or_verified,1.0,1,0,JP,JP,,0.0
IN,TH,GB,TH,549300O1LQYCQ7G1IM57,บริษัท ธนาคารสแตนดาร์ดชาร์เตอร์ด (ไทย) จำกัด (มหาชน),TH,GB,STANDARD CHARTERED PLC,U4LOSYZ7YG4W3S5F2G91,gleif_ultimate_parent,A_known_ultimate_parent,A_hard_or_verified,1.0,1,0,GB,GB,,0.0
IN,TH,CN,TH,549300AL8CESRCVHFX93,บริษัท ธนาคารไอซีบีซี (ไทย) จำกัด (มหาชน),TH,CN,中国工商银行股份有限公司,5493002ERZU2K9PZDL40,gleif_ultimate_parent,A_known_ultimate_parent,A_hard_or_verified,1.0,1,0,CN,CN,,0.0
IN,TH,GB,TH,213800JC2Y2666U6RT62,บริษัท นอร์ธ สาธรโฮลดิ้งส์ จำกัด,TH,GB,Prudential Public Limited Company,5493001Z3ZE83NGK8Y12,gleif_ultimate_parent,A_known_ultimate_parent,A_hard_or_verified,1.0,1,0,GB,GB,,0.0
IN,TH,US,TH,549300E5X7QFOIE7MI75,บริษัท บริหารสินทรัพย์ อินเตอร์ แคปปิตอล อลิอันซ์ จำกัด,TH,US,MORGAN STANLEY,IGJSJL3JD5P30I6NJZ34,gleif_ultimate_parent,A_known_ultimate_parent,A_hard_or_verified,1.0,1,0,US,US,,0.0
IN,TH,DE,TH,529900B15CRV4CIEWN19,บริษัท บริหารสินทรัพย์ ไทยบังคับและติดตามสินทรัพย์ จำกัด,TH,DE,DEUTSCHE BANK AKTIENGESELLSCHAFT,7LTWFZYICNSX8D621K86,gleif_ultimate_parent,A_known_ultimate_parent,A_hard_or_verified,1.0,1,0,DE,DE,,0.0
IN,TH,US,TH,2549000HGIJYRRZ6FX15,บริษัท บอร์กวอร์เนอร์ พีดีเอส (ประเทศไทย) จำกัด,TH,US,BORGWARNER INC.,549300DSFX2IE88NSX47,gleif_ultimate_parent,A_known_ultimate_parent,A_hard_or_verified,1.0,1,0,,US,,0.0
IN,TH,DK,TH,254900M7B63MEX34Q077,บริษัท บางกอก มารีน จำกัด,TH,DK,A.P. MØLLER HOLDING A/S,5493000HKHWS15XW2C38,gleif_ultimate_parent,A_known_ultimate_parent,A_hard_or_verified,1.0,1,0,DK,DK,,0.0
IN,TH,GB,TH,984500339ABB5FC35E83,บริษัท บาเซล แอดวานซ์ โพลีโอลิฟินซ์ (ประเทศไทย) จำกัด,TH,GB,LyondellBasell Industries N.V.,BN6WCCZ8OVP3ITUUVN49,gleif_ultimate_parent,A_known_ultimate_parent,A_hard_or_verified,1.0,1,0,GB,GB,,0.0
IN,TH,DE,TH,529900Y3M63ZLOPSKZ09,บริษัท บี. บราวน์ (ประเทศไทย) จำกัด,TH,DE,B. Braun Holding GmbH & Co. KG,5299004E1B0DK73UIY59,gleif_ultimate_parent,A_known_ultimate_parent,A_hard_or_verified,1.0,1,0,DE,DE,,0.0
IN,TH,DE,TH,52990011DMJPYEB0FD90,บริษัท บีเอสเอ็มซี (ประเทศไทย) จำกัด,TH,DE,Allianz SE,529900K9B0N5BT694847,gleif_ultimate_parent,A_known_ultimate_parent,A_hard_or_verified,1.0,1,0,DE,DE,,0.0
IN,TH,DE,TH,529900H6CEDJGIDO1A42,บริษัท บีเอ็มดับเบิลยู (ประเทศไทย) จำกัด,TH,DE,Bayerische Motoren Werke Aktiengesellschaft,YEH5ZCD6E441RHVHD759,gleif_ultimate_parent,A_known_ultimate_parent,A_hard_or_verified,1.0,1,0,DE,DE,,0.0
IN,TH,DE,TH,52990093OUL2ITV4M334,บริษัท บีเอ็มดับเบิลยู ลิสซิ่ง (ประเทศไทย) จำกัด,TH,DE,Bayerische Motoren Werke Aktiengesellschaft,YEH5ZCD6E441RHVHD759,gleif_ultimate_parent,A_known_ultimate_parent,A_hard_or_verified,1.0,1,0,DE,DE,,0.0
IN,TH,DE,TH,529900Z2CSI18GHZW529,บริษัท บีเอ็มดับเบิลยู อินชัวรันส์ โบรกเกอร์ (ประเทศไทย) จำกัด,TH,DE,Bayerische Motoren Werke Aktiengesellschaft,YEH5ZCD6E441RHVHD759,gleif_ultimate_parent,A_known_ultimate_parent,A_hard_or_verified,1.0,1,0,DE,DE,,0.0
IN,TH,DE,TH,5299003W84GWFRTLOZ95,บริษัท บีเอ็มดับเบิลยู แมนูแฟคเจอริ่ง (ประเทศไทย) จำกัด,TH,DE,Bayerische Motoren Werke Aktiengesellschaft,YEH5ZCD6E441RHVHD759,gleif_ultimate_parent,A_known_ultimate_parent,A_hard_or_verified,1.0,1,0,DE,DE,,0.0
IN,TH,GB,TH,5493005QDQORR48GKC51,บริษัท พรูเด็นเชียล ประกันชีวิต (ประเทศไทย) จำกัด (มหาชน),TH,GB,Prudential Public Limited Company,5493001Z3ZE83NGK8Y12,gleif_ultimate_parent,A_known_ultimate_parent,A_hard_or_verified,1.0,1,0,GB,GB,,0.0
IN,TH,DE,TH,9845008WE4A4B14AEV21,บริษัท พูเรม อาปิโก จำกัด,TH,DE,Eberspächer Gruppe GmbH & Co. KG,529900TPI9K2ZCWZOW03,gleif_ultimate_parent,A_known_ultimate_parent,A_hard_or_verified,1.0,1,0,DE,DE,,0.0
IN,TH,DE,TH,5299005ZGA66IFLFA322,บริษัท ฟรอยด์เดนเบิร์ก โฮม แอนด์ คลีนนิ่ง โซลูชั่นส์ (ไทยแลนด์) จำกัด,TH,DE,Freudenberg & Co. Kommanditgesellschaft,5299006XUYI3XG9PHQ25,gleif_ultimate_parent,A_known_ultimate_parent,A_hard_or_verified,1.0,1,0,DE,DE,,0.0
IN,TH,US,TH,254900JNZVD4H1SA5I86,บริษัท ฟิลลิป มอร์ริส เทรดดิ้ง (ไทยแลนด์) จำกัด,TH,US,Philip Morris International Inc.,HL3H1H2BGXWVG3BSWR90,gleif_ultimate_parent,A_known_ultimate_parent,A_hard_or_verified,1.0,1,0,TH,US,US,0.0
IN,TH,US,TH,254900NBI0LOIY5JX882,บริษัท ฟิเดลิตี้ อินฟอร์เมชั่น เซอร์วิสเซส (ประเทศไทย) จํากัด,TH,US,"FIDELITY NATIONAL INFORMATION SERVICES, INC.",6WQI0GK1PRFVBA061U48,gleif_ultimate_parent,A_known_ultimate_parent,A_hard_or_verified,1.0,1,0,,US,,0.0
IN,TH,GB,TH,213800K4V927289NFK05,บริษัท มอนดิ กรุงเทพ จำกัด,TH,GB,MONDI PLC,213800LOZA69QFDC9N34,gleif_ultimate_parent,A_known_ultimate_parent,A_hard_or_verified,1.0,1,0,GB,GB,,0.0
IN,TH,GB,TH,213800RNTCXCCRS2CA58,บริษัท มอนดิ ทีเอสพี จำกัด,TH,GB,MONDI PLC,213800LOZA69QFDC9N34,gleif_ultimate_parent,A_known_ultimate_parent,A_hard_or_verified,1.0,1,0,GB,GB,,0.0
IN,TH,GB,TH,213800DKKIDSSFR7VK96,บริษัท มอนดิ โคทติ้ง (ประเทศไทย) จำกัด,TH,GB,MONDI PLC,213800LOZA69QFDC9N34,gleif_ultimate_parent,A_known_ultimate_parent,A_hard_or_verified,1.0,1,0,GB,GB,,0.0
IN,TH,US,TH,549300TAUQ329E5XTL87,บริษัท มอร์แกน สแตนเล่ย์ (ประเทศไทย) จำกัด,TH,US,MORGAN STANLEY,IGJSJL3JD5P30I6NJZ34,gleif_ultimate_parent,A_known_ultimate_parent,A_hard_or_verified,1.0,1,0,US,US,,0.0
IN,TH,US,TH,5493006LFL4SYCBLKH29,บริษัท มาร์ส เพ็ทแคร์ (ประเทศไทย) จำกัด,TH,US,"MARS, INCORPORATED",54930073HKEO6GZBSS03,gleif_ultimate_parent,A_known_ultimate_parent,A_hard_or_verified,1.0,1,0,,US,,0.0
IN,TH,US,TH,549300DM9DHI6KJJNC40,บริษัท มาร์เคม-อิมาจ จำกัด,TH,US,DOVER CORPORATION,549300FMC2ALGA7N9E80,gleif_ultimate_parent,A_known_ultimate_parent,A_hard_or_verified,1.0,1,0,,US,,0.0
IN,TH,DE,TH,5299004OQU44H83SB470,บริษัท มาห์เล สยาม ฟิลเตอร์ ซิสเต็มส์ จำกัด,TH,DE,MAHLE GmbH,52990098TR1QJBWIYG58,gleif_ultimate_parent,A_known_ultimate_parent,A_hard_or_verified,1.0,1,0,DE,DE,,0.0
IN,TH,DE,TH,529900MLQ6PW0Y8ZTM22,บริษัท มาห์เล สยาม อิเล็คทริค ไดรฟ์ จำกัด,TH,DE,MAHLE GmbH,52990098TR1QJBWIYG58,gleif_ultimate_parent,A_known_ultimate_parent,A_hard_or_verified,1.0,1,0,DE,DE,,0.0
IN,TH,DE,TH,529900IN4P7NC3PBI473,บริษัท มาห์เล เซอร์วิสเซส (ประเทศไทย) จำกัด,TH,DE,MAHLE GmbH,52990098TR1QJBWIYG58,gleif_ultimate_parent,A_known_ultimate_parent,A_hard_or_verified,1.0,1,0,DE,DE,,0.0
IN,TH,DE,TH,5299005B8BE49LSMPC20,บริษัท มาห์เล เทอร์มอล แอนด์ ฟลูอิด ซิสเต็มส์ (ประเทศไทย) จำกัด,TH,DE,MAHLE GmbH,52990098TR1QJBWIYG58,gleif_ultimate_parent,A_known_ultimate_parent,A_hard_or_verified,1.0,1,0,DE,DE,,0.0
IN,TH,DE,TH,254900AASFRX23VI5941,บริษัท มาเล่ย์ เอ็นจิ่น คอมโพเน็นท์ (ประเทศไทย) จำกัด,TH,DE,MAHLE GmbH,52990098TR1QJBWIYG58,gleif_ultimate_parent,A_known_ultimate_parent,A_hard_or_verified,1.0,1,0,,DE,,0.0
IN,TH,JE,TH,894500QKS6LGZFEQVG85,บริษัท มินเทอเรชั่น จำกัด,TH,JE,WPP PLC,549300LSGBXPYHXGDT93,gleif_ultimate_parent,A_known_ultimate_parent,A_hard_or_verified,1.0,1,0,JE,JE,,0.0
IN,TH,DE,TH,529900MY7E4TV7EY0P31,บริษัท ยามาฮัทสึ (ประเทศไทย) จำกัด,TH,DE,Henkel AG & Co. KGaA,549300VZCL1HTH4O4Y49,gleif_ultimate_parent,A_known_ultimate_parent,A_hard_or_verified,1.0,1,0,DE,DE,,0.0
IN,TH,NO,TH,2138001F4NVOZM27WF08,บริษัท ยารา (ประเทศไทย) จำกัด,TH,NO,YARA INTERNATIONAL ASA,213800WKOUWXWFJ5Z514,gleif_ultimate_parent,A_known_ultimate_parent,A_hard_or_verified,1.0,1,0,NO,NO,,0.0
IN,TH,DE,TH,52990032W7CRVVDX0C27,บริษัท ยุงค์ไฮน์ริช ลิฟท์ ทรัค จำกัด,TH,DE,Jungheinrich Aktiengesellschaft,529900PHZORTU6FSXE73,gleif_ultimate_parent,A_known_ultimate_parent,A_hard_or_verified,1.0,1,0,DE,DE,,0.0
IN,TH,GB,TH,5493000SL9LZZ6YZPU12,บริษัท ยูนิลีเวอร์ ไทย เทรดดิ้ง จำกัด,TH,GB,UNILEVER PLC,549300MKFYEKVRWML317,gleif_ultimate_parent,A_known_ultimate_parent,A_hard_or_verified,1.0,1,0,GB,GB,,0.0
IN,TH,GB,TH,549300XEOB85AXEXN594,บริษัท ยูนิลีเวอร์ ไทย โฮลดิ้งส์ จำกัด,TH,GB,UNILEVER PLC,549300MKFYEKVRWML317,gleif_ultimate_parent,A_known_ultimate_parent,A_hard_or_verified,1.0,1,0,,GB,,0.0
IN,TH,GB,TH,213800OZKFUFLK142D50,บริษัท ยูบีเอ็ม เอเชีย (ประเทศไทย) จำกัด,TH,GB,INFORMA PLC,5493006VM2LKUPSEDU20,gleif_ultimate_parent,A_known_ultimate_parent,A_hard_or_verified,1.0,1,0,,GB,,0.0
IN,TH,BE,TH,5299000ST51A7V9YPC63,บริษัท ยูมิคอร์ ออโต้แคท (ประเทศไทย) จำกัด,TH,BE,UMICORE,529900F3AIQECS8ZSV61,gleif_ultimate_parent,A_known_ultimate_parent,A_hard_or_verified,1.0,1,0,BE,BE,,0.0
IN,TH,BE,TH,529900PL946TRTN05Q80,บริษัท ยูมิคอร์ โชคูไบ (ประเทศไทย) จำกัด,TH,BE,UMICORE,529900F3AIQECS8ZSV61,gleif_ultimate_parent,A_known_ultimate_parent,A_hard_or_verified,1.0,1,0,BE,BE,,0.0
IN,TH,FR,TH,894500IA2T7IFPV62D46,บริษัท วาลีโอ สยาม เทอร์มอล ซิสเต็มส์ จำกัด,TH,FR,VALEO,5493006IH2N2WMIBB742,gleif_ultimate_parent,A_known_ultimate_parent,A_hard_or_verified,1.0,1,0,FR,FR,,0.0
IN,TH,FR,TH,549300TS9PG06XYXUU17,บริษัท วาลีโอ ออโตโมทิฟ (ประเทศไทย) จำกัด,TH,FR,VALEO,5493006IH2N2WMIBB742,gleif_ultimate_parent,A_known_ultimate_parent,A_hard_or_verified,1.0,1,0,JP,FR,,0.0
IN,TH,FI,TH,213800JD91RH9F8I5549,บริษัท วาลเมท จำกัด,TH,FI,VALMET OYJ,213800D9O7FUQDH83V62,gleif_ultimate_parent,A_known_ultimate_parent,A_hard_or_verified,1.0,1,0,FI,FI,,0.0
IN,TH,DE,TH,5299003HJLWCUTLF2L65,บริษัท วิลเลรอย แอนด์ บอค (ประเทศไทย) จำกัด,TH,DE,Villeroy & Boch Aktiengesellschaft,529900NK4WP5QSWI8X50,gleif_ultimate_parent,A_known_ultimate_parent,A_hard_or_verified,1.0,1,0,DE,DE,,0.0
IN,TH,FR,TH,254900ETSJ1MJR10A896,บริษัท วี เอส แอล (ไทยแลนด์) จำกัด,TH,FR,BOUYGUES,969500MOCLNQFNZN0D63,gleif_ultimate_parent,A_known_ultimate_parent,A_hard_or_verified,1.0,1,0,CH,FR,,0.0
IN,TH,DE,TH,529900I1W3OXYTWXJX73,บริษัท วีเทสโก้ เทคโนโลยี่ส์ (ประเทศไทย) จำกัด,TH,DE,Continental Aktiengesellschaft,529900A7YD9C0LLXM621,gleif_ultimate_parent,A_known_ultimate_parent,A_hard_or_verified,1.0,1,0,DE,DE,,0.0
IN,TH,KR,TH,254900ACGRHT67Q9AY61,บริษัท สยาม พุงซาน เมทัล จำกัด,TH,KR,(주)풍산,2549007P08ZD5QJS1369,gleif_ultimate_parent,A_known_ultimate_parent,A_hard_or_verified,1.0,1,0,KR,KR,,0.0
IN,TH,US,TH,5493008R2TZV9M807X19,บริษัท สยามสไตรีนโมโนเมอร์ จำกัด,TH,US,DOW INC.,5493003S21INSLK2IP73,gleif_ultimate_parent,A_known_ultimate_parent,A_hard_or_verified,1.0,1,0,US,US,,0.0
IN,TH,US,TH,5493004ZHF4TLB67BM69,บริษัท สยามเลเทกซ์สังเคราะห์ จำกัด,TH,US,DOW INC.,5493003S21INSLK2IP73,gleif_ultimate_parent,A_known_ultimate_parent,A_hard_or_verified,1.0,1,0,US,US,,0.0
IN,TH,US,TH,5493005NK428XEN8U780,บริษัท สยามโพลิเอททีลีน จำกัด,TH,US,DOW INC.,5493003S21INSLK2IP73,gleif_ultimate_parent,A_known_ultimate_parent,A_hard_or_verified,1.0,1,0,,US,,0.0
IN,TH,US,TH,549300U8L6E51FMW6888,บริษัท สยามโพลีสไตรีน จำกัด,TH,US,DOW INC.,5493003S21INSLK2IP73,gleif_ultimate_parent,A_known_ultimate_parent,A_hard_or_verified,1.0,1,0,US,US,,0.0
IN,TH,IT,TH,5299006AKLP5A0RQCL02,บริษัท สายไฟฟ้า เอ็มซีไอ-ดราก้า จำกัด,TH,IT,PRYSMIAN S.P.A.,529900X0H1IO3RS1A464,gleif_ultimate_parent,A_known_ultimate_parent,A_hard_or_verified,1.0,1,0,IT,IT,,0.0
IN,TH,DE,TH,529900R8QMG67XO34482,บริษัท สแกนเนีย สยาม จำกัด,TH,DE,VOLKSWAGEN AKTIENGESELLSCHAFT,529900NNUPAGGOMPXZ31,gleif_ultimate_parent,A_known_ultimate_parent,A_hard_or_verified,1.0,1,0,DE,DE,,0.0
IN,TH,US,TH,B56X417LBD2Z4OSG0F76,บริษัท หลักทรัพย์ ซิตี้คอร์ป (ประเทศไทย) จำกัด,TH,US,CITIGROUP INC.,6SHGI4ZSSLCXXQSBB395,gleif_ultimate_parent,A_known_ultimate_parent,A_hard_or_verified,1.0,1,0,US,US,,0.0
IN,TH,HK,TH,213800L3V7E61NDJ7150,บริษัท หลักทรัพย์ ซี แอล เอส เอ (ประเทศไทย) จำกัด,TH,HK,CITIC Limited,2549006I3Q3M98KHOT11,gleif_ultimate_parent,A_known_ultimate_parent,A_hard_or_verified,1.0,1,0,HK,HK,,0.0
IN,TH,MY,TH,254900PD012Q1YACSI26,บริษัท หลักทรัพย์ ซีจีเอส อินเตอร์เนชั่นแนล (ประเทศไทย) จำกัด,TH,MY,CIMB GROUP HOLDINGS BERHAD,549300FYDN5UD7USZW18,gleif_ultimate_parent,A_known_ultimate_parent,A_hard_or_verified,1.0,1,0,SG,MY,MY,0.0
IN,TH,US,TH,549300DW8IRT0GVC9N77,บริษัท หลักทรัพย์ เจพีมอร์แกน (ประเทศไทย) จำกัด,TH,US,JPMORGAN CHASE & CO.,8I5DZWZKVSZI1NUHU748,gleif_ultimate_parent,A_known_ultimate_parent,A_hard_or_verified,1.0,1,0,,US,,0.0
IN,TH,FR,TH,2549004OUBR0H5N26334,บริษัท หลักทรัพย์ เทรดิชั่น ฟิกซ์ อินคัม จำกัด,TH,FR,VIEL ET COMPAGNIE-FINANCE,969500CWFF1XKRFIXJ90,gleif_ultimate_parent,A_known_ultimate_parent,A_hard_or_verified,1.0,1,0,,FR,,0.0
IN,TH,SG,TH,2549009823CRAOMMNR11,บริษัท หลักทรัพย์ เมย์แบงก์ (ประเทศไทย) จำกัด (มหาชน),TH,SG,MAYBANK SECURITIES PTE. LTD.,2138004J5VSRWX5VMN77,gleif_ultimate_parent,A_known_ultimate_parent,A_hard_or_verified,1.0,1,0,SG,SG,,0.0
IN,TH,US,TH,549300YCMKM63YU00T44,บริษัท หลักทรัพย์ เมอร์ริล ลินช์ (ประเทศไทย) จำกัด,TH,US,BANK OF AMERICA CORPORATION,9DJT3UXIJIZJI4WXO774,gleif_ultimate_parent,A_known_ultimate_parent,A_hard_or_verified,1.0,1,0,,US,,0.0
IN,TH,SG,TH,254900TN6RM08I6BVP47,บริษัท หลักทรัพย์ เอเอฟเอส (ประเทศไทย) จำกัด,TH,SG,Amstel Financial Services (S) Pte. Ltd.,254900X17Q0HT8RQQ134,gleif_ultimate_parent,A_known_ultimate_parent,A_hard_or_verified,1.0,1,0,SG,SG,,0.0
IN,TH,AU,TH,549300B5SBS3MKZGEI22,บริษัท หลักทรัพย์ แมคควอรี (ประเทศไทย) จำกัด,TH,AU,MACQUARIE GROUP LIMITED,ACMHD8HWFMFUIQQ8Y590,gleif_ultimate_parent,A_known_ultimate_parent,A_hard_or_verified,1.0,1,0,GB,AU,,0.0
IN,TH,JP,TH,254900Z2GHZVEQH1IF24,บริษัท หลักทรัพย์จัดการกองทุน กรุงศรี จำกัด,TH,JP,株式会社三菱ＵＦＪフィナンシャル・グループ,353800V2V8PUY9TK3E06,gleif_ultimate_parent,A_known_ultimate_parent,A_hard_or_verified,1.0,1,0,TH,JP,JP,0.0
IN,TH,MY,TH,254900X3D45557VALT70,บริษัท หลักทรัพย์จัดการกองทุน พรินซิเพิล จำกัด,TH,MY,Principal Asset Management Berhad,254900SMUDZOFO5EZD76,gleif_ultimate_parent,A_known_ultimate_parent,A_hard_or_verified,1.0,1,0,MY,MY,,0.0
IN,TH,GB,TH,2138006ZJ7RHUMCW9929,บริษัท หลักทรัพย์จัดการกองทุน อเบอร์ดีน (ประเทศไทย) จำกัด,TH,GB,ABERDEEN GROUP PLC,0TMBS544NMO7GLCE7H90,gleif_ultimate_parent,A_known_ultimate_parent,A_hard_or_verified,1.0,1,0,SG,GB,,0.0
IN,TH,DE,TH,5299000VHRS2VTQSYM59,บริษัท อลิอันซ์ อยุธยา ประกันชีวิต จำกัด (มหาชน),TH,DE,Allianz SE,529900K9B0N5BT694847,gleif_ultimate_parent,A_known_ultimate_parent,A_hard_or_verified,1.0,1,0,DE,DE,,0.0
IN,TH,DE,TH,5299000V0BZSEOT5SV34,บริษัท อลิอันซ์ อยุธยา ประกันภัย จำกัด (มหาชน),TH,DE,Allianz SE,529900K9B0N5BT694847,gleif_ultimate_parent,A_known_ultimate_parent,A_hard_or_verified,1.0,1,0,DE,DE,,0.0
IN,TH,DE,TH,2549007OHSCOXN6J4O62,บริษัท อลิอันซ์ เทคโนโลยี (ประเทศไทย) จำกัด,TH,DE,Allianz SE,529900K9B0N5BT694847,gleif_ultimate_parent,A_known_ultimate_parent,A_hard_or_verified,1.0,1,0,DE,DE,,0.0
IN,TH,AT,TH,549300S4PFSNYS4U3O39,บริษัท ออสแรม (ประเทศไทย) จำกัด,TH,AT,ams-OSRAM AG,5299001JPPT2QFTV5D76,gleif_ultimate_parent,A_known_ultimate_parent,A_hard_or_verified,1.0,1,0,AT,AT,,0.0
IN,TH,NL,TH,549300XKK8XNR7QOUW50,บริษัท อั๊คโซ่ โนเบล เพ้นท์ส (ประเทศไทย) จำกัด,TH,NL,Akzo Nobel N.V.,724500XYIJUGXAA5QD70,gleif_ultimate_parent,A_known_ultimate_parent,A_hard_or_verified,1.0,1,0,NL,NL,,0.0
IN,TH,TR,TH,984500DECE761F1CE350,บริษัท อาร์เซลิก ฮิตาชิ โฮม แอพพลายแอนซ์ (ประเทศไทย) จำกัด,TH,TR,KOÇ HOLDİNG ANONİM ŞİRKETİ,7890005U0H950VH19H45,gleif_ultimate_parent,A_known_ultimate_parent,A_hard_or_verified,1.0,1,0,TR,TR,,0.0
IN,TH,TR,TH,9845003CE76FB8BDKV90,บริษัท อาร์เซลิก ฮิตาชิ โฮม แอพพลายแอนซ์ เซลส์ (ประเทศไทย) จ,TH,TR,KOÇ HOLDİNG ANONİM ŞİRKETİ,7890005U0H950VH19H45,gleif_ultimate_parent,A_known_ultimate_parent,A_hard_or_verified,1.0,1,0,TR,TR,,0.0
IN,TH,TR,TH,984500D3B6B40578DN42,บริษัท อาร์เซลิก ฮิตาชิ โฮม แอพพลายแอนซ์ ไอบีซี จำกัด,TH,TR,KOÇ HOLDİNG ANONİM ŞİRKETİ,7890005U0H950VH19H45,gleif_ultimate_parent,A_known_ultimate_parent,A_hard_or_verified,1.0,1,0,TR,TR,,0.0
IN,TH,US,TH,549300GEUBDF32HW7W96,บริษัท อินกริดิออน (ประเทศไทย) จำกัด,TH,US,INGREDION INCORPORATED,PKSTQ48QDN0XSVS7YK88,gleif_ultimate_parent,A_known_ultimate_parent,A_hard_or_verified,1.0,1,0,TH,US,US,0.0
IN,TH,US,TH,549300LWYALFW25ZL287,บริษัท อินกริดิออน สวีทเท็นเนอร์ แอนด์ สตาร์ช (ประเทศไทย) จำกัด,TH,US,INGREDION INCORPORATED,PKSTQ48QDN0XSVS7YK88,gleif_ultimate_parent,A_known_ultimate_parent,A_hard_or_verified,1.0,1,0,,US,,0.0
IN,TH,US,TH,549300BWK3RSX130H186,บริษัท อินกริดิออน โฮลดิ้งส์ (ประเทศไทย) จำกัด,TH,US,INGREDION INCORPORATED,PKSTQ48QDN0XSVS7YK88,gleif_ultimate_parent,A_known_ultimate_parent,A_hard_or_verified,1.0,1,0,NL,US,,0.0
IN,TH,GB,TH,2549008U1EC0VSWJPQ12,บริษัท อินช์เคป (ประเทศไทย) จำกัด,TH,GB,INCHCAPE PLC,213800RGEH1MPPNM2T57,gleif_ultimate_parent,A_known_ultimate_parent,A_hard_or_verified,1.0,1,0,,GB,,0.0
IN,TH,IN,TH,254900AQXADLDR47JA36,บริษัท อินฟอซิส เซอร์วิสเซส (ประเทศไทย) จำกัด,TH,IN,INFOSYS LIMITED,335800TYLGG93MM7PR89,gleif_ultimate_parent,A_known_ultimate_parent,A_hard_or_verified,1.0,1,0,IN,IN,,0.0
IN,TH,US,TH,549300NHBX8ZC81N3Q72,บริษัท อินเตอร์ แคปปิตอล อลิอันซ์ โฮลดิ้ง จำกัด,TH,US,MORGAN STANLEY,IGJSJL3JD5P30I6NJZ34,gleif_ultimate_parent,A_known_ultimate_parent,A_hard_or_verified,1.0,1,0,US,US,,0.0
IN,TH,TW,TH,894500LCS90IFC4DIT47,บริษัท อินเวนเทค อิเล็คทรอนิคส์ (ประเทศไทย) จำกัด,TH,TW,英業達股份有限公司,391200XSJU5WEVAXB086,gleif_ultimate_parent,A_known_ultimate_parent,A_hard_or_verified,1.0,1,0,TW,TW,,0.0
IN,TH,US,TH,549300N9Z41NC0E6V062,บริษัท อินแกรม ไมโคร (ประเทศไทย) จำกัด,TH,US,INGRAM MICRO INC.,549300KJMEWPKRQZHX63,gleif_ultimate_parent,A_known_ultimate_parent,A_hard_or_verified,1.0,1,0,US,US,,0.0
IN,TH,DE,TH,529900EEMC6WN0C88S81,บริษัท อินโนโมติกส์ จำกัด,TH,DE,Siemens Aktiengesellschaft,W38RGI023J3WT1HWRP32,gleif_ultimate_parent,A_known_ultimate_parent,A_hard_or_verified,1.0,1,0,DE,DE,,0.0
IN,TH,DE,TH,52990055RTJG2HHYXH19,บริษัท อิวอนิก ยูไนเต็ด ซิลิกา (สยาม) จำกัด,TH,DE,Evonik Industries AG,41GUOJQTALQHLF39XJ34,gleif_ultimate_parent,A_known_ultimate_parent,A_hard_or_verified,1.0,1,0,DE,DE,,0.0
IN,TH,SE,TH,2549002TBGGLUCNSUV75,บริษัท อีเลคโทรลักซ์ ประเทศไทย จำกัด,TH,SE,Aktiebolaget Electrolux,549300Y3HHZB1ZGFPJ93,gleif_ultimate_parent,A_known_ultimate_parent,A_hard_or_verified,1.0,1,0,SE,SE,,0.0
IN,TH,DE,TH,529900Y8LLXEJNL41C68,บริษัท อีโคลิโก (ประเทศไทย) จำกัด,TH,DE,RWE Aktiengesellschaft,529900GB7KCA94ACC940,gleif_ultimate_parent,A_known_ultimate_parent,A_hard_or_verified,1.0,1,0,DE,DE,,0.0
IN,TH,US,TH,549300195DXJ0B981K32,บริษัท อเมริกัน เอ็กซ์เพรส (ไทย) จำกัด,TH,US,AMERICAN EXPRESS COMPANY,R4PP93JZOLY261QX3811,gleif_ultimate_parent,A_known_ultimate_parent,A_hard_or_verified,1.0,1,0,US,US,,0.0
IN,TH,US,TH,549300I3T45HQPO9XB09,บริษัท อเมริกัน แอ็คเซิล แอนด์ แมนูแฟคเจอริ่ง (ประเทศไทย) จำกัด,TH,US,DAUCH CORPORATION,254900SMQY98VFKNCC32,gleif_ultimate_parent,A_known_ultimate_parent,A_hard_or_verified,1.0,1,0,US,US,,0.0
IN,TH,FR,TH,894500GJ9GHTWS683U75,บริษัท อไจล์ ดิสทริบิวชั่น (ประเทศไทย) จำกัด,TH,FR,EXCLUSIVE NETWORKS CORPORATE,969500GFM1C4M1KMPL74,gleif_ultimate_parent,A_known_ultimate_parent,A_hard_or_verified,1.0,1,0,,FR,,0.0
IN,TH,JP,TH,5493000HPWJLX4VP0T50,บริษัท ฮันวาไทย จำกัด,TH,JP,阪和興業株式会社,8EUP1TJYZFX3T1E5AJ33,gleif_ultimate_parent,A_known_ultimate_parent,A_hard_or_verified,1.0,1,0,JP,JP,,0.0
IN,TH,JP,TH,549300BLS0YZ4K5W2V84,บริษัท ฮิตาชิ เอเซีย (ประเทศไทย) จำกัด,TH,JP,株式会社 日立製作所,549300T6IPOCDWLKC615,gleif_ultimate_parent,A_known_ultimate_parent,A_hard_or_verified,1.0,1,0,JP,JP,,0.0
IN,TH,IN,TH,254900PSUW1O3AVQJM53,บริษัท ฮีโร่ มอเตอร์ส ไทย จำกัด,TH,IN,hero motors limited,894500S6IXDT9MRPTG86,gleif_ultimate_parent,A_known_ultimate_parent,A_hard_or_verified,1.0,1,0,IN,IN,,0.0
IN,TH,US,TH,254900RTGOOSOF1KAE93,บริษัท เจมมอโลจิคอล รีเสิร์ซ (ไทยแลนด์) จำกัด,TH,US,"GEMOLOGICAL INSTITUTE OF AMERICA, INC.",254900EAJHG2PLWOFL91,gleif_ultimate_parent,A_known_ultimate_parent,A_hard_or_verified,1.0,1,0,US,US,,0.0
IN,TH,FR,TH,894500GWNE2MMIBOGB87,บริษัท เซนต์โกเบน ซีคิวริท (ไทยแลนด์) จำกัด,TH,FR,COMPAGNIE DE SAINT-GOBAIN,NFONVGN05Z0FMN5PEC35,gleif_ultimate_parent,A_known_ultimate_parent,A_hard_or_verified,1.0,1,0,FR,FR,,0.0
IN,TH,US,TH,254900N737CKB3YYEQ39,บริษัท เซลส์ฟอร์ส.คอม (ไทยแลนด์) จำกัด,TH,US,"SALESFORCE, INC.",RCGZFPDMRW58VJ54VR07,gleif_ultimate_parent,A_known_ultimate_parent,A_hard_or_verified,1.0,1,0,US,US,,0.0
IN,TH,DE,TH,5299001HXI9XZIBGGU19,บริษัท เดรเกอร์ เมดิคัล (ประเทศไทย) จำกัด,TH,DE,Drägerwerk AG & Co. KGaA,5493005UFVHY0PPNKD75,gleif_ultimate_parent,A_known_ultimate_parent,A_hard_or_verified,1.0,1,0,DE,DE,,0.0
IN,TH,DE,TH,254900TAK0G36WFKKV04,บริษัท เดเทคอน เอเชีย-แปซิฟิค จำกัด,TH,DE,DEUTSCHE TELEKOM AG,549300V9QSIG4WX4GJ96,gleif_ultimate_parent,A_known_ultimate_parent,A_hard_or_verified,1.0,1,0,DE,DE,,0.0
IN,TH,IN,TH,254900JRNF3KBCP9UK70,บริษัท เทค มาฮินดร้า (ไทยแลนด์) จำกัด,TH,IN,TECH MAHINDRA LIMITED,3358005FZUZ1I25XQH69,gleif_ultimate_parent,A_known_ultimate_parent,A_hard_or_verified,1.0,1,0,IN,IN,,0.0
IN,TH,DE,TH,529900P62EZG9D11IM56,บริษัท เทซ่า เทป (ประเทศไทย) จำกัด,TH,DE,maxingvest GmbH & Co. KGaA,529900DV1ODI5C2GRH81,gleif_ultimate_parent,A_known_ultimate_parent,A_hard_or_verified,1.0,1,0,DE,DE,,0.0
IN,TH,FR,TH,254900983KFTEF637S23,บริษัท เทรดิชั่น สยาม (โบรกเกอร์) จำกัด,TH,FR,VIEL ET COMPAGNIE-FINANCE,969500CWFF1XKRFIXJ90,gleif_ultimate_parent,A_known_ultimate_parent,A_hard_or_verified,1.0,1,0,,FR,,0.0
IN,TH,FR,TH,254900PDNZ1SF7CZIU21,บริษัท เทรดิชั่น โบรกเกอร์ (ประเทศไทย) จำกัด,TH,FR,VIEL ET COMPAGNIE-FINANCE,969500CWFF1XKRFIXJ90,gleif_ultimate_parent,A_known_ultimate_parent,A_hard_or_verified,1.0,1,0,,FR,,0.0
IN,TH,US,TH,549300H6IFF5INSKBH84,บริษัท เท็ค เดต้า แอดวานซ์ โซลูชั่นส์ (ประเทศไทย) จำกัด,TH,US,TECH DATA CORPORATION,549300EK847TAWPJWF34,gleif_ultimate_parent,A_known_ultimate_parent,A_hard_or_verified,1.0,1,0,,US,,0.0
IN,TH,CH,TH,549300B64DEMX3CENZ02,บริษัท เนสท์เล่ (ไทย) จำกัด,TH,CH,NESTLÉ S.A.,KY37LUS27QQX7BB93L28,gleif_ultimate_parent,A_known_ultimate_parent,A_hard_or_verified,1.0,1,0,CH,CH,,0.0
IN,TH,CH,TH,254900OEEZIL0WR8WC82,บริษัท เนสท์เล่ อาร์โอเอช (ประเทศไทย) จำกัด,TH,CH,NESTLÉ S.A.,KY37LUS27QQX7BB93L28,gleif_ultimate_parent,A_known_ultimate_parent,A_hard_or_verified,1.0,1,0,CH,CH,,0.0
IN,TH,DE,TH,5299005FV7AV6TXGRR07,บริษัท เบย์วา อาร์.อี. โซลาร์ ซิสเต็มส์ จำกัด,TH,DE,BayWa Aktiengesellschaft,529900SM0FDLLYATXU36,gleif_ultimate_parent,A_known_ultimate_parent,A_hard_or_verified,1.0,1,0,DE,DE,,0.0
IN,TH,DE,TH,254900VJHR0S20LJ1M43,บริษัท เบรนน์แท็ก อินกรีเดียนส์ (ประเทศไทย) จำกัด (มหาชน),TH,DE,BRENNTAG SE,NNROIXVWJ7CPSR27SV97,gleif_ultimate_parent,A_known_ultimate_parent,A_hard_or_verified,1.0,1,0,DE,DE,,0.0
IN,TH,SE,TH,5493003HQ27JPXH6ZD14,บริษัท เบเจอร์ บี.กริม (ประเทศไทย) จำกัด,TH,SE,Beijer Ref AB (publ),549300PZZEUVH08H4G75,gleif_ultimate_parent,A_known_ultimate_parent,A_hard_or_verified,1.0,1,0,SE,SE,,0.0
IN,TH,CH,TH,549300IU1NZKWWIZ1U31,บริษัท เปอริเอ้ วิทเทล (ประเทศไทย) จำกัด,TH,CH,NESTLÉ S.A.,KY37LUS27QQX7BB93L28,gleif_ultimate_parent,A_known_ultimate_parent,A_hard_or_verified,1.0,1,0,CH,CH,,0.0
IN,TH,US,TH,549300V0S9JWU0W9X264,บริษัท เพย์พาล (ประเทศไทย) จำกัด,TH,US,"PAYPAL HOLDINGS, INC.",5493005X2GO78EFZ3E94,gleif_ultimate_parent,A_known_ultimate_parent,A_hard_or_verified,1.0,1,0,SG,US,,0.0
IN,TH,US,TH,549300DI88BH3DYEOU59,บริษัท เพอร์ฟอร์แมนซ์ แมททีเรียลส์ (ประเทศไทย) จำกัด,TH,US,DOW INC.,5493003S21INSLK2IP73,gleif_ultimate_parent,A_known_ultimate_parent,A_hard_or_verified,1.0,1,0,US,US,,0.0
IN,TH,JP,TH,254900NW4DZW4QPE7257,บริษัท เพอร์ม่าสติลลิซ่า โปรเจ็คส์ (ไทยแลนด์) จำกัด,TH,JP,株式会社 LIXIL,353800KB8G4F9WUJJ886,gleif_ultimate_parent,A_known_ultimate_parent,A_hard_or_verified,1.0,1,0,IT,JP,,0.0
IN,TH,DE,TH,549300ZF6S5K9RE53O19,บริษัท เฟรซีเนียส เมดิคอล แคร์ (ประเทศไทย) จำกัด,TH,DE,Fresenius Medical Care AG,549300CP8NY40UP89Q40,gleif_ultimate_parent,A_known_ultimate_parent,A_hard_or_verified,1.0,1,0,DE,DE,,0.0
IN,TH,DE,TH,529900AFKM5IGV9H0977,บริษัท เฟรซีเนียส เมดิคอล แคร์ จำกัด,TH,DE,Fresenius Medical Care AG,549300CP8NY40UP89Q40,gleif_ultimate_parent,A_known_ultimate_parent,A_hard_or_verified,1.0,1,0,DE,DE,,0.0
IN,TH,DE,TH,529900SFWZKEBHYUNO49,บริษัท เฟรเซนีอุส คาบี (ไทยแลนด์) จำกัด,TH,DE,Fresenius SE & Co. KGaA,XDFJ0CYCOO1FXRFTQS51,gleif_ultimate_parent,A_known_ultimate_parent,A_hard_or_verified,1.0,1,0,DE,DE,,0.0
IN,TH,PL,TH,2549002O1QMSUZCD4F64,บริษัท เมอร์กาโต้ เมดิคัล (ไทยแลนด์) จำกัด,TH,PL,MERCATOR MEDICAL SPÓŁKA AKCYJNA,259400YONW18M3H4WX66,gleif_ultimate_parent,A_known_ultimate_parent,A_hard_or_verified,1.0,1,0,PL,PL,,0.0
IN,TH,DE,TH,529900WBQW0IV0HVTI22,บริษัท เมอร์เซเดส-เบนซ์ (ประเทศไทย) จำกัด,TH,DE,Mercedes-Benz Group AG,529900R27DL06UVNT076,gleif_ultimate_parent,A_known_ultimate_parent,A_hard_or_verified,1.0,1,0,DE,DE,,0.0
IN,TH,DE,TH,529900TRK4OM7VKAV269,บริษัท เมอร์เซเดส-เบนซ์ โมบิลิตี้ (ประเทศไทย) จำกัด,TH,DE,Mercedes-Benz Group AG,529900R27DL06UVNT076,gleif_ultimate_parent,A_known_ultimate_parent,A_hard_or_verified,1.0,1,0,DE,DE,,0.0
IN,TH,DK,TH,5493003WNLO3RNKFVJ05,บริษัท เมอส์ก ไลน์ (ไทยแลนด์) จำกัด,TH,DK,A.P. MØLLER HOLDING A/S,5493000HKHWS15XW2C38,gleif_ultimate_parent,A_known_ultimate_parent,A_hard_or_verified,1.0,1,0,DK,DK,,0.0
IN,TH,GB,TH,549300AIQ7YF30XVDE97,บริษัท เรกคิทท์ เบนคีเซอร์ (ประเทศไทย) จำกัด,TH,GB,RECKITT BENCKISER GROUP PLC,5493003JFSMOJG48V108,gleif_ultimate_parent,A_known_ultimate_parent,A_hard_or_verified,1.0,1,0,GB,GB,,0.0
IN,TH,GB,TH,54930002ZZQ7Z8FN4V93,บริษัท เรกคิทท์ เบนคีเซอร์ เฮลธ์แคร์ แมนูแฟคเจอร์ริ่ง (ประเทศไทย) จำกัด,TH,GB,RECKITT BENCKISER GROUP PLC,5493003JFSMOJG48V108,gleif_ultimate_parent,A_known_ultimate_parent,A_hard_or_verified,1.0,1,0,,GB,,0.0
IN,TH,FR,TH,2138001CJ4Z2X7YU5O67,บริษัท เรวีม่า เอเชีย แปซิฟิก จำกัด,TH,FR,REVIMA HOLDING,549300VXFPJC2GM7Z042,gleif_ultimate_parent,A_known_ultimate_parent,A_hard_or_verified,1.0,1,0,FR,FR,,0.0
IN,TH,AT,TH,894500N5AS36WJDSOI50,บริษัท เลนซ์ซิ่ง (ประเทศไทย) จำกัด,TH,AT,B & C Holding Österreich GmbH,529900Q2ZTXKBKDPR830,gleif_ultimate_parent,A_known_ultimate_parent,A_hard_or_verified,1.0,1,0,AT,AT,,0.0
IN,TH,US,TH,549300O17BOKYV5PRK34,บริษัท เวสเทิร์น ดิจิตอล สตอเรจ เทคโนโลยีส์ (ประเทศไทย) จำกัด,TH,US,WESTERN DIGITAL CORPORATION,549300QQXOOYEF89IC56,gleif_ultimate_parent,A_known_ultimate_parent,A_hard_or_verified,1.0,1,0,,US,,0.0
IN,TH,US,TH,2549001KD9XZHW3C3X09,บริษัท เอซีไอ เวิลด์ไวด์ (ไทยแลนด์) จำกัด,TH,US,"ACI WORLDWIDE, INC.",5493003BPVMZUJ6F5C02,gleif_ultimate_parent,A_known_ultimate_parent,A_hard_or_verified,1.0,1,0,,US,,0.0
IN,TH,US,TH,549300RDJGD2RZEJ8483,บริษัท เอดีเอ็ม (ประเทศไทย) จำกัด,TH,US,ARCHER-DANIELS-MIDLAND COMPANY,549300LO13MQ9HYSTR83,gleif_ultimate_parent,A_known_ultimate_parent,A_hard_or_verified,1.0,1,0,US,US,,0.0
IN,TH,CH,TH,549300RH7CWWBP5G2R87,บริษัท เอบีบี ออโตเมชั่น (ประเทศไทย) จำกัด,TH,CH,ABB Ltd,5493000LKVGOO9PELI61,gleif_ultimate_parent,A_known_ultimate_parent,A_hard_or_verified,1.0,1,0,,CH,,0.0
IN,TH,CH,TH,549300UCI6ASH15GC748,บริษัท เอบีบี อิเล็คทริฟิเคชั่น (ประเทศไทย) จำกัด,TH,CH,ABB Ltd,5493000LKVGOO9PELI61,gleif_ultimate_parent,A_known_ultimate_parent,A_hard_or_verified,1.0,1,0,,CH,,0.0
IN,TH,DE,TH,52990095O07OGZX1KZ60,บริษัท เอวอร์นิค (ไทยแลนด์) จำกัด,TH,DE,Evonik Industries AG,41GUOJQTALQHLF39XJ34,gleif_ultimate_parent,A_known_ultimate_parent,A_hard_or_verified,1.0,1,0,DE,DE,,0.0
IN,TH,FR,TH,549300ZOO7Z2VPXVOT41,บริษัท เอวิเดน ไอที โซลูชั่นส์ แอนด์ เซอร์วิสเซส จำกัด,TH,FR,ATOS SE,5493001EZOOA66PTBR68,gleif_ultimate_parent,A_known_ultimate_parent,A_hard_or_verified,1.0,1,0,,FR,,0.0
IN,TH,CH,TH,5493000XUXH1WGCRIF29,บริษัท เอส ไอ จี คอมบิบล็อค จำกัด,TH,CH,SIG GROUP AG,5493004Z6P7TSVB1L042,gleif_ultimate_parent,A_known_ultimate_parent,A_hard_or_verified,1.0,1,0,CH,CH,,0.0
IN,TH,DE,TH,529900WE7CXW12UBMV28,บริษัท เอสโอเอฟอี วัน จำกัด,TH,DE,Allianz SE,529900K9B0N5BT694847,gleif_ultimate_parent,A_known_ultimate_parent,A_hard_or_verified,1.0,1,0,DE,DE,,0.0
IN,TH,DE,TH,529900YJCJ6ZD00TPP57,บริษัท เออร์โกประกันภัย (ประเทศไทย) จำกัด (มหาชน),TH,DE,Münchener Rückversicherungs-Gesellschaft Aktiengesellschaft in München,529900MUF4C20K50JS49,gleif_ultimate_parent,A_known_ultimate_parent,A_hard_or_verified,1.0,1,0,DE,DE,,0.0
IN,TH,US,TH,549300FWMVYBFQAQOK62,บริษัท เอเวอรี่ เดนนิสสัน (ประเทศไทย) จำกัด,TH,US,AVERY DENNISON CORPORATION,549300PW7VPFCYKLIV37,gleif_ultimate_parent,A_known_ultimate_parent,A_hard_or_verified,1.0,1,0,US,US,,0.0
IN,TH,SG,TH,254900SYV1XOLED98247,บริษัท เอเอฟเอส (ประเทศไทย) จำกัด,TH,SG,Amstel Financial Services (S) Pte. Ltd.,254900X17Q0HT8RQQ134,gleif_ultimate_parent,A_known_ultimate_parent,A_hard_or_verified,1.0,1,0,,SG,,0.0
IN,TH,AU,TH,549300O6GFLXS0XS9U71,บริษัท เอเอ็นแซด (ไทย) จำกัด (มหาชน),TH,AU,AUSTRALIA AND NEW ZEALAND BANKING GROUP LIMITED,JHE42UYNWWTJB8YTTU19,gleif_ultimate_parent,A_known_ultimate_parent,A_hard_or_verified,1.0,1,0,AU,AU,,0.0
IN,TH,CH,TH,2549004NLZQ9ADE3I749,บริษัท เอ็นเดรส แอนด์ เฮาเซอร์(ไทยแลนด์) จำกัด,TH,CH,Endress+Hauser Management AG,529900NPKCJBTNRVC265,gleif_ultimate_parent,A_known_ultimate_parent,A_hard_or_verified,1.0,1,0,CH,CH,,0.0
IN,TH,US,TH,549300E5J2BU9PXSC821,บริษัท เอ็มทีพี เอชพีพีโอ แมนูแฟคเจอริ่ง จำกัด,TH,US,DOW INC.,5493003S21INSLK2IP73,gleif_ultimate_parent,A_known_ultimate_parent,A_hard_or_verified,1.0,1,0,TH,US,US,0.0
IN,TH,DE,TH,5299002M0793N543MM30,บริษัท เฮงเค็ล (ประเทศไทย) จำกัด,TH,DE,Henkel AG & Co. KGaA,549300VZCL1HTH4O4Y49,gleif_ultimate_parent,A_known_ultimate_parent,A_hard_or_verified,1.0,1,0,DE,DE,,0.0
IN,TH,DE,TH,254900FX70OKDI1M8892,บริษัท เฮล์ม ทีเอช (ประเทศไทย) จำกัด.,TH,DE,HELM AG,52990027B9ARY5AC8476,gleif_ultimate_parent,A_known_ultimate_parent,A_hard_or_verified,1.0,1,0,DE,DE,,0.0
IN,TH,US,TH,5493006WDOC9682PPZ95,บริษัท แคทเทอร์พิลลาร์ ลิสซิ่ง (ประเทศไทย) จำกัด,TH,US,CATERPILLAR INC.,WRJR7GS4GTRECRRTVX92,gleif_ultimate_parent,A_known_ultimate_parent,A_hard_or_verified,1.0,1,0,US,US,,0.0
IN,TH,US,TH,254900YQ1JD2R2V8MN81,บริษัท แคทเธอร์พิลลาร์ (ประเทศไทย) จำกัด,TH,US,CATERPILLAR INC.,WRJR7GS4GTRECRRTVX92,gleif_ultimate_parent,A_known_ultimate_parent,A_hard_or_verified,1.0,1,0,,US,,0.0
IN,TH,US,TH,984500DCWC3B4ZF4FE35,บริษัท แคเรียร์ แอร์ คอนดิชั่นนิ่ง (ประเทศไทย) จำกัด,TH,US,CARRIER GLOBAL CORPORATION,549300JE3W6CWY2NAN77,gleif_ultimate_parent,A_known_ultimate_parent,A_hard_or_verified,1.0,1,0,US,US,,0.0
IN,TH,US,TH,549300R0THGWLNQPPO16,บริษัท แจนเซ่น-ซีแลก จำกัด,TH,US,Johnson & Johnson,549300G0CFPGEF6X2043,gleif_ultimate_parent,A_known_ultimate_parent,A_hard_or_verified,1.0,1,0,,US,,0.0
IN,TH,DE,TH,529900HANBG10842EN79,บริษัท แชฟฟ์เลอร์ แมนูแฟคเจอริ่ง (ประเทศไทย) จำกัด,TH,DE,INA-Holding Schaeffler GmbH & Co. KG,5299004S1OOP9VBIQJ18,gleif_ultimate_parent,A_known_ultimate_parent,A_hard_or_verified,1.0,1,0,DE,DE,,0.0
IN,TH,FR,TH,894500GWHUIUZIZSSR44,บริษัท แซง-โกแบ็ง เวเบอร์ จำกัด,TH,FR,COMPAGNIE DE SAINT-GOBAIN,NFONVGN05Z0FMN5PEC35,gleif_ultimate_parent,A_known_ultimate_parent,A_hard_or_verified,1.0,1,0,FR,FR,,0.0
IN,TH,FR,TH,894500GWYH65WGZFRF55,บริษัท แซง-โกแบ็ง แอบราซีฟส์ (ประเทศไทย) จำกัด,TH,FR,COMPAGNIE DE SAINT-GOBAIN,NFONVGN05Z0FMN5PEC35,gleif_ultimate_parent,A_known_ultimate_parent,A_hard_or_verified,1.0,1,0,FR,FR,,0.0
IN,TH,DE,TH,254900E9UYP9PX2VMI05,บริษัท แซดเอฟ ชัสซิส ซิสเท็ม (ระยอง) จำกัด,TH,DE,ZF Friedrichshafen AG,529900CAYOWB8YIG7X25,gleif_ultimate_parent,A_known_ultimate_parent,A_hard_or_verified,1.0,1,0,SG,DE,DE,0.0
IN,TH,DE,TH,254900J5SAHJSO90G647,บริษัท แซดเอฟ เลมฟอร์เดอร์ (ไทยแลนด์) จำกัด,TH,DE,ZF Friedrichshafen AG,529900CAYOWB8YIG7X25,gleif_ultimate_parent,A_known_ultimate_parent,A_hard_or_verified,1.0,1,0,SG,DE,DE,0.0
IN,TH,US,TH,2549004Y0VT7PY0K5192,บริษัท แซนมินา-ไซ ซิสเท็มส์(ประเทศไทย) จำกัด,TH,US,SANMINA CORPORATION,X5K24XLM8QYRXF00EB42,gleif_ultimate_parent,A_known_ultimate_parent,A_hard_or_verified,1.0,1,0,,US,,0.0
IN,TH,US,TH,254900QCQZD3UMY1GC80,บริษัท แซส ซอฟท์แวร์ (ไทยแลนด์) จำกัด,TH,US,SAS INSTITUTE INC.,54930038Z4LRJWWZ1746,gleif_ultimate_parent,A_known_ultimate_parent,A_hard_or_verified,1.0,1,0,DK,US,,0.0
IN,TH,GB,TH,213800MD95HLGETCCQ95,บริษัท แบงค็อค เอ็กซ์ซิบิชั่น เซอร์วิสเซส จำกัด,TH,GB,INFORMA PLC,5493006VM2LKUPSEDU20,gleif_ultimate_parent,A_known_ultimate_parent,A_hard_or_verified,1.0,1,0,,GB,,0.0
IN,TH,DE,TH,529900W9CPFJ1MSN5605,บริษัท แมน ทรัค แอนด์ บัส เอเชีย แปซิฟิก จำกัด,TH,DE,VOLKSWAGEN AKTIENGESELLSCHAFT,529900NNUPAGGOMPXZ31,gleif_ultimate_parent,A_known_ultimate_parent,A_hard_or_verified,1.0,1,0,DE,DE,,0.0
IN,TH,US,TH,54930036U9PO7EWQBR87,บริษัท แม็คคอร์มิค (ประเทศไทย) จำกัด,TH,US,"MCCORMICK & COMPANY, INCORPORATED",549300JQQA6MQ4OJP259,gleif_ultimate_parent,A_known_ultimate_parent,A_hard_or_verified,1.0,1,0,,US,,0.0
IN,TH,AT,TH,529900EA21NNVC4OOD33,บริษัท แวน เลียวเวน ดิสทริบิวชั่น (ไทยแลนด์) จำกัด,TH,AT,Benteler International Austria GmbH,529900ZAFSOBVFCKF263,gleif_ultimate_parent,A_known_ultimate_parent,A_hard_or_verified,1.0,1,0,AT,AT,,0.0
IN,TH,DE,TH,529900EWGZ0C09HD1L68,บริษัท แวนเดอร์แลนด์เด โลจิสติกส์ ออโตเมชั่น ซิสเต็มส์ จำกัด,TH,DE,Siemens Aktiengesellschaft,W38RGI023J3WT1HWRP32,gleif_ultimate_parent,A_known_ultimate_parent,A_hard_or_verified,1.0,1,0,DE,DE,,0.0
IN,TH,US,TH,52990053AO1RJZ0IYE93,บริษัท แอพต้าร์ (ประเทศไทย) จำกัด,TH,US,"APTARGROUP, INC.",VNPEQDQFAA7IY1T2PX43,gleif_ultimate_parent,A_known_ultimate_parent,A_hard_or_verified,1.0,1,0,US,US,,0.0
IN,TH,IE,TH,213800CKTOGPDOKTV462,บริษัท แอเดียนท์ แอนด์ ซัมมิท คอร์ปอเรชั่น จำกัด,TH,IE,ADIENT PUBLIC LIMITED COMPANY,5493002QLDY8O75RTR78,gleif_ultimate_parent,A_known_ultimate_parent,A_hard_or_verified,1.0,1,0,IE,IE,,0.0
IN,TH,US,TH,549300EJ1154GIC1S137,บริษัท แอ๊บบอต เมดิคัล (ประเทศไทย) จำกัด,TH,US,ABBOTT LABORATORIES,HQD377W2YR662HK5JX27,gleif_ultimate_parent,A_known_ultimate_parent,A_hard_or_verified,1.0,1,0,,US,,0.0
IN,TH,US,TH,2549005KQD4AIILH4355,บริษัท แอ๊บวี่ ฟาร์มาซูติคอลส์ (ประเทศไทย) จำกัด,TH,US,ABBVIE INC.,FR5LCKFTG8054YNNRU85,gleif_ultimate_parent,A_known_ultimate_parent,A_hard_or_verified,1.0,1,0,US,US,,0.0
IN,TH,GB,TH,2138008EHBSZ7WGHHV64,บริษัท โคทส เทรด (ประเทศไทย) จำกัด,TH,GB,COATS GROUP PLC,2138003SPYWGAITNFY17,gleif_ultimate_parent,A_known_ultimate_parent,A_hard_or_verified,1.0,1,0,GB,GB,,0.0
IN,TH,US,TH,254900ICXZJRKI65PM52,บริษัท โคพีเรียน เอสอีเอ จำกัด,TH,US,"HILLENBRAND, INC.",U246OE781574J2BUD366,gleif_ultimate_parent,A_known_ultimate_parent,A_hard_or_verified,1.0,1,0,,US,,0.0
IN,TH,FI,TH,213800HDL15ZG3QV4T97,บริษัท โคเน่ จำกัด (มหาชน),TH,FI,KONE OYJ,2138001CNF45JP5XZK38,gleif_ultimate_parent,A_known_ultimate_parent,A_hard_or_verified,1.0,1,0,FI,FI,,0.0
IN,TH,DE,TH,54930023SJM7ONLZSI45,บริษัท โคเวสโตร (ประเทศไทย) จำกัด,TH,DE,Covestro AG,3912005AWHKLQ1CPLV11,gleif_ultimate_parent,A_known_ultimate_parent,A_hard_or_verified,1.0,1,0,DE,DE,,0.0
IN,TH,BE,TH,5493000KMCGH63QK0V81,บริษัท โซลเวย์ (ประเทศไทย) จำกัด,TH,BE,SOLVAY,549300MMVL80RTBP3O28,gleif_ultimate_parent,A_known_ultimate_parent,A_hard_or_verified,1.0,1,0,NL,BE,,0.0
IN,TH,BE,TH,549300X8M9BPBEKAS022,บริษัท โซลเวย์ เพอรอกซิไทย จำกัด,TH,BE,SOLVAY,549300MMVL80RTBP3O28,gleif_ultimate_parent,A_known_ultimate_parent,A_hard_or_verified,1.0,1,0,NL,BE,,0.0
IN,TH,BE,TH,549300QJU1PGS5FMK467,บริษัท โซลเวย์ เอเชีย แปซิฟิค จำกัด,TH,BE,SOLVAY,549300MMVL80RTBP3O28,gleif_ultimate_parent,A_known_ultimate_parent,A_hard_or_verified,1.0,1,0,BE,BE,,0.0
IN,TH,US,TH,549300OI0STLMBUJLD44,บริษัท โซโนโค (ประเทศไทย) จำกัด,TH,US,SONOCO PRODUCTS COMPANY,GKOMIK4RDJGHEF0VNP11,gleif_ultimate_parent,A_known_ultimate_parent,A_hard_or_verified,1.0,1,0,,US,,0.0
IN,TH,DE,TH,529900P0LGGL9YCJFB58,บริษัท โรเด้อร์ แอนด์ ชวาร์ส (ประเทศไทย) จำกัด,TH,DE,Rohde & Schwarz GmbH & Co. Kommanditgesellschaft,529900156OVPNZXFJ655,gleif_ultimate_parent,A_known_ultimate_parent,A_hard_or_verified,1.0,1,0,DE,DE,,0.0
IN,TH,AT,TH,529900ERTU2XYFM21J51,บริษัท โวสท์อัลพีน เรลเวย์ ซิสเต็มส์ เอเชีย จำกัด,TH,AT,voestalpine AG,529900ZAXBMQDIWPNB72,gleif_ultimate_parent,A_known_ultimate_parent,A_hard_or_verified,1.0,1,0,AT,AT,,0.0
IN,TH,NL,TH,5299006YY05RQMP8SQ63,บริษัท โอริกซ์ สเตนเลส (ประเทศไทย) จำกัด,TH,NL,Oryx Stainless Holding B.V.,724500PY8GURCKCP7W91,gleif_ultimate_parent,A_known_ultimate_parent,A_hard_or_verified,1.0,1,0,NL,NL,,0.0
IN,TH,DE,TH,529900O0S8NI6GDNQ715,บริษัท โฮแมก เอเซีย (ประเทศไทย) จำกัด,TH,DE,Dürr Aktiengesellschaft,5299003APZ54EDTSRO20,gleif_ultimate_parent,A_known_ultimate_parent,A_hard_or_verified,1.0,1,0,DE,DE,,0.0
IN,TH,FR,TH,894500GWCAZ3CJNX5716,บริษัท ไทยยิบส์ โฮลดิ้งส์ จำกัด,TH,FR,COMPAGNIE DE SAINT-GOBAIN,NFONVGN05Z0FMN5PEC35,gleif_ultimate_parent,A_known_ultimate_parent,A_hard_or_verified,1.0,1,0,FR,FR,,0.0
IN,TH,US,TH,254900U1V1S4TT7JEV61,บริษัท ไทสัน อินเตอร์เนชั่นแนล เอพีเอซี จำกัด,TH,US,"TYSON FOODS, INC.",WD6L6041MNRW1JE49D58,gleif_ultimate_parent,A_known_ultimate_parent,A_hard_or_verified,1.0,1,0,,US,,0.0
IN,TH,DE,TH,529900INQCNO4JBZ7P70,บริษัท ไบเออร์ โฮลดิ้ง (ประเทศไทย) จำกัด,TH,DE,Bayer Aktiengesellschaft,549300J4U55H3WP1XT59,gleif_ultimate_parent,A_known_ultimate_parent,A_hard_or_verified,1.0,1,0,DE,DE,,0.0
IN,TH,DE,TH,529900BH4WVCILUS9U85,บริษัท ไบเออร์สด๊อรฟ (ประเทศไทย) จำกัด,TH,DE,maxingvest GmbH & Co. KGaA,529900DV1ODI5C2GRH81,gleif_ultimate_parent,A_known_ultimate_parent,A_hard_or_verified,1.0,1,0,DE,DE,,0.0
IN,TH,DE,TH,549300QXB3MKOPKCL981,บริษัท ไบเออร์ไทย จำกัด,TH,DE,Bayer Aktiengesellschaft,549300J4U55H3WP1XT59,gleif_ultimate_parent,A_known_ultimate_parent,A_hard_or_verified,1.0,1,0,DE,DE,,0.0
IN,TH,GB,TH,2549001NAJUFH7CSTS48,บริษัท ไวส์ เพย์เม้นส์ (ประเทศไทย) จำกัด,TH,GB,Wise Payments Limited,213800U4GNTXRFYZKG18,gleif_ultimate_parent,A_known_ultimate_parent,A_hard_or_verified,1.0,1,0,,GB,,0.0
IN,TH,IT,TH,254900Q2B83I97M4CD66,บริษัท ไอเออาร์พี เซอร์วิสส์ จำกัด,TH,IT,EPTA HDP S.P.A.,8156004F61FB96232405,gleif_ultimate_parent,A_known_ultimate_parent,A_hard_or_verified,1.0,1,0,IT,IT,,0.0
IN,TH,JE,TH,213800AKBNPHGGKU2G15,บริษัท ไอแคป-เอพี (ประเทศไทย) จำกัด,TH,JE,TP ICAP GROUP PLC,2138006YAA7IRVKKGE63,gleif_ultimate_parent,A_known_ultimate_parent,A_hard_or_verified,1.0,1,0,,JE,,0.0
IN,TH,DE,TH,529900DEUUDBKGEMU791,บริษัท ไฮเดลเบิร์ก กราฟฟิคส์ (ประเทศไทย) จำกัด,TH,DE,Heidelberger Druckmaschinen Aktiengesellschaft,529900ZM98OISTG16932,gleif_ultimate_parent,A_known_ultimate_parent,A_hard_or_verified,1.0,1,0,DE,DE,,0.0
IN,TH,JP,TH,254900D9ABGDJABFKF41,บริษัทหลักทรัพย์ กรุงศรี จำกัด(มหาชน),TH,JP,株式会社三菱ＵＦＪフィナンシャル・グループ,353800V2V8PUY9TK3E06,gleif_ultimate_parent,A_known_ultimate_parent,A_hard_or_verified,1.0,1,0,TH,JP,JP,0.0
IN,TH,FR,TH,254900OEPEFE3YPUEI69,บริษัทหลักทรัพย์ บีเอ็นพี พารีบาร์ (ประเทศไทย) จำกัด,TH,FR,BNP PARIBAS,R0MUWSFPU8MPRO8K5P83,gleif_ultimate_parent,A_known_ultimate_parent,A_hard_or_verified,1.0,1,0,FR,FR,,0.0
IN,TH,MY,TH,254900O3VGICUQDW9I76,บริษัทหลักทรัพย์ อาร์เอชบี (ประเทศไทย) จำกัด (มหาชน),TH,MY,RHB BANK BERHAD,549300ZHRPSV7QIUJT80,gleif_ultimate_parent,A_known_ultimate_parent,A_hard_or_verified,1.0,1,0,MY,MY,MY,0.0
IN,TH,SG,TH,254900PCLN6FEHYPLJ55,บริษัทหลักทรัพย์จัดการกองทุน ยูโอบี (ประเทศไทย) จำกัด,TH,SG,UNITED OVERSEAS BANK LIMITED,IO66REGK3RCBAMA8HR66,gleif_ultimate_parent,A_known_ultimate_parent,A_hard_or_verified,1.0,1,0,SG,SG,,0.0
IN,TH,FR,TH,2549003D8BMMQ7B7NI68,บูยเกส-ไทย จำกัด,TH,FR,BOUYGUES,969500MOCLNQFNZN0D63,gleif_ultimate_parent,A_known_ultimate_parent,A_hard_or_verified,1.0,1,0,FR,FR,,0.0
IN,TH,US,TH,2549006E8TVPIEXDSR48,ฟิลลิป มอร์ริส (ไทยแลนด์) ลิมิเต็ด,TH,US,Philip Morris International Inc.,HL3H1H2BGXWVG3BSWR90,gleif_ultimate_parent,A_known_ultimate_parent,A_hard_or_verified,1.0,1,0,US,US,,0.0
IN,TH,JP,TH,25490062101TS7BJGE44,มิตซุยแอนด์คัมปนี (ไทยแลนด์) จำกัด,TH,JP,三井物産株式会社,2NRSB4GOU9DD6CNW5R48,gleif_ultimate_parent,A_known_ultimate_parent,A_hard_or_verified,1.0,1,0,SG,JP,JP,0.0
IN,TH,KR,TH,254900MBUTHLD48FRF45,ฮันออน ซิสเต็มส์ (ประเทศไทย) จำกัด,TH,KR,한온시스템 주식회사,5493004WIDNO4WOEYG91,gleif_ultimate_parent,A_known_ultimate_parent,A_hard_or_verified,1.0,1,0,KR,KR,,0.0
IN,TH,US,TH,549300ERZB038DW69W46,เพล็กซัส (ประเทศไทย) บจก.,TH,US,PLEXUS CORP.,549300W7HCBI5YT25I79,gleif_ultimate_parent,A_known_ultimate_parent,A_hard_or_verified,1.0,1,0,US,US,,0.0
IN,TH,VG,TH,894500K2FHJFGA8NZO26,เมเยอร์ อินดัสทรีส์ จำกัด,TH,VG,Meyer International Holdings Limited,54930072F3UDMJTJ4314,gleif_ultimate_parent,A_known_ultimate_parent,A_hard_or_verified,1.0,1,0,VG,VG,,0.0
IN,TH,JE,TH,894500QIMKWQ1OSFPO59,เอสเซ้นมีเดียคอม (ประเทศไทย) จำกัด,TH,JE,WPP PLC,549300LSGBXPYHXGDT93,gleif_ultimate_parent,A_known_ultimate_parent,A_hard_or_verified,1.0,1,0,JE,JE,,0.0
IN,TH,FR,TH,894500GX40PXJGBBEZ12,แซง-โกแบ็ง (ประเทศไทย) จำกัด,TH,FR,COMPAGNIE DE SAINT-GOBAIN,NFONVGN05Z0FMN5PEC35,gleif_ultimate_parent,A_known_ultimate_parent,A_hard_or_verified,1.0,1,0,FR,FR,,0.0
IN,TH,US,TH,549300L6ZU52LONFFQ56,โดนัลด์สัน (ประเทศไทย) บจก,TH,US,"DONALDSON COMPANY, INC.",OZE6KXY9QQPR8EJ8WL20,gleif_ultimate_parent,A_known_ultimate_parent,A_hard_or_verified,1.0,1,0,US,US,,0.0
IN,TH,FR,TH,254900MSLOEU66Z06U62,โททาล ออยล์ (ประเทศไทย) จำกัด,TH,FR,TotalEnergies SE,529900S21EQ1BO4ESM68,gleif_ultimate_parent,A_known_ultimate_parent,A_hard_or_verified,1.0,1,0,FR,FR,,0.0
IN,TH,SG,TH,25490090PGXRI0E1ZB35,A. Menarini (Thailand) Limited,TH,SG,A. Menarini Asia-Pacific Pte. Ltd.,254900CPAQRDL9DMSN25,gleif_direct_parent,B_known_direct_parent,B_parent_or_exception,0.85,1,0,SG,,,0.0
IN,TH,CH,TH,549300303UFX7YIFBO17,ABB COMPANY LIMITED,TH,CH,ABB Asea Brown Boveri Ltd,5493003DNMEAO1DT3F51,gleif_direct_parent,B_known_direct_parent,B_parent_or_exception,0.85,1,0,CH,,,0.0
IN,TH,SG,TH,5493000XDLL5XEJV4M60,THABTHIM HOLDINGS LIMITED,TH,SG,ANDERTON INVESTMENTS PTE. LTD.,5493001GKJEWOJR3QK21,gleif_direct_parent,B_known_direct_parent,B_parent_or_exception,0.85,1,0,SG,,,0.0
IN,TH,US,TH,549300KW0K8YJ1K2TI81,บริษัท กริฟฟิทท์ ฟู้ดส์ จำกัด,TH,US,GRIFFITH FOODS WORLDWIDE INC.,549300X2L0J2YGGLP158,gleif_direct_parent,B_known_direct_parent,B_parent_or_exception,0.85,1,0,US,,,0.0
IN,TH,CH,TH,52990099HMGUFWSH7U36,บริษัท มัลติแว็ค จำกัด,TH,CH,MULTIVAC Export AG,529900Y1ION6J4LJXC12,gleif_direct_parent,B_known_direct_parent,B_parent_or_exception,0.85,1,0,CH,,,0.0
IN,TH,GB,TH,213800S31542ICXSTO37,บริษัท เวิลด์เพย์ เพย์เมนต์ เซอร์วิสเซส (ประเทศไทย) จำกัด,TH,GB,WORLDPAY INTERNATIONAL GROUP LIMITED,213800W92ABFLC2AZ387,gleif_direct_parent,B_known_direct_parent,B_parent_or_exception,0.85,1,0,GB,,,0.0
IN,TH,DE,TH,213800V9BW918HBESH84,Allianz General Insurance Public Company Limited,TH,DE,Allianz SE,529900K9B0N5BT694847,phase1_name_match,C_name_match_high,C_name_inferred,1.0,0,1,,,,0.0
IN,TH,US,TH,213800ECPOAK64BTRK32,DAVID GEORGE JOHNSON PROBATE FLEXIBLE 2013,TH,US,Johnson & Johnson,549300G0CFPGEF6X2043,phase1_name_match,C_name_match_high,C_name_inferred,1.0,0,1,,,,0.0
IN,TH,US,TH,549300BJPDMP44NK1K02,"MARS THAILAND, INC.",TH,US,"MARS, INCORPORATED",54930073HKEO6GZBSS03,phase1_name_match,C_name_match_high,C_name_inferred,1.0,0,1,,,,0.0
IN,TH,GB,TH,54930075WNLULTUWJU06,STANDARD CHARTERED (THAI) ASSET MANAGEMENT COMPANY LIMITED,TH,GB,STANDARD CHARTERED PLC,U4LOSYZ7YG4W3S5F2G91,phase1_name_match,C_name_match_high,C_name_inferred,1.0,0,1,,,,0.0
IN,TH,GB,TH,549300BD3UUHTEFDEO41,STANDARD CHARTERED (THAILAND) COMPANY LIMITED,TH,GB,STANDARD CHARTERED PLC,U4LOSYZ7YG4W3S5F2G91,phase1_name_match,C_name_match_high,C_name_inferred,1.0,0,1,,,,0.0
IN,TH,FR,TH,894500PNZIMY0E4GI777,TotalEnergies EP Thailand (BRANCH),TH,FR,TotalEnergies SE,529900S21EQ1BO4ESM68,phase1_name_match,C_name_match_high,C_name_inferred,1.0,0,1,,,,0.0
IN,TH,US,TH,5493008V8LK3AFF4ES24,WESTERN DIGITAL (THAILAND) COMPANY LIMITED,TH,US,WESTERN DIGITAL CORPORATION,549300QQXOOYEF89IC56,phase1_name_match,C_name_match_high,C_name_inferred,1.0,0,1,,,,0.0
IN,TH,LU,TH,254900WSYN26N52Q9713,กองทุนเปิดพรินซิเพิล การันตีสเต็ปอัพ 2,TH,LU,CARGILL INTERNATIONAL LUXEMBOURG 2 S. À R.L,549300AGWZ0YNE84EI44,phase1_name_match,C_name_match_high,C_name_inferred,1.0,0,1,,,,0.0
IN,TH,DK,TH,2138004F7V4L179JUW73,กองทุนเปิดเค การันตี สเตปอัป A,TH,DK,SAS Institute A/S,254900TIJIDKAQ3OC574,phase1_name_match,C_name_match_high,C_name_inferred,1.0,0,1,,,,0.0
IN,TH,NL,TH,2138006Z7WR5KAFJ7N92,กองทุนเปิดเค การันตีสเตปอัป B,TH,NL,Cytec Industries B.V.,724500HDUKVWVTHXGC18,phase1_name_match,C_name_match_high,C_name_inferred,1.0,0,1,,,,0.0
IN,TH,DE,TH,254900BE0NHW90OWIW44,"Landmark Holdings Co., Ltd",TH,DE,Allianz SE,529900K9B0N5BT694847,phase2_address_cluster,D_address_cluster,D_address_inferred,0.6,0,1,,,,0.0
IN,TH,SG,TH,254900KROQVTHEV5CM45,กองทุนเปิด ยูไนเต็ด พันธบัตรรัฐบาลต่างประเทศ USD 3M1,TH,SG,UOB ASSET MANAGEMENT LTD,549300GEEUAN3BDKO421,phase2_address_cluster,D_address_cluster,D_address_inferred,0.6,0,1,,,,0.0
IN,TH,SG,TH,549300VRFRBQ3RNVSJ42,กองทุนเปิด ยูไนเต็ด แพลตินัม อินคัม ออพพอร์ทูนิตี้ส์ พลัส ฟันด์,TH,SG,UOB ASSET MANAGEMENT LTD,549300GEEUAN3BDKO421,phase2_address_cluster,D_address_cluster,D_address_inferred,0.6,0,1,,,,0.0
IN,TH,SG,TH,254900ZNO8FQ5WUQUC71,กองทุนเปิด ยูไนเต็ด ไพรเวท อิควิตี้ ฟันด์ 1 ห้ามขายผู้ลงทุนรายย่อย,TH,SG,UOB ASSET MANAGEMENT LTD,549300GEEUAN3BDKO421,phase2_address_cluster,D_address_cluster,D_address_inferred,0.6,0,1,,,,0.0
IN,TH,DE,TH,254900NUVO16AR813N89,กองทุนเปิดกรุงศรีตราสารหนี้ต่างประเทศ 7M1 ห้ามขายผู้ลงทุนรายย่อย (AI),TH,DE,Allianz SE,529900K9B0N5BT694847,phase2_address_cluster,D_address_cluster,D_address_inferred,0.6,0,1,,,,0.0
IN,TH,DK,TH,2549005LRZFARBSFIL59,กองทุนเปิดกรุงไทย World Class Defensive,TH,DK,A.P. MØLLER HOLDING A/S,5493000HKHWS15XW2C38,phase2_address_cluster,D_address_cluster,D_address_inferred,0.6,0,1,,,,0.0
IN,TH,DK,TH,254900D3KXTNM9WJDT21,กองทุนเปิดกรุงไทย World Class Growth,TH,DK,A.P. MØLLER HOLDING A/S,5493000HKHWS15XW2C38,phase2_address_cluster,D_address_cluster,D_address_inferred,0.6,0,1,,,,0.0
IN,TH,DK,TH,254900W7JYWPQPV6DE38,กองทุนเปิดกรุงไทย World Class Moderate,TH,DK,A.P. MØLLER HOLDING A/S,5493000HKHWS15XW2C38,phase2_address_cluster,D_address_cluster,D_address_inferred,0.6,0,1,,,,0.0
IN,TH,DK,TH,254900Y1GLAPIY9FI887,กองทุนเปิดกรุงไทย World Class Moderate เพื่อการเลี้ยงชีพ,TH,DK,A.P. MØLLER HOLDING A/S,5493000HKHWS15XW2C38,phase2_address_cluster,D_address_cluster,D_address_inferred,0.6,0,1,,,,0.0
IN,TH,MY,TH,2549009S7O6KSKOE7J36,กองทุนเปิดพรินซิเพิล การันตีสเต็ปอัพ,TH,MY,Principal Asset Management Berhad,254900SMUDZOFO5EZD76,phase2_address_cluster,D_address_cluster,D_address_inferred,0.6,0,1,,,,0.0
IN,TH,MY,TH,254900OPVKY6NLLKB649,กองทุนเปิดพรินซิเพิล คอร์ ฟิกซ์ อินคัม,TH,MY,Principal Asset Management Berhad,254900SMUDZOFO5EZD76,phase2_address_cluster,D_address_cluster,D_address_inferred,0.6,0,1,,,,0.0
IN,TH,MY,TH,2549007Y31P321YPM454,กองทุนเปิดพรินซิเพิล ตราสารหนี้,TH,MY,Principal Asset Management Berhad,254900SMUDZOFO5EZD76,phase2_address_cluster,D_address_cluster,D_address_inferred,0.6,0,1,,,,0.0
IN,TH,MY,TH,254900T8PM76C2PWFC95,กองทุนเปิดพรินซิเพิล มันนี่ มาร์เก็ตเพื่อการเลี้ยงชีพ,TH,MY,Principal Asset Management Berhad,254900SMUDZOFO5EZD76,phase2_address_cluster,D_address_cluster,D_address_inferred,0.6,0,1,,,,0.0
IN,TH,MY,TH,2549001IGVPZZ3V3AS58,กองทุนเปิดพรินซิเพิล มาเลเซียน ฟิกซ์ อินคัม อันเฮดจ์,TH,MY,Principal Asset Management Berhad,254900SMUDZOFO5EZD76,phase2_address_cluster,D_address_cluster,D_address_inferred,0.6,0,1,,,,0.0
IN,TH,MY,TH,254900MV8WD5NSYFVP45,กองทุนเปิดพรินซิเพิล เดลี่ อินคัม,TH,MY,Principal Asset Management Berhad,254900SMUDZOFO5EZD76,phase2_address_cluster,D_address_cluster,D_address_inferred,0.6,0,1,,,,0.0
IN,TH,MY,TH,254900RXSPRMWKMPCI83,กองทุนเปิดพรินซิเพิล เดลี่ อินคัม พลัส,TH,MY,Principal Asset Management Berhad,254900SMUDZOFO5EZD76,phase2_address_cluster,D_address_cluster,D_address_inferred,0.6,0,1,,,,0.0
IN,TH,DK,TH,254900JE0SU9V2IISX83,บริษัท ธนาคารแลนด์ แอนด์ เฮ้าส์ จำกัด (มหาชน),TH,DK,A.P. MØLLER HOLDING A/S,5493000HKHWS15XW2C38,phase2_address_cluster,D_address_cluster,D_address_inferred,0.6,0,1,,,,0.0
IN,TH,EUROPE,TH,213800HWDDEIAOWTJW45,กองทุนเปิดอีสท์สปริง INCOME PLUS,TH,EUROPE,,,phase3_jurisdiction_model,E_model_predicted_jurisdiction,E_model_only,0.7312,0,1,,,,0.0
IN,TH,EUROPE,TH,254900KWL4E8X97HRJ64,กองทุนเปิดกรุงไทยพันธบัตร 3M7F,TH,EUROPE,,,phase3_jurisdiction_model,E_model_predicted_jurisdiction,E_model_only,0.7231,0,1,,,,0.0
IN,TH,EUROPE,TH,254900JJZ50V1IT85A27,กองทุนเปิดเคเคพี สมาร์ท พลัส,TH,EUROPE,,,phase3_jurisdiction_model,E_model_predicted_jurisdiction,E_model_only,0.7123,0,1,,,,0.0
IN,TH,EUROPE,TH,2549000TABO568XS8B03,กองทุนเปิดกรุงไทยตราสารหนี้พลัส,TH,EUROPE,,,phase3_jurisdiction_model,E_model_predicted_jurisdiction,E_model_only,0.704,0,1,,,,0.0
IN,TH,EUROPE,TH,254900DNBFVMXTGA4219,กองทุนเปิดกรุงไทยตราสารหนี้ระยะสั้น,TH,EUROPE,,,phase3_jurisdiction_model,E_model_predicted_jurisdiction,E_model_only,0.704,0,1,,,,0.0
IN,TH,EUROPE,TH,254900XDG3EJTJ387Q82,กองทุนเปิดบัวหลวงหุ้นเพื่อคนรุ่นใหม่,TH,EUROPE,,,phase3_jurisdiction_model,E_model_predicted_jurisdiction,E_model_only,0.703,0,1,,,,0.0
IN,TH,EUROPE,TH,254900VR4RCKHB94NH80,กองทุนเปิดไทยพาณิชย์ Dynamic Bond,TH,EUROPE,,,phase3_jurisdiction_model,E_model_predicted_jurisdiction,E_model_only,0.6997,0,1,,,,0.0
IN,TH,EUROPE,TH,213800BZMNKFK6GFFF54,กองทุนเปิดอีสท์สปริง ธีรสมบัติ,TH,EUROPE,,,phase3_jurisdiction_model,E_model_predicted_jurisdiction,E_model_only,0.6951,0,1,,,,0.0
IN,TH,EUROPE,TH,254900EJH9L535AVI117,กองทุนเปิดกรุงไทยตราสารหนี้ระยะสั้นพลัส,TH,EUROPE,,,phase3_jurisdiction_model,E_model_predicted_jurisdiction,E_model_only,0.6892,0,1,,,,0.0
IN,TH,EUROPE,TH,2549005HDSYWSAXLLN23,กองทุนเปิดกรุงศรีพันธบัตรรัฐบาลญี่ปุ่น 3M3,TH,EUROPE,,,phase3_jurisdiction_model,E_model_predicted_jurisdiction,E_model_only,0.6787,0,1,,,,0.0
IN,TH,EUROPE,TH,213800OSCHZN6GR3U136,ผสม หุ้นไม่เกินร้อยละ 10,TH,EUROPE,,,phase3_jurisdiction_model,E_model_predicted_jurisdiction,E_model_only,0.675,0,1,,,,0.0
IN,TH,EUROPE,TH,2138003JLA3T4R5AO968,ผสม หุ้นไม่เกินร้อยละ 25,TH,EUROPE,,,phase3_jurisdiction_model,E_model_predicted_jurisdiction,E_model_only,0.675,0,1,,,,0.0
IN,TH,EUROPE,TH,254900GA0V0HJDBRIF10,กองทุนเปิดเคเคพี ตราสารหนี้พลัส,TH,EUROPE,,,phase3_jurisdiction_model,E_model_predicted_jurisdiction,E_model_only,0.6748,0,1,,,,0.0
IN,TH,EUROPE,TH,2549003IHSP7NIAQ2I48,กองทุนเปิดกรุงศรีพันธบัตรรัฐบาลญี่ปุ่น 6M16,TH,EUROPE,,,phase3_jurisdiction_model,E_model_predicted_jurisdiction,E_model_only,0.6724,0,1,,,,0.0
IN,TH,EUROPE,TH,254900ALALH9UCTXNE61,กองทุนรวมบัวหลวงธนสารพลัส 1/25 ห้ามขายผู้ลงทุนรายย่อย,TH,EUROPE,,,phase3_jurisdiction_model,E_model_predicted_jurisdiction,E_model_only,0.6641,0,1,,,,0.0
IN,TH,EUROPE,TH,254900ZHINA9J1U0V492,กองทุนรวมบัวหลวงธนสารพลัส 2/25 ห้ามขายผู้ลงทุนรายย่อย,TH,EUROPE,,,phase3_jurisdiction_model,E_model_predicted_jurisdiction,E_model_only,0.6641,0,1,,,,0.0
IN,TH,EUROPE,TH,2549001GWVEHAJF59L14,กองทุนรวมบัวหลวงธนสารพลัส 3/25 ห้ามขายผู้ลงทุนรายย่อย,TH,EUROPE,,,phase3_jurisdiction_model,E_model_predicted_jurisdiction,E_model_only,0.6641,0,1,,,,0.0
IN,TH,EUROPE,TH,254900HYJUL2WX3S2W47,กองทุนรวมบัวหลวงธนสารพลัส 4/25 ห้ามขายผู้ลงทุนรายย่อย,TH,EUROPE,,,phase3_jurisdiction_model,E_model_predicted_jurisdiction,E_model_only,0.6641,0,1,,,,0.0
IN,TH,EUROPE,TH,2549005GIO31XO5ELO82,กองทุนรวมบัวหลวงธนสารพลัส 5/25 ห้ามขายผู้ลงทุนรายย่อย,TH,EUROPE,,,phase3_jurisdiction_model,E_model_predicted_jurisdiction,E_model_only,0.6641,0,1,,,,0.0
IN,TH,EUROPE,TH,254900DGPPDXUIUXQJ06,กองทุนรวมบัวหลวงธนสารพลัส 6/25 ห้ามขายผู้ลงทุนรายย่อย,TH,EUROPE,,,phase3_jurisdiction_model,E_model_predicted_jurisdiction,E_model_only,0.6641,0,1,,,,0.0
IN,TH,EUROPE,TH,254900KKY8RMIZGU3506,กองทุนรวมบัวหลวงธนสารพลัส 7/25 ห้ามขายผู้ลงทุนรายย่อย,TH,EUROPE,,,phase3_jurisdiction_model,E_model_predicted_jurisdiction,E_model_only,0.6641,0,1,,,,0.0
IN,TH,EUROPE,TH,254900OCOY92U0Z2VK09,กองทุนเปิดกรุงศรีพันธบัตรรัฐบาลสิงคโปร์ 6M11,TH,EUROPE,,,phase3_jurisdiction_model,E_model_predicted_jurisdiction,E_model_only,0.6624,0,1,,,,0.0
IN,TH,EUROPE,TH,2549002BHB4CQUWS4L18,กองทุนเปิดกรุงศรีพันธบัตรรัฐบาลสิงคโปร์ 6M12,TH,EUROPE,,,phase3_jurisdiction_model,E_model_predicted_jurisdiction,E_model_only,0.6624,0,1,,,,0.0
IN,TH,EUROPE,TH,25490087FUTNR9RJWS49,กองทุนเปิดกรุงศรีพันธบัตรรัฐบาลสิงคโปร์ 6M13,TH,EUROPE,,,phase3_jurisdiction_model,E_model_predicted_jurisdiction,E_model_only,0.6624,0,1,,,,0.0
IN,TH,EUROPE,TH,9845006652907IH93A06,กองทุนเปิดเคแทม ออยล์ ฟันด์,TH,EUROPE,,,phase3_jurisdiction_model,E_model_predicted_jurisdiction,E_model_only,0.6621,0,1,,,,0.0
IN,TH,EUROPE,TH,254900ODFMBDKW83X252,กองทุนเปิดกรุงศรีพันธบัตรรัฐบาลญี่ปุ่น 1Y1,TH,EUROPE,,,phase3_jurisdiction_model,E_model_predicted_jurisdiction,E_model_only,0.6595,0,1,,,,0.0
IN,TH,EUROPE,TH,254900ABYUP3B4CFMI63,กองทุนเปิดกรุงศรีพันธบัตรรัฐบาลญี่ปุ่น 1Y2,TH,EUROPE,,,phase3_jurisdiction_model,E_model_predicted_jurisdiction,E_model_only,0.6595,0,1,,,,0.0
IN,TH,EUROPE,TH,254900AL0O0UWAZPFF60,กองทุนเปิดกรุงศรีพันธบัตรรัฐบาลเยอรมัน 5M1,TH,EUROPE,,,phase3_jurisdiction_model,E_model_predicted_jurisdiction,E_model_only,0.6595,0,1,,,,0.0
IN,TH,EUROPE,TH,254900HG851ODUONY612,กองทุนเปิด เอไอเอ ตราสารหนี้ระยะสั้น,TH,EUROPE,,,phase3_jurisdiction_model,E_model_predicted_jurisdiction,E_model_only,0.6584,0,1,,,,0.0
IN,TH,EUROPE,TH,254900LV1GIA772T4367,กองทุนเปิดกรุงศรีตราสารหนี้ 6M10-ห้ามขายผู้ลงทุนรายย่อย (AI),TH,EUROPE,,,phase3_jurisdiction_model,E_model_predicted_jurisdiction,E_model_only,0.6568,0,1,,,,0.0
IN,TH,EUROPE,TH,254900KD6GDS4P7YG878,กองทุนเปิดกรุงศรีตราสารหนี้ต่างประเทศ 6M113-ห้ามขายผู้ลงทุนรายย่อย (AI),TH,EUROPE,,,phase3_jurisdiction_model,E_model_predicted_jurisdiction,E_model_only,0.6562,0,1,,,,0.0
IN,TH,EUROPE,TH,254900RMTM7RU68AC952,กองทุนเปิดกรุงศรีตราสารหนี้ต่างประเทศ 6M114-ห้ามขายผู้ลงทุนรายย่อย (AI),TH,EUROPE,,,phase3_jurisdiction_model,E_model_predicted_jurisdiction,E_model_only,0.6562,0,1,,,,0.0
IN,TH,EUROPE,TH,254900KZKWXRTOIPQY83,กองทุนเปิดกรุงศรีตราสารหนี้ต่างประเทศ 6M115-ห้ามขายผู้ลงทุนรายย่อย (AI),TH,EUROPE,,,phase3_jurisdiction_model,E_model_predicted_jurisdiction,E_model_only,0.6562,0,1,,,,0.0
IN,TH,EUROPE,TH,254900KI144B5P30RA77,กองทุนเปิดกรุงศรีตราสารหนี้ต่างประเทศ 6M116-ห้ามขายผู้ลงทุนรายย่อย (AI),TH,EUROPE,,,phase3_jurisdiction_model,E_model_predicted_jurisdiction,E_model_only,0.6562,0,1,,,,0.0
IN,TH,EUROPE,TH,254900CP4Q14ISOSQ175,กองทุนเปิดกรุงศรีตราสารหนี้ต่างประเทศ 6M117-ห้ามขายผู้ลงทุนรายย่อย (AI),TH,EUROPE,,,phase3_jurisdiction_model,E_model_predicted_jurisdiction,E_model_only,0.6562,0,1,,,,0.0
IN,TH,EUROPE,TH,2549004OHAF7CHM6TP91,กองทุนเปิดกรุงศรีตราสารหนี้ต่างประเทศ 6M118-ห้ามขายผู้ลงทุนรายย่อย (AI),TH,EUROPE,,,phase3_jurisdiction_model,E_model_predicted_jurisdiction,E_model_only,0.6562,0,1,,,,0.0
IN,TH,EUROPE,TH,2549004B5GI40SLJUS21,กองทุนเปิดกรุงศรีตราสารหนี้ต่างประเทศ 6M120-ห้ามขายผู้ลงทุนรายย่อย (AI),TH,EUROPE,,,phase3_jurisdiction_model,E_model_predicted_jurisdiction,E_model_only,0.6562,0,1,,,,0.0
IN,TH,EUROPE,TH,254900TQJVVVIOU59J61,กองทุนเปิดกรุงศรีตราสารหนี้ต่างประเทศ 6M121-ห้ามขายผู้ลงทุนรายย่อย (AI),TH,EUROPE,,,phase3_jurisdiction_model,E_model_predicted_jurisdiction,E_model_only,0.6562,0,1,,,,0.0
IN,TH,EUROPE,TH,254900VARHZ90QC37157,กองทุนเปิดไทยพาณิชย์คอมเพล็กซ์รีเทิร์น 1YT ห้ามขายผู้ลงทุนรายย่อย,TH,EUROPE,,,phase3_jurisdiction_model,E_model_predicted_jurisdiction,E_model_only,0.6562,0,1,,,,0.0
IN,TH,EUROPE,TH,254900TUC3OYZ90MJN05,กองทุนเปิดไทยพาณิชย์คอมเพล็กซ์รีเทิร์น 1YU ห้ามขายผู้ลงทุนรายย่อย,TH,EUROPE,,,phase3_jurisdiction_model,E_model_predicted_jurisdiction,E_model_only,0.6562,0,1,,,,0.0
IN,TH,EUROPE,TH,254900P0BO2O7TDP0S62,กองทุนเปิดไทยพาณิชย์คอมเพล็กซ์รีเทิร์น 1YW ห้ามขายผู้ลงทุนรายย่อย,TH,EUROPE,,,phase3_jurisdiction_model,E_model_predicted_jurisdiction,E_model_only,0.6562,0,1,,,,0.0
IN,TH,EUROPE,TH,254900UNU7NE9GAH5R44,กองทุนเปิดไทยพาณิชย์คอมเพล็กซ์รีเทิร์น 1YX ห้ามขายผู้ลงทุนรายย่อย,TH,EUROPE,,,phase3_jurisdiction_model,E_model_predicted_jurisdiction,E_model_only,0.6562,0,1,,,,0.0
IN,TH,EUROPE,TH,254900HHEGNJX8B1AB13,กองทุนเปิดไทยพาณิชย์คอมเพล็กซ์รีเทิร์น 1YY ห้ามขายผู้ลงทุนรายย่อย,TH,EUROPE,,,phase3_jurisdiction_model,E_model_predicted_jurisdiction,E_model_only,0.6562,0,1,,,,0.0
IN,TH,EUROPE,TH,25490019OYNM3W3HJG30,กองทุนเปิดกรุงศรีพันธบัตรรัฐบาลญี่ปุ่น 6M12,TH,EUROPE,,,phase3_jurisdiction_model,E_model_predicted_jurisdiction,E_model_only,0.6533,0,1,,,,0.0
IN,TH,EUROPE,TH,254900RLD5PNJNJHP984,กองทุนเปิดกรุงศรีพันธบัตรรัฐบาลญี่ปุ่น 6M13,TH,EUROPE,,,phase3_jurisdiction_model,E_model_predicted_jurisdiction,E_model_only,0.6533,0,1,,,,0.0
IN,TH,EUROPE,TH,254900XXW041TCRJCS34,กองทุนเปิดกรุงศรีพันธบัตรรัฐบาลญี่ปุ่น 6M14,TH,EUROPE,,,phase3_jurisdiction_model,E_model_predicted_jurisdiction,E_model_only,0.6533,0,1,,,,0.0
IN,TH,EUROPE,TH,254900IUXI1S7JN4EZ71,กองทุนเปิดกรุงศรีพันธบัตรรัฐบาลญี่ปุ่น 6M15,TH,EUROPE,,,phase3_jurisdiction_model,E_model_predicted_jurisdiction,E_model_only,0.6533,0,1,,,,0.0
IN,TH,EUROPE,TH,25490048JUIJ6Q1CRP87,กองทุนเปิดกรุงศรีพันธบัตรรัฐบาลสิงคโปร์ 6M4,TH,EUROPE,,,phase3_jurisdiction_model,E_model_predicted_jurisdiction,E_model_only,0.6533,0,1,,,,0.0
IN,TH,EUROPE,TH,254900YF1CXF14RGGX79,กองทุนเปิดกรุงศรีพันธบัตรรัฐบาลสิงคโปร์ 6M7,TH,EUROPE,,,phase3_jurisdiction_model,E_model_predicted_jurisdiction,E_model_only,0.6533,0,1,,,,0.0
IN,TH,EUROPE,TH,254900RDDXMXP4H7TG10,กองทุนเปิดกรุงศรีพันธบัตรรัฐบาลสิงคโปร์ 6M8,TH,EUROPE,,,phase3_jurisdiction_model,E_model_predicted_jurisdiction,E_model_only,0.6533,0,1,,,,0.0
IN,TH,EUROPE,TH,254900DH5VSRE7WGLW66,กองทุนเปิดกรุงศรีพันธบัตรรัฐบาลสิงคโปร์ 6M9,TH,EUROPE,,,phase3_jurisdiction_model,E_model_predicted_jurisdiction,E_model_only,0.6533,0,1,,,,0.0
IN,TH,EUROPE,TH,213800I7ACHO9Y6VGO58,ตราสารหนี้ระยะสั้นภาครัฐ สถาบันการเงิน,TH,EUROPE,,,phase3_jurisdiction_model,E_model_predicted_jurisdiction,E_model_only,0.6533,0,1,,,,0.0
IN,TH,EUROPE,TH,254900E5PX90YJ4H6Y41,กองทุนรวมบัวหลวงธนสารพลัส 1/24 ห้ามขายผู้ลงทุนรายย่อย,TH,EUROPE,,,phase3_jurisdiction_model,E_model_predicted_jurisdiction,E_model_only,0.645,0,1,,,,0.0
IN,TH,EUROPE,TH,254900C1CPDQB4VANO66,กองทุนรวมบัวหลวงธนสารพลัส 10/24 ห้ามขายผู้ลงทุนรายย่อย,TH,EUROPE,,,phase3_jurisdiction_model,E_model_predicted_jurisdiction,E_model_only,0.645,0,1,,,,0.0
IN,TH,EUROPE,TH,254900BBC50JXV257S33,กองทุนรวมบัวหลวงธนสารพลัส 11/24 ห้ามขายผู้ลงทุนรายย่อย,TH,EUROPE,,,phase3_jurisdiction_model,E_model_predicted_jurisdiction,E_model_only,0.645,0,1,,,,0.0
IN,TH,EUROPE,TH,254900MREH02CZGS9234,กองทุนรวมบัวหลวงธนสารพลัส 12/24 ห้ามขายผู้ลงทุนรายย่อย,TH,EUROPE,,,phase3_jurisdiction_model,E_model_predicted_jurisdiction,E_model_only,0.645,0,1,,,,0.0
IN,TH,EUROPE,TH,254900GLMQZS3RXMMO18,กองทุนรวมบัวหลวงธนสารพลัส 13/24 ห้ามขายผู้ลงทุนรายย่อย,TH,EUROPE,,,phase3_jurisdiction_model,E_model_predicted_jurisdiction,E_model_only,0.645,0,1,,,,0.0
IN,TH,EUROPE,TH,254900YEKOWGXFAR7680,กองทุนรวมบัวหลวงธนสารพลัส 14/24 ห้ามขายผู้ลงทุนรายย่อย,TH,EUROPE,,,phase3_jurisdiction_model,E_model_predicted_jurisdiction,E_model_only,0.645,0,1,,,,0.0
IN,TH,EUROPE,TH,254900WPMT1C829U9889,กองทุนรวมบัวหลวงธนสารพลัส 15/24 ห้ามขายผู้ลงทุนรายย่อย,TH,EUROPE,,,phase3_jurisdiction_model,E_model_predicted_jurisdiction,E_model_only,0.645,0,1,,,,0.0
IN,TH,EUROPE,TH,254900J463260W447943,กองทุนรวมบัวหลวงธนสารพลัส 16/24 ห้ามขายผู้ลงทุนรายย่อย,TH,EUROPE,,,phase3_jurisdiction_model,E_model_predicted_jurisdiction,E_model_only,0.645,0,1,,,,0.0
IN,TH,EUROPE,TH,25490065WXSPATEWJW54,กองทุนรวมบัวหลวงธนสารพลัส 17/24 ห้ามขายผู้ลงทุนรายย่อย,TH,EUROPE,,,phase3_jurisdiction_model,E_model_predicted_jurisdiction,E_model_only,0.645,0,1,,,,0.0
IN,TH,EUROPE,TH,254900EDUYFH0N3OE168,กองทุนรวมบัวหลวงธนสารพลัส 19/24 ห้ามขายผู้ลงทุนรายย่อย,TH,EUROPE,,,phase3_jurisdiction_model,E_model_predicted_jurisdiction,E_model_only,0.645,0,1,,,,0.0
IN,TH,EUROPE,TH,254900NV4E1NBOUQNW51,กองทุนรวมบัวหลวงธนสารพลัส 2/24 ห้ามขายผู้ลงทุนรายย่อย,TH,EUROPE,,,phase3_jurisdiction_model,E_model_predicted_jurisdiction,E_model_only,0.645,0,1,,,,0.0
IN,TH,EUROPE,TH,254900GUQH57SWHBFG07,กองทุนรวมบัวหลวงธนสารพลัส 20/24 ห้ามขายผู้ลงทุนรายย่อย,TH,EUROPE,,,phase3_jurisdiction_model,E_model_predicted_jurisdiction,E_model_only,0.645,0,1,,,,0.0
IN,TH,EUROPE,TH,254900450LYQETUSFZ19,กองทุนรวมบัวหลวงธนสารพลัส 21/24 ห้ามขายผู้ลงทุนรายย่อย,TH,EUROPE,,,phase3_jurisdiction_model,E_model_predicted_jurisdiction,E_model_only,0.645,0,1,,,,0.0
IN,TH,EUROPE,TH,254900I2GEJLY2BF9J59,กองทุนรวมบัวหลวงธนสารพลัส 22/24 ห้ามขายผู้ลงทุนรายย่อย,TH,EUROPE,,,phase3_jurisdiction_model,E_model_predicted_jurisdiction,E_model_only,0.645,0,1,,,,0.0
IN,TH,EUROPE,TH,2549006EEJ0XNMN4B845,กองทุนรวมบัวหลวงธนสารพลัส 23/24 ห้ามขายผู้ลงทุนรายย่อย,TH,EUROPE,,,phase3_jurisdiction_model,E_model_predicted_jurisdiction,E_model_only,0.645,0,1,,,,0.0
IN,TH,EUROPE,TH,254900VB8LKTS4209O47,กองทุนรวมบัวหลวงธนสารพลัส 24/24 ห้ามขายผู้ลงทุนรายย่อย,TH,EUROPE,,,phase3_jurisdiction_model,E_model_predicted_jurisdiction,E_model_only,0.645,0,1,,,,0.0
IN,TH,EUROPE,TH,2549004Z28N88P5OM805,กองทุนรวมบัวหลวงธนสารพลัส 25/24 ห้ามขายผู้ลงทุนรายย่อย,TH,EUROPE,,,phase3_jurisdiction_model,E_model_predicted_jurisdiction,E_model_only,0.645,0,1,,,,0.0
IN,TH,EUROPE,TH,2549004YBON2YYGELX17,กองทุนรวมบัวหลวงธนสารพลัส 26/24 ห้ามขายผู้ลงทุนรายย่อย,TH,EUROPE,,,phase3_jurisdiction_model,E_model_predicted_jurisdiction,E_model_only,0.645,0,1,,,,0.0
IN,TH,EUROPE,TH,254900EF5FHPX65A9A08,กองทุนรวมบัวหลวงธนสารพลัส 27/24 ห้ามขายผู้ลงทุนรายย่อย,TH,EUROPE,,,phase3_jurisdiction_model,E_model_predicted_jurisdiction,E_model_only,0.645,0,1,,,,0.0
IN,TH,EUROPE,TH,25490041RVFV1KKCLU51,กองทุนรวมบัวหลวงธนสารพลัส 3/24 ห้ามขายผู้ลงทุนรายย่อย,TH,EUROPE,,,phase3_jurisdiction_model,E_model_predicted_jurisdiction,E_model_only,0.645,0,1,,,,0.0
IN,TH,EUROPE,TH,254900191VNW0O65Q157,กองทุนรวมบัวหลวงธนสารพลัส 4/24 ห้ามขายผู้ลงทุนรายย่อย,TH,EUROPE,,,phase3_jurisdiction_model,E_model_predicted_jurisdiction,E_model_only,0.645,0,1,,,,0.0
IN,TH,EUROPE,TH,254900CRQ1YRZG9CEZ12,กองทุนรวมบัวหลวงธนสารพลัส 5/24 ห้ามขายผู้ลงทุนรายย่อย,TH,EUROPE,,,phase3_jurisdiction_model,E_model_predicted_jurisdiction,E_model_only,0.645,0,1,,,,0.0
IN,TH,EUROPE,TH,254900GNA6K0S33CGM50,กองทุนรวมบัวหลวงธนสารพลัส 6/24 ห้ามขายผู้ลงทุนรายย่อย,TH,EUROPE,,,phase3_jurisdiction_model,E_model_predicted_jurisdiction,E_model_only,0.645,0,1,,,,0.0
IN,TH,EUROPE,TH,2549005R6ROND1J48476,กองทุนรวมบัวหลวงธนสารพลัส 7/24 ห้ามขายผู้ลงทุนรายย่อย,TH,EUROPE,,,phase3_jurisdiction_model,E_model_predicted_jurisdiction,E_model_only,0.645,0,1,,,,0.0
IN,TH,EUROPE,TH,254900CTGGVB8BNRTV33,กองทุนรวมบัวหลวงธนสารพลัส 8/24 ห้ามขายผู้ลงทุนรายย่อย,TH,EUROPE,,,phase3_jurisdiction_model,E_model_predicted_jurisdiction,E_model_only,0.645,0,1,,,,0.0
IN,TH,EUROPE,TH,254900QYGVX7HPHCX018,กองทุนรวมบัวหลวงธนสารพลัส 9/24 ห้ามขายผู้ลงทุนรายย่อย,TH,EUROPE,,,phase3_jurisdiction_model,E_model_predicted_jurisdiction,E_model_only,0.645,0,1,,,,0.0
IN,TH,EUROPE,TH,984500C1CEB5L565E419,กองทุนเปิดกรุงไทยพันธบัตร 9M1F,TH,EUROPE,,,phase3_jurisdiction_model,E_model_predicted_jurisdiction,E_model_only,0.6439,0,1,,,,0.0
IN,TH,EUROPE,TH,2549006LLAII18Z8DK91,กองทุนเปิดบัวหลวงหุ้นฟิวเจอร์เพื่อการเลี้ยงชีพ,TH,EUROPE,,,phase3_jurisdiction_model,E_model_predicted_jurisdiction,E_model_only,0.6431,0,1,,,,0.0
IN,TH,EUROPE,TH,254900HCHX1M7U0OV456,กองทุนเปิดเค ตราสารหนี้ต่างประเทศ6MCT ห้ามขายผู้ลงทุนรายย่อย,TH,EUROPE,,,phase3_jurisdiction_model,E_model_predicted_jurisdiction,E_model_only,0.6376,0,1,,,,0.0
IN,TH,EUROPE,TH,2549004EQEZ4XF6I1881,กองทุนเปิดเค ตราสารหนี้ต่างประเทศ6MCU ห้ามขายผู้ลงทุนรายย่อย,TH,EUROPE,,,phase3_jurisdiction_model,E_model_predicted_jurisdiction,E_model_only,0.6376,0,1,,,,0.0
IN,TH,EUROPE,TH,2549002R4256HLW4YD97,กองทุนเปิดเค ตราสารหนี้ต่างประเทศ6MCV ห้ามขายผู้ลงทุนรายย่อย,TH,EUROPE,,,phase3_jurisdiction_model,E_model_predicted_jurisdiction,E_model_only,0.6376,0,1,,,,0.0
IN,TH,EUROPE,TH,254900GLKMR8QEY7H754,กองทุนเปิดเค ตราสารหนี้ต่างประเทศ6MCW ห้ามขายผู้ลงทุนรายย่อย,TH,EUROPE,,,phase3_jurisdiction_model,E_model_predicted_jurisdiction,E_model_only,0.6376,0,1,,,,0.0
IN,TH,EUROPE,TH,2549006LHZPVH3WV5B98,กองทุนเปิดเค ตราสารหนี้ต่างประเทศ6MCY ห้ามขายผู้ลงทุนรายย่อย,TH,EUROPE,,,phase3_jurisdiction_model,E_model_predicted_jurisdiction,E_model_only,0.6376,0,1,,,,0.0
IN,TH,EUROPE,TH,254900SXZHNFZTBZ7842,กองทุนเปิดเค ตราสารหนี้ต่างประเทศ6MDA ห้ามขายผู้ลงทุนรายย่อย,TH,EUROPE,,,phase3_jurisdiction_model,E_model_predicted_jurisdiction,E_model_only,0.6376,0,1,,,,0.0
IN,TH,EUROPE,TH,2549004FCBRVMJGPGS81,กองทุนเปิดกรุงศรีตราสารหนี้ต่างประเทศ 6M100-ห้ามขายผู้ลงทุนรายย่อย (AI),TH,EUROPE,,,phase3_jurisdiction_model,E_model_predicted_jurisdiction,E_model_only,0.637,0,1,,,,0.0
IN,TH,EUROPE,TH,25490024N16GNV6TQ988,กองทุนเปิดกรุงศรีตราสารหนี้ต่างประเทศ 6M104-ห้ามขายผู้ลงทุนรายย่อย (AI),TH,EUROPE,,,phase3_jurisdiction_model,E_model_predicted_jurisdiction,E_model_only,0.637,0,1,,,,0.0
IN,TH,EUROPE,TH,254900NIFMO5QN8B7I59,กองทุนเปิดกรุงศรีตราสารหนี้ต่างประเทศ 6M105-ห้ามขายผู้ลงทุนรายย่อย (AI),TH,EUROPE,,,phase3_jurisdiction_model,E_model_predicted_jurisdiction,E_model_only,0.637,0,1,,,,0.0
IN,TH,EUROPE,TH,2549000EKT9DZHK36156,กองทุนเปิดกรุงศรีตราสารหนี้ต่างประเทศ 6M106-ห้ามขายผู้ลงทุนรายย่อย (AI),TH,EUROPE,,,phase3_jurisdiction_model,E_model_predicted_jurisdiction,E_model_only,0.637,0,1,,,,0.0
IN,TH,EUROPE,TH,254900QVMTN3V3923888,กองทุนเปิดกรุงศรีตราสารหนี้ต่างประเทศ 6M107-ห้ามขายผู้ลงทุนรายย่อย (AI),TH,EUROPE,,,phase3_jurisdiction_model,E_model_predicted_jurisdiction,E_model_only,0.637,0,1,,,,0.0
IN,TH,EUROPE,TH,254900DJMB1W3OATYI29,กองทุนเปิดกรุงศรีตราสารหนี้ต่างประเทศ 6M108-ห้ามขายผู้ลงทุนรายย่อย (AI),TH,EUROPE,,,phase3_jurisdiction_model,E_model_predicted_jurisdiction,E_model_only,0.637,0,1,,,,0.0
IN,TH,EUROPE,TH,25490098I3GSMJF88O04,กองทุนเปิดกรุงศรีตราสารหนี้ต่างประเทศ 6M109-ห้ามขายผู้ลงทุนรายย่อย (AI),TH,EUROPE,,,phase3_jurisdiction_model,E_model_predicted_jurisdiction,E_model_only,0.637,0,1,,,,0.0
IN,TH,EUROPE,TH,254900L19D0XS1AFCX85,กองทุนเปิดกรุงศรีตราสารหนี้ต่างประเทศ 6M110-ห้ามขายผู้ลงทุนรายย่อย (AI),TH,EUROPE,,,phase3_jurisdiction_model,E_model_predicted_jurisdiction,E_model_only,0.637,0,1,,,,0.0
IN,TH,EUROPE,TH,254900UTZQJWHSI4VG77,กองทุนเปิดกรุงศรีตราสารหนี้ต่างประเทศ 6M111-ห้ามขายผู้ลงทุนรายย่อย (AI),TH,EUROPE,,,phase3_jurisdiction_model,E_model_predicted_jurisdiction,E_model_only,0.637,0,1,,,,0.0
IN,TH,EUROPE,TH,254900HDC4GV79VQZQ94,กองทุนเปิดกรุงศรีตราสารหนี้ต่างประเทศ 6M112-ห้ามขายผู้ลงทุนรายย่อย (AI),TH,EUROPE,,,phase3_jurisdiction_model,E_model_predicted_jurisdiction,E_model_only,0.637,0,1,,,,0.0
IN,TH,EUROPE,TH,2549004YC1VD8MZIKF04,กองทุนเปิดกรุงศรีตราสารหนี้ต่างประเทศ 6M99-ห้ามขายผู้ลงทุนรายย่อย (AI),TH,EUROPE,,,phase3_jurisdiction_model,E_model_predicted_jurisdiction,E_model_only,0.637,0,1,,,,0.0
IN,TH,EUROPE,TH,2549006EFV1XN3J7ED49,กองทุนเปิดไทยพาณิชย์คอมเพล็กซ์รีเทิร์น 1YQ ห้ามขายผู้ลงทุนรายย่อย,TH,EUROPE,,,phase3_jurisdiction_model,E_model_predicted_jurisdiction,E_model_only,0.637,0,1,,,,0.0
IN,TH,EUROPE,TH,2549001RBM6QQB92A329,กองทุนเปิดไทยพาณิชย์คอมเพล็กซ์รีเทิร์น 1YR ห้ามขายผู้ลงทุนรายย่อย,TH,EUROPE,,,phase3_jurisdiction_model,E_model_predicted_jurisdiction,E_model_only,0.637,0,1,,,,0.0
IN,TH,EUROPE,TH,2138001ZCNEVL9Q86I46,กองทุนเปิดอีสท์สปริง ธนไพบูลย์ เพื่อการเลี้ยงชีพ,TH,EUROPE,,,phase3_jurisdiction_model,E_model_predicted_jurisdiction,E_model_only,0.634,0,1,,,,0.0
IN,TH,EUROPE,TH,254900EXZFT6CP9MKZ49,กองทุนเปิดไทยพาณิชย์คอมเพล็กซ์รีเทิร์น 1YV ห้ามขายผู้ลงทุนรายย่อย,TH,EUROPE,,,phase3_jurisdiction_model,E_model_predicted_jurisdiction,E_model_only,0.6331,0,1,,,,0.0
IN,TH,EUROPE,TH,2549009W4TA1WNWUKO79,กองทุนเปิด เอไอเอ อินคัม ฟันด์,TH,EUROPE,,,phase3_jurisdiction_model,E_model_predicted_jurisdiction,E_model_only,0.6299,0,1,,,,0.0
IN,TH,EUROPE,TH,254900BJBXDLMJJKRL83,กองทุนเปิดบัวหลวงตราสารหนี้ระยะสั้น,TH,EUROPE,,,phase3_jurisdiction_model,E_model_predicted_jurisdiction,E_model_only,0.6273,0,1,,,,0.0
IN,TH,EUROPE,TH,2549006YFTL8WW33O166,กองทุนเปิดกรุงไทยผสม เวลท์ พลัส ฟันด์,TH,EUROPE,,,phase3_jurisdiction_model,E_model_predicted_jurisdiction,E_model_only,0.6188,0,1,,,,0.0
IN,TH,EUROPE,TH,2549009TEWDJ7K0KE764,กองทุนเปิดกรุงไทยผสม เวลท์ โกรท ฟันด์,TH,EUROPE,,,phase3_jurisdiction_model,E_model_predicted_jurisdiction,E_model_only,0.6188,0,1,,,,0.0
IN,TH,EUROPE,TH,213800YT6SBCRRRA6683,กองทุนเปิดอีสท์สปริง,TH,EUROPE,,,phase3_jurisdiction_model,E_model_predicted_jurisdiction,E_model_only,0.6167,0,1,,,,0.0
IN,TH,EUROPE,TH,2138007ZBHCUWIAX7A12,ตราสารหนี้,TH,EUROPE,,,phase3_jurisdiction_model,E_model_predicted_jurisdiction,E_model_only,0.6161,0,1,,,,0.0
IN,TH,DE,TH,529900SN82Y8A2342J57,บริษัท เจซีอาร์ อินเตอร์เทรด จำกัด,TH,DE,,,phase3_jurisdiction_model,E_model_predicted_jurisdiction,E_model_only,0.6085,0,1,,,,0.0
IN,TH,EUROPE,TH,213800K1416V52UEI312,กองทุนเปิดอีสท์สปริง ธนไพศาล เพื่อการเลี้ยงชีพ,TH,EUROPE,,,phase3_jurisdiction_model,E_model_predicted_jurisdiction,E_model_only,0.6027,0,1,,,,0.0
IN,TH,EUROPE,TH,254900MBIBH6LO510B07,กองทุนเปิดเค ตราสารหนี้ต่างประเทศ6MCX ห้ามขายผู้ลงทุนรายย่อย,TH,EUROPE,,,phase3_jurisdiction_model,E_model_predicted_jurisdiction,E_model_only,0.6015,0,1,,,,0.0
IN,TH,EUROPE,TH,254900T0DZHIRWJJ5405,กองทุนเปิดเค ตราสารหนี้ต่างประเทศ6MCZ ห้ามขายผู้ลงทุนรายย่อย,TH,EUROPE,,,phase3_jurisdiction_model,E_model_predicted_jurisdiction,E_model_only,0.6015,0,1,,,,0.0
IN,TH,EUROPE,TH,254900KC8EFKL0AI1M89,กองทุนเปิดเค ตราสารหนี้ต่างประเทศ6MDB ห้ามขายผู้ลงทุนรายย่อย,TH,EUROPE,,,phase3_jurisdiction_model,E_model_predicted_jurisdiction,E_model_only,0.6015,0,1,,,,0.0
IN,TH,EUROPE,TH,254900LATLVRREGZDB98,กองทุนรวมบัวหลวงธนสารพลัส 9/23 ห้ามขายผู้ลงทุนรายย่อย,TH,EUROPE,,,phase3_jurisdiction_model,E_model_predicted_jurisdiction,E_model_only,0.6,0,1,,,,0.0
IN,TH,EUROPE,TH,254900MIK5SXTRCMNP87,กองทุนเปิดเคเคพี แคช,TH,EUROPE,,,phase3_jurisdiction_model,E_model_predicted_jurisdiction,E_model_only,0.5995,0,1,,,,0.0
IN,TH,EUROPE,TH,2549008PEU5ACG2OBW87,กองทุนรวมบัวหลวงธนสารพลัส 10/23 ห้ามขายผู้ลงทุนรายย่อย,TH,EUROPE,,,phase3_jurisdiction_model,E_model_predicted_jurisdiction,E_model_only,0.5971,0,1,,,,0.0
IN,TH,EUROPE,TH,254900XDRONFOT9VGM97,กองทุนรวมบัวหลวงธนสารพลัส 11/23 ห้ามขายผู้ลงทุนรายย่อย,TH,EUROPE,,,phase3_jurisdiction_model,E_model_predicted_jurisdiction,E_model_only,0.5971,0,1,,,,0.0
IN,TH,EUROPE,TH,213800JVCI48MJJKM111,กองทุนเปิดอีสท์สปริง ตราสารหนี้ สำหรับกองทุนสำรองเลี้ยงชีพ,TH,EUROPE,,,phase3_jurisdiction_model,E_model_predicted_jurisdiction,E_model_only,0.595,0,1,,,,0.0
IN,TH,EUROPE,TH,254900F5ZRYOERP6ZG49,กองทุนเปิดเค ตราสารหนี้ต่างประเทศ6MDC ห้ามขายผู้ลงทุนรายย่อย,TH,EUROPE,,,phase3_jurisdiction_model,E_model_predicted_jurisdiction,E_model_only,0.595,0,1,,,,0.0
IN,TH,EUROPE,TH,254900T265BA47SVIX34,กองทุนเปิดเคแทม Global Wealth Guard,TH,EUROPE,,,phase3_jurisdiction_model,E_model_predicted_jurisdiction,E_model_only,0.593,0,1,,,,0.0
IN,TH,EUROPE,TH,254900U1134388BBKV62,กองทุนเปิดไทยพาณิชย์ตราสารภาครัฐ 6 เดือน 14,TH,EUROPE,,,phase3_jurisdiction_model,E_model_predicted_jurisdiction,E_model_only,0.5928,0,1,,,,0.0
IN,TH,EUROPE,TH,254900MGDQNYD14KMQ35,กองทุนเปิดไทยพาณิชย์ตราสารภาครัฐ 6 เดือน 17,TH,EUROPE,,,phase3_jurisdiction_model,E_model_predicted_jurisdiction,E_model_only,0.5928,0,1,,,,0.0
IN,TH,EUROPE,TH,2549007HVUUKOYR41V52,กองทุนเปิดไทยพาณิชย์ตราสารภาครัฐ 6 เดือน 19,TH,EUROPE,,,phase3_jurisdiction_model,E_model_predicted_jurisdiction,E_model_only,0.5928,0,1,,,,0.0
IN,TH,EUROPE,TH,254900T8R46JYGW9C127,กองทุนเปิดไทยพาณิชย์ตราสารภาครัฐ 6 เดือน 21,TH,EUROPE,,,phase3_jurisdiction_model,E_model_predicted_jurisdiction,E_model_only,0.5928,0,1,,,,0.0
IN,TH,EUROPE,TH,2549009P7OAF2I0FDM57,กองทุนเปิดไทยพาณิชย์ตราสารภาครัฐ 6 เดือน 23,TH,EUROPE,,,phase3_jurisdiction_model,E_model_predicted_jurisdiction,E_model_only,0.5928,0,1,,,,0.0
IN,TH,EUROPE,TH,254900OHM52UIQVQD465,กองทุนเปิดไทยพาณิชย์ตราสารภาครัฐ 6 เดือน 25,TH,EUROPE,,,phase3_jurisdiction_model,E_model_predicted_jurisdiction,E_model_only,0.5928,0,1,,,,0.0
IN,TH,EUROPE,TH,2549009A0HDTKJ71RM79,กองทุนเปิดไทยพาณิชย์ตราสารภาครัฐ 6 เดือน 29,TH,EUROPE,,,phase3_jurisdiction_model,E_model_predicted_jurisdiction,E_model_only,0.5928,0,1,,,,0.0
IN,TH,EUROPE,TH,254900MPPGVMZRS2KL17,กองทุนเปิดบัวหลวงตราสารหนี้,TH,EUROPE,,,phase3_jurisdiction_model,E_model_predicted_jurisdiction,E_model_only,0.5893,0,1,,,,0.0
IN,TH,EUROPE,TH,254900B6DJK23804S177,กองทุนรวมบัวหลวงตราสารหนี้ชนิดระบุวันครบกำหนด 4/23 ห้ามขายผู้ลงทุนรายย่อย,TH,EUROPE,,,phase3_jurisdiction_model,E_model_predicted_jurisdiction,E_model_only,0.5892,0,1,,,,0.0
IN,TH,EUROPE,TH,2549004HNHC05GQHZS66,กองทุนเปิดเค ตราสารหนี้ต่างประเทศ6เอ็มซีแอล ห้ามขายผู้ลงทุนรายย่อย,TH,EUROPE,,,phase3_jurisdiction_model,E_model_predicted_jurisdiction,E_model_only,0.5892,0,1,,,,0.0
IN,TH,EUROPE,TH,254900DOAU3VWQJLCR92,กองทุนเปิดกรุงไทย World Class Income,TH,EUROPE,,,phase3_jurisdiction_model,E_model_predicted_jurisdiction,E_model_only,0.5891,0,1,,,,0.0
IN,TH,EUROPE,TH,254900AB45YX3KONYB94,กองทุนเปิดเคเคพี แอ็กทิฟ ฟิกซ์ อินคัม,TH,EUROPE,,,phase3_jurisdiction_model,E_model_predicted_jurisdiction,E_model_only,0.5886,0,1,,,,0.0
IN,TH,EUROPE,TH,254900WITQEO23UL6688,กองทุนรวมบัวหลวงธนพลัส 21/25 ห้ามขายผู้ลงทุนรายย่อย,TH,EUROPE,,,phase3_jurisdiction_model,E_model_predicted_jurisdiction,E_model_only,0.5881,0,1,,,,0.0
IN,TH,EUROPE,TH,2549009FFFR3ET2SVH31,กองทุนเปิดบัวหลวงตราสารหนี้ระยะสั้นพลัส,TH,EUROPE,,,phase3_jurisdiction_model,E_model_predicted_jurisdiction,E_model_only,0.5857,0,1,,,,0.0
IN,TH,EUROPE,TH,254900QDETHT8G142068,กองทุนเปิดไทยพาณิชย์ตราสารภาครัฐ 6 เดือน 1,TH,EUROPE,,,phase3_jurisdiction_model,E_model_predicted_jurisdiction,E_model_only,0.5812,0,1,,,,0.0
IN,TH,EUROPE,TH,254900MBG9V11S71B294,กองทุนเปิดไทยพาณิชย์ตราสารภาครัฐ 6 เดือน 4,TH,EUROPE,,,phase3_jurisdiction_model,E_model_predicted_jurisdiction,E_model_only,0.5812,0,1,,,,0.0
IN,TH,EUROPE,TH,254900RZ2A17C4NP0K17,กองทุนเปิดไทยพาณิชย์ตราสารภาครัฐ 6 เดือน 8,TH,EUROPE,,,phase3_jurisdiction_model,E_model_predicted_jurisdiction,E_model_only,0.5812,0,1,,,,0.0
IN,TH,EUROPE,TH,254900NXRRBYNBA7IH39,กองทุนรวมบัวหลวงธนพลัส 14/25 ห้ามขายผู้ลงทุนรายย่อย,TH,EUROPE,,,phase3_jurisdiction_model,E_model_predicted_jurisdiction,E_model_only,0.5811,0,1,,,,0.0
IN,TH,EUROPE,TH,254900N4CARG0WURIO18,กองทุนรวมบัวหลวงธนพลัส 15/25 ห้ามขายผู้ลงทุนรายย่อย,TH,EUROPE,,,phase3_jurisdiction_model,E_model_predicted_jurisdiction,E_model_only,0.5811,0,1,,,,0.0
IN,TH,EUROPE,TH,2549001J2G5K9BIZGA04,กองทุนรวมบัวหลวงธนพลัส 18/25 ห้ามขายผู้ลงทุนรายย่อย,TH,EUROPE,,,phase3_jurisdiction_model,E_model_predicted_jurisdiction,E_model_only,0.5811,0,1,,,,0.0
IN,TH,EUROPE,TH,25490025DYFYCYW8MX38,กองทุนรวมบัวหลวงธนพลัส 2/26 ห้ามขายผู้ลงทุนรายย่อย,TH,EUROPE,,,phase3_jurisdiction_model,E_model_predicted_jurisdiction,E_model_only,0.5795,0,1,,,,0.0
IN,TH,EUROPE,TH,2549000YUNI2TRIYYO79,กองทุนรวมบัวหลวงธนสารพลัส 8/25 ห้ามขายผู้ลงทุนรายย่อย,TH,EUROPE,,,phase3_jurisdiction_model,E_model_predicted_jurisdiction,E_model_only,0.5792,0,1,,,,0.0
IN,TH,EUROPE,TH,254900Y3TS0OQ7LTP642,กองทุนรวมบัวหลวงธนสารพลัส 9/25 ห้ามขายผู้ลงทุนรายย่อย,TH,EUROPE,,,phase3_jurisdiction_model,E_model_predicted_jurisdiction,E_model_only,0.5792,0,1,,,,0.0
IN,TH,EUROPE,TH,2549003P916E3NW8HW91,กองทุนเปิดกรุงไทยธนพลัส,TH,EUROPE,,,phase3_jurisdiction_model,E_model_predicted_jurisdiction,E_model_only,0.5743,0,1,,,,0.0
IN,TH,EUROPE,TH,254900W9D4JZC4PK4102,กองทุนรวมบัวหลวงธนสารพลัส 11/25 ห้ามขายผู้ลงทุนรายย่อย,TH,EUROPE,,,phase3_jurisdiction_model,E_model_predicted_jurisdiction,E_model_only,0.5742,0,1,,,,0.0
IN,TH,EUROPE,TH,254900D9AEEENTVH3X67,กองทุนรวมบัวหลวงธนสารพลัส 17/25 ห้ามขายผู้ลงทุนรายย่อย,TH,EUROPE,,,phase3_jurisdiction_model,E_model_predicted_jurisdiction,E_model_only,0.5742,0,1,,,,0.0
IN,TH,EUROPE,TH,254900K2V4OUBOYV3833,กองทุนรวมบัวหลวงธนสารพลัส 22/25 ห้ามขายผู้ลงทุนรายย่อย,TH,EUROPE,,,phase3_jurisdiction_model,E_model_predicted_jurisdiction,E_model_only,0.5742,0,1,,,,0.0
IN,TH,EUROPE,TH,254900135NUJV4T9KG03,กองทุนเปิดไทยพาณิชย์ Dynamic Bond Lite,TH,EUROPE,,,phase3_jurisdiction_model,E_model_predicted_jurisdiction,E_model_only,0.5724,0,1,,,,0.0
IN,TH,EUROPE,TH,2549008L9YYNASS5A278,กองทุนเปิดไทยพาณิชย์ ตราสารหนี้โกลบอลออพพอร์ทูนิตี้,TH,EUROPE,,,phase3_jurisdiction_model,E_model_predicted_jurisdiction,E_model_only,0.5724,0,1,,,,0.0
IN,TH,EUROPE,TH,254900O1DP1B1YXVAR16,กองทุนรวมบัวหลวงธนสารพลัส 10/25 ห้ามขายผู้ลงทุนรายย่อย,TH,EUROPE,,,phase3_jurisdiction_model,E_model_predicted_jurisdiction,E_model_only,0.5692,0,1,,,,0.0
IN,TH,EUROPE,TH,2549006OVDZLRQ18IO16,กองทุนรวมบัวหลวงธนสารพลัส 12/25 ห้ามขายผู้ลงทุนรายย่อย,TH,EUROPE,,,phase3_jurisdiction_model,E_model_predicted_jurisdiction,E_model_only,0.5692,0,1,,,,0.0
IN,TH,EUROPE,TH,254900870XSIU4T6H573,กองทุนรวมบัวหลวงธนสารพลัส 16/25 ห้ามขายผู้ลงทุนรายย่อย,TH,EUROPE,,,phase3_jurisdiction_model,E_model_predicted_jurisdiction,E_model_only,0.5692,0,1,,,,0.0
IN,TH,EUROPE,TH,254900LY6MKYBK54DO96,กองทุนรวมบัวหลวงธนสารพลัส 19/25 ห้ามขายผู้ลงทุนรายย่อย,TH,EUROPE,,,phase3_jurisdiction_model,E_model_predicted_jurisdiction,E_model_only,0.5692,0,1,,,,0.0
IN,TH,EUROPE,TH,254900SD590QE5GA2Y75,กองทุนรวมบัวหลวงธนสารพลัส 20/25 ห้ามขายผู้ลงทุนรายย่อย,TH,EUROPE,,,phase3_jurisdiction_model,E_model_predicted_jurisdiction,E_model_only,0.5692,0,1,,,,0.0
IN,TH,EUROPE,TH,25490018M7KOHZU8SL53,กองทุนเปิดไทยพาณิชย์พันธบัตรรัฐบาล 3 เดือน 29,TH,EUROPE,,,phase3_jurisdiction_model,E_model_predicted_jurisdiction,E_model_only,0.5682,0,1,,,,0.0
IN,TH,EUROPE,TH,2549001EOV83G9PJ5K22,กองทุนเปิดไทยพาณิชย์พันธบัตรรัฐบาล 3 เดือน 30,TH,EUROPE,,,phase3_jurisdiction_model,E_model_predicted_jurisdiction,E_model_only,0.5682,0,1,,,,0.0
IN,TH,EUROPE,TH,254900Z2MLQWW5V5F205,กองทุนเปิดไทยพาณิชย์พันธบัตรรัฐบาล 6 เดือน 21,TH,EUROPE,,,phase3_jurisdiction_model,E_model_predicted_jurisdiction,E_model_only,0.5682,0,1,,,,0.0
IN,TH,EUROPE,TH,254900L7AIAJL1Z2WF61,กองทุนเปิดไทยพาณิชย์พันธบัตรรัฐบาล 6 เดือน 23,TH,EUROPE,,,phase3_jurisdiction_model,E_model_predicted_jurisdiction,E_model_only,0.5682,0,1,,,,0.0
IN,TH,EUROPE,TH,254900Z0R7081KF88227,กองทุนเปิดไทยพาณิชย์พันธบัตรรัฐบาล 6 เดือน 25,TH,EUROPE,,,phase3_jurisdiction_model,E_model_predicted_jurisdiction,E_model_only,0.5682,0,1,,,,0.0
IN,TH,EUROPE,TH,254900JLHDN3GC2CI428,กองทุนเปิดไทยพาณิชย์พันธบัตรรัฐบาล 6 เดือน 27,TH,EUROPE,,,phase3_jurisdiction_model,E_model_predicted_jurisdiction,E_model_only,0.5682,0,1,,,,0.0
IN,TH,EUROPE,TH,254900KML9NEKNF8GU54,กองทุนเปิดไทยพาณิชย์พันธบัตรรัฐบาล 6 เดือน 31,TH,EUROPE,,,phase3_jurisdiction_model,E_model_predicted_jurisdiction,E_model_only,0.5682,0,1,,,,0.0
IN,TH,EUROPE,TH,213800IHGLCJ63BRQP13,กองทุนเปิดอเบอร์ดีน ไพรเวท แคปปิตอล,TH,EUROPE,,,phase3_jurisdiction_model,E_model_predicted_jurisdiction,E_model_only,0.5681,0,1,,,,0.0
IN,TH,EUROPE,TH,254900YK104L3G7VED04,กองทุนรวมบัวหลวงธนสารพลัส 23/25 ห้ามขายผู้ลงทุนรายย่อย,TH,EUROPE,,,phase3_jurisdiction_model,E_model_predicted_jurisdiction,E_model_only,0.5672,0,1,,,,0.0
IN,TH,EUROPE,TH,254900BK3V2IV2KVU825,กองทุนรวมบัวหลวงธนสารพลัส 1/26 ห้ามขายผู้ลงทุนรายย่อย,TH,EUROPE,,,phase3_jurisdiction_model,E_model_predicted_jurisdiction,E_model_only,0.5656,0,1,,,,0.0
IN,TH,EUROPE,TH,2549004NJPQ7JSDAYG72,กองทุนรวมบัวหลวงธนสารพลัส 3/26 ห้ามขายผู้ลงทุนรายย่อย,TH,EUROPE,,,phase3_jurisdiction_model,E_model_predicted_jurisdiction,E_model_only,0.5656,0,1,,,,0.0
IN,TH,EUROPE,TH,21380086PPC851JJFC56,กองทุนเปิดอีสท์สปริง ตราสารหนี้ระยะสั้น สำหรับกองทุนสำรองเลี้ยงชีพ,TH,EUROPE,,,phase3_jurisdiction_model,E_model_predicted_jurisdiction,E_model_only,0.5631,0,1,,,,0.0
IN,TH,EUROPE,TH,254900UHGJB2406BJE28,กองทุนเปิดกรุงศรีพันธบัตรรัฐบาลญี่ปุ่น 6M18,TH,EUROPE,,,phase3_jurisdiction_model,E_model_predicted_jurisdiction,E_model_only,0.562,0,1,,,,0.0
IN,TH,EUROPE,TH,25490067H8H9U0M9KC59,กองทุนเปิดกรุงศรีพันธบัตรรัฐบาลสิงคโปร์ 1Y1,TH,EUROPE,,,phase3_jurisdiction_model,E_model_predicted_jurisdiction,E_model_only,0.562,0,1,,,,0.0
IN,TH,EUROPE,TH,254900B5J9OX136CK422,กองทุนเปิดกรุงศรีพันธบัตรรัฐบาลสิงคโปร์ 9M1,TH,EUROPE,,,phase3_jurisdiction_model,E_model_predicted_jurisdiction,E_model_only,0.562,0,1,,,,0.0
IN,TH,EUROPE,TH,25490045MWDD108HUR83,กองทุนเปิดกรุงศรีพันธบัตรรัฐบาลสิงคโปร์ 9M2,TH,EUROPE,,,phase3_jurisdiction_model,E_model_predicted_jurisdiction,E_model_only,0.562,0,1,,,,0.0
IN,TH,EUROPE,TH,254900W2MSQ55JB3LO42,กองทุนเปิดกรุงศรีพันธบัตรรัฐบาลสิงคโปร์ 9M3,TH,EUROPE,,,phase3_jurisdiction_model,E_model_predicted_jurisdiction,E_model_only,0.562,0,1,,,,0.0
IN,TH,EUROPE,TH,254900OHBVKVFFVIRO28,กองทุนเปิดกรุงศรีพันธบัตรรัฐบาลสิงคโปร์ 9M4,TH,EUROPE,,,phase3_jurisdiction_model,E_model_predicted_jurisdiction,E_model_only,0.562,0,1,,,,0.0
IN,TH,EUROPE,TH,254900XXCFYHLRZ0LN30,กองทุนเปิดกรุงศรีพันธบัตรรัฐบาลสิงคโปร์ 9M5,TH,EUROPE,,,phase3_jurisdiction_model,E_model_predicted_jurisdiction,E_model_only,0.562,0,1,,,,0.0
IN,TH,EUROPE,TH,254900JV4KLU39RVYS52,กองทุนเปิดไทยพาณิชย์คอมเพล็กซ์รีเทิร์น 1YAD ห้ามขายผู้ลงทุนรายย่อย,TH,EUROPE,,,phase3_jurisdiction_model,E_model_predicted_jurisdiction,E_model_only,0.5614,0,1,,,,0.0
IN,TH,EUROPE,TH,254900MQG55YFZGJHF61,กองทุนเปิดไทยพาณิชย์คอมเพล็กซ์รีเทิร์น 1YAE ห้ามขายผู้ลงทุนรายย่อย,TH,EUROPE,,,phase3_jurisdiction_model,E_model_predicted_jurisdiction,E_model_only,0.5614,0,1,,,,0.0
IN,TH,EUROPE,TH,254900NJEHW3EZU40870,กองทุนเปิดไทยพาณิชย์คอมเพล็กซ์รีเทิร์น 1YAF ห้ามขายผู้ลงทุนรายย่อย,TH,EUROPE,,,phase3_jurisdiction_model,E_model_predicted_jurisdiction,E_model_only,0.5614,0,1,,,,0.0
IN,TH,EUROPE,TH,254900YNGFU1RWWTQL89,กองทุนเปิดไทยพาณิชย์คอมเพล็กซ์รีเทิร์น 1YAG ห้ามขายผู้ลงทุนรายย่อย,TH,EUROPE,,,phase3_jurisdiction_model,E_model_predicted_jurisdiction,E_model_only,0.5614,0,1,,,,0.0
IN,TH,EUROPE,TH,2549004A4XD2IF8P5571,กองทุนเปิดไทยพาณิชย์คอมเพล็กซ์รีเทิร์น 1YAI ห้ามขายผู้ลงทุนรายย่อย,TH,EUROPE,,,phase3_jurisdiction_model,E_model_predicted_jurisdiction,E_model_only,0.5614,0,1,,,,0.0
IN,TH,EUROPE,TH,254900931S7ZRA4C4F37,กองทุนเปิดไทยพาณิชย์คอมเพล็กซ์รีเทิร์น 1YAJ ห้ามขายผู้ลงทุนรายย่อย,TH,EUROPE,,,phase3_jurisdiction_model,E_model_predicted_jurisdiction,E_model_only,0.5614,0,1,,,,0.0
IN,TH,EUROPE,TH,254900S2OYOPF84T7H37,กองทุนเปิดไทยพาณิชย์คอมเพล็กซ์รีเทิร์น 1YAK ห้ามขายผู้ลงทุนรายย่อย,TH,EUROPE,,,phase3_jurisdiction_model,E_model_predicted_jurisdiction,E_model_only,0.5614,0,1,,,,0.0
IN,TH,EUROPE,TH,213800CT85N43JE8L944,ผสม หุ้น และ FIF ไม่เกินร้อยละ 25,TH,EUROPE,,,phase3_jurisdiction_model,E_model_predicted_jurisdiction,E_model_only,0.5574,0,1,,,,0.0
IN,TH,EUROPE,TH,2549001FPSF6PR6UMC21,กองทุนเปิดกรุงศรีพันธบัตรรัฐบาลสิงคโปร์ 6M16,TH,EUROPE,,,phase3_jurisdiction_model,E_model_predicted_jurisdiction,E_model_only,0.557,0,1,,,,0.0
IN,TH,EUROPE,TH,254900UVXF1JH0H4D705,กองทุนเปิดกรุงศรีพันธบัตรรัฐบาลสิงคโปร์ 6M17,TH,EUROPE,,,phase3_jurisdiction_model,E_model_predicted_jurisdiction,E_model_only,0.557,0,1,,,,0.0
IN,TH,EUROPE,TH,254900NGVXE103J8SJ66,กองทุนเปิดกรุงศรีพันธบัตรรัฐบาลสิงคโปร์ 6M20,TH,EUROPE,,,phase3_jurisdiction_model,E_model_predicted_jurisdiction,E_model_only,0.557,0,1,,,,0.0
IN,TH,EUROPE,TH,2549005XI0RH9Z9T4S83,กองทุนเปิดกรุงศรีพันธบัตรรัฐบาลสิงคโปร์ 6M21,TH,EUROPE,,,phase3_jurisdiction_model,E_model_predicted_jurisdiction,E_model_only,0.557,0,1,,,,0.0
IN,TH,EUROPE,TH,254900FHFT8NE8H30N56,กองทุนเปิดกรุงศรีพันธบัตรรัฐบาลสิงคโปร์ 6M22,TH,EUROPE,,,phase3_jurisdiction_model,E_model_predicted_jurisdiction,E_model_only,0.557,0,1,,,,0.0
IN,TH,EUROPE,TH,254900FNB8EY7O8H8U77,กองทุนเปิดกรุงศรีพันธบัตรรัฐบาลสิงคโปร์ 6M23,TH,EUROPE,,,phase3_jurisdiction_model,E_model_predicted_jurisdiction,E_model_only,0.557,0,1,,,,0.0
IN,TH,EUROPE,TH,254900RJCX2TLOU9QB34,กองทุนเปิดกรุงศรีพันธบัตรรัฐบาลสิงคโปร์ 6M24,TH,EUROPE,,,phase3_jurisdiction_model,E_model_predicted_jurisdiction,E_model_only,0.557,0,1,,,,0.0
IN,TH,EUROPE,TH,254900OWBFTFGWLROI29,กองทุนเปิดไทยพาณิชย์ตราสารภาครัฐ 6 เดือน 15,TH,EUROPE,,,phase3_jurisdiction_model,E_model_predicted_jurisdiction,E_model_only,0.5569,0,1,,,,0.0
IN,TH,EUROPE,TH,254900P32Z8CPYNOLT31,กองทุนเปิดไทยพาณิชย์ตราสารภาครัฐ 6 เดือน 27,TH,EUROPE,,,phase3_jurisdiction_model,E_model_predicted_jurisdiction,E_model_only,0.5569,0,1,,,,0.0
IN,TH,EUROPE,TH,254900ETAKV3UAA7TL40,กองทุนเปิดกรุงไทยตราสารหนี้ เอฟไอเอฟ เอ็นแฮนซท์14S ห้ามขายผู้ลงทุนรายย่อย,TH,EUROPE,,,phase3_jurisdiction_model,E_model_predicted_jurisdiction,E_model_only,0.5559,0,1,,,,0.0
IN,TH,EUROPE,TH,254900C9DBP8W71QV086,กองทุนเปิดกรุงไทยตราสารหนี้ เอฟไอเอฟ เอ็นแฮนซท์15S ห้ามขายผู้ลงทุนรายย่อย,TH,EUROPE,,,phase3_jurisdiction_model,E_model_predicted_jurisdiction,E_model_only,0.5559,0,1,,,,0.0
IN,TH,EUROPE,TH,254900FM4YGV0BUYFB89,กองทุนเปิดกรุงไทยตราสารหนี้ เอฟไอเอฟ เอ็นแฮนซท์16S ห้ามขายผู้ลงทุนรายย่อย,TH,EUROPE,,,phase3_jurisdiction_model,E_model_predicted_jurisdiction,E_model_only,0.5559,0,1,,,,0.0
IN,TH,EUROPE,TH,2549001UYK61CDERC040,กองทุนเปิดกรุงไทยตราสารหนี้ เอฟไอเอฟ เอ็นแฮนซท์17S ห้ามขายผู้ลงทุนรายย่อย,TH,EUROPE,,,phase3_jurisdiction_model,E_model_predicted_jurisdiction,E_model_only,0.5559,0,1,,,,0.0
IN,TH,EUROPE,TH,254900MOXIGLD4Q2UD21,กองทุนเปิดกรุงไทยตราสารหนี้ เอฟไอเอฟ เอ็นแฮนซท์18S ห้ามขายผู้ลงทุนรายย่อย,TH,EUROPE,,,phase3_jurisdiction_model,E_model_predicted_jurisdiction,E_model_only,0.5559,0,1,,,,0.0
IN,TH,EUROPE,TH,254900XXQZE18ZXZGK78,กองทุนเปิดอีสท์สปริง ตราสารหนี้ต่างประเทศ 1Y1 ห้ามขายผู้ลงทุนรายย่อย,TH,EUROPE,,,phase3_jurisdiction_model,E_model_predicted_jurisdiction,E_model_only,0.5559,0,1,,,,0.0
IN,TH,EUROPE,TH,254900J2PWGRQCMRAU85,กองทุนเปิดไทยพาณิชย์ตราสารหนี้ต่างประเทศ เอเอส 1YH2 ห้ามขายผู้ลงทุนรายย่อย,TH,EUROPE,,,phase3_jurisdiction_model,E_model_predicted_jurisdiction,E_model_only,0.5559,0,1,,,,0.0
IN,TH,EUROPE,TH,254900JSNBV5AQV0H991,กองทุนเปิดไทยพาณิชย์ตราสารหนี้ต่างประเทศ เอเอส 6MAA1 ห้ามขายผู้ลงทุนรายย่อย,TH,EUROPE,,,phase3_jurisdiction_model,E_model_predicted_jurisdiction,E_model_only,0.5559,0,1,,,,0.0
IN,TH,EUROPE,TH,254900LPM0NG9HPDZH32,กองทุนเปิดไทยพาณิชย์ตราสารหนี้ต่างประเทศ เอเอส 6MAA2 ห้ามขายผู้ลงทุนรายย่อย,TH,EUROPE,,,phase3_jurisdiction_model,E_model_predicted_jurisdiction,E_model_only,0.5559,0,1,,,,0.0
IN,TH,EUROPE,TH,254900HVU3H8DNIQ4C95,กองทุนเปิดไทยพาณิชย์ตราสารหนี้ต่างประเทศ เอเอส 6MAA3 ห้ามขายผู้ลงทุนรายย่อย,TH,EUROPE,,,phase3_jurisdiction_model,E_model_predicted_jurisdiction,E_model_only,0.5559,0,1,,,,0.0
IN,TH,EUROPE,TH,254900NEFAKPFEZNNN53,กองทุนเปิดไทยพาณิชย์ตราสารหนี้ต่างประเทศ เอเอส 6MAA4 ห้ามขายผู้ลงทุนรายย่อย,TH,EUROPE,,,phase3_jurisdiction_model,E_model_predicted_jurisdiction,E_model_only,0.5559,0,1,,,,0.0
IN,TH,EUROPE,TH,254900FMGXVGC6IFQU69,กองทุนเปิดไทยพาณิชย์ตราสารหนี้ต่างประเทศ เอเอส 6MAA5 ห้ามขายผู้ลงทุนรายย่อย,TH,EUROPE,,,phase3_jurisdiction_model,E_model_predicted_jurisdiction,E_model_only,0.5559,0,1,,,,0.0
IN,TH,EUROPE,TH,254900VQIH8S93XUMO95,กองทุนเปิดไทยพาณิชย์ตราสารหนี้ต่างประเทศ เอเอส 6MAA6 ห้ามขายผู้ลงทุนรายย่อย,TH,EUROPE,,,phase3_jurisdiction_model,E_model_predicted_jurisdiction,E_model_only,0.5559,0,1,,,,0.0
IN,TH,EUROPE,TH,254900IXQ5L890RU2B24,กองทุนเปิดไทยพาณิชย์ตราสารหนี้ต่างประเทศ เอเอส 6MAA7 ห้ามขายผู้ลงทุนรายย่อย,TH,EUROPE,,,phase3_jurisdiction_model,E_model_predicted_jurisdiction,E_model_only,0.5559,0,1,,,,0.0
IN,TH,EUROPE,TH,254900J0G0RGG2ZS2P41,กองทุนเปิดไทยพาณิชย์ตราสารหนี้ต่างประเทศ เอเอส 6MAA8 ห้ามขายผู้ลงทุนรายย่อย,TH,EUROPE,,,phase3_jurisdiction_model,E_model_predicted_jurisdiction,E_model_only,0.5559,0,1,,,,0.0
IN,TH,EUROPE,TH,25490021CLUCT0NOPC03,กองทุนเปิดไทยพาณิชย์ตราสารหนี้ต่างประเทศ เอเอส 6MZ7 ห้ามขายผู้ลงทุนรายย่อย,TH,EUROPE,,,phase3_jurisdiction_model,E_model_predicted_jurisdiction,E_model_only,0.5559,0,1,,,,0.0
IN,TH,EUROPE,TH,254900YW5KF85TLOCG88,กองทุนเปิดไทยพาณิชย์ตราสารหนี้ต่างประเทศ เอเอส 6MZ8 ห้ามขายผู้ลงทุนรายย่อย,TH,EUROPE,,,phase3_jurisdiction_model,E_model_predicted_jurisdiction,E_model_only,0.5559,0,1,,,,0.0
IN,TH,EUROPE,TH,254900VI2EETRKUSYB83,กองทุนเปิดไทยพาณิชย์ตราสารหนี้ต่างประเทศ เอเอส 6MZ9 ห้ามขายผู้ลงทุนรายย่อย,TH,EUROPE,,,phase3_jurisdiction_model,E_model_predicted_jurisdiction,E_model_only,0.5559,0,1,,,,0.0
IN,TH,EUROPE,TH,254900HQDQY2129B8U48,กองทุนเปิดกรุงศรีพันธบัตรรัฐบาลสิงคโปร์ 6M26,TH,EUROPE,,,phase3_jurisdiction_model,E_model_predicted_jurisdiction,E_model_only,0.5545,0,1,,,,0.0
IN,TH,EUROPE,TH,2549009Z8P0RJCAFKL73,กองทุนเปิดกรุงศรีพันธบัตรรัฐบาลสิงคโปร์ 6M29,TH,EUROPE,,,phase3_jurisdiction_model,E_model_predicted_jurisdiction,E_model_only,0.5545,0,1,,,,0.0
IN,TH,EUROPE,TH,254900YFZ1L1YJ5FUP43,กองทุนเปิดกรุงศรีพันธบัตรรัฐบาลสิงคโปร์ 6M18,TH,EUROPE,,,phase3_jurisdiction_model,E_model_predicted_jurisdiction,E_model_only,0.552,0,1,,,,0.0
IN,TH,EUROPE,TH,254900IIY7HHHN3KE752,กองทุนเปิดกรุงศรีตราสารหนี้ต่างประเทศ 6M122-ห้ามขายผู้ลงทุนรายย่อย (AI),TH,EUROPE,,,phase3_jurisdiction_model,E_model_predicted_jurisdiction,E_model_only,0.5509,0,1,,,,0.0
IN,TH,EUROPE,TH,254900VORI8CG8RAVP62,กองทุนเปิดกรุงศรีตราสารหนี้ต่างประเทศ 6M124-ห้ามขายผู้ลงทุนรายย่อย (AI),TH,EUROPE,,,phase3_jurisdiction_model,E_model_predicted_jurisdiction,E_model_only,0.5509,0,1,,,,0.0
IN,TH,EUROPE,TH,254900I6EV8FAAP7DP04,กองทุนเปิดกรุงศรีตราสารหนี้ต่างประเทศ 6M125-ห้ามขายผู้ลงทุนรายย่อย (AI),TH,EUROPE,,,phase3_jurisdiction_model,E_model_predicted_jurisdiction,E_model_only,0.5509,0,1,,,,0.0
IN,TH,EUROPE,TH,2549005A3NVO016WHB41,กองทุนเปิดกรุงศรีตราสารหนี้ต่างประเทศ 6M128-ห้ามขายผู้ลงทุนรายย่อย (AI),TH,EUROPE,,,phase3_jurisdiction_model,E_model_predicted_jurisdiction,E_model_only,0.5509,0,1,,,,0.0
IN,TH,EUROPE,TH,254900SNU53WNFJXT028,กองทุนเปิดกรุงศรีตราสารหนี้ต่างประเทศ 6M131-ห้ามขายผู้ลงทุนรายย่อย (AI),TH,EUROPE,,,phase3_jurisdiction_model,E_model_predicted_jurisdiction,E_model_only,0.5509,0,1,,,,0.0
IN,TH,EUROPE,TH,254900A2S91H4T1EWZ29,กองทุนเปิดกรุงศรีตราสารหนี้ต่างประเทศ 6M132-ห้ามขายผู้ลงทุนรายย่อย (AI),TH,EUROPE,,,phase3_jurisdiction_model,E_model_predicted_jurisdiction,E_model_only,0.5509,0,1,,,,0.0
IN,TH,EUROPE,TH,254900R4YTH87Q8HTL35,กองทุนเปิดกรุงศรีตราสารหนี้ต่างประเทศ 6M134-ห้ามขายผู้ลงทุนรายย่อย (AI),TH,EUROPE,,,phase3_jurisdiction_model,E_model_predicted_jurisdiction,E_model_only,0.5509,0,1,,,,0.0
IN,TH,EUROPE,TH,254900QOIEP8JI00MS29,กองทุนเปิดกรุงศรีตราสารหนี้ต่างประเทศ 6M135-ห้ามขายผู้ลงทุนรายย่อย (AI),TH,EUROPE,,,phase3_jurisdiction_model,E_model_predicted_jurisdiction,E_model_only,0.5509,0,1,,,,0.0
IN,TH,EUROPE,TH,254900YB1BBX0ZPOVI95,กองทุนเปิดกรุงศรีตราสารหนี้ต่างประเทศ 9M1-ห้ามขายผู้ลงทุนรายย่อย (AI),TH,EUROPE,,,phase3_jurisdiction_model,E_model_predicted_jurisdiction,E_model_only,0.5509,0,1,,,,0.0
IN,TH,EUROPE,TH,254900IRJW1PV9WV2P70,กองทุนสำรองเลี้ยงชีพ สินทวี ซึ่งจดทะเบียนแล้ว,TH,EUROPE,,,phase3_jurisdiction_model,E_model_predicted_jurisdiction,E_model_only,0.5507,0,1,,,,0.0
IN,TH,EUROPE,TH,254900983PI3ZGJVNK68,กองทุนสำรองเลี้ยงชีพ สินสถาพร ซึ่งจดทะเบียนแล้ว,TH,EUROPE,,,phase3_jurisdiction_model,E_model_predicted_jurisdiction,E_model_only,0.5507,0,1,,,,0.0
IN,TH,EUROPE,TH,254900K2DW4JIPWR9645,กองทุนเปิดกรุงศรีพันธบัตรรัฐบาลสิงคโปร์ 6M27,TH,EUROPE,,,phase3_jurisdiction_model,E_model_predicted_jurisdiction,E_model_only,0.5495,0,1,,,,0.0
IN,TH,EUROPE,TH,254900GXX9FQUR81MW48,กองทุนเปิดกรุงศรีตราสารหนี้ต่างประเทศ 6M119-ห้ามขายผู้ลงทุนรายย่อย (AI),TH,EUROPE,,,phase3_jurisdiction_model,E_model_predicted_jurisdiction,E_model_only,0.5465,0,1,,,,0.0
IN,TH,EUROPE,TH,254900Q79RZRCQ7JSS40,กองทุนเปิดเคแทม Global Wealth Balanced,TH,EUROPE,,,phase3_jurisdiction_model,E_model_predicted_jurisdiction,E_model_only,0.5463,0,1,,,,0.0
IN,TH,EUROPE,TH,2549009L906HKJ87MQ41,กองทุนเปิดบัวหลวงอินคัม,TH,EUROPE,,,phase3_jurisdiction_model,E_model_predicted_jurisdiction,E_model_only,0.5438,0,1,,,,0.0
IN,TH,EUROPE,TH,2549000EITO5808X9917,กองทุนเปิดไทยพาณิชย์ตราสารภาครัฐ USD 6 เดือน 1,TH,EUROPE,,,phase3_jurisdiction_model,E_model_predicted_jurisdiction,E_model_only,0.5436,0,1,,,,0.0
IN,TH,EUROPE,TH,254900JMHRHJE0K00138,กองทุนเปิดกรุงศรีตราสารหนี้ต่างประเทศ 6M137-ห้ามขายผู้ลงทุนรายย่อย (AI),TH,EUROPE,,,phase3_jurisdiction_model,E_model_predicted_jurisdiction,E_model_only,0.5423,0,1,,,,0.0
IN,TH,EUROPE,TH,254900RDR7W2IIPJOM72,กองทุนเปิดบัวหลวงเพิ่มพูน,TH,EUROPE,,,phase3_jurisdiction_model,E_model_predicted_jurisdiction,E_model_only,0.5414,0,1,,,,0.0
IN,TH,EUROPE,TH,254900DSKEN4QQODF244,กองทุนเปิดไทยพาณิชย์ตราสารหนี้,TH,EUROPE,,,phase3_jurisdiction_model,E_model_predicted_jurisdiction,E_model_only,0.5403,0,1,,,,0.0
IN,TH,EUROPE,TH,2549004RL0G67HZ6N322,กองทุนเปิดไทยพาณิชย์ตราสารภาครัฐ 6 เดือน 10,TH,EUROPE,,,phase3_jurisdiction_model,E_model_predicted_jurisdiction,E_model_only,0.5377,0,1,,,,0.0
IN,TH,EUROPE,TH,254900IR69ZJ2ATAWC41,กองทุนเปิดกรุงศรีตราสารหนี้ต่างประเทศ 6M103 ห้ามขายผู้ลงทุนรายย่อย (AI),TH,EUROPE,,,phase3_jurisdiction_model,E_model_predicted_jurisdiction,E_model_only,0.5367,0,1,,,,0.0
IN,TH,EUROPE,TH,254900G4UQN4MF6SDZ98,กองทุนเปิดกรุงศรีตราสารหนี้ต่างประเทศ 7M2 ห้ามขายผู้ลงทุนรายย่อย (AI),TH,EUROPE,,,phase3_jurisdiction_model,E_model_predicted_jurisdiction,E_model_only,0.5367,0,1,,,,0.0
IN,TH,EUROPE,TH,254900NN507QXDYC4642,กองทุนเปิดไทยพาณิชย์ตราสารหนี้ต่างประเทศ เอเอส 1YAA ห้ามขายผู้ลงทุนรายย่อย,TH,EUROPE,,,phase3_jurisdiction_model,E_model_predicted_jurisdiction,E_model_only,0.5367,0,1,,,,0.0
IN,TH,EUROPE,TH,254900Q9NSO1DYK6PP50,กองทุนเปิดไทยพาณิชย์ตราสารหนี้ต่างประเทศ เอเอส 1YAB ห้ามขายผู้ลงทุนรายย่อย,TH,EUROPE,,,phase3_jurisdiction_model,E_model_predicted_jurisdiction,E_model_only,0.5367,0,1,,,,0.0
IN,TH,EUROPE,TH,254900E21IN0XD4BBB23,กองทุนเปิดไทยพาณิชย์ตราสารหนี้ต่างประเทศ เอเอส 1YAC ห้ามขายผู้ลงทุนรายย่อย,TH,EUROPE,,,phase3_jurisdiction_model,E_model_predicted_jurisdiction,E_model_only,0.5367,0,1,,,,0.0
IN,TH,EUROPE,TH,254900EL268BP45IGH40,กองทุนเปิดไทยพาณิชย์ตราสารหนี้ต่างประเทศ เอเอส 1YAD ห้ามขายผู้ลงทุนรายย่อย,TH,EUROPE,,,phase3_jurisdiction_model,E_model_predicted_jurisdiction,E_model_only,0.5367,0,1,,,,0.0
IN,TH,EUROPE,TH,254900LMNSUGK4JNV917,กองทุนเปิดไทยพาณิชย์ตราสารหนี้ต่างประเทศ เอเอส 1YG5 ห้ามขายผู้ลงทุนรายย่อย,TH,EUROPE,,,phase3_jurisdiction_model,E_model_predicted_jurisdiction,E_model_only,0.5367,0,1,,,,0.0
IN,TH,EUROPE,TH,254900CIEDUN6VAJC678,กองทุนเปิดไทยพาณิชย์ตราสารหนี้ต่างประเทศ เอเอส 1YG6 ห้ามขายผู้ลงทุนรายย่อย,TH,EUROPE,,,phase3_jurisdiction_model,E_model_predicted_jurisdiction,E_model_only,0.5367,0,1,,,,0.0
IN,TH,EUROPE,TH,254900205PFS7UTYX133,กองทุนเปิดไทยพาณิชย์ตราสารหนี้ต่างประเทศ เอเอส 1YG7 ห้ามขายผู้ลงทุนรายย่อย,TH,EUROPE,,,phase3_jurisdiction_model,E_model_predicted_jurisdiction,E_model_only,0.5367,0,1,,,,0.0
IN,TH,EUROPE,TH,2549006S12OS9B01BF79,กองทุนเปิดไทยพาณิชย์ตราสารหนี้ต่างประเทศ เอเอส 6MV7 ห้ามขายผู้ลงทุนรายย่อย,TH,EUROPE,,,phase3_jurisdiction_model,E_model_predicted_jurisdiction,E_model_only,0.5367,0,1,,,,0.0
IN,TH,EUROPE,TH,2549009VWXXLOIL43G78,กองทุนเปิดไทยพาณิชย์ตราสารหนี้ต่างประเทศ เอเอส 6MV8 ห้ามขายผู้ลงทุนรายย่อย,TH,EUROPE,,,phase3_jurisdiction_model,E_model_predicted_jurisdiction,E_model_only,0.5367,0,1,,,,0.0
IN,TH,EUROPE,TH,2549004MFVBHXEF1RU90,กองทุนเปิดไทยพาณิชย์ตราสารหนี้ต่างประเทศ เอเอส 6MV9 ห้ามขายผู้ลงทุนรายย่อย,TH,EUROPE,,,phase3_jurisdiction_model,E_model_predicted_jurisdiction,E_model_only,0.5367,0,1,,,,0.0
IN,TH,EUROPE,TH,2549007JFQSK1CT48V79,กองทุนเปิดไทยพาณิชย์ตราสารหนี้ต่างประเทศ เอเอส 6MW4 ห้ามขายผู้ลงทุนรายย่อย,TH,EUROPE,,,phase3_jurisdiction_model,E_model_predicted_jurisdiction,E_model_only,0.5367,0,1,,,,0.0
IN,TH,EUROPE,TH,254900ZRA9VCSBSAW164,กองทุนเปิดไทยพาณิชย์ตราสารหนี้ต่างประเทศ เอเอส 6MW5 ห้ามขายผู้ลงทุนรายย่อย,TH,EUROPE,,,phase3_jurisdiction_model,E_model_predicted_jurisdiction,E_model_only,0.5367,0,1,,,,0.0
IN,TH,EUROPE,TH,254900WCMFZ1BDEKUE69,กองทุนเปิดไทยพาณิชย์ตราสารหนี้ต่างประเทศ เอเอส 6MW7 ห้ามขายผู้ลงทุนรายย่อย,TH,EUROPE,,,phase3_jurisdiction_model,E_model_predicted_jurisdiction,E_model_only,0.5367,0,1,,,,0.0
IN,TH,EUROPE,TH,254900D0S0LB2CQ17A27,กองทุนเปิดไทยพาณิชย์ตราสารหนี้ต่างประเทศ เอเอส 6MW8 ห้ามขายผู้ลงทุนรายย่อย,TH,EUROPE,,,phase3_jurisdiction_model,E_model_predicted_jurisdiction,E_model_only,0.5367,0,1,,,,0.0
IN,TH,EUROPE,TH,2549009ZV8L496GGXL66,กองทุนเปิดไทยพาณิชย์ตราสารหนี้ต่างประเทศ เอเอส 6MW9 ห้ามขายผู้ลงทุนรายย่อย,TH,EUROPE,,,phase3_jurisdiction_model,E_model_predicted_jurisdiction,E_model_only,0.5367,0,1,,,,0.0
IN,TH,EUROPE,TH,25490049J897AKNE9795,กองทุนเปิดไทยพาณิชย์ตราสารหนี้ต่างประเทศ เอเอส 6MX1 ห้ามขายผู้ลงทุนรายย่อย,TH,EUROPE,,,phase3_jurisdiction_model,E_model_predicted_jurisdiction,E_model_only,0.5367,0,1,,,,0.0
IN,TH,EUROPE,TH,254900FPG3AO0W37P245,กองทุนเปิดไทยพาณิชย์ตราสารหนี้ต่างประเทศ เอเอส 6MX2 ห้ามขายผู้ลงทุนรายย่อย,TH,EUROPE,,,phase3_jurisdiction_model,E_model_predicted_jurisdiction,E_model_only,0.5367,0,1,,,,0.0
IN,TH,EUROPE,TH,254900LXOELR5EVD7Q78,กองทุนเปิดไทยพาณิชย์ตราสารหนี้ต่างประเทศ เอเอส 6MX3 ห้ามขายผู้ลงทุนรายย่อย,TH,EUROPE,,,phase3_jurisdiction_model,E_model_predicted_jurisdiction,E_model_only,0.5367,0,1,,,,0.0
IN,TH,EUROPE,TH,254900VU4U5YHUGDQ120,กองทุนเปิดไทยพาณิชย์ตราสารหนี้ต่างประเทศ เอเอส 6MX4 ห้ามขายผู้ลงทุนรายย่อย,TH,EUROPE,,,phase3_jurisdiction_model,E_model_predicted_jurisdiction,E_model_only,0.5367,0,1,,,,0.0
IN,TH,EUROPE,TH,254900UM3E35EBMUA150,กองทุนเปิดไทยพาณิชย์ตราสารหนี้ต่างประเทศ เอเอส 6MX5 ห้ามขายผู้ลงทุนรายย่อย,TH,EUROPE,,,phase3_jurisdiction_model,E_model_predicted_jurisdiction,E_model_only,0.5367,0,1,,,,0.0
IN,TH,EUROPE,TH,254900HTLT00SQ8IW072,กองทุนเปิดไทยพาณิชย์ตราสารหนี้ต่างประเทศ เอเอส 6MX6 ห้ามขายผู้ลงทุนรายย่อย,TH,EUROPE,,,phase3_jurisdiction_model,E_model_predicted_jurisdiction,E_model_only,0.5367,0,1,,,,0.0
IN,TH,EUROPE,TH,2549006KCGBQ0SWNJZ77,กองทุนเปิดไทยพาณิชย์ตราสารหนี้ต่างประเทศ เอเอส 6MX7 ห้ามขายผู้ลงทุนรายย่อย,TH,EUROPE,,,phase3_jurisdiction_model,E_model_predicted_jurisdiction,E_model_only,0.5367,0,1,,,,0.0
IN,TH,EUROPE,TH,254900BDRSSGG54ZGJ54,กองทุนเปิดไทยพาณิชย์ตราสารหนี้ต่างประเทศ เอเอส 6MX8 ห้ามขายผู้ลงทุนรายย่อย,TH,EUROPE,,,phase3_jurisdiction_model,E_model_predicted_jurisdiction,E_model_only,0.5367,0,1,,,,0.0
IN,TH,EUROPE,TH,2549006T2R7UXTYWT752,กองทุนเปิดไทยพาณิชย์ตราสารหนี้ต่างประเทศ เอเอส 6MX9 ห้ามขายผู้ลงทุนรายย่อย,TH,EUROPE,,,phase3_jurisdiction_model,E_model_predicted_jurisdiction,E_model_only,0.5367,0,1,,,,0.0
IN,TH,EUROPE,TH,254900V3F5QEDQBVEB04,กองทุนเปิดไทยพาณิชย์ตราสารหนี้ต่างประเทศ เอเอส 6MY1 ห้ามขายผู้ลงทุนรายย่อย,TH,EUROPE,,,phase3_jurisdiction_model,E_model_predicted_jurisdiction,E_model_only,0.5367,0,1,,,,0.0
IN,TH,EUROPE,TH,25490015LH765688GE29,กองทุนเปิดไทยพาณิชย์ตราสารหนี้ต่างประเทศ เอเอส 6MY2 ห้ามขายผู้ลงทุนรายย่อย,TH,EUROPE,,,phase3_jurisdiction_model,E_model_predicted_jurisdiction,E_model_only,0.5367,0,1,,,,0.0
IN,TH,EUROPE,TH,254900R4HMPL9QIVPT22,กองทุนเปิดไทยพาณิชย์ตราสารหนี้ต่างประเทศ เอเอส 6MY3 ห้ามขายผู้ลงทุนรายย่อย,TH,EUROPE,,,phase3_jurisdiction_model,E_model_predicted_jurisdiction,E_model_only,0.5367,0,1,,,,0.0
IN,TH,EUROPE,TH,2549008JOM22SKWWP644,กองทุนเปิดไทยพาณิชย์ตราสารหนี้ต่างประเทศ เอเอส 6MY4 ห้ามขายผู้ลงทุนรายย่อย,TH,EUROPE,,,phase3_jurisdiction_model,E_model_predicted_jurisdiction,E_model_only,0.5367,0,1,,,,0.0
IN,TH,EUROPE,TH,254900CKYNC4ITIC6E82,กองทุนเปิดไทยพาณิชย์ตราสารหนี้ต่างประเทศ เอเอส 6MY5 ห้ามขายผู้ลงทุนรายย่อย,TH,EUROPE,,,phase3_jurisdiction_model,E_model_predicted_jurisdiction,E_model_only,0.5367,0,1,,,,0.0
IN,TH,EUROPE,TH,254900DRV9E01J1KOY03,กองทุนเปิดไทยพาณิชย์ตราสารหนี้ต่างประเทศ เอเอส 6MY6 ห้ามขายผู้ลงทุนรายย่อย,TH,EUROPE,,,phase3_jurisdiction_model,E_model_predicted_jurisdiction,E_model_only,0.5367,0,1,,,,0.0
IN,TH,EUROPE,TH,254900KXMKOM02EKTF53,กองทุนเปิดไทยพาณิชย์ตราสารหนี้ต่างประเทศ เอเอส 6MY9 ห้ามขายผู้ลงทุนรายย่อย,TH,EUROPE,,,phase3_jurisdiction_model,E_model_predicted_jurisdiction,E_model_only,0.5367,0,1,,,,0.0
IN,TH,EUROPE,TH,254900S388FG7HTA6C80,กองทุนเปิดไทยพาณิชย์ตราสารหนี้ต่างประเทศ เอเอส 6MZ2 ห้ามขายผู้ลงทุนรายย่อย,TH,EUROPE,,,phase3_jurisdiction_model,E_model_predicted_jurisdiction,E_model_only,0.5367,0,1,,,,0.0
IN,TH,EUROPE,TH,254900VS38F3O788JW54,กองทุนเปิดไทยพาณิชย์ตราสารหนี้ต่างประเทศ เอเอส 6MZ3 ห้ามขายผู้ลงทุนรายย่อย,TH,EUROPE,,,phase3_jurisdiction_model,E_model_predicted_jurisdiction,E_model_only,0.5367,0,1,,,,0.0
IN,TH,EUROPE,TH,254900O29CFGXYD1WZ27,กองทุนเปิดไทยพาณิชย์ตราสารหนี้ต่างประเทศ เอเอส 6MZ4 ห้ามขายผู้ลงทุนรายย่อย,TH,EUROPE,,,phase3_jurisdiction_model,E_model_predicted_jurisdiction,E_model_only,0.5367,0,1,,,,0.0
IN,TH,EUROPE,TH,254900ULVRQLQZ3OL644,กองทุนเปิดบีแคป อาเซียน ควอนท์ อิควิตี้,TH,EUROPE,,,phase3_jurisdiction_model,E_model_predicted_jurisdiction,E_model_only,0.5357,0,1,,,,0.0
IN,TH,EUROPE,TH,254900K28O7SJGCMVL10,กองทุนเปิดไทยพาณิชย์พันธบัตรรัฐบาล 6 เดือน 17,TH,EUROPE,,,phase3_jurisdiction_model,E_model_predicted_jurisdiction,E_model_only,0.5323,0,1,,,,0.0
IN,TH,EUROPE,TH,2138002MW8F2A8TMT343,กองทุนเปิดอีสท์สปริง ชอร์ทเทอม อินคัม พลัส,TH,EUROPE,,,phase3_jurisdiction_model,E_model_predicted_jurisdiction,E_model_only,0.5295,0,1,,,,0.0
IN,TH,EUROPE,TH,2549006LO3Z96N5A7D98,กองทุนเปิดไทยพาณิชย์ตราสารหนี้ต่างประเทศ เอเอส 6MZ5 ห้ามขายผู้ลงทุนรายย่อย,TH,EUROPE,,,phase3_jurisdiction_model,E_model_predicted_jurisdiction,E_model_only,0.5249,0,1,,,,0.0
IN,TH,EUROPE,TH,254900H1C344CPZYE386,กองทุนเปิดไทยพาณิชย์ตราสารหนี้ต่างประเทศ เอเอส 6MZ6 ห้ามขายผู้ลงทุนรายย่อย,TH,EUROPE,,,phase3_jurisdiction_model,E_model_predicted_jurisdiction,E_model_only,0.5249,0,1,,,,0.0
IN,TH,EUROPE,TH,549300WOOMRB2SGZ0K15,กองทุนเปิดเค ตราสารหนี้ โปรแอคทีฟ,TH,EUROPE,,,phase3_jurisdiction_model,E_model_predicted_jurisdiction,E_model_only,0.5196,0,1,,,,0.0
IN,TH,EUROPE,TH,254900WEVFAA9GTB9390,กองทุนเปิดไทยพาณิชย์ตราสารภาครัฐ 3 เดือน 47,TH,EUROPE,,,phase3_jurisdiction_model,E_model_predicted_jurisdiction,E_model_only,0.5196,0,1,,,,0.0
IN,TH,EUROPE,TH,254900G0JCW7EBPRNN53,กองทุนเปิดไทยพาณิชย์ตราสารภาครัฐ 3 เดือน 49,TH,EUROPE,,,phase3_jurisdiction_model,E_model_predicted_jurisdiction,E_model_only,0.5196,0,1,,,,0.0
IN,TH,EUROPE,TH,254900RHWV89DK0U7J59,กองทุนเปิดไทยพาณิชย์ตราสารภาครัฐ 3 เดือน 53,TH,EUROPE,,,phase3_jurisdiction_model,E_model_predicted_jurisdiction,E_model_only,0.5196,0,1,,,,0.0
IN,TH,EUROPE,TH,254900RNQ8T9U4U4EI22,กองทุนเปิดไทยพาณิชย์ตราสารภาครัฐ 3 เดือน 55,TH,EUROPE,,,phase3_jurisdiction_model,E_model_predicted_jurisdiction,E_model_only,0.5196,0,1,,,,0.0
IN,TH,EUROPE,TH,2549002N7MH37CJYQD97,กองทุนเปิดไทยพาณิชย์ตราสารภาครัฐ 3 เดือน 60,TH,EUROPE,,,phase3_jurisdiction_model,E_model_predicted_jurisdiction,E_model_only,0.5196,0,1,,,,0.0
IN,TH,EUROPE,TH,254900COHG0W0ELBEO72,กองทุนเปิดไทยพาณิชย์ตราสารภาครัฐ 6 เดือน 33,TH,EUROPE,,,phase3_jurisdiction_model,E_model_predicted_jurisdiction,E_model_only,0.5196,0,1,,,,0.0
IN,TH,EUROPE,TH,254900G96QRANQITBW32,กองทุนเปิดไทยพาณิชย์ตราสารภาครัฐ 6 เดือน 34,TH,EUROPE,,,phase3_jurisdiction_model,E_model_predicted_jurisdiction,E_model_only,0.5196,0,1,,,,0.0
IN,TH,EUROPE,TH,254900DLT50NLW5VDW31,กองทุนเปิดไทยพาณิชย์ตราสารภาครัฐ 6 เดือน 35,TH,EUROPE,,,phase3_jurisdiction_model,E_model_predicted_jurisdiction,E_model_only,0.5196,0,1,,,,0.0
IN,TH,EUROPE,TH,254900CT32Y5FYSLCM86,กองทุนเปิดไทยพาณิชย์ตราสารภาครัฐ 6 เดือน 37,TH,EUROPE,,,phase3_jurisdiction_model,E_model_predicted_jurisdiction,E_model_only,0.5196,0,1,,,,0.0
IN,TH,EUROPE,TH,254900CC5UW5PZY8FF52,กองทุนเปิดไทยพาณิชย์ตราสารภาครัฐ 6 เดือน 38,TH,EUROPE,,,phase3_jurisdiction_model,E_model_predicted_jurisdiction,E_model_only,0.5196,0,1,,,,0.0
IN,TH,EUROPE,TH,25490068YDOFCRA9BH02,กองทุนเปิดไทยพาณิชย์ตราสารภาครัฐ 6 เดือน 39,TH,EUROPE,,,phase3_jurisdiction_model,E_model_predicted_jurisdiction,E_model_only,0.5196,0,1,,,,0.0
IN,TH,EUROPE,TH,254900ZMUNNR6WXGV415,กองทุนเปิดไทยพาณิชย์ตราสารภาครัฐ 6 เดือน 41,TH,EUROPE,,,phase3_jurisdiction_model,E_model_predicted_jurisdiction,E_model_only,0.5196,0,1,,,,0.0
IN,TH,EUROPE,TH,254900KDSAQH6W8TPD38,กองทุนเปิดไทยพาณิชย์ตราสารภาครัฐ 6 เดือน 42,TH,EUROPE,,,phase3_jurisdiction_model,E_model_predicted_jurisdiction,E_model_only,0.5196,0,1,,,,0.0
IN,TH,EUROPE,TH,254900UYT656XTN4XK68,กองทุนเปิดไทยพาณิชย์ตราสารภาครัฐ 6 เดือน 43,TH,EUROPE,,,phase3_jurisdiction_model,E_model_predicted_jurisdiction,E_model_only,0.5196,0,1,,,,0.0
IN,TH,EUROPE,TH,254900BIFACGLTSWKP69,กองทุนเปิดไทยพาณิชย์ตราสารภาครัฐ 6 เดือน 44,TH,EUROPE,,,phase3_jurisdiction_model,E_model_predicted_jurisdiction,E_model_only,0.5196,0,1,,,,0.0
IN,TH,EUROPE,TH,2549003KXIWCCBCL9W40,กองทุนเปิดไทยพาณิชย์ตราสารภาครัฐ 6 เดือน 45,TH,EUROPE,,,phase3_jurisdiction_model,E_model_predicted_jurisdiction,E_model_only,0.5196,0,1,,,,0.0
IN,TH,EUROPE,TH,254900KG8NJ7VQB6T105,กองทุนเปิดไทยพาณิชย์ตราสารภาครัฐ 6 เดือน 46,TH,EUROPE,,,phase3_jurisdiction_model,E_model_predicted_jurisdiction,E_model_only,0.5196,0,1,,,,0.0
IN,TH,EUROPE,TH,254900UEN0M6TW1N6G94,กองทุนเปิดไทยพาณิชย์ตราสารภาครัฐ 6 เดือน 47,TH,EUROPE,,,phase3_jurisdiction_model,E_model_predicted_jurisdiction,E_model_only,0.5196,0,1,,,,0.0
IN,TH,EUROPE,TH,2549001KM7I4ZC2Q6C82,กองทุนเปิดไทยพาณิชย์ตราสารภาครัฐ 6 เดือน 48,TH,EUROPE,,,phase3_jurisdiction_model,E_model_predicted_jurisdiction,E_model_only,0.5196,0,1,,,,0.0
IN,TH,EUROPE,TH,254900C0GLCQ7J33L179,กองทุนเปิดไทยพาณิชย์ตราสารภาครัฐ 6 เดือน 49,TH,EUROPE,,,phase3_jurisdiction_model,E_model_predicted_jurisdiction,E_model_only,0.5196,0,1,,,,0.0
IN,TH,EUROPE,TH,254900PFAE3H9RHHBE82,กองทุนเปิดไทยพาณิชย์ตราสารภาครัฐ 6 เดือน 50,TH,EUROPE,,,phase3_jurisdiction_model,E_model_predicted_jurisdiction,E_model_only,0.5196,0,1,,,,0.0
IN,TH,EUROPE,TH,254900301QQ1QX37HV98,กองทุนเปิดไทยพาณิชย์ตราสารภาครัฐ 6 เดือน 51,TH,EUROPE,,,phase3_jurisdiction_model,E_model_predicted_jurisdiction,E_model_only,0.5196,0,1,,,,0.0
IN,TH,EUROPE,TH,254900IGI2DHMDLKK083,กองทุนเปิดไทยพาณิชย์ตราสารภาครัฐ 6 เดือน 52,TH,EUROPE,,,phase3_jurisdiction_model,E_model_predicted_jurisdiction,E_model_only,0.5196,0,1,,,,0.0
IN,TH,EUROPE,TH,254900V6HS014TXWY424,กองทุนเปิดไทยพาณิชย์ตราสารภาครัฐ 6 เดือน 53,TH,EUROPE,,,phase3_jurisdiction_model,E_model_predicted_jurisdiction,E_model_only,0.5196,0,1,,,,0.0
IN,TH,EUROPE,TH,2549006D1Y9OU6QSYJ33,กองทุนเปิดไทยพาณิชย์ตราสารภาครัฐ 6 เดือน 54,TH,EUROPE,,,phase3_jurisdiction_model,E_model_predicted_jurisdiction,E_model_only,0.5196,0,1,,,,0.0
IN,TH,EUROPE,TH,254900N971OTV414WF72,กองทุนเปิดไทยพาณิชย์ตราสารภาครัฐ 6 เดือน 55,TH,EUROPE,,,phase3_jurisdiction_model,E_model_predicted_jurisdiction,E_model_only,0.5196,0,1,,,,0.0
IN,TH,EUROPE,TH,2549006C7X4MSENJWS10,กองทุนเปิดไทยพาณิชย์ตราสารภาครัฐ 6 เดือน 58,TH,EUROPE,,,phase3_jurisdiction_model,E_model_predicted_jurisdiction,E_model_only,0.5196,0,1,,,,0.0
IN,TH,EUROPE,TH,254900KJ53MLK0R2KV29,กองทุนเปิดไทยพาณิชย์ตราสารภาครัฐ 6 เดือน 64,TH,EUROPE,,,phase3_jurisdiction_model,E_model_predicted_jurisdiction,E_model_only,0.5196,0,1,,,,0.0
IN,TH,EUROPE,TH,254900IQ7XB5S0KLR461,กองทุนเปิดไทยพาณิชย์ตราสารภาครัฐ 6 เดือน 66,TH,EUROPE,,,phase3_jurisdiction_model,E_model_predicted_jurisdiction,E_model_only,0.5196,0,1,,,,0.0
IN,TH,EUROPE,TH,254900S92JOVJN1NV184,กองทุนเปิดเอ็มเอฟซี Complex Return 1YA ห้ามขายผู้ลงทุนรายย่อย,TH,EUROPE,,,phase3_jurisdiction_model,E_model_predicted_jurisdiction,E_model_only,0.5161,0,1,,,,0.0
IN,TH,EUROPE,TH,254900DFZ6QRAU91HI53,กองทุนเปิดเอ็มเอฟซี Complex Return 1YB ห้ามขายผู้ลงทุนรายย่อย,TH,EUROPE,,,phase3_jurisdiction_model,E_model_predicted_jurisdiction,E_model_only,0.5161,0,1,,,,0.0
IN,TH,EUROPE,TH,549300L5YKIC8A8NUA45,KTAM THEMATIC TRIGGER FUND5,TH,EUROPE,,,phase3_jurisdiction_model,E_model_predicted_jurisdiction,E_model_only,0.5156,0,1,,,,0.0
IN,TH,EUROPE,TH,984500865DDD49BE0G76,กองทุนเปิดเคแทม เวิลด์ เอ็นเนอร์จี ฟันด์,TH,EUROPE,,,phase3_jurisdiction_model,E_model_predicted_jurisdiction,E_model_only,0.5141,0,1,,,,0.0
IN,TH,EUROPE,TH,254900WRMWI6L31KVY35,กองทุนเปิดบัวหลวงมันนี่มาร์เก็ตเพื่อการเลี้ยงชีพ,TH,EUROPE,,,phase3_jurisdiction_model,E_model_predicted_jurisdiction,E_model_only,0.5134,0,1,,,,0.0
IN,TH,EUROPE,TH,254900BHO37AH3YDN106,กองทุนเปิดไทยพาณิชย์ตราสารภาครัฐ 6 เดือน 6,TH,EUROPE,,,phase3_jurisdiction_model,E_model_predicted_jurisdiction,E_model_only,0.5122,0,1,,,,0.0
IN,TH,EUROPE,TH,254900GPS29MFVYD0479,กองทุนเปิดไทยพาณิชย์ตราสารภาครัฐ 6 เดือน 68,TH,EUROPE,,,phase3_jurisdiction_model,E_model_predicted_jurisdiction,E_model_only,0.5102,0,1,,,,0.0
IN,TH,EUROPE,TH,254900V7UB6RVR5L2T81,กองทุนเปิดไทยพาณิชย์ตราสารภาครัฐ 6 เดือน 70,TH,EUROPE,,,phase3_jurisdiction_model,E_model_predicted_jurisdiction,E_model_only,0.5102,0,1,,,,0.0
IN,TH,EUROPE,TH,2549006BQK9PYN7GJD45,กองทุนเปิดไทยพาณิชย์ตราสารภาครัฐ 6 เดือน 72,TH,EUROPE,,,phase3_jurisdiction_model,E_model_predicted_jurisdiction,E_model_only,0.5102,0,1,,,,0.0
IN,TH,EUROPE,TH,254900PJZ1MBLORUQX87,กองทุนเปิดไทยพาณิชย์ตราสารภาครัฐ 6 เดือน 74,TH,EUROPE,,,phase3_jurisdiction_model,E_model_predicted_jurisdiction,E_model_only,0.5102,0,1,,,,0.0
IN,TH,EUROPE,TH,2549009K52PDP2J68078,กองทุนเปิดไทยพาณิชย์ตราสารภาครัฐ 6 เดือน 76,TH,EUROPE,,,phase3_jurisdiction_model,E_model_predicted_jurisdiction,E_model_only,0.5102,0,1,,,,0.0
IN,TH,EUROPE,TH,2549000D7VBMY2DP2G32,กองทุนเปิดไทยพาณิชย์ตราสารภาครัฐ 6 เดือน 78,TH,EUROPE,,,phase3_jurisdiction_model,E_model_predicted_jurisdiction,E_model_only,0.5102,0,1,,,,0.0
IN,TH,EUROPE,TH,5493006GVI1VMAZDQ815,K VIETNAM EQUITY FUND,TH,EUROPE,,,phase3_jurisdiction_model,E_model_predicted_jurisdiction,E_model_only,0.5093,0,1,,,,0.0
IN,TH,EUROPE,TH,254900WEEILP4QEDQR02,กองทุนเปิดไทยพาณิชย์ตราสารภาครัฐ 6 เดือน 60,TH,EUROPE,,,phase3_jurisdiction_model,E_model_predicted_jurisdiction,E_model_only,0.5085,0,1,,,,0.0
IN,TH,EUROPE,TH,254900EB60VMNWRBHC03,กองทุนเปิดไทยพาณิชย์ตราสารภาครัฐ 6 เดือน 62,TH,EUROPE,,,phase3_jurisdiction_model,E_model_predicted_jurisdiction,E_model_only,0.5085,0,1,,,,0.0
IN,TH,EUROPE,TH,254900PGDHE6V7OIUG06,กองทุนเปิดเคแทม Global Wealth Accelerator,TH,EUROPE,,,phase3_jurisdiction_model,E_model_predicted_jurisdiction,E_model_only,0.5068,0,1,,,,0.0
IN,TH,EUROPE,TH,254900SBKVO13IQGYE06,กองทุนเปิดไทยพาณิชย์ตราสารหนี้ต่างประเทศ เอเอส 1YG8 ห้ามขายผู้ลงทุนรายย่อย,TH,EUROPE,,,phase3_jurisdiction_model,E_model_predicted_jurisdiction,E_model_only,0.5058,0,1,,,,0.0
IN,TH,EUROPE,TH,25490095WVWS8C7DEC77,กองทุนเปิดไทยพาณิชย์ตราสารหนี้ต่างประเทศ เอเอส 1YG9 ห้ามขายผู้ลงทุนรายย่อย,TH,EUROPE,,,phase3_jurisdiction_model,E_model_predicted_jurisdiction,E_model_only,0.5058,0,1,,,,0.0
IN,TH,EUROPE,TH,254900DV5OLM8KOVMN61,กองทุนเปิดไทยพาณิชย์ตราสารหนี้ต่างประเทศ เอเอส 1YH1 ห้ามขายผู้ลงทุนรายย่อย,TH,EUROPE,,,phase3_jurisdiction_model,E_model_predicted_jurisdiction,E_model_only,0.5058,0,1,,,,0.0
IN,TH,EUROPE,TH,254900O7EDQEMZ6RTM43,กองทุนเปิดไทยพาณิชย์ตราสารหนี้ต่างประเทศ เอเอส 6MU8 ห้ามขายผู้ลงทุนรายย่อย,TH,EUROPE,,,phase3_jurisdiction_model,E_model_predicted_jurisdiction,E_model_only,0.5058,0,1,,,,0.0
IN,TH,EUROPE,TH,2549004RDOAU32IZTO32,กองทุนเปิดไทยพาณิชย์ตราสารหนี้ต่างประเทศ เอเอส 6MU9 ห้ามขายผู้ลงทุนรายย่อย,TH,EUROPE,,,phase3_jurisdiction_model,E_model_predicted_jurisdiction,E_model_only,0.5058,0,1,,,,0.0
IN,TH,EUROPE,TH,2549002N5UIQIOZ2HA21,กองทุนเปิดไทยพาณิชย์ตราสารหนี้ต่างประเทศ เอเอส 6MV1 ห้ามขายผู้ลงทุนรายย่อย,TH,EUROPE,,,phase3_jurisdiction_model,E_model_predicted_jurisdiction,E_model_only,0.5058,0,1,,,,0.0
IN,TH,EUROPE,TH,254900N3HOM8WGP7QG97,กองทุนเปิดไทยพาณิชย์ตราสารหนี้ต่างประเทศ เอเอส 6MV2 ห้ามขายผู้ลงทุนรายย่อย,TH,EUROPE,,,phase3_jurisdiction_model,E_model_predicted_jurisdiction,E_model_only,0.5058,0,1,,,,0.0
IN,TH,EUROPE,TH,254900MHGQ04TQVGGL85,กองทุนเปิดไทยพาณิชย์ตราสารหนี้ต่างประเทศ เอเอส 6MV3 ห้ามขายผู้ลงทุนรายย่อย,TH,EUROPE,,,phase3_jurisdiction_model,E_model_predicted_jurisdiction,E_model_only,0.5058,0,1,,,,0.0
IN,TH,EUROPE,TH,254900M5OC6UNPA9BP70,กองทุนเปิดไทยพาณิชย์ตราสารหนี้ต่างประเทศ เอเอส 6MV4 ห้ามขายผู้ลงทุนรายย่อย,TH,EUROPE,,,phase3_jurisdiction_model,E_model_predicted_jurisdiction,E_model_only,0.5058,0,1,,,,0.0
IN,TH,EUROPE,TH,2549005OXRCY5JVZOC28,กองทุนเปิดไทยพาณิชย์ตราสารหนี้ต่างประเทศ เอเอส 6MV5 ห้ามขายผู้ลงทุนรายย่อย,TH,EUROPE,,,phase3_jurisdiction_model,E_model_predicted_jurisdiction,E_model_only,0.5058,0,1,,,,0.0
IN,TH,EUROPE,TH,254900QOBE6SE1DAR254,กองทุนเปิดไทยพาณิชย์ตราสารหนี้ต่างประเทศ เอเอส 6MV6 ห้ามขายผู้ลงทุนรายย่อย,TH,EUROPE,,,phase3_jurisdiction_model,E_model_predicted_jurisdiction,E_model_only,0.5058,0,1,,,,0.0
IN,TH,EUROPE,TH,254900UX0JQ1MWLLCR90,กองทุนเปิดไทยพาณิชย์ตราสารหนี้ต่างประเทศ เอเอส 6MW1 ห้ามขายผู้ลงทุนรายย่อย,TH,EUROPE,,,phase3_jurisdiction_model,E_model_predicted_jurisdiction,E_model_only,0.5058,0,1,,,,0.0
IN,TH,EUROPE,TH,254900H9JTHU6DNHJ221,กองทุนเปิดไทยพาณิชย์ตราสารหนี้ต่างประเทศ เอเอส 6MW2 ห้ามขายผู้ลงทุนรายย่อย,TH,EUROPE,,,phase3_jurisdiction_model,E_model_predicted_jurisdiction,E_model_only,0.5058,0,1,,,,0.0
IN,TH,EUROPE,TH,254900CXQ95GJGHM3523,กองทุนเปิดไทยพาณิชย์ตราสารหนี้ต่างประเทศ เอเอส 6MW3 ห้ามขายผู้ลงทุนรายย่อย,TH,EUROPE,,,phase3_jurisdiction_model,E_model_predicted_jurisdiction,E_model_only,0.5058,0,1,,,,0.0
IN,TH,EUROPE,TH,254900W0RXS8SBDM5793,กองทุนเปิดไทยพาณิชย์ตราสารหนี้ต่างประเทศ เอเอส 6MW6 ห้ามขายผู้ลงทุนรายย่อย,TH,EUROPE,,,phase3_jurisdiction_model,E_model_predicted_jurisdiction,E_model_only,0.5058,0,1,,,,0.0
IN,TH,EUROPE,TH,254900GHK0NTAMJSHZ88,กองทุนเปิดบัวหลวงตราสารหนี้สำหรับกองทุนสำรองเลี้ยงชีพ,TH,EUROPE,,,phase3_jurisdiction_model,E_model_predicted_jurisdiction,E_model_only,0.5045,0,1,,,,0.0
IN,TH,EUROPE,TH,213800YYECXF9FRB7R52,กองทุนเปิ ด อเบอร์ดีน อินเดีย โกรท ฟันด,TH,EUROPE,,,phase3_jurisdiction_model,E_model_predicted_jurisdiction,E_model_only,0.5029,0,1,,,,0.0
IN,TH,EUROPE,TH,549300MI1T8IZ05EYZ28,กองทุนเปิดเค มันนี่ มาร์เก็ต,TH,EUROPE,,,phase3_jurisdiction_model,E_model_predicted_jurisdiction,E_model_only,0.502,0,1,,,,0.0
IN,TH,EUROPE,TH,254900S1PTDWPJOXQX91,กองทุนเปิด ยูไนเต็ด ฮีโร่ อีทีเอฟ,TH,EUROPE,,,phase3_jurisdiction_model,E_model_predicted_jurisdiction,E_model_only,0.5003,0,1,,,,0.0
IN,TH,DE,TH,52990031W69XUIL5KM46,ซิโน-ไทย เอ็นจิเนียริ่ง แอนด์ คอนสตรัคชั่น จำกัด (มหาชน),TH,DE,,,phase3_jurisdiction_model,E_model_predicted_jurisdiction,E_model_only,0.4997,0,1,,,,0.0
IN,TH,EUROPE,TH,254900XSDQ4XLCQMRA35,กองทุนเปิดไทยพาณิชย์ตราสารภาครัฐ 6 เดือน 36,TH,EUROPE,,,phase3_jurisdiction_model,E_model_predicted_jurisdiction,E_model_only,0.4988,0,1,,,,0.0
IN,TH,EUROPE,TH,254900CZP95U19C43512,กองทุนเปิดไทยพาณิชย์ตราสารภาครัฐ 6 เดือน 40,TH,EUROPE,,,phase3_jurisdiction_model,E_model_predicted_jurisdiction,E_model_only,0.4988,0,1,,,,0.0
IN,TH,EUROPE,TH,254900P4WL9PMSF8KZ39,กองทุนเปิด แอสเซทพลัส โรโบติกส์,TH,EUROPE,,,phase3_jurisdiction_model,E_model_predicted_jurisdiction,E_model_only,0.4975,0,1,,,,0.0
IN,TH,EUROPE,TH,549300DK47UQB2UZXR39,K EQUITY RMF,TH,EUROPE,,,phase3_jurisdiction_model,E_model_predicted_jurisdiction,E_model_only,0.4959,0,1,,,,0.0
IN,TH,EUROPE,TH,5493002V58G5F7DGZH84,กองทุนเปิดเค แพลน 1,TH,EUROPE,,,phase3_jurisdiction_model,E_model_predicted_jurisdiction,E_model_only,0.4952,0,1,,,,0.0
IN,TH,DE,TH,529900CL4DN2C2F2TN86,บริษัท แผ่นดินทอง พร็อพเพอร์ตี้ ดีเวลลอปเม้นท์ จำกัด (มหาชน),TH,DE,,,phase3_jurisdiction_model,E_model_predicted_jurisdiction,E_model_only,0.4952,0,1,,,,0.0
IN,TH,EUROPE,TH,2138002FE6SCK7BDCF28,กองทุนเปิดอีสท์สปริง ULTIMATE GLOBAL ALLOCATION 1,TH,EUROPE,,,phase3_jurisdiction_model,E_model_predicted_jurisdiction,E_model_only,0.4914,0,1,,,,0.0
IN,TH,EUROPE,TH,213800RZS59385PFRL44,กองทุนเปิดอีสท์สปริง ULTIMATE GLOBAL ALLOCATION 3,TH,EUROPE,,,phase3_jurisdiction_model,E_model_predicted_jurisdiction,E_model_only,0.4914,0,1,,,,0.0
IN,TH,EUROPE,TH,254900FOQDDXKICJMF28,กองทุนเปิดไทยพาณิชย์ อินคัมพลัส,TH,EUROPE,,,phase3_jurisdiction_model,E_model_predicted_jurisdiction,E_model_only,0.4914,0,1,,,,0.0
IN,TH,EUROPE,TH,254900CTTC4CEKSPOE32,กองทุนเปิดไทยพาณิชย์ตราสารหนี้ พลัส,TH,EUROPE,,,phase3_jurisdiction_model,E_model_predicted_jurisdiction,E_model_only,0.4882,0,1,,,,0.0
IN,TH,EUROPE,TH,549300980TRNQYMRKM39,KTAM GUARANTEED 90 FUND,TH,EUROPE,,,phase3_jurisdiction_model,E_model_predicted_jurisdiction,E_model_only,0.4835,0,1,,,,0.0
IN,TH,EUROPE,TH,254900BCMKDFZZCSD635,กองทุนเปิดไทยพาณิชย์ มุ่งรักษาเงินต้น 3 เดือน 54,TH,EUROPE,,,phase3_jurisdiction_model,E_model_predicted_jurisdiction,E_model_only,0.4824,0,1,,,,0.0
IN,TH,EUROPE,TH,2549003UQWHAMTR19V56,กองทุนเปิดไทยพาณิชย์ มุ่งรักษาเงินต้น 6 เดือน 34,TH,EUROPE,,,phase3_jurisdiction_model,E_model_predicted_jurisdiction,E_model_only,0.4824,0,1,,,,0.0
IN,TH,EUROPE,TH,254900DRVVP4AS7FU496,กองทุนเปิดไทยพาณิชย์ มุ่งรักษาเงินต้น 6 เดือน 36,TH,EUROPE,,,phase3_jurisdiction_model,E_model_predicted_jurisdiction,E_model_only,0.4824,0,1,,,,0.0
IN,TH,EUROPE,TH,254900Y71GIPX7CIHB25,กองทุนเปิดไทยพาณิชย์ มุ่งรักษาเงินต้น 6 เดือน 38,TH,EUROPE,,,phase3_jurisdiction_model,E_model_predicted_jurisdiction,E_model_only,0.4824,0,1,,,,0.0
IN,TH,EUROPE,TH,2549009ZNWXNOQ2A5T10,กองทุนเปิดไทยพาณิชย์ มุ่งรักษาเงินต้น 6 เดือน 40,TH,EUROPE,,,phase3_jurisdiction_model,E_model_predicted_jurisdiction,E_model_only,0.4824,0,1,,,,0.0
IN,TH,EUROPE,TH,549300R02S3N6KJDSQ74,KTAM WORLD PROPERTY RMF,TH,EUROPE,,,phase3_jurisdiction_model,E_model_predicted_jurisdiction,E_model_only,0.4815,0,1,,,,0.0
IN,TH,EUROPE,TH,549300711X7IZBOIJL91,KTAM WORLD PROPERTY FUND,TH,EUROPE,,,phase3_jurisdiction_model,E_model_predicted_jurisdiction,E_model_only,0.4808,0,1,,,,0.0
IN,TH,EUROPE,TH,549300B4G8C0U1SR5044,กองทุนเปิดเค ฟิกซ์ อินคัม พลัส,TH,EUROPE,,,phase3_jurisdiction_model,E_model_predicted_jurisdiction,E_model_only,0.4797,0,1,,,,0.0
IN,TH,EUROPE,TH,254900R24OVXV0PL3L82,กองทุนเปิดไทยพาณิชย์ตราสารหนี้ต่างประเทศ เอเอส 1YAF ห้ามขายผู้ลงทุนรายย่อย,TH,EUROPE,,,phase3_jurisdiction_model,E_model_predicted_jurisdiction,E_model_only,0.4782,0,1,,,,0.0
IN,TH,EUROPE,TH,254900TBQVK403TNOK36,กองทุนเปิดไทยพาณิชย์ตราสารหนี้ต่างประเทศ เอเอส 1YH5 ห้ามขายผู้ลงทุนรายย่อย,TH,EUROPE,,,phase3_jurisdiction_model,E_model_predicted_jurisdiction,E_model_only,0.4782,0,1,,,,0.0
IN,TH,EUROPE,TH,254900UJMQ7FPA754M74,กองทุนเปิดไทยพาณิชย์ตราสารหนี้ต่างประเทศ เอเอส 1YH6 ห้ามขายผู้ลงทุนรายย่อย,TH,EUROPE,,,phase3_jurisdiction_model,E_model_predicted_jurisdiction,E_model_only,0.4782,0,1,,,,0.0
IN,TH,EUROPE,TH,2549004DJQLTB6SA2S03,กองทุนเปิดไทยพาณิชย์ตราสารหนี้ต่างประเทศ เอเอส 1YH7 ห้ามขายผู้ลงทุนรายย่อย,TH,EUROPE,,,phase3_jurisdiction_model,E_model_predicted_jurisdiction,E_model_only,0.4782,0,1,,,,0.0
IN,TH,EUROPE,TH,254900S7795Z6LRFOD79,กองทุนเปิดไทยพาณิชย์ตราสารหนี้ต่างประเทศ เอเอส 6MAA9 ห้ามขายผู้ลงทุนรายย่อย,TH,EUROPE,,,phase3_jurisdiction_model,E_model_predicted_jurisdiction,E_model_only,0.4782,0,1,,,,0.0
IN,TH,EUROPE,TH,254900T9UIX1GVSYFA54,กองทุนเปิด เอไอเอ โกลบอล อิควิตี้ ฟันด์,TH,EUROPE,,,phase3_jurisdiction_model,E_model_predicted_jurisdiction,E_model_only,0.4781,0,1,,,,0.0
IN,TH,DE,TH,529900BPRBFRS2IJP353,บริษัท อลิอันซ์ อยุธยา ประกันภัย จำกัด (มหาชน),TH,DE,,,phase3_jurisdiction_model,E_model_predicted_jurisdiction,E_model_only,0.4756,0,1,,,,0.0
IN,TH,DE,TH,529900DU2YW1NO5RMU78,บริษัท แอดวานซ์ อินโฟร์ เซอร์วิส จำกัด (มหาชน),TH,DE,,,phase3_jurisdiction_model,E_model_predicted_jurisdiction,E_model_only,0.4756,0,1,,,,0.0
IN,TH,EUROPE,TH,549300P0R0L3OHL8DS55,K PROPERTY SECTOR FUND,TH,EUROPE,,,phase3_jurisdiction_model,E_model_predicted_jurisdiction,E_model_only,0.4752,0,1,,,,0.0
IN,TH,EUROPE,TH,549300V3OFJJ454NBZ09,กองทุนเปิดเค เอเชีย ฟิกซ์ อินคัม,TH,EUROPE,,,phase3_jurisdiction_model,E_model_predicted_jurisdiction,E_model_only,0.4735,0,1,,,,0.0
IN,TH,EUROPE,TH,254900MHVX9HGSRL9Z37,กองทุนเปิดเอ็มเอฟซี Complex Structured Return 1YE ห้ามขายผู้ลงทุนรายย่อย,TH,EUROPE,,,phase3_jurisdiction_model,E_model_predicted_jurisdiction,E_model_only,0.4724,0,1,,,,0.0
IN,TH,EUROPE,TH,254900Z6EP24RTVPCO12,กองทุนเปิดเอ็มเอฟซี Complex Structured Return 1YF ห้ามขายผู้ลงทุนรายย่อย,TH,EUROPE,,,phase3_jurisdiction_model,E_model_predicted_jurisdiction,E_model_only,0.4724,0,1,,,,0.0
IN,TH,EUROPE,TH,549300E2LYJK04C13J13,กองทุนเปิดเค เอสเอฟ พลัส,TH,EUROPE,,,phase3_jurisdiction_model,E_model_predicted_jurisdiction,E_model_only,0.4722,0,1,,,,0.0
IN,TH,DE,TH,529900S013WMKA8SXX33,บริษัท จัดการและพัฒนาทรัพยากรน้ำภาคตะวันออก จำกัด (มหาชน),TH,DE,,,phase3_jurisdiction_model,E_model_predicted_jurisdiction,E_model_only,0.4707,0,1,,,,0.0
IN,TH,EUROPE,TH,549300TOEWVDY7EBJY45,กองทุนเปิดไทยพาณิชย์หุ้นยุโรป,TH,EUROPE,,,phase3_jurisdiction_model,E_model_predicted_jurisdiction,E_model_only,0.4706,0,1,,,,0.0
IN,TH,EUROPE,TH,549300X18CUMZ0KYB659,GLOBAL PREMIUM FUND,TH,EUROPE,,,phase3_jurisdiction_model,E_model_predicted_jurisdiction,E_model_only,0.4672,0,1,,,,0.0
IN,TH,EUROPE,TH,254900V57QNZ9S4HJC77,กองทุนเปิดไทยพาณิชย์ตราสารหนี้ต่างประเทศ เอเอส 1YH3 ห้ามขายผู้ลงทุนรายย่อย,TH,EUROPE,,,phase3_jurisdiction_model,E_model_predicted_jurisdiction,E_model_only,0.4671,0,1,,,,0.0
IN,TH,EUROPE,TH,254900YVGDGV3CCU6B08,กองทุนเปิดไทยพาณิชย์ตราสารหนี้ต่างประเทศ เอเอส 6MY7 ห้ามขายผู้ลงทุนรายย่อย,TH,EUROPE,,,phase3_jurisdiction_model,E_model_predicted_jurisdiction,E_model_only,0.4671,0,1,,,,0.0
IN,TH,EUROPE,TH,2549001ZG0ZF66CT3587,กองทุนเปิดไทยพาณิชย์ตราสารหนี้ต่างประเทศ เอเอส 6MZ1 ห้ามขายผู้ลงทุนรายย่อย,TH,EUROPE,,,phase3_jurisdiction_model,E_model_predicted_jurisdiction,E_model_only,0.4671,0,1,,,,0.0
IN,TH,DE,TH,529900E1AFDPJFG0RH05,บริษัท ฮานา ไมโครอิเล็คโทรนิคส จำกัด (มหาชน),TH,DE,,,phase3_jurisdiction_model,E_model_predicted_jurisdiction,E_model_only,0.4669,0,1,,,,0.0
IN,TH,DE,TH,529900RWI13CU7CNXX03,บริษัท แอสเฟียร์ อินโนเวชั่นส์ จำกัด (มหาชน),TH,DE,,,phase3_jurisdiction_model,E_model_predicted_jurisdiction,E_model_only,0.4669,0,1,,,,0.0
IN,TH,DE,TH,529900B3G8NVNTYVGM61,บริษัท โพลีเพล็กซ์ (ประเทศไทย) จำกัด (มหาชน),TH,DE,,,phase3_jurisdiction_model,E_model_predicted_jurisdiction,E_model_only,0.4669,0,1,,,,0.0
IN,TH,EUROPE,TH,254900B8XYEKOSZ06X63,กองทุนเปิดแอสเซทพลัส Strategic,TH,EUROPE,,,phase3_jurisdiction_model,E_model_predicted_jurisdiction,E_model_only,0.4666,0,1,,,,0.0
IN,TH,EUROPE,TH,984500DEB4DI7E5AE843,กองทุนเปิดเคแทม Japan Small Cap Equity,TH,EUROPE,,,phase3_jurisdiction_model,E_model_predicted_jurisdiction,E_model_only,0.4663,0,1,,,,0.0
IN,TH,EUROPE,TH,254900BI9G8H6XRVN519,กองทุนเปิดแอสเซทพลัสนิปปอนโกรท,TH,EUROPE,,,phase3_jurisdiction_model,E_model_predicted_jurisdiction,E_model_only,0.4663,0,1,,,,0.0
IN,TH,EUROPE,TH,254900LTY71JJLNL3193,กองทุนเปิดกรุงไทยตราสารหนี้ เอฟไอเอฟ เอ็นแฮนซท์20S ห้ามขายผู้ลงทุนรายย่อย,TH,EUROPE,,,phase3_jurisdiction_model,E_model_predicted_jurisdiction,E_model_only,0.4662,0,1,,,,0.0
IN,TH,EUROPE,TH,2549003WYMG4IKVHAX67,กองทุนเปิดไทยพาณิชย์ตราสารหนี้ต่างประเทศ เอเอส 1YAE ห้ามขายผู้ลงทุนรายย่อย,TH,EUROPE,,,phase3_jurisdiction_model,E_model_predicted_jurisdiction,E_model_only,0.4662,0,1,,,,0.0
IN,TH,EUROPE,TH,549300B31V120PLBWC89,KTAM WORLD EQUITY FUND,TH,EUROPE,,,phase3_jurisdiction_model,E_model_predicted_jurisdiction,E_model_only,0.466,0,1,,,,0.0
IN,TH,EUROPE,TH,254900UCQW96TGAGBR16,กองทุนเปิ ดไทยพำณิชย์ตรำสำรภำครัฐ 6 เดือน 31,TH,EUROPE,,,phase3_jurisdiction_model,E_model_predicted_jurisdiction,E_model_only,0.4632,0,1,,,,0.0
IN,TH,EUROPE,TH,254900HZK5MTJ6OF7710,กองทุนเปิดเคเคพี สตราทิจิค อินคัม บอนด์ เฮดจ์,TH,EUROPE,,,phase3_jurisdiction_model,E_model_predicted_jurisdiction,E_model_only,0.4632,0,1,,,,0.0
IN,TH,EUROPE,TH,254900DJTJ996YVYOR89,กองทุนเปิดเอ็มเอฟซี คอมเพล็กซ์ สตรัคชั่น รีเทิร์น 1ย,TH,EUROPE,,,phase3_jurisdiction_model,E_model_predicted_jurisdiction,E_model_only,0.4629,0,1,,,,0.0
IN,TH,EUROPE,TH,2549000EOHQOTLL1SC80,กองทุนเปิดเคเคพี โกลบอล อันคอนสเตรนด์ บอนด์ เฮดจ์,TH,EUROPE,,,phase3_jurisdiction_model,E_model_predicted_jurisdiction,E_model_only,0.4625,0,1,,,,0.0
IN,TH,EUROPE,TH,254900176Y3145Y8FF67,กองทุนเปิดไทยพาณิชย์ตราสารภาครัฐ USD 3 เดือน 1,TH,EUROPE,,,phase3_jurisdiction_model,E_model_predicted_jurisdiction,E_model_only,0.4625,0,1,,,,0.0
IN,TH,EUROPE,TH,254900XR0QMAPPCBA666,กองทุนเปิดไทยพาณิชย์ตราสารภาครัฐ USD 6 เดือน 2,TH,EUROPE,,,phase3_jurisdiction_model,E_model_predicted_jurisdiction,E_model_only,0.4625,0,1,,,,0.0
IN,TH,EUROPE,TH,254900UDD72MIADAUO39,กองทุนเปิดไทยพาณิชย์ตราสารภาครัฐ USD 6 เดือน 3,TH,EUROPE,,,phase3_jurisdiction_model,E_model_predicted_jurisdiction,E_model_only,0.4625,0,1,,,,0.0
IN,TH,EUROPE,TH,2549000ZZNNP39NHCE44,กองทุนเปิดไทยพาณิชย์ตราสารภาครัฐ USD 6 เดือน 4,TH,EUROPE,,,phase3_jurisdiction_model,E_model_predicted_jurisdiction,E_model_only,0.4625,0,1,,,,0.0
IN,TH,EUROPE,TH,254900QF4IUUG9YZGW10,กองทุนเปิดไทยพาณิชย์ตราสารภาครัฐ USD 6 เดือน 5,TH,EUROPE,,,phase3_jurisdiction_model,E_model_predicted_jurisdiction,E_model_only,0.4625,0,1,,,,0.0
IN,TH,EUROPE,TH,254900HPEE8YXJ3YLV18,กองทุนเปิดแอสเซทพลัสยุโรปควอลิตี้,TH,EUROPE,,,phase3_jurisdiction_model,E_model_predicted_jurisdiction,E_model_only,0.4619,0,1,,,,0.0
IN,TH,EUROPE,TH,254900VFEDYXMU7KY062,กองทุนเปิดไทยพาณิชย์ มัลติ อินคัมพลัส,TH,EUROPE,,,phase3_jurisdiction_model,E_model_predicted_jurisdiction,E_model_only,0.4605,0,1,,,,0.0
IN,TH,EUROPE,TH,2549006ABDGMBWX94064,กองทุนเปิดไทยพาณิชย์ตราสารหนี้ระยะสั้น พลัส,TH,EUROPE,,,phase3_jurisdiction_model,E_model_predicted_jurisdiction,E_model_only,0.4592,0,1,,,,0.0
IN,TH,EUROPE,TH,254900DLYS0F9P76I331,กองทุนเปิดไทยพาณิชย์ Floating Rate Complex Return 1YA ห้ามขายผู้ลงทุนรายย่อย,TH,EUROPE,,,phase3_jurisdiction_model,E_model_predicted_jurisdiction,E_model_only,0.4591,0,1,,,,0.0
IN,TH,EUROPE,TH,254900SPIUSF5D55RP10,กองทุนเปิดไทยพาณิชย์ Floating Rate Complex Return 1YB ห้ามขายผู้ลงทุนรายย่อย,TH,EUROPE,,,phase3_jurisdiction_model,E_model_predicted_jurisdiction,E_model_only,0.4591,0,1,,,,0.0
IN,TH,EUROPE,TH,254900L5O5ER2A07X181,กองทุนเปิดไทยพาณิชย์ Floating Rate Complex Return 1YC ห้ามขายผู้ลงทุนรายย่อย,TH,EUROPE,,,phase3_jurisdiction_model,E_model_predicted_jurisdiction,E_model_only,0.4591,0,1,,,,0.0
IN,TH,EUROPE,TH,2549009OXI6XDWWTFU86,กองทุนเปิดไทยพาณิชย์ คอมเพล็กซ์ที่เชื่อมโยงกับประสิทธิภาพส่งคืน 1ของ ห้ามขายผู้ลงทุนรายย่อย,TH,EUROPE,,,phase3_jurisdiction_model,E_model_predicted_jurisdiction,E_model_only,0.459,0,1,,,,0.0
IN,TH,EUROPE,TH,254900S8RO02RO5LQE94,กองทุนเปิดไทยพาณิชย์ตราสารหนี้ต่างประเทศ เอเอส 1YF9 ห้ามขายผู้ลงทุนรายย่อย,TH,EUROPE,,,phase3_jurisdiction_model,E_model_predicted_jurisdiction,E_model_only,0.459,0,1,,,,0.0
IN,TH,EUROPE,TH,2549006WDIHS9UKY1B81,กองทุนเปิดไทยพาณิชย์ตราสารหนี้ต่างประเทศ เอเอส 1ปป8 ห้ามขายผู้ลงทุนรายย่อย,TH,EUROPE,,,phase3_jurisdiction_model,E_model_predicted_jurisdiction,E_model_only,0.459,0,1,,,,0.0
IN,TH,EUROPE,TH,254900K921P54J3C8A18,กองทุนเปิดไทยพาณิชย์ตราสารหนี้ต่างประเทศ เอเอส 6MT5 ห้ามขายผู้ลงทุนรายย่อย,TH,EUROPE,,,phase3_jurisdiction_model,E_model_predicted_jurisdiction,E_model_only,0.459,0,1,,,,0.0
IN,TH,EUROPE,TH,2549005XNUAC8BGLLU10,กองทุนเปิดไทยพาณิชย์ตราสารหนี้ต่างประเทศ เอเอส 6MU5 ห้ามขายผู้ลงทุนรายย่อย,TH,EUROPE,,,phase3_jurisdiction_model,E_model_predicted_jurisdiction,E_model_only,0.459,0,1,,,,0.0
IN,TH,EUROPE,TH,254900MY6Y9VSIEAF570,กองทุนเปิดไทยพาณิชย์ตราสารหนี้ต่างประเทศ เอเอส 6MU6 ห้ามขายผู้ลงทุนรายย่อย,TH,EUROPE,,,phase3_jurisdiction_model,E_model_predicted_jurisdiction,E_model_only,0.459,0,1,,,,0.0
IN,TH,EUROPE,TH,254900PBGZ9M4VLM2B92,กองทุนเปิดไทยพาณิชย์ตราสารหนี้ต่างประเทศ เอเอส 6MU7 ห้ามขายผู้ลงทุนรายย่อย,TH,EUROPE,,,phase3_jurisdiction_model,E_model_predicted_jurisdiction,E_model_only,0.459,0,1,,,,0.0
IN,TH,EUROPE,TH,25490030HQZO36TXH444,กองทุนเปิดไทยพาณิชย์ตราสารหนี้ต่างประเทศ เอเอส โลภ ห้ามขายผู้ลงทุนรายย่อย,TH,EUROPE,,,phase3_jurisdiction_model,E_model_predicted_jurisdiction,E_model_only,0.459,0,1,,,,0.0
IN,TH,DE,TH,529900YLGYX4QZ2PSJ45,บริษัท อลิอันซ์ อยุธยา แคปปิตอล จำกัด (มหาชน),TH,DE,,,phase3_jurisdiction_model,E_model_predicted_jurisdiction,E_model_only,0.4584,0,1,,,,0.0
IN,TH,EUROPE,TH,254900DXNVD7WOLLFB10,กองทุนเปิดไทยพาณิชย์ตราสารหนี้ต่างประเทศ เอเอส 1YH4 ห้ามขายผู้ลงทุนรายย่อย,TH,EUROPE,,,phase3_jurisdiction_model,E_model_predicted_jurisdiction,E_model_only,0.4562,0,1,,,,0.0
IN,TH,EUROPE,TH,254900945Q0QPWR82194,กองทุนเปิดไทยพาณิชย์ตราสารหนี้ต่างประเทศ เอเอส 6MY8 ห้ามขายผู้ลงทุนรายย่อย,TH,EUROPE,,,phase3_jurisdiction_model,E_model_predicted_jurisdiction,E_model_only,0.456,0,1,,,,0.0
IN,TH,DE,TH,529900VPXCSDKKAPK415,บริษัท เอ็ทน่า ประกันสุขภาพ (ประเทศไทย) จำกัด (มหาชน),TH,DE,,,phase3_jurisdiction_model,E_model_predicted_jurisdiction,E_model_only,0.4559,0,1,,,,0.0
IN,TH,EUROPE,TH,254900UZLWHEEB124252,กองทุนเปิด ยูไนเต็ด พันธบัตรรัฐบาลต่างประเทศ USD 3M3,TH,EUROPE,,,phase3_jurisdiction_model,E_model_predicted_jurisdiction,E_model_only,0.4535,0,1,,,,0.0
IN,TH,EUROPE,TH,2549009B3UNOWNPOND58,กองทุนเปิด เคดับบลิวไอ ไชน่า โกลบอล วิชั่น,TH,EUROPE,,,phase3_jurisdiction_model,E_model_predicted_jurisdiction,E_model_only,0.4532,0,1,,,,0.0
IN,TH,EUROPE,TH,254900SWN2C55GBOD957,กองทุนเปิดแอสเซทพลัสสตาร์ 9,TH,EUROPE,,,phase3_jurisdiction_model,E_model_predicted_jurisdiction,E_model_only,0.453,0,1,,,,0.0
IN,TH,EUROPE,TH,254900FSQDJ1KW0XCP41,กองทุนเปิดแอสเซทพลัสโกลบอลอัลโลเคชั่น,TH,EUROPE,,,phase3_jurisdiction_model,E_model_predicted_jurisdiction,E_model_only,0.452,0,1,,,,0.0
IN,TH,EUROPE,TH,549300QXEGCJ82B27704,กองทุนเปิดไทยพาณิชย์หุ้นระยะยาวอินเตอร์,TH,EUROPE,,,phase3_jurisdiction_model,E_model_predicted_jurisdiction,E_model_only,0.452,0,1,,,,0.0
IN,TH,EUROPE,TH,2138009Y1REVRSY59U52,กองทุนสำรองเลี้ยงชีพจดทะเบียนธนาคารเครดิตไทย - นโยบายผสม - อนุรักษ์นิยม,TH,EUROPE,,,phase3_jurisdiction_model,E_model_predicted_jurisdiction,E_model_only,0.4475,0,1,,,,0.0
IN,TH,EUROPE,TH,213800VMJ281RKBWK767,กองทุนสำรองเลี้ยงชีพจดทะเบียนธนาคารเครดิตไทย - นโยบายผสม - เชิงรุก,TH,EUROPE,,,phase3_jurisdiction_model,E_model_predicted_jurisdiction,E_model_only,0.4475,0,1,,,,0.0
IN,TH,EUROPE,TH,213800WYYPX8E5MUNF86,กองทุนสำรองเลี้ยงชีพจดทะเบียนธนาคารเครดิตไทย - แผนผสม - แบบสมดุล,TH,EUROPE,,,phase3_jurisdiction_model,E_model_predicted_jurisdiction,E_model_only,0.4475,0,1,,,,0.0
IN,TH,EUROPE,TH,549300UHYLUBIQN5F177,THANACHART FIXED INCOME FIF 1Y18,TH,EUROPE,,,phase3_jurisdiction_model,E_model_predicted_jurisdiction,E_model_only,0.4462,0,1,,,,0.0
IN,TH,EUROPE,TH,2549009KLNNVTDLRMF96,กองทุนเปิดเอ็มเอฟซี รีบาวด์ คอมเพล็กซ์ โครงสร้างผลตอบแทน ห้ามขายผู้ลงทุนรายย่อย,TH,EUROPE,,,phase3_jurisdiction_model,E_model_predicted_jurisdiction,E_model_only,0.4457,0,1,,,,0.0
IN,TH,DE,TH,529900A653WRN6DJXS19,บริษัท ทางด่วนและรถไฟฟ้ากรุงเทพ จำกัด (มหาชน),TH,DE,,,phase3_jurisdiction_model,E_model_predicted_jurisdiction,E_model_only,0.4454,0,1,,,,0.0
IN,TH,EUROPE,TH,254900TP0EHZ4V6FSM78,กองทุนเปิดเอ็มเอฟซี China Complex Structured Return 1YA ห้ามขายผู้ลงทุนรายย่อย,TH,EUROPE,,,phase3_jurisdiction_model,E_model_predicted_jurisdiction,E_model_only,0.4447,0,1,,,,0.0
IN,TH,EUROPE,TH,254900DBFVJ0E74EO256,กองทุนเปิดไทยพาณิชย์ Double Structured Complex Return 1YJ ห้ามขายผู้ลงทุนรายย่อย,TH,EUROPE,,,phase3_jurisdiction_model,E_model_predicted_jurisdiction,E_model_only,0.4447,0,1,,,,0.0
IN,TH,EUROPE,TH,254900EVM48EA20LFQ83,กองทุนเปิดไทยพาณิชย์ Double Structured Complex Return 1YK ห้ามขายผู้ลงทุนรายย่อย,TH,EUROPE,,,phase3_jurisdiction_model,E_model_predicted_jurisdiction,E_model_only,0.4447,0,1,,,,0.0
IN,TH,EUROPE,TH,2549003QZRWS2ZPAJZ85,กองทุนเปิดไทยพาณิชย์ Structured Complex Return 1YB ห้ามขายผู้ลงทุนรายย่อย,TH,EUROPE,,,phase3_jurisdiction_model,E_model_predicted_jurisdiction,E_model_only,0.4415,0,1,,,,0.0
IN,TH,EUROPE,TH,25490050M65DFIVBKS17,กองทุนเปิดไทยพาณิชย์ Global Multi-Asset Core Portfolio,TH,EUROPE,,,phase3_jurisdiction_model,E_model_predicted_jurisdiction,E_model_only,0.4403,0,1,,,,0.0
IN,TH,EUROPE,TH,254900KB51CP7EQTND38,กองทุนเปิด ยูไนเต็ด พันธบัตรรัฐบาลต่างประเทศ USD 3M4,TH,EUROPE,,,phase3_jurisdiction_model,E_model_predicted_jurisdiction,E_model_only,0.4376,0,1,,,,0.0
IN,TH,EUROPE,TH,254900ELFEYRW34NOY51,กองทุนเปิดไทยพาณิชย์ Inverse Floater THOR Complex Return 1YB ห้ามขายผู้ลงทุนรายย่อย,TH,EUROPE,,,phase3_jurisdiction_model,E_model_predicted_jurisdiction,E_model_only,0.4347,0,1,,,,0.0
IN,TH,EUROPE,TH,254900X0AC3FMZGO0G62,กองทุนเปิดไทยพาณิชย์ Inverse Floater THOR Complex Return 1YC ห้ามขายผู้ลงทุนรายย่อย,TH,EUROPE,,,phase3_jurisdiction_model,E_model_predicted_jurisdiction,E_model_only,0.4347,0,1,,,,0.0
IN,TH,EUROPE,TH,2549001MFQ3JWUGI9C11,กองทุนเปิดไทยพาณิชย์ Inverse Floater THOR Complex Return 1YD ห้ามขายผู้ลงทุนรายย่อย,TH,EUROPE,,,phase3_jurisdiction_model,E_model_predicted_jurisdiction,E_model_only,0.4347,0,1,,,,0.0
IN,TH,EUROPE,TH,2549000GVH1F9XOVPQ98,กองทุนเปิดไทยพาณิชย์ Inverse Floater THOR Complex Return 1YE ห้ามขายผู้ลงทุนรายย่อย,TH,EUROPE,,,phase3_jurisdiction_model,E_model_predicted_jurisdiction,E_model_only,0.4347,0,1,,,,0.0
IN,TH,EUROPE,TH,254900BUEZQ466C05986,กองทุนเปิดไทยพาณิชย์ Inverse Floater THOR Complex Return 1YF ห้ามขายผู้ลงทุนรายย่อย,TH,EUROPE,,,phase3_jurisdiction_model,E_model_predicted_jurisdiction,E_model_only,0.4347,0,1,,,,0.0
IN,TH,EUROPE,TH,254900U38J7OPQ3K2688,กองทุนเปิดไทยพาณิชย์ Inverse Floater THOR Complex Return 1YG ห้ามขายผู้ลงทุนรายย่อย,TH,EUROPE,,,phase3_jurisdiction_model,E_model_predicted_jurisdiction,E_model_only,0.4347,0,1,,,,0.0
IN,TH,EUROPE,TH,98450056B0FE4ABF5D63,กองทุนเปิดเคแทม เจแปน อิควิตี้ พาสซีฟ ฟันด์,TH,EUROPE,,,phase3_jurisdiction_model,E_model_predicted_jurisdiction,E_model_only,0.4346,0,1,,,,0.0
IN,TH,EUROPE,TH,254900XU1HCKA2WP7780,กองทุนเปิด ยูไนเต็ด พันธบัตรรัฐบาลต่างประเทศ USD 3M2,TH,EUROPE,,,phase3_jurisdiction_model,E_model_predicted_jurisdiction,E_model_only,0.4326,0,1,,,,0.0
IN,TH,EUROPE,TH,254900QVO1LP0888E390,กองทุนเปิด ยูไนเต็ด พันธบัตรรัฐบาลต่างประเทศ USD 6M1,TH,EUROPE,,,phase3_jurisdiction_model,E_model_predicted_jurisdiction,E_model_only,0.4326,0,1,,,,0.0
IN,TH,EUROPE,TH,5493002IZ2POOUDV5G42,KASSET GLOBAL BALANCED FUND,TH,EUROPE,,,phase3_jurisdiction_model,E_model_predicted_jurisdiction,E_model_only,0.4313,0,1,,,,0.0
IN,TH,EUROPE,TH,254900Y1ZVWZM73NJM24,กองทุนเปิดแอสเซทพลัสไชน่า,TH,EUROPE,,,phase3_jurisdiction_model,E_model_predicted_jurisdiction,E_model_only,0.4305,0,1,,,,0.0
IN,TH,EUROPE,TH,254900LMNU0P8NN6FV02,กองทุนเปิดไทยพาณิชย์ Floating Rate Complex Return 1Y1 ห้ามขายผู้ลงทุนรายย่อย,TH,EUROPE,,,phase3_jurisdiction_model,E_model_predicted_jurisdiction,E_model_only,0.4302,0,1,,,,0.0
IN,TH,EUROPE,TH,254900ZS18ET0SYX4M85,กองทุนเปิดไทยพาณิชย์ Smart Income Plus,TH,EUROPE,,,phase3_jurisdiction_model,E_model_predicted_jurisdiction,E_model_only,0.4301,0,1,,,,0.0
IN,TH,DE,TH,894500RJVZSIJ6N82707,บริษัท แคล-คอมพ์ อิเลคโทรนิคส์ (ประเทศไทย) จำกัด,TH,DE,,,phase3_jurisdiction_model,E_model_predicted_jurisdiction,E_model_only,0.429,0,1,,,,0.0
IN,TH,EUROPE,TH,254900HFH7B4N4PRD972,กองทุนเปิดกรุงไทย World Class Income เพื่อการเลี้ยงชีพ,TH,EUROPE,,,phase3_jurisdiction_model,E_model_predicted_jurisdiction,E_model_only,0.4276,0,1,,,,0.0
IN,TH,EUROPE,TH,254900PU90MAR4I8NE15,กองทุนเปิดแอสเซทพลัสบริค,TH,EUROPE,,,phase3_jurisdiction_model,E_model_predicted_jurisdiction,E_model_only,0.4273,0,1,,,,0.0
IN,TH,EUROPE,TH,2549006NOLHQQN52JM97,กองทุนเปิดแอสเซทพลัสยุโรปพร็อพเพอร์ตี้,TH,EUROPE,,,phase3_jurisdiction_model,E_model_predicted_jurisdiction,E_model_only,0.4266,0,1,,,,0.0
IN,TH,EUROPE,TH,549300HCRTA202T2H070,K PROPERTY INFRASTRUCTURE FLEXIBLE RMF,TH,EUROPE,,,phase3_jurisdiction_model,E_model_predicted_jurisdiction,E_model_only,0.4264,0,1,,,,0.0
IN,TH,EUROPE,TH,254900I7GAHPZNLN8L52,กองทุนสำรองเลี้ยงชีพ พนักงานบริษัทไทยฮอนด้า จำกัด ซึ่งจดทะเบียนแล้ว,TH,EUROPE,,,phase3_jurisdiction_model,E_model_predicted_jurisdiction,E_model_only,0.4253,0,1,,,,0.0
IN,TH,EUROPE,TH,254900ERSKTTXN2LMQ62,กองทุนเปิดไทยพาณิชย์ตราสารหนี้ต่างประเทศ เอเอส 6MU3 ห้ามขายผู้ลงทุนรายย่อย,TH,EUROPE,,,phase3_jurisdiction_model,E_model_predicted_jurisdiction,E_model_only,0.4241,0,1,,,,0.0
IN,TH,EUROPE,TH,254900KEBBSNQK492V93,กองทุนเปิดไทยพาณิชย์ตราสารหนี้ต่างประเทศ เอเอส 6MU4 ห้ามขายผู้ลงทุนรายย่อย,TH,EUROPE,,,phase3_jurisdiction_model,E_model_predicted_jurisdiction,E_model_only,0.4241,0,1,,,,0.0
IN,TH,DE,TH,529900PVOMLWKZ01RE14,บริษัท เคอร์เบอร์ ฟาร์มา ซอฟต์แวร์ จำกัด,TH,DE,,,phase3_jurisdiction_model,E_model_predicted_jurisdiction,E_model_only,0.424,0,1,,,,0.0
IN,TH,EUROPE,TH,254900SLDSJJE82OPT89,กองทุนเปิด เอไอเอ ยูเอส 500 อิควิตี้ ฟันด์,TH,EUROPE,,,phase3_jurisdiction_model,E_model_predicted_jurisdiction,E_model_only,0.4224,0,1,,,,0.0
IN,TH,EUROPE,TH,549300VJ1A0HYJEO0U21,MFC GLOBAL EQUITY FUND,TH,EUROPE,,,phase3_jurisdiction_model,E_model_predicted_jurisdiction,E_model_only,0.4209,0,1,,,,0.0
IN,TH,EUROPE,TH,213800BCMOKTNJDD6514,กองทุนเปิ ด อเบอร์ดีน เจแปนนีส ซัสเทนเนเบิล เอคควิตี้ฟันด์,TH,EUROPE,,,phase3_jurisdiction_model,E_model_predicted_jurisdiction,E_model_only,0.4207,0,1,,,,0.0
IN,TH,EUROPE,TH,213800EBEJXGOXZ9W864,กองทุนเปิด อเบอร์ดีน ยูโรเปี้ยน ซัสเทนเนเบิล เอคควิตี้ ฟันด์,TH,EUROPE,,,phase3_jurisdiction_model,E_model_predicted_jurisdiction,E_model_only,0.4207,0,1,,,,0.0
IN,TH,EUROPE,TH,549300RUW0RZPFYRXL61,กองทุนเปิดเค ตราสารหนี้ระยะสั้น,TH,EUROPE,,,phase3_jurisdiction_model,E_model_predicted_jurisdiction,E_model_only,0.4191,0,1,,,,0.0
IN,TH,DE,TH,529900LNPH5MFQ9L6T25,บริษัท เคซีอี อีเลคโทรนิคส์ จำกัด (มหาชน),TH,DE,,,phase3_jurisdiction_model,E_model_predicted_jurisdiction,E_model_only,0.4188,0,1,,,,0.0
IN,TH,EUROPE,TH,2549001LLZKWZFYTXG69,กองทุนเปิดเคเคพี โกลบอล ไฮยิลด์บอนด์ เฮดจ์ ห้ามขายผู้ลงทุนรายย่อย,TH,EUROPE,,,phase3_jurisdiction_model,E_model_predicted_jurisdiction,E_model_only,0.4182,0,1,,,,0.0
IN,TH,EUROPE,TH,254900QVGPGCN117ZN58,กองทุนเปิดไทยพาณิชย์ตราสารหนี้ระยะสั้นและเงินฝากสกุลเงินออสเตรเลีย,TH,EUROPE,,,phase3_jurisdiction_model,E_model_predicted_jurisdiction,E_model_only,0.4175,0,1,,,,0.0
IN,TH,EUROPE,TH,5493006UFKRSFY3HH403,K PROPERTY INFRASTRUCTURE FLEXIBLE FUND,TH,EUROPE,,,phase3_jurisdiction_model,E_model_predicted_jurisdiction,E_model_only,0.4171,0,1,,,,0.0
IN,TH,EUROPE,TH,254900OQLPGLWL75NE65,กองทุนเปิดไทยพาณิชย์ Double Structured Complex Return 1YI ห้ามขายผู้ลงทุนรายย่อย,TH,EUROPE,,,phase3_jurisdiction_model,E_model_predicted_jurisdiction,E_model_only,0.4157,0,1,,,,0.0
IN,TH,DE,TH,52990055D01XPU4RVY88,บริษัท บอยเมอร์ กรุ๊ป (ประเทศไทย) จำกัด,TH,DE,,,phase3_jurisdiction_model,E_model_predicted_jurisdiction,E_model_only,0.4148,0,1,,,,0.0
IN,TH,DE,TH,5299002HX0CKN3P0E956,บริษัท เมอร์เซเดส-เบนซ์ แมนูแฟคเจอริ่ง (ประเทศไทย) จำกัด,TH,DE,,,phase3_jurisdiction_model,E_model_predicted_jurisdiction,E_model_only,0.4147,0,1,,,,0.0
IN,TH,DE,TH,529900PY8AUZOF152Y29,บริษัท ไทยผลิตภัณฑ์ยิบซั่ม จำกัด (มหาชน),TH,DE,,,phase3_jurisdiction_model,E_model_predicted_jurisdiction,E_model_only,0.4143,0,1,,,,0.0
IN,TH,EUROPE,TH,254900GP17LGOZDVUR51,กองทุนเปิดไทยพาณิชย์ ตราสารหนี้ระยะสั้นต่างประเทศ,TH,EUROPE,,,phase3_jurisdiction_model,E_model_predicted_jurisdiction,E_model_only,0.4138,0,1,,,,0.0
IN,TH,EUROPE,TH,254900YB39HFHOD3NL84,กองทุนเปิด เอไอเอ โกลบอล ซีเล็ค อิควิตี้ ฟันด์,TH,EUROPE,,,phase3_jurisdiction_model,E_model_predicted_jurisdiction,E_model_only,0.4127,0,1,,,,0.0
IN,TH,EUROPE,TH,25490021BC9Q843H0V61,กองทุนเปิด เอไอเอ โกลบอล โมเดอเรท อโลเคชั่น ฟันด์,TH,EUROPE,,,phase3_jurisdiction_model,E_model_predicted_jurisdiction,E_model_only,0.4127,0,1,,,,0.0
IN,TH,US,TH,213800EUVBT5SSJ8II83,บริษัท ธนชาตประกันชีวิต จำกัด,TH,US,,,phase3_jurisdiction_model,E_model_predicted_jurisdiction,E_model_only,0.4127,0,1,,,,0.0
IN,TH,EUROPE,TH,25490078MQMA180K5K15,กองทุนเปิด เอไอเอ คอมบายด์ โมเดอเรท อโลเคชั่น ฟันด์,TH,EUROPE,,,phase3_jurisdiction_model,E_model_predicted_jurisdiction,E_model_only,0.4121,0,1,,,,0.0
IN,TH,EUROPE,TH,254900RUO3TF2RQ7QZ50,กองทุนเปิด เอไอเอ โกลบอล แอกเกรสซีฟ อโลเคชั่น ฟันด์,TH,EUROPE,,,phase3_jurisdiction_model,E_model_predicted_jurisdiction,E_model_only,0.4121,0,1,,,,0.0
IN,TH,EUROPE,TH,254900SXZ25NFX8O8C11,กองทุนเปิด เอไอเอ ไดเวอร์ซิไฟด์ ฟิกซ์ อินคัม ฟันด์,TH,EUROPE,,,phase3_jurisdiction_model,E_model_predicted_jurisdiction,E_model_only,0.4121,0,1,,,,0.0
IN,TH,EUROPE,TH,254900CLTLWZDWAI3G96,กองทุนเปิด เอไอเอ โกลบอล แอคทีฟ อินคัม ฟันด์,TH,EUROPE,,,phase3_jurisdiction_model,E_model_predicted_jurisdiction,E_model_only,0.4102,0,1,,,,0.0
IN,TH,EUROPE,TH,549300371WGVEKZW3Y87,กองทุนเปิดไทยพาณิชย์ หุ้นยุโรป เพื่อการเลี้ยงชีพ,TH,EUROPE,,,phase3_jurisdiction_model,E_model_predicted_jurisdiction,E_model_only,0.4101,0,1,,,,0.0
IN,TH,EUROPE,TH,254900W8IH33MP3F6436,เอ็มเอฟซี คอมเพล็กซ์ โครงสร้างผลตอบแทน 1YC ไม่เหมาะสำหรับนักลงทุนรายย่อย,TH,EUROPE,,,phase3_jurisdiction_model,E_model_predicted_jurisdiction,E_model_only,0.4097,0,1,,,,0.0
IN,TH,EUROPE,TH,549300XB1I6AAFXFZC12,K FIXED INCOME 1 YEAR H FUND,TH,EUROPE,,,phase3_jurisdiction_model,E_model_predicted_jurisdiction,E_model_only,0.4095,0,1,,,,0.0
IN,TH,EUROPE,TH,549300VFCWLUMRNKXD26,K FIXED INCOME 1 YEAR I FUND,TH,EUROPE,,,phase3_jurisdiction_model,E_model_predicted_jurisdiction,E_model_only,0.4095,0,1,,,,0.0
IN,TH,EUROPE,TH,549300A5TFASDM7WVI79,K FOREIGN FIXED INCOME 2022K FUND,TH,EUROPE,,,phase3_jurisdiction_model,E_model_predicted_jurisdiction,E_model_only,0.4095,0,1,,,,0.0
IN,TH,EUROPE,TH,5493001L4K5DVJP3KF83,K FOREIGN FIXED INCOME 2022L FUND,TH,EUROPE,,,phase3_jurisdiction_model,E_model_predicted_jurisdiction,E_model_only,0.4095,0,1,,,,0.0
IN,TH,EUROPE,TH,549300JMZXC2PPVGH441,KASSET GLOBAL FIXED INCOME 4 FUND,TH,EUROPE,,,phase3_jurisdiction_model,E_model_predicted_jurisdiction,E_model_only,0.4094,0,1,,,,0.0
IN,TH,OTHER,TH,5493004COSQ54937AW41,บริษัท ธนาคารกสิกรไทย จำกัด (มหาชน),TH,OTHER,,,phase3_jurisdiction_model,E_model_predicted_jurisdiction,E_model_only,0.4088,0,1,,,,0.0
IN,TH,DE,TH,5299007O997YJWODH524,บริษัท อินเทอร์เน็ตประเทศไทย จำกัด (มหาชน),TH,DE,,,phase3_jurisdiction_model,E_model_predicted_jurisdiction,E_model_only,0.4077,0,1,,,,0.0
IN,TH,DE,TH,529900PH2X6YH1YMV287,เมเจอร์ ซีนีเพล็กซ์ กรุ๊ป จำกัด (มหาชน),TH,DE,,,phase3_jurisdiction_model,E_model_predicted_jurisdiction,E_model_only,0.4068,0,1,,,,0.0
IN,TH,DE,TH,5299002J1XXOE0534H90,บริษัท แฟรงเก้ (ประเทศไทย) จำกัด,TH,DE,,,phase3_jurisdiction_model,E_model_predicted_jurisdiction,E_model_only,0.4061,0,1,,,,0.0
IN,TH,DE,TH,529900S4YHOW3SQ7OH89,บริษัท เฮอร์บีเกอร์ (ประเทศไทย) จำกัด,TH,DE,,,phase3_jurisdiction_model,E_model_predicted_jurisdiction,E_model_only,0.4059,0,1,,,,0.0
IN,TH,EUROPE,TH,254900BJ7CDQI6CVGR33,กองทุนเปิดไทยพาณิชย์ Inverse Floater THOR Complex Return 1YA ห้ามขายผู้ลงทุนรายย่อย,TH,EUROPE,,,phase3_jurisdiction_model,E_model_predicted_jurisdiction,E_model_only,0.4057,0,1,,,,0.0
IN,TH,EUROPE,TH,254900LIMPWB57I33344,กองทุนเปิด ยูไนเต็ด พันธบัตรรัฐต่างประเทศ 6 เดือน 15,TH,EUROPE,,,phase3_jurisdiction_model,E_model_predicted_jurisdiction,E_model_only,0.4055,0,1,,,,0.0
IN,TH,DE,TH,5299006MFN6VP6HWAG36,บริษัท อสมท จำกัด (มหาชน),TH,DE,,,phase3_jurisdiction_model,E_model_predicted_jurisdiction,E_model_only,0.405,0,1,,,,0.0
IN,TH,EUROPE,TH,213800KSSGU7UANVBS78,กองทุนสำรองเลี้ยงชีพ เค มาสเตอร์ พูล ฟันด์ ซึ่งจดทะเบียนแล้ว,TH,EUROPE,,,phase3_jurisdiction_model,E_model_predicted_jurisdiction,E_model_only,0.4045,0,1,,,,0.0
IN,TH,EUROPE,TH,254900QR6MBBKPI2E720,กองทุนรวมบัวหลวงธนพลัส 13/25 ห้ามขายผู้ลงทุนรายย่อย BP13/25 (AI),TH,EUROPE,,,phase3_jurisdiction_model,E_model_predicted_jurisdiction,E_model_only,0.4043,0,1,,,,0.0
IN,TH,DE,TH,254900M7L6ML94L1YX58,บริษัท บางจาก คอร์ปอเรชั่น จำกัด (มหาชน),TH,DE,,,phase3_jurisdiction_model,E_model_predicted_jurisdiction,E_model_only,0.4043,0,1,,,,0.0
IN,TH,EUROPE,TH,254900SQDES0C0N5FV22,กองทุนเปิด เอไอเอ คอมบายด์ แอกเกรสซีฟ อโลเคชั่น ฟันด์,TH,EUROPE,,,phase3_jurisdiction_model,E_model_predicted_jurisdiction,E_model_only,0.4037,0,1,,,,0.0
IN,TH,EUROPE,TH,254900EV65M1RLNR0Z51,กองทุนเปิดไทยพาณิชย์ตราสารหนี้ พลัส สำหรับกองทุนสำรองเลี้ยงชีพ,TH,EUROPE,,,phase3_jurisdiction_model,E_model_predicted_jurisdiction,E_model_only,0.4036,0,1,,,,0.0
IN,TH,EUROPE,TH,894500FVDZ6U50GW3W11,บริษัท บีซีพีจี จำกัด (มหาชน),TH,EUROPE,,,phase3_jurisdiction_model,E_model_predicted_jurisdiction,E_model_only,0.403,0,1,,,,0.0
IN,TH,EUROPE,TH,549300IH8KNI62S1YC32,K GLOBAL RISK-ENHANCED ALLOCATION FUND,TH,EUROPE,,,phase3_jurisdiction_model,E_model_predicted_jurisdiction,E_model_only,0.4022,0,1,,,,0.0
IN,TH,US,TH,894500L6H6TL6KJ4PB75,พลาสติก Omnium ออโต้ อินเนอร์ยี่ (ประเทศไทย) จำกัด,TH,US,,,phase3_jurisdiction_model,E_model_predicted_jurisdiction,E_model_only,0.4017,0,1,,,,0.0
IN,TH,EUROPE,TH,54930069X2Y6Q11X2J53,BUALUANG GLOBAL FIXED INCOME FUND,TH,EUROPE,,,phase3_jurisdiction_model,E_model_predicted_jurisdiction,E_model_only,0.4014,0,1,,,,0.0
IN,TH,EUROPE,TH,254900KWG8VOXFJIF878,กองทุนเปิด แอสเซทพลัส ทริกเกอร์ 6เดือน3,TH,EUROPE,,,phase3_jurisdiction_model,E_model_predicted_jurisdiction,E_model_only,0.4013,0,1,,,,0.0
IN,TH,DE,TH,529900SOQZGHC09Z4U61,บริษัท ล็อกซเล่ย์ จำกัด (มหาชน),TH,DE,,,phase3_jurisdiction_model,E_model_predicted_jurisdiction,E_model_only,0.4005,0,1,,,,0.0
IN,TH,DE,TH,5299009CTS9EMQUNL444,บริษัท อาร์พีซีจี จำกัด (มหาชน),TH,DE,,,phase3_jurisdiction_model,E_model_predicted_jurisdiction,E_model_only,0.4005,0,1,,,,0.0
IN,TH,EUROPE,TH,5493003DE20N7DRFJB65,K COMPLEX RETURN 1 YEAR A FUND,TH,EUROPE,,,phase3_jurisdiction_model,E_model_predicted_jurisdiction,E_model_only,0.4002,0,1,,,,0.0
IN,TH,EUROPE,TH,5493001QPSCR7ENIIW60,K COMPLEX RETURN 1 YEAR B FUND,TH,EUROPE,,,phase3_jurisdiction_model,E_model_predicted_jurisdiction,E_model_only,0.4002,0,1,,,,0.0
IN,TH,EUROPE,TH,549300BT8YKIHJ4LUG07,K FIXED INCOME 6 MONTHS CU FUND,TH,EUROPE,,,phase3_jurisdiction_model,E_model_predicted_jurisdiction,E_model_only,0.4002,0,1,,,,0.0
IN,TH,DE,TH,529900FJ3AI2GKGIWK15,บริษัท เจริญโภคภัณฑ์อาหาร จำกัด (มหาชน),TH,DE,,,phase3_jurisdiction_model,E_model_predicted_jurisdiction,E_model_only,0.4001,0,1,,,,0.0
IN,TH,DE,TH,529900FRL71532FT5F13,บริษัท แม็กซ์ เบอกล์ (ประเทศไทย) จำกัด,TH,DE,,,phase3_jurisdiction_model,E_model_predicted_jurisdiction,E_model_only,0.3999,0,1,,,,0.0
IN,TH,EUROPE,TH,2549001WLLE1CDOR9433,กองทุนเปิดเอ็มเอฟซี ดิจิตอล คอมเพล็กซ์ สตรัคเจอร์ รีเทิร์น 1YA ห้ามขายผู้ลงทุนรายย่อย,TH,EUROPE,,,phase3_jurisdiction_model,E_model_predicted_jurisdiction,E_model_only,0.3998,0,1,,,,0.0
IN,TH,DE,TH,549300Y4H9X31XMLR852,บริษัท อัลสตอม (ประเทศไทย) จำกัด,TH,DE,,,phase3_jurisdiction_model,E_model_predicted_jurisdiction,E_model_only,0.3994,0,1,,,,0.0
IN,TH,EUROPE,TH,254900RDUFK709MK6140,กองทุนเปิด เอไอเอ โกลบอล คอนเวนชั่นนอล อโลเคชั่น ฟันด์,TH,EUROPE,,,phase3_jurisdiction_model,E_model_predicted_jurisdiction,E_model_only,0.3987,0,1,,,,0.0
IN,TH,DE,TH,254900GZ121E5NIATI41,บริษัท เอสซีจี แพคเกจจิ้ง จำกัด (มหาชน),TH,DE,,,phase3_jurisdiction_model,E_model_predicted_jurisdiction,E_model_only,0.3986,0,1,,,,0.0
IN,TH,DE,TH,529900ZASQ0BG7ECM394,บริษัท เอเชีย เอวิเอชั่น จำกัด (มหาชน),TH,DE,,,phase3_jurisdiction_model,E_model_predicted_jurisdiction,E_model_only,0.3986,0,1,,,,0.0
IN,TH,US,TH,894500Q6M82U951UOF76,บริษัท นิว ไทย วีล เมนูแฟคเจอริ่ง จำกัด,TH,US,,,phase3_jurisdiction_model,E_model_predicted_jurisdiction,E_model_only,0.3978,0,1,,,,0.0
IN,TH,EUROPE,TH,254900HH6LHLMO55LL22,กองทุนเปิดไทยพาณิชย์ Performance-Linked Complex Return 2YA ห้ามขายผู้ลงทุนรายย่อย,TH,EUROPE,,,phase3_jurisdiction_model,E_model_predicted_jurisdiction,E_model_only,0.3966,0,1,,,,0.0
IN,TH,EUROPE,TH,254900B73LGIK4QBGN21,กองทุนเปิดไทยพาณิชย์ Performance-Linked Complex Return 2YB ห้ามขายผู้ลงทุนรายย่อย,TH,EUROPE,,,phase3_jurisdiction_model,E_model_predicted_jurisdiction,E_model_only,0.3966,0,1,,,,0.0
IN,TH,EUROPE,TH,254900L4GEJZ4FJ2M643,กองทุนเปิดไทยพาณิชย์ Performance-Linked Complex Return 2YC ห้ามขายผู้ลงทุนรายย่อย,TH,EUROPE,,,phase3_jurisdiction_model,E_model_predicted_jurisdiction,E_model_only,0.3966,0,1,,,,0.0
IN,TH,EUROPE,TH,2549006S4KX5HM1YEW62,กองทุนเปิดเอ็มเอฟซี ไชน่า เทคโนโลยี,TH,EUROPE,,,phase3_jurisdiction_model,E_model_predicted_jurisdiction,E_model_only,0.3965,0,1,,,,0.0
IN,TH,DE,TH,529900QPV6PLCKKKHO62,บริษัท ยูโรเซ็นเตอร์ (ไทยแลนด์) จำกัด,TH,DE,,,phase3_jurisdiction_model,E_model_predicted_jurisdiction,E_model_only,0.3948,0,1,,,,0.0
IN,TH,EUROPE,TH,213800FZ8L5BR4DV1B79,กองทุนเปิด อเบอร์ดีน อเมริกัน โกรท ฟันด์,TH,EUROPE,,,phase3_jurisdiction_model,E_model_predicted_jurisdiction,E_model_only,0.3935,0,1,,,,0.0
IN,TH,DE,TH,9845006CC45C6B3BD577,บริษัท บี.กริม เพาเวอร์ จำกัด (มหาชน),TH,DE,,,phase3_jurisdiction_model,E_model_predicted_jurisdiction,E_model_only,0.3935,0,1,,,,0.0
IN,TH,EUROPE,TH,549300JTMOIADU4JBQ05,KASSET GLOBAL FLEXIBLE INCOME FUND,TH,EUROPE,,,phase3_jurisdiction_model,E_model_predicted_jurisdiction,E_model_only,0.3931,0,1,,,,0.0
IN,TH,DE,TH,549300MB5BDYV4UR5O77,บริษัท อินโดรามา ปิโตรเคม จำกัด,TH,DE,,,phase3_jurisdiction_model,E_model_predicted_jurisdiction,E_model_only,0.3915,0,1,,,,0.0
IN,TH,DE,TH,254900AVBA1003TO0G80,บริษัท หลักทรัพย์จัดการกองทุน จิตตะ เวลธ์ จำกัด,TH,DE,,,phase3_jurisdiction_model,E_model_predicted_jurisdiction,E_model_only,0.3914,0,1,,,,0.0
IN,TH,EUROPE,TH,254900G51XU68QWUN490,กองทุนเปิด เอไอเอ คอมบายด์ คอนเวนชั่นนอล อโลเคชั่น ฟันด์,TH,EUROPE,,,phase3_jurisdiction_model,E_model_predicted_jurisdiction,E_model_only,0.3911,0,1,,,,0.0
IN,TH,EUROPE,TH,5493008A7E0JFBE53R15,กองทุนเปิด TTB SMART PORT 2 NURTURER,TH,EUROPE,,,phase3_jurisdiction_model,E_model_predicted_jurisdiction,E_model_only,0.391,0,1,,,,0.0
IN,TH,EUROPE,TH,5493005TVL6W2PSMZG72,กองทุนเปิด TTB SMART PORT 3 BALANCER,TH,EUROPE,,,phase3_jurisdiction_model,E_model_predicted_jurisdiction,E_model_only,0.391,0,1,,,,0.0
IN,TH,EUROPE,TH,5493004SZFVDF4YZRO88,กองทุนเปิด TTB SMART PORT 4 EXPLORER,TH,EUROPE,,,phase3_jurisdiction_model,E_model_predicted_jurisdiction,E_model_only,0.391,0,1,,,,0.0
IN,TH,EUROPE,TH,254900KMC6FCIDGFJW70,กองทุนเปิดแอสเซทพลัสเอเชี่ยนสเปเชียลซิททูเอชั่นส์,TH,EUROPE,,,phase3_jurisdiction_model,E_model_predicted_jurisdiction,E_model_only,0.3885,0,1,,,,0.0
IN,TH,DE,TH,529900XJSWQEQFFF7B09,บริษัท ทรู คอร์ปอเรชั่น จำกัด (มหาชน),TH,DE,,,phase3_jurisdiction_model,E_model_predicted_jurisdiction,E_model_only,0.3854,0,1,,,,0.0
IN,TH,EUROPE,TH,213800KFI7R5PNY1TA60,กองทุนเปิด อเบอร์ดีน โกลบอล เอนแฮนซ์ ฟิกซ์ อินคัม ฟันด์,TH,EUROPE,,,phase3_jurisdiction_model,E_model_predicted_jurisdiction,E_model_only,0.3839,0,1,,,,0.0
IN,TH,DE,TH,529900M1CIOMSII1A375,บริษัท ทีพีไอ โพลีน จำกัด (มหาชน),TH,DE,,,phase3_jurisdiction_model,E_model_predicted_jurisdiction,E_model_only,0.3836,0,1,,,,0.0
IN,TH,EUROPE,TH,8945007ZGMN4ZBZHJJ65,กองทุนเปิดไทยพาณิชย์ตราสารหนี้ต่างประเทศ 6MJ7,TH,EUROPE,,,phase3_jurisdiction_model,E_model_predicted_jurisdiction,E_model_only,0.383,0,1,,,,0.0
IN,TH,DE,TH,529900B0FJ7G35MF2S50,บริษัท บางจาก ศรีราชา จำกัด (มหาชน),TH,DE,,,phase3_jurisdiction_model,E_model_predicted_jurisdiction,E_model_only,0.3829,0,1,,,,0.0
IN,TH,EUROPE,TH,89450052WWSUIYXG9982,บริษัท บิลด์ฟาสต์พรอม จำกัด,TH,EUROPE,,,phase3_jurisdiction_model,E_model_predicted_jurisdiction,E_model_only,0.3829,0,1,,,,0.0
IN,TH,EUROPE,TH,254900MFPIR9RF56Y187,กองทุนเปิดไทยพาณิชย์ Diversified Income Plus,TH,EUROPE,,,phase3_jurisdiction_model,E_model_predicted_jurisdiction,E_model_only,0.3827,0,1,,,,0.0
IN,TH,EUROPE,TH,254900L5P2GOJXB2UO33,สหกรณ์ออมทรัพย์มหาวิทยาลัย มหิดล,TH,EUROPE,,,phase3_jurisdiction_model,E_model_predicted_jurisdiction,E_model_only,0.3825,0,1,,,,0.0
IN,TH,DE,TH,529900JJF0WHQF2M1T28,บริษัท ยูมิคอร์ (ประเทศไทย) จำกัด,TH,DE,,,phase3_jurisdiction_model,E_model_predicted_jurisdiction,E_model_only,0.3816,0,1,,,,0.0
IN,TH,DE,TH,5299009X9NZQQB6OZK59,บริษัท บีบีวี ซิสเท็มส์ จำกัด,TH,DE,,,phase3_jurisdiction_model,E_model_predicted_jurisdiction,E_model_only,0.3809,0,1,,,,0.0
IN,TH,US,TH,894500L60K6A9MJHQN32,บริษัท อีโอซี โพลีเมอร์ส (ประเทศไทย) จำกัด,TH,US,,,phase3_jurisdiction_model,E_model_predicted_jurisdiction,E_model_only,0.3786,0,1,,,,0.0
IN,TH,DE,TH,529900BFBGWVP2R8N697,บริษัท ทรุ้มพ์ฟ จำกัด,TH,DE,,,phase3_jurisdiction_model,E_model_predicted_jurisdiction,E_model_only,0.3779,0,1,,,,0.0
IN,TH,EUROPE,TH,2549001OWR7AW7ONIV25,กองทุนเปิด แอสเซทพลัส ดิสรัปทีฟ ออพพอร์ทูนิตีส,TH,EUROPE,,,phase3_jurisdiction_model,E_model_predicted_jurisdiction,E_model_only,0.3771,0,1,,,,0.0
IN,TH,DE,TH,5299008GI676QHLWCL22,บริษัท มายเฮลท์ เซอร์วิสเซส (ไทยแลนด์) จำกัด,TH,DE,,,phase3_jurisdiction_model,E_model_predicted_jurisdiction,E_model_only,0.3761,0,1,,,,0.0
IN,TH,US,TH,549300NOGTCQ213BU364,บริษัท ฟอร์ด มอเตอร์ คัมปะนี (ประเทศไทย) จำกัด,TH,US,,,phase3_jurisdiction_model,E_model_predicted_jurisdiction,E_model_only,0.376,0,1,,,,0.0
IN,TH,EUROPE,TH,98450065F047G08Y7919,กองทุนเปิดดับเบิลยูไอเอสอี เคแทม ซีเอสไอ 300 ไชน่า แทร็กเกอร์,TH,EUROPE,,,phase3_jurisdiction_model,E_model_predicted_jurisdiction,E_model_only,0.3757,0,1,,,,0.0
IN,TH,EUROPE,TH,549300FXEKZUEO2DJT78,กองทุนเปิด TTB SMART PORT 1 PRESERVER,TH,EUROPE,,,phase3_jurisdiction_model,E_model_predicted_jurisdiction,E_model_only,0.3755,0,1,,,,0.0
IN,TH,EUROPE,TH,54930081PDIGHBGYVW62,กองทุนเปิด TTB SMART PORT 5 GO-GETTER,TH,EUROPE,,,phase3_jurisdiction_model,E_model_predicted_jurisdiction,E_model_only,0.3755,0,1,,,,0.0
IN,TH,DE,TH,254900732NJI2NMV7R76,บริษัท เคดับบลิวไอ ประกันช่ีวิต จำกัด (มหาชน),TH,DE,,,phase3_jurisdiction_model,E_model_predicted_jurisdiction,E_model_only,0.375,0,1,,,,0.0
IN,TH,DE,TH,529900QQNEUNMVJOTS70,บริษัท คอมพาเร็กซ์ (ไทยแลนด์) จำกัด,TH,DE,,,phase3_jurisdiction_model,E_model_predicted_jurisdiction,E_model_only,0.3747,0,1,,,,0.0
IN,TH,EUROPE,TH,254900W6UJGT61CBU116,กองทุนเปิด แอสเซทพลัส ตราสารหนี้ต่างประเทศ พลัส,TH,EUROPE,,,phase3_jurisdiction_model,E_model_predicted_jurisdiction,E_model_only,0.374,0,1,,,,0.0
IN,TH,EUROPE,TH,254900T6TB79AMQEH459,กองทุนเปิด แอสเซทพลัส โรโบติกส์ เพื่อการเลี้ยงชีพ,TH,EUROPE,,,phase3_jurisdiction_model,E_model_predicted_jurisdiction,E_model_only,0.374,0,1,,,,0.0
IN,TH,DE,TH,529900B0TT2XY0AVPI77,บริษัท สายการบินนกแอร์ จำกัด (มหาชน),TH,DE,,,phase3_jurisdiction_model,E_model_predicted_jurisdiction,E_model_only,0.3724,0,1,,,,0.0
IN,TH,EUROPE,TH,2549000JHGK47Z2NTV21,บริษัท ทิพยประกันชีวิต จำกัด (มหาชน),TH,EUROPE,,,phase3_jurisdiction_model,E_model_predicted_jurisdiction,E_model_only,0.3716,0,1,,,,0.0
IN,TH,DE,TH,894500KCLJ3NIIYI6N88,สถาบันคุ้มครองเงินฝาก,TH,DE,,,phase3_jurisdiction_model,E_model_predicted_jurisdiction,E_model_only,0.3715,0,1,,,,0.0
IN,TH,EUROPE,TH,894500JCK9AG7ESY2C91,อโกรมัล บจก,TH,EUROPE,,,phase3_jurisdiction_model,E_model_predicted_jurisdiction,E_model_only,0.371,0,1,,,,0.0
IN,TH,DE,TH,529900OBQHGGAV61M606,บริษัท ช. การช่าง จำกัด (มหาชน),TH,DE,,,phase3_jurisdiction_model,E_model_predicted_jurisdiction,E_model_only,0.3702,0,1,,,,0.0
IN,TH,EUROPE,TH,254900OO0NMKYWM30E15,กองทุนเปิดเอ็มเอฟซีตราสารหนี้ต่างประเทศ 1 ปี ซีรี่ส์ 1 ห้ามขายผู้ลงทุนรายย่อย,TH,EUROPE,,,phase3_jurisdiction_model,E_model_predicted_jurisdiction,E_model_only,0.37,0,1,,,,0.0
IN,TH,EUROPE,TH,254900Z1CBTAOH3L0K27,กองทุนเปิดไทยพาณิชย์ Floating Rate Complex Return 1YD ห้ามขายผู้ลงทุนรายย่อย,TH,EUROPE,,,phase3_jurisdiction_model,E_model_predicted_jurisdiction,E_model_only,0.3691,0,1,,,,0.0
IN,TH,EUROPE,TH,254900WWF9ZYS5DN4C36,กองทุนเปิดไทยพาณิชย์ Floating Rate Complex Return 1YE ห้ามขายผู้ลงทุนรายย่อย,TH,EUROPE,,,phase3_jurisdiction_model,E_model_predicted_jurisdiction,E_model_only,0.3691,0,1,,,,0.0
IN,TH,EUROPE,TH,2549006SRKV7OBQWU739,กองทุนเปิด แอสเซทพลัส โกลบอล อินคัม พลัส,TH,EUROPE,,,phase3_jurisdiction_model,E_model_predicted_jurisdiction,E_model_only,0.3666,0,1,,,,0.0
IN,TH,EUROPE,TH,549300JF7561HXGJNF81,K ASEAN ECONOMIC COMMUNITY EQUITY FUND,TH,EUROPE,,,phase3_jurisdiction_model,E_model_predicted_jurisdiction,E_model_only,0.366,0,1,,,,0.0
IN,TH,EUROPE,TH,254900A4KIJMIEYI0X71,กองทุนเปิด AIA Global Moderate Strategic Allocation Fund,TH,EUROPE,,,phase3_jurisdiction_model,E_model_predicted_jurisdiction,E_model_only,0.3654,0,1,,,,0.0
IN,TH,GB,TH,EYNJBGZHLQBQP7BOWQ87,"GE HEALTHCARE BIO-SCIENCES (THAILAND) CO.,LTD.",TH,GB,,,phase3_jurisdiction_model,E_model_predicted_jurisdiction,E_model_only,0.3649,0,1,,,,0.0
IN,TH,EUROPE,TH,2549002QMNTYVV4B0I45,กองทุนเปิดอีสท์สปริง ASIA PACIFIC PROPERTY FLEXIBLE,TH,EUROPE,,,phase3_jurisdiction_model,E_model_predicted_jurisdiction,E_model_only,0.3634,0,1,,,,0.0
IN,TH,OTHER,TH,549300QOGMPTKB6W7G56,บริษัท ปตท. จำกัด (มหาชน),TH,OTHER,,,phase3_jurisdiction_model,E_model_predicted_jurisdiction,E_model_only,0.3632,0,1,,,,0.0
IN,TH,EUROPE,TH,254900KQ2I6ZC0I8XR47,SCB FOREIGN FIXED INCOME FUND1YG8,TH,EUROPE,,,phase3_jurisdiction_model,E_model_predicted_jurisdiction,E_model_only,0.3629,0,1,,,,0.0
IN,TH,DE,TH,5299006VS4CU6LW0TY22,บริษัท ท่าอากาศยานไทย จำกัด (มหาชน),TH,DE,,,phase3_jurisdiction_model,E_model_predicted_jurisdiction,E_model_only,0.3618,0,1,,,,0.0
IN,TH,EUROPE,TH,549300XW6LWPVI614I80,K-ASSET GLOBAL FIXED INCOME 3 FUND,TH,EUROPE,,,phase3_jurisdiction_model,E_model_predicted_jurisdiction,E_model_only,0.3617,0,1,,,,0.0
IN,TH,GB,TH,213800GCY4VZTH8YOJ59,บริษัท จอห์นสัน คอนโทรลส์ อินเตอร์เนชั่นแนล (ประเทศไทย) จำกัด,TH,GB,,,phase3_jurisdiction_model,E_model_predicted_jurisdiction,E_model_only,0.3609,0,1,,,,0.0
IN,TH,DE,TH,5299009MZ255FT79SF55,บริษัท ผลิตไฟฟ้า จำกัด (มหาชน),TH,DE,,,phase3_jurisdiction_model,E_model_predicted_jurisdiction,E_model_only,0.3607,0,1,,,,0.0
IN,TH,DE,TH,529900GC6PZFJU0ACP77,บริษัท โซลาร์ตรอน จำกัด (มหาชน),TH,DE,,,phase3_jurisdiction_model,E_model_predicted_jurisdiction,E_model_only,0.3607,0,1,,,,0.0
IN,TH,DE,TH,529900D74TV79S43T382,บริษัท ยูมิคอร์ พรีเชียส เมทัลส์ (ไทยแลนด์) จำกัด,TH,DE,,,phase3_jurisdiction_model,E_model_predicted_jurisdiction,E_model_only,0.3596,0,1,,,,0.0
IN,TH,DE,TH,529900Q7J67FC4CUTF04,บริษัท อะควา โฮลดิ้งส์ (ประเทศไทย) จำกัด,TH,DE,,,phase3_jurisdiction_model,E_model_predicted_jurisdiction,E_model_only,0.3589,0,1,,,,0.0
IN,TH,EUROPE,TH,254900NM44KV16LWVC81,กองทุนเปิดไทยพาณิชย์ Performance-Linked Complex Return 2YD ห้ามขายผู้ลงทุนรายย่อย,TH,EUROPE,,,phase3_jurisdiction_model,E_model_predicted_jurisdiction,E_model_only,0.3588,0,1,,,,0.0
IN,TH,DE,TH,529900081JWKBBET9526,บริษัท สยามแก๊ส แอนด์ ปิโตรเคมีคัลส์ จำกัด (มหาชน),TH,DE,,,phase3_jurisdiction_model,E_model_predicted_jurisdiction,E_model_only,0.3588,0,1,,,,0.0
IN,TH,EUROPE,TH,549300460R45PMSPJW77,K FOREIGN FIXED INCOME 1 YEAR HE FUND,TH,EUROPE,,,phase3_jurisdiction_model,E_model_predicted_jurisdiction,E_model_only,0.3574,0,1,,,,0.0
IN,TH,EUROPE,TH,2138007U7UE6W9GIRR87,กองทุนเปิด อเบอร์ดีน ไชน่า A SHARE ซัสเทนเนเบิล เอคควิตี้ ฟันด์,TH,EUROPE,,,phase3_jurisdiction_model,E_model_predicted_jurisdiction,E_model_only,0.3569,0,1,,,,0.0
IN,TH,DE,TH,2549008E8B972E5Z8314,บริษัท โรก้า โปรดักส์ ห้องน้ำ (ประเทศไทย) จำกัด,TH,DE,,,phase3_jurisdiction_model,E_model_predicted_jurisdiction,E_model_only,0.3565,0,1,,,,0.0
IN,TH,EUROPE,TH,5493002LQGLAVDRXLL09,K SELECTIVE EMERGING MARKETS EQUITY FUND,TH,EUROPE,,,phase3_jurisdiction_model,E_model_predicted_jurisdiction,E_model_only,0.3561,0,1,,,,0.0
IN,TH,DE,TH,529900V2DKG77EI8X273,พฤกษา โฮลดิ้ง จำกัด (มหาชน),TH,DE,,,phase3_jurisdiction_model,E_model_predicted_jurisdiction,E_model_only,0.3555,0,1,,,,0.0
IN,TH,DE,TH,529900JO71U5FYKH8O35,บริษัท ไมเนอร์ เฮลท์ เอ็นเตอร์ไพรส์ จำกัด,TH,DE,,,phase3_jurisdiction_model,E_model_predicted_jurisdiction,E_model_only,0.3554,0,1,,,,0.0
IN,TH,EUROPE,TH,8945006FQ5QNS95F9083,บริษัท โซเรรอส,TH,EUROPE,,,phase3_jurisdiction_model,E_model_predicted_jurisdiction,E_model_only,0.3549,0,1,,,,0.0
IN,TH,EUROPE,TH,2549005EWKZFMXQDT682,SCB FOREIGN FIXED INCOME FUND 1YF1,TH,EUROPE,,,phase3_jurisdiction_model,E_model_predicted_jurisdiction,E_model_only,0.3548,0,1,,,,0.0
IN,TH,EUROPE,TH,254900EDU5MFFTE1DB24,SCB FOREIGN FIXED INCOME FUND 1YF2,TH,EUROPE,,,phase3_jurisdiction_model,E_model_predicted_jurisdiction,E_model_only,0.3548,0,1,,,,0.0
IN,TH,EUROPE,TH,254900CFQ5JOB9U0D920,SCB FOREIGN FIXED INCOME FUND 1YF6,TH,EUROPE,,,phase3_jurisdiction_model,E_model_predicted_jurisdiction,E_model_only,0.3548,0,1,,,,0.0
IN,TH,EUROPE,TH,2549005DAR9JWFV3VR86,SCB FOREIGN FIXED INCOME FUND 1YF7,TH,EUROPE,,,phase3_jurisdiction_model,E_model_predicted_jurisdiction,E_model_only,0.3548,0,1,,,,0.0
IN,TH,EUROPE,TH,254900OVTITLBT0CYT59,SCB FOREIGN FIXED INCOME FUND 1YG1,TH,EUROPE,,,phase3_jurisdiction_model,E_model_predicted_jurisdiction,E_model_only,0.3548,0,1,,,,0.0
IN,TH,EUROPE,TH,2549002636FN36M0CA14,SCB FOREIGN FIXED INCOME FUND 1YG5,TH,EUROPE,,,phase3_jurisdiction_model,E_model_predicted_jurisdiction,E_model_only,0.3548,0,1,,,,0.0
IN,TH,EUROPE,TH,254900N4S1F10IAVRX55,SCB FOREIGN FIXED INCOME FUND 1YH3,TH,EUROPE,,,phase3_jurisdiction_model,E_model_predicted_jurisdiction,E_model_only,0.3548,0,1,,,,0.0
IN,TH,EUROPE,TH,254900GGI0DG5WW47K91,SCB FOREIGN FIXED INCOME FUND 6MG7,TH,EUROPE,,,phase3_jurisdiction_model,E_model_predicted_jurisdiction,E_model_only,0.3548,0,1,,,,0.0
IN,TH,EUROPE,TH,254900U24AJQ7GBGA663,SCB FOREIGN FIXED INCOME FUND 6MG8,TH,EUROPE,,,phase3_jurisdiction_model,E_model_predicted_jurisdiction,E_model_only,0.3548,0,1,,,,0.0
IN,TH,EUROPE,TH,254900FQHSSDEJL4AQ74,SCB FOREIGN FIXED INCOME FUND 6MG9,TH,EUROPE,,,phase3_jurisdiction_model,E_model_predicted_jurisdiction,E_model_only,0.3548,0,1,,,,0.0
IN,TH,EUROPE,TH,254900UPC7QYW6BH8T86,SCB FOREIGN FIXED INCOME FUND 6MH1,TH,EUROPE,,,phase3_jurisdiction_model,E_model_predicted_jurisdiction,E_model_only,0.3548,0,1,,,,0.0
IN,TH,DE,TH,2549009NGR4G3RGUEW16,บริษัท ซี.พี.เมอร์แชนไดซิ่ง จำกัด,TH,DE,,,phase3_jurisdiction_model,E_model_predicted_jurisdiction,E_model_only,0.3547,0,1,,,,0.0
IN,TH,DE,TH,529900O7AEACUWP7KS87,บริษัท แลนด์ แอนด์ เฮ้าส์ จำกัด,TH,DE,,,phase3_jurisdiction_model,E_model_predicted_jurisdiction,E_model_only,0.354,0,1,,,,0.0
IN,TH,DE,TH,254900XSMJFSHBJPK132,บริษัท แอสเสท เวิรด์ คอร์ป จำกัด (มหาชน),TH,DE,,,phase3_jurisdiction_model,E_model_predicted_jurisdiction,E_model_only,0.3539,0,1,,,,0.0
IN,TH,EUROPE,TH,5493003GWYXF6HQ30Q22,K FOREIGN FIXED INCOME 1 YEAR CL FUND,TH,EUROPE,,,phase3_jurisdiction_model,E_model_predicted_jurisdiction,E_model_only,0.3523,0,1,,,,0.0
IN,TH,EUROPE,TH,5493008KX2X1OOJWDQ05,K FOREIGN FIXED INCOME 1 YEAR CM FUND,TH,EUROPE,,,phase3_jurisdiction_model,E_model_predicted_jurisdiction,E_model_only,0.3523,0,1,,,,0.0
IN,TH,EUROPE,TH,549300B85TQK5FI7P851,K FOREIGN FIXED INCOME 1 YEAR CN FUND,TH,EUROPE,,,phase3_jurisdiction_model,E_model_predicted_jurisdiction,E_model_only,0.3523,0,1,,,,0.0
IN,TH,EUROPE,TH,549300VD3NJ3X4R5K348,K FOREIGN FIXED INCOME 1 YEAR CX FUND,TH,EUROPE,,,phase3_jurisdiction_model,E_model_predicted_jurisdiction,E_model_only,0.3523,0,1,,,,0.0
IN,TH,EUROPE,TH,549300XF8YFRVJXS6L55,K FOREIGN FIXED INCOME 1 YEAR CY FUND,TH,EUROPE,,,phase3_jurisdiction_model,E_model_predicted_jurisdiction,E_model_only,0.3523,0,1,,,,0.0
IN,TH,EUROPE,TH,549300UPLJ84Z00EJC50,K FOREIGN FIXED INCOME 1 YEAR CZ FUND,TH,EUROPE,,,phase3_jurisdiction_model,E_model_predicted_jurisdiction,E_model_only,0.3523,0,1,,,,0.0
IN,TH,EUROPE,TH,54930000ZNW9NB24EK41,K FOREIGN FIXED INCOME 1 YEAR DA FUND,TH,EUROPE,,,phase3_jurisdiction_model,E_model_predicted_jurisdiction,E_model_only,0.3523,0,1,,,,0.0
IN,TH,EUROPE,TH,549300M3XZ3MX7FS3316,K FOREIGN FIXED INCOME 1 YEAR DC FUND,TH,EUROPE,,,phase3_jurisdiction_model,E_model_predicted_jurisdiction,E_model_only,0.3523,0,1,,,,0.0
IN,TH,EUROPE,TH,549300SY9EM0796WI045,K FOREIGN FIXED INCOME 1 YEAR DD FUND,TH,EUROPE,,,phase3_jurisdiction_model,E_model_predicted_jurisdiction,E_model_only,0.3523,0,1,,,,0.0
IN,TH,EUROPE,TH,549300M1WSU3QLMMX812,K FOREIGN FIXED INCOME 1 YEAR DF FUND,TH,EUROPE,,,phase3_jurisdiction_model,E_model_predicted_jurisdiction,E_model_only,0.3523,0,1,,,,0.0
IN,TH,EUROPE,TH,549300KDUB4UK2SI8B52,K FOREIGN FIXED INCOME 1 YEAR DG FUND,TH,EUROPE,,,phase3_jurisdiction_model,E_model_predicted_jurisdiction,E_model_only,0.3523,0,1,,,,0.0
IN,TH,EUROPE,TH,549300QYTJHGQ64OBL98,K FOREIGN FIXED INCOME 1 YEAR DH FUND,TH,EUROPE,,,phase3_jurisdiction_model,E_model_predicted_jurisdiction,E_model_only,0.3523,0,1,,,,0.0
IN,TH,EUROPE,TH,549300QLHIRR1FVHPD82,K FOREIGN FIXED INCOME 1 YEAR DR FUND,TH,EUROPE,,,phase3_jurisdiction_model,E_model_predicted_jurisdiction,E_model_only,0.3523,0,1,,,,0.0
IN,TH,EUROPE,TH,549300NND2ODBQC7YB87,K FOREIGN FIXED INCOME 1 YEAR DS FUND,TH,EUROPE,,,phase3_jurisdiction_model,E_model_predicted_jurisdiction,E_model_only,0.3523,0,1,,,,0.0
IN,TH,EUROPE,TH,54930060WJR37QT0BB63,K FOREIGN FIXED INCOME 1 YEAR EV FUND,TH,EUROPE,,,phase3_jurisdiction_model,E_model_predicted_jurisdiction,E_model_only,0.3523,0,1,,,,0.0
IN,TH,EUROPE,TH,54930061FE9JUST35051,K FOREIGN FIXED INCOME 1 YEAR EX FUND,TH,EUROPE,,,phase3_jurisdiction_model,E_model_predicted_jurisdiction,E_model_only,0.3523,0,1,,,,0.0
IN,TH,EUROPE,TH,549300YU883VQCEK1F65,K FOREIGN FIXED INCOME 1 YEAR FC FUND,TH,EUROPE,,,phase3_jurisdiction_model,E_model_predicted_jurisdiction,E_model_only,0.3523,0,1,,,,0.0
IN,TH,EUROPE,TH,549300HDI4AIS5J1CW61,K FOREIGN FIXED INCOME 1 YEAR FD FUND,TH,EUROPE,,,phase3_jurisdiction_model,E_model_predicted_jurisdiction,E_model_only,0.3523,0,1,,,,0.0
IN,TH,EUROPE,TH,549300VG62GQ6GS7L809,K FOREIGN FIXED INCOME 1 YEAR FE FUND,TH,EUROPE,,,phase3_jurisdiction_model,E_model_predicted_jurisdiction,E_model_only,0.3523,0,1,,,,0.0
IN,TH,EUROPE,TH,549300YG6C5QDRTNTX86,K FOREIGN FIXED INCOME 1 YEAR FF FUND,TH,EUROPE,,,phase3_jurisdiction_model,E_model_predicted_jurisdiction,E_model_only,0.3523,0,1,,,,0.0
IN,TH,EUROPE,TH,549300RJBOU0UZ498W34,K FOREIGN FIXED INCOME 1 YEAR FG FUND,TH,EUROPE,,,phase3_jurisdiction_model,E_model_predicted_jurisdiction,E_model_only,0.3523,0,1,,,,0.0
IN,TH,EUROPE,TH,549300S5C48JVNWBER28,K FOREIGN FIXED INCOME 1 YEAR FH FUND,TH,EUROPE,,,phase3_jurisdiction_model,E_model_predicted_jurisdiction,E_model_only,0.3523,0,1,,,,0.0
IN,TH,EUROPE,TH,549300R7QUE7CTO0TN14,K FOREIGN FIXED INCOME 1 YEAR FI FUND,TH,EUROPE,,,phase3_jurisdiction_model,E_model_predicted_jurisdiction,E_model_only,0.3523,0,1,,,,0.0
IN,TH,EUROPE,TH,549300AYWCW6CBISGL27,K FOREIGN FIXED INCOME 1 YEAR FJ FUND,TH,EUROPE,,,phase3_jurisdiction_model,E_model_predicted_jurisdiction,E_model_only,0.3523,0,1,,,,0.0
IN,TH,EUROPE,TH,5493003TJICJJYE7GD92,K FOREIGN FIXED INCOME 1 YEAR FK FUND,TH,EUROPE,,,phase3_jurisdiction_model,E_model_predicted_jurisdiction,E_model_only,0.3523,0,1,,,,0.0
IN,TH,EUROPE,TH,549300KVCGRWQBM3IV46,K FOREIGN FIXED INCOME 1 YEAR FL FUND,TH,EUROPE,,,phase3_jurisdiction_model,E_model_predicted_jurisdiction,E_model_only,0.3523,0,1,,,,0.0
IN,TH,EUROPE,TH,549300D8EPESGWN7PY49,K FOREIGN FIXED INCOME 1 YEAR FM FUND,TH,EUROPE,,,phase3_jurisdiction_model,E_model_predicted_jurisdiction,E_model_only,0.3523,0,1,,,,0.0
IN,TH,EUROPE,TH,5493008R5OPZT3KP6O40,K FOREIGN FIXED INCOME 1 YEAR FN FUND,TH,EUROPE,,,phase3_jurisdiction_model,E_model_predicted_jurisdiction,E_model_only,0.3523,0,1,,,,0.0
IN,TH,EUROPE,TH,549300PKNEZK2GWZ2545,K FOREIGN FIXED INCOME 1 YEAR FO FUND,TH,EUROPE,,,phase3_jurisdiction_model,E_model_predicted_jurisdiction,E_model_only,0.3523,0,1,,,,0.0
IN,TH,EUROPE,TH,5493001KXPI8E6FXIH06,K FOREIGN FIXED INCOME 1 YEAR FP FUND,TH,EUROPE,,,phase3_jurisdiction_model,E_model_predicted_jurisdiction,E_model_only,0.3523,0,1,,,,0.0
IN,TH,DE,TH,529900WOW95U7K5MYK46,บริษัท โคเม พรีมา แฟชั่น การ์เม้นท์ จำกัด,TH,DE,,,phase3_jurisdiction_model,E_model_predicted_jurisdiction,E_model_only,0.3523,0,1,,,,0.0
IN,TH,DE,TH,529900SEH9QK8ZZDCQ89,บริษัท ปูนสยาม จำกัด,TH,DE,,,phase3_jurisdiction_model,E_model_predicted_jurisdiction,E_model_only,0.3522,0,1,,,,0.0
IN,TH,DE,TH,529900UDPDZWDBCCDO79,อินทัช โฮลดิ้งส์ จำกัด (มหาชน),TH,DE,,,phase3_jurisdiction_model,E_model_predicted_jurisdiction,E_model_only,0.352,0,1,,,,0.0
IN,TH,EUROPE,TH,5493007X76PB3VEL7T31,K FOREIGN FIXED INCOME 1 YEAR FQ FUND,TH,EUROPE,,,phase3_jurisdiction_model,E_model_predicted_jurisdiction,E_model_only,0.3517,0,1,,,,0.0
IN,TH,EUROPE,TH,549300ZP7SVFRUVPGT43,K FOREIGN FIXED INCOME 1 YEAR FR FUND,TH,EUROPE,,,phase3_jurisdiction_model,E_model_predicted_jurisdiction,E_model_only,0.3517,0,1,,,,0.0
IN,TH,EUROPE,TH,5493005FFVODIDDH8E20,K FOREIGN FIXED INCOME 1 YEAR FS FUND,TH,EUROPE,,,phase3_jurisdiction_model,E_model_predicted_jurisdiction,E_model_only,0.3517,0,1,,,,0.0
IN,TH,EUROPE,TH,549300TJ2HYDWSLV5C42,K FOREIGN FIXED INCOME 1 YEAR FT FUND,TH,EUROPE,,,phase3_jurisdiction_model,E_model_predicted_jurisdiction,E_model_only,0.3517,0,1,,,,0.0
IN,TH,EUROPE,TH,549300OWNPF7HSNCU268,K FOREIGN FIXED INCOME 1 YEAR FU FUND,TH,EUROPE,,,phase3_jurisdiction_model,E_model_predicted_jurisdiction,E_model_only,0.3517,0,1,,,,0.0
IN,TH,EUROPE,TH,549300W6WNX7C1T3IR31,K FOREIGN FIXED INCOME 1 YEAR FV FUND,TH,EUROPE,,,phase3_jurisdiction_model,E_model_predicted_jurisdiction,E_model_only,0.3517,0,1,,,,0.0
IN,TH,EUROPE,TH,549300Q5WP0C8LNNT192,K FOREIGN FIXED INCOME 1 YEAR FW FUND,TH,EUROPE,,,phase3_jurisdiction_model,E_model_predicted_jurisdiction,E_model_only,0.3517,0,1,,,,0.0
IN,TH,EUROPE,TH,549300GZFOJJT3JCZI60,K FOREIGN FIXED INCOME 1 YEAR FX FUND,TH,EUROPE,,,phase3_jurisdiction_model,E_model_predicted_jurisdiction,E_model_only,0.3517,0,1,,,,0.0
IN,TH,EUROPE,TH,5493003H0JJS6M437Y82,K FOREIGN FIXED INCOME 1 YEAR FY FUND,TH,EUROPE,,,phase3_jurisdiction_model,E_model_predicted_jurisdiction,E_model_only,0.3517,0,1,,,,0.0
IN,TH,EUROPE,TH,549300ESKC0KM2IM1631,K FOREIGN FIXED INCOME 1 YEAR FZ FUND,TH,EUROPE,,,phase3_jurisdiction_model,E_model_predicted_jurisdiction,E_model_only,0.3517,0,1,,,,0.0
IN,TH,EUROPE,TH,549300MI8KS92XM4BR50,K FOREIGN FIXED INCOME 1 YEAR GA FUND,TH,EUROPE,,,phase3_jurisdiction_model,E_model_predicted_jurisdiction,E_model_only,0.3517,0,1,,,,0.0
IN,TH,EUROPE,TH,549300UUHF81BO1TDU16,K FOREIGN FIXED INCOME 1 YEAR GB FUND,TH,EUROPE,,,phase3_jurisdiction_model,E_model_predicted_jurisdiction,E_model_only,0.3517,0,1,,,,0.0
IN,TH,EUROPE,TH,549300DBRALPL7O6IK52,K FOREIGN FIXED INCOME 1 YEAR GC FUND,TH,EUROPE,,,phase3_jurisdiction_model,E_model_predicted_jurisdiction,E_model_only,0.3517,0,1,,,,0.0
IN,TH,EUROPE,TH,549300T006FBMO0X6G18,K FOREIGN FIXED INCOME 1 YEAR GD FUND,TH,EUROPE,,,phase3_jurisdiction_model,E_model_predicted_jurisdiction,E_model_only,0.3517,0,1,,,,0.0
IN,TH,EUROPE,TH,549300U9PFUIWQLBYP66,K FOREIGN FIXED INCOME 1 YEAR GE FUND,TH,EUROPE,,,phase3_jurisdiction_model,E_model_predicted_jurisdiction,E_model_only,0.3517,0,1,,,,0.0
IN,TH,EUROPE,TH,549300VHNG200WSWX302,K FOREIGN FIXED INCOME 1 YEAR GF FUND,TH,EUROPE,,,phase3_jurisdiction_model,E_model_predicted_jurisdiction,E_model_only,0.3517,0,1,,,,0.0
IN,TH,EUROPE,TH,549300HQ19FUJR12ZE22,K FOREIGN FIXED INCOME 1 YEAR GG FUND,TH,EUROPE,,,phase3_jurisdiction_model,E_model_predicted_jurisdiction,E_model_only,0.3517,0,1,,,,0.0
IN,TH,EUROPE,TH,549300A85MJPTGQF8O03,K FOREIGN FIXED INCOME 1 YEAR GH FUND,TH,EUROPE,,,phase3_jurisdiction_model,E_model_predicted_jurisdiction,E_model_only,0.3517,0,1,,,,0.0
IN,TH,EUROPE,TH,5493002JMBGMWYVVQL46,K FOREIGN FIXED INCOME 1 YEAR GI FUND,TH,EUROPE,,,phase3_jurisdiction_model,E_model_predicted_jurisdiction,E_model_only,0.3517,0,1,,,,0.0
IN,TH,EUROPE,TH,549300BDHJD70H2LN967,K FOREIGN FIXED INCOME 1 YEAR GJ FUND,TH,EUROPE,,,phase3_jurisdiction_model,E_model_predicted_jurisdiction,E_model_only,0.3517,0,1,,,,0.0
IN,TH,EUROPE,TH,549300K2MXLSYUPU7D69,K FOREIGN FIXED INCOME 1 YEAR GK FUND,TH,EUROPE,,,phase3_jurisdiction_model,E_model_predicted_jurisdiction,E_model_only,0.3517,0,1,,,,0.0
IN,TH,EUROPE,TH,5493005JZL9NB8PQFR54,K FOREIGN FIXED INCOME 1 YEAR GL FUND,TH,EUROPE,,,phase3_jurisdiction_model,E_model_predicted_jurisdiction,E_model_only,0.3517,0,1,,,,0.0
IN,TH,EUROPE,TH,5493009HTKK20ZS4OE38,K FOREIGN FIXED INCOME 1 YEAR GM FUND,TH,EUROPE,,,phase3_jurisdiction_model,E_model_predicted_jurisdiction,E_model_only,0.3517,0,1,,,,0.0
IN,TH,EUROPE,TH,549300PHW15BK3QKQQ97,K FOREIGN FIXED INCOME 1 YEAR GN FUND,TH,EUROPE,,,phase3_jurisdiction_model,E_model_predicted_jurisdiction,E_model_only,0.3517,0,1,,,,0.0
IN,TH,EUROPE,TH,549300NYONI0FSD4QP36,K FOREIGN FIXED INCOME 1 YEAR GO FUND,TH,EUROPE,,,phase3_jurisdiction_model,E_model_predicted_jurisdiction,E_model_only,0.3517,0,1,,,,0.0
IN,TH,EUROPE,TH,549300P8XPUNR0M9T812,K FOREIGN FIXED INCOME 1 YEAR GP FUND,TH,EUROPE,,,phase3_jurisdiction_model,E_model_predicted_jurisdiction,E_model_only,0.3517,0,1,,,,0.0
IN,TH,EUROPE,TH,549300B3LB8K2CCYKO04,K FOREIGN FIXED INCOME 1 YEAR GQ FUND,TH,EUROPE,,,phase3_jurisdiction_model,E_model_predicted_jurisdiction,E_model_only,0.3517,0,1,,,,0.0
IN,TH,EUROPE,TH,549300ZGD8B3X4RV8426,K FOREIGN FIXED INCOME 1 YEAR GR FUND,TH,EUROPE,,,phase3_jurisdiction_model,E_model_predicted_jurisdiction,E_model_only,0.3517,0,1,,,,0.0
IN,TH,EUROPE,TH,549300AQGAWVVKG0VU30,K FOREIGN FIXED INCOME 1 YEAR GS FUND,TH,EUROPE,,,phase3_jurisdiction_model,E_model_predicted_jurisdiction,E_model_only,0.3517,0,1,,,,0.0
IN,TH,EUROPE,TH,5493006ETI2LIRI0LT63,K FOREIGN FIXED INCOME 1 YEAR GT FUND,TH,EUROPE,,,phase3_jurisdiction_model,E_model_predicted_jurisdiction,E_model_only,0.3517,0,1,,,,0.0
IN,TH,EUROPE,TH,549300P1MKK5KGKOZZ72,K FOREIGN FIXED INCOME 1 YEAR GU FUND,TH,EUROPE,,,phase3_jurisdiction_model,E_model_predicted_jurisdiction,E_model_only,0.3517,0,1,,,,0.0
IN,TH,EUROPE,TH,549300BF0RFATPO6OE89,K FOREIGN FIXED INCOME 1 YEAR GV FUND,TH,EUROPE,,,phase3_jurisdiction_model,E_model_predicted_jurisdiction,E_model_only,0.3517,0,1,,,,0.0
IN,TH,EUROPE,TH,5493003WNUJKNY2WMZ45,K FOREIGN FIXED INCOME 1 YEAR GW FUND,TH,EUROPE,,,phase3_jurisdiction_model,E_model_predicted_jurisdiction,E_model_only,0.3517,0,1,,,,0.0
IN,TH,EUROPE,TH,549300R7220GOC7VJK78,K FOREIGN FIXED INCOME 1 YEAR GX FUND,TH,EUROPE,,,phase3_jurisdiction_model,E_model_predicted_jurisdiction,E_model_only,0.3517,0,1,,,,0.0
IN,TH,EUROPE,TH,549300LKR8SUW848YJ82,K FOREIGN FIXED INCOME 1 YEAR GY FUND,TH,EUROPE,,,phase3_jurisdiction_model,E_model_predicted_jurisdiction,E_model_only,0.3517,0,1,,,,0.0
IN,TH,EUROPE,TH,549300H8Z5YDX5DW5F23,K FOREIGN FIXED INCOME 1 YEAR GZ FUND,TH,EUROPE,,,phase3_jurisdiction_model,E_model_predicted_jurisdiction,E_model_only,0.3517,0,1,,,,0.0
IN,TH,EUROPE,TH,54930060D76ZDC1XLV69,K FOREIGN FIXED INCOME 1 YEAR HA FUND,TH,EUROPE,,,phase3_jurisdiction_model,E_model_predicted_jurisdiction,E_model_only,0.3517,0,1,,,,0.0
IN,TH,EUROPE,TH,549300BOMTB1BY0N4P63,K FOREIGN FIXED INCOME 1 YEAR HB FUND,TH,EUROPE,,,phase3_jurisdiction_model,E_model_predicted_jurisdiction,E_model_only,0.3517,0,1,,,,0.0
IN,TH,EUROPE,TH,549300KKJX6WT4JVPO95,K FOREIGN FIXED INCOME 1 YEAR HD FUND,TH,EUROPE,,,phase3_jurisdiction_model,E_model_predicted_jurisdiction,E_model_only,0.3517,0,1,,,,0.0
IN,TH,US,TH,213800D1K4K9SF7BJ184,กองทุนเปิ ด อเบอร์ดีน โกลบอล สมอลแค็พ ฟันด์,TH,US,,,phase3_jurisdiction_model,E_model_predicted_jurisdiction,E_model_only,0.3517,0,1,,,,0.0
IN,TH,DE,TH,529900OOUQI3OWX2WU06,บริษัท ทิสโก้ไฟแนนเชียลกรุ๊ป จำกัด (มหาชน),TH,DE,,,phase3_jurisdiction_model,E_model_predicted_jurisdiction,E_model_only,0.3517,0,1,,,,0.0
IN,TH,DE,TH,2549001L04ZHIYZ69N60,กองทุนเปิดไทยพาณิชย์ตราสารหนี้ต่างประเทศ 1YM2,TH,DE,,,phase3_jurisdiction_model,E_model_predicted_jurisdiction,E_model_only,0.3507,0,1,,,,0.0
IN,TH,DE,TH,254900YZ3M4G8E3XEN58,กองทุนเปิดไทยพาณิชย์ตราสารหนี้ต่างประเทศ 1YM3,TH,DE,,,phase3_jurisdiction_model,E_model_predicted_jurisdiction,E_model_only,0.3507,0,1,,,,0.0
IN,TH,DE,TH,254900JSDQ481N8BTO58,กองทุนเปิดไทยพาณิชย์ตราสารหนี้ต่างประเทศ 1YM4,TH,DE,,,phase3_jurisdiction_model,E_model_predicted_jurisdiction,E_model_only,0.3507,0,1,,,,0.0
IN,TH,DE,TH,25490097VJNOIUAMAM28,กองทุนเปิดไทยพาณิชย์ตราสารหนี้ต่างประเทศ 1YM5,TH,DE,,,phase3_jurisdiction_model,E_model_predicted_jurisdiction,E_model_only,0.3507,0,1,,,,0.0
IN,TH,DE,TH,2549008M6BR9PK6NQS39,กองทุนเปิดไทยพาณิชย์ตราสารหนี้ต่างประเทศ 1YM7,TH,DE,,,phase3_jurisdiction_model,E_model_predicted_jurisdiction,E_model_only,0.3507,0,1,,,,0.0
IN,TH,DE,TH,254900LMWH89WHODO608,กองทุนเปิดไทยพาณิชย์ตราสารหนี้ต่างประเทศ 1YM9,TH,DE,,,phase3_jurisdiction_model,E_model_predicted_jurisdiction,E_model_only,0.3507,0,1,,,,0.0
IN,TH,DE,TH,254900BD3K6XC0S4FT76,กองทุนเปิดไทยพาณิชย์ตราสารหนี้ต่างประเทศ 1YN1,TH,DE,,,phase3_jurisdiction_model,E_model_predicted_jurisdiction,E_model_only,0.3507,0,1,,,,0.0
IN,TH,DE,TH,254900CCXXNF1AXS4G32,กองทุนเปิดไทยพาณิชย์ตราสารหนี้ต่างประเทศ 1YN4,TH,DE,,,phase3_jurisdiction_model,E_model_predicted_jurisdiction,E_model_only,0.3507,0,1,,,,0.0
IN,TH,DE,TH,254900D39UIQCS4U0076,กองทุนเปิดไทยพาณิชย์ตราสารหนี้ต่างประเทศ 1YN9,TH,DE,,,phase3_jurisdiction_model,E_model_predicted_jurisdiction,E_model_only,0.3507,0,1,,,,0.0
IN,TH,DE,TH,2549009GO1E939ARTB74,กองทุนเปิดไทยพาณิชย์ตราสารหนี้ต่างประเทศ 1YO2,TH,DE,,,phase3_jurisdiction_model,E_model_predicted_jurisdiction,E_model_only,0.3507,0,1,,,,0.0
IN,TH,DE,TH,254900M7CXS08RRZC562,กองทุนเปิดไทยพาณิชย์ตราสารหนี้ต่างประเทศ 1YO3,TH,DE,,,phase3_jurisdiction_model,E_model_predicted_jurisdiction,E_model_only,0.3507,0,1,,,,0.0
IN,TH,DE,TH,254900D09Q5RGU95Y507,กองทุนเปิดไทยพาณิชย์ตราสารหนี้ต่างประเทศ 1YO8,TH,DE,,,phase3_jurisdiction_model,E_model_predicted_jurisdiction,E_model_only,0.3507,0,1,,,,0.0
IN,TH,DE,TH,254900UZ1PRC1LJ6LA27,กองทุนเปิดไทยพาณิชย์ตราสารหนี้ต่างประเทศ 1YP8,TH,DE,,,phase3_jurisdiction_model,E_model_predicted_jurisdiction,E_model_only,0.3507,0,1,,,,0.0
IN,TH,DE,TH,2549006W3FJ90LEPKR30,กองทุนเปิดไทยพาณิชย์ตราสารหนี้ต่างประเทศ 1YP9,TH,DE,,,phase3_jurisdiction_model,E_model_predicted_jurisdiction,E_model_only,0.3507,0,1,,,,0.0
IN,TH,DE,TH,254900R78O6J6MMG4Z36,กองทุนเปิดไทยพาณิชย์ตราสารหนี้ต่างประเทศ 1YQ2,TH,DE,,,phase3_jurisdiction_model,E_model_predicted_jurisdiction,E_model_only,0.3507,0,1,,,,0.0
IN,TH,DE,TH,2549008GZ9OZXR11UB10,กองทุนเปิดไทยพาณิชย์ตราสารหนี้ต่างประเทศ 6MP7,TH,DE,,,phase3_jurisdiction_model,E_model_predicted_jurisdiction,E_model_only,0.3507,0,1,,,,0.0
IN,TH,DE,TH,2549006WKNU04RCIMA09,กองทุนเปิดไทยพาณิชย์ตราสารหนี้ต่างประเทศ 6MP8,TH,DE,,,phase3_jurisdiction_model,E_model_predicted_jurisdiction,E_model_only,0.3507,0,1,,,,0.0
IN,TH,DE,TH,254900RJ5OCAZDP50M26,กองทุนเปิดไทยพาณิชย์ตราสารหนี้ต่างประเทศ 6MP9,TH,DE,,,phase3_jurisdiction_model,E_model_predicted_jurisdiction,E_model_only,0.3507,0,1,,,,0.0
IN,TH,DE,TH,2549004IEC7TKO866T73,กองทุนเปิดไทยพาณิชย์ตราสารหนี้ต่างประเทศ 6MQ1,TH,DE,,,phase3_jurisdiction_model,E_model_predicted_jurisdiction,E_model_only,0.3507,0,1,,,,0.0
IN,TH,DE,TH,529900QQJP4B660NPG08,บริษัท เอช พี เอส คอนซัลติ้ง (ไทยแลนด์) จำกัด,TH,DE,,,phase3_jurisdiction_model,E_model_predicted_jurisdiction,E_model_only,0.3499,0,1,,,,0.0
IN,TH,DE,TH,2549003ILB1TVBYX1D46,กองทุนเปิดไทยพาณิชย์ตราสารหนี้ต่างประเทศ 1YQ5,TH,DE,,,phase3_jurisdiction_model,E_model_predicted_jurisdiction,E_model_only,0.3497,0,1,,,,0.0
IN,TH,DE,TH,254900640WN19J88M257,กองทุนเปิดไทยพาณิชย์ตราสารหนี้ต่างประเทศ 3MG7,TH,DE,,,phase3_jurisdiction_model,E_model_predicted_jurisdiction,E_model_only,0.3497,0,1,,,,0.0
IN,TH,DE,TH,25490054TOSMWMHRC634,กองทุนเปิดไทยพาณิชย์ตราสารหนี้ต่างประเทศ 3MG8,TH,DE,,,phase3_jurisdiction_model,E_model_predicted_jurisdiction,E_model_only,0.3497,0,1,,,,0.0
IN,TH,DE,TH,254900TT392ETSGEW189,กองทุนเปิดไทยพาณิชย์ตราสารหนี้ต่างประเทศ 3MG9,TH,DE,,,phase3_jurisdiction_model,E_model_predicted_jurisdiction,E_model_only,0.3497,0,1,,,,0.0
IN,TH,DE,TH,2549005XTDPFWJIEIK11,กองทุนเปิดไทยพาณิชย์ตราสารหนี้ต่างประเทศ 3MH2,TH,DE,,,phase3_jurisdiction_model,E_model_predicted_jurisdiction,E_model_only,0.3497,0,1,,,,0.0
IN,TH,DE,TH,254900I4V1TL9WVMYN54,กองทุนเปิดไทยพาณิชย์ตราสารหนี้ต่างประเทศ 6MQ4,TH,DE,,,phase3_jurisdiction_model,E_model_predicted_jurisdiction,E_model_only,0.3497,0,1,,,,0.0
IN,TH,DE,TH,254900TYKMFJ21SSR007,บริษัท ไทยน้ำทิพย์ คอร์ปอเรชั่น จำกัด,TH,DE,,,phase3_jurisdiction_model,E_model_predicted_jurisdiction,E_model_only,0.3497,0,1,,,,0.0
IN,TH,EUROPE,TH,213800RUKZLSIWKB3K64,PADAENG INDUSTRY PLC,TH,EUROPE,,,phase3_jurisdiction_model,E_model_predicted_jurisdiction,E_model_only,0.3488,0,1,,,,0.0
IN,TH,EUROPE,TH,254900QLV03BQ1TIO179,กองทุนเปิด ยูไนเต็ด เอนฮานซ์ โกรท ซีเล็คท์ ฟันด์,TH,EUROPE,,,phase3_jurisdiction_model,E_model_predicted_jurisdiction,E_model_only,0.3485,0,1,,,,0.0
IN,TH,DE,TH,529900VNNYCFS81B3436,บริษัท ทุนธนชาต จำกัด (มหาชน),TH,DE,,,phase3_jurisdiction_model,E_model_predicted_jurisdiction,E_model_only,0.3474,0,1,,,,0.0
IN,TH,EUROPE,TH,254900QCO31Z07509Q94,กองทุนเปิด แอสเซทพลัส เวียดนาม โกรท ฟันด์,TH,EUROPE,,,phase3_jurisdiction_model,E_model_predicted_jurisdiction,E_model_only,0.3471,0,1,,,,0.0
IN,TH,DE,TH,254900D6324VRA5CS006,อินโดรามา โพลีเมอร์ส จำกัด มหาชน,TH,DE,,,phase3_jurisdiction_model,E_model_predicted_jurisdiction,E_model_only,0.3443,0,1,,,,0.0
IN,TH,EUROPE,TH,213800IPBUKBRHSUWX96,กองทุนเปิด อเบอร์ดีน ไชน่า เน็กซ์ เจนเนอเรชั่น ฟันด์,TH,EUROPE,,,phase3_jurisdiction_model,E_model_predicted_jurisdiction,E_model_only,0.344,0,1,,,,0.0
IN,TH,EUROPE,TH,254900OFID8W97SUSL07,กองทุนสำรองเลี้ยงชีพ บริษัท ไทยเบฟเวอเรจ จำกัด (มหาชน) ซึ่งจดทะเบียนแล้ว,TH,EUROPE,,,phase3_jurisdiction_model,E_model_predicted_jurisdiction,E_model_only,0.3425,0,1,,,,0.0
IN,TH,DE,TH,2549000QV9B18KMBCB39,บริษัท ทีซีซี แอสเซ็ทส์ (ประเทศไทย) จำกัด,TH,DE,,,phase3_jurisdiction_model,E_model_predicted_jurisdiction,E_model_only,0.3424,0,1,,,,0.0
IN,TH,FR,TH,254900QPUP63YC2E0Z47,RHB Bank Berhad (Bangkok Branch),TH,FR,,,phase3_jurisdiction_model,E_model_predicted_jurisdiction,E_model_only,0.3422,0,1,,,,0.0
IN,TH,EUROPE,TH,549300MQZ0FZ03F77N55,กองทุนเปิด ยูไนเต็ด เฟล็กซิเบิ้ล อินคัม ฟันด์,TH,EUROPE,,,phase3_jurisdiction_model,E_model_predicted_jurisdiction,E_model_only,0.3422,0,1,,,,0.0
IN,TH,EUROPE,TH,254900AE9VDX3GJP6I38,บริษัท ทามาดะ จำกัด,TH,EUROPE,,,phase3_jurisdiction_model,E_model_predicted_jurisdiction,E_model_only,0.3419,0,1,,,,0.0
IN,TH,US,TH,254900UPQE3MNOEDXK30,บริษัท ธนาคารเกียรตินาคินภัทร จำกัด (มหาชน),TH,US,,,phase3_jurisdiction_model,E_model_predicted_jurisdiction,E_model_only,0.3415,0,1,,,,0.0
IN,TH,DE,TH,254900RMCZY0X6F2KB70,บริษัท ปูนซิเมนต์ไทย จำกัด (มหาชน),TH,DE,,,phase3_jurisdiction_model,E_model_predicted_jurisdiction,E_model_only,0.3411,0,1,,,,0.0
IN,TH,EUROPE,TH,213800TOWMHZF4NGHZ22,IPCALL COMPANY LIMITED,TH,EUROPE,,,phase3_jurisdiction_model,E_model_predicted_jurisdiction,E_model_only,0.3409,0,1,,,,0.0
IN,TH,EUROPE,TH,254900C3MBS2QA6WWA79,กองทุนเปิด ยูไนเต็ด โกลบอล อินโนเวชั่น ฟันด์,TH,EUROPE,,,phase3_jurisdiction_model,E_model_predicted_jurisdiction,E_model_only,0.3407,0,1,,,,0.0
IN,TH,US,TH,213800V33BXZ7J3TJ271,กองทุนเปิ ด อเบอร์ดีน เอเชีย แปซฟิิค เอคควติี้เพอื่ การเลีย้งชีพ,TH,US,,,phase3_jurisdiction_model,E_model_predicted_jurisdiction,E_model_only,0.3403,0,1,,,,0.0
IN,TH,EUROPE,TH,254900RRKPV81Q9AVJ04,กองทุนเปิด AIA Global Aggressive Allocation Fund - Unhedged,TH,EUROPE,,,phase3_jurisdiction_model,E_model_predicted_jurisdiction,E_model_only,0.3399,0,1,,,,0.0
IN,TH,EUROPE,TH,254900C5NKA7I9DBDY09,กองทุนเปิด AIA Global Moderate Allocation Fund - Unhedged,TH,EUROPE,,,phase3_jurisdiction_model,E_model_predicted_jurisdiction,E_model_only,0.3399,0,1,,,,0.0
IN,TH,DE,TH,254900BSEITE07VONP05,กองทุนเปิดไทยพาณิชย์คอมเพล็กซ์ รีเทิร์น 1YB,TH,DE,,,phase3_jurisdiction_model,E_model_predicted_jurisdiction,E_model_only,0.3398,0,1,,,,0.0
IN,TH,DE,TH,254900RSO5E9M8SEF114,ซี.พี. บริษัท อินเตอร์ ฟู้ด (ประเทศไทย) จำกัด,TH,DE,,,phase3_jurisdiction_model,E_model_predicted_jurisdiction,E_model_only,0.3393,0,1,,,,0.0
IN,TH,ASIA_OTHER,TH,254900ZI1FO2W9132C98,บริษัท เมืองไทย แคปปิตอล จำกัด (มหาชน),TH,ASIA_OTHER,,,phase3_jurisdiction_model,E_model_predicted_jurisdiction,E_model_only,0.3393,0,1,,,,0.0
IN,TH,FR,TH,254900C6BR3KHDQF0R03,บริษัท ไทสัน (โพลทรี่) จำกัด,TH,FR,,,phase3_jurisdiction_model,E_model_predicted_jurisdiction,E_model_only,0.3389,0,1,,,,0.0
IN,TH,EUROPE,TH,549300Y4HDAVDN2HG685,K FOREIGN FIXED INCOME 3 MONTHS CF FUND,TH,EUROPE,,,phase3_jurisdiction_model,E_model_predicted_jurisdiction,E_model_only,0.3386,0,1,,,,0.0
IN,TH,EUROPE,TH,549300X2V0TD813IO215,K FOREIGN FIXED INCOME 3 MONTHS CG FUND,TH,EUROPE,,,phase3_jurisdiction_model,E_model_predicted_jurisdiction,E_model_only,0.3386,0,1,,,,0.0
IN,TH,EUROPE,TH,5493008CNHBOPRS5KB78,K FOREIGN FIXED INCOME 3 MONTHS CI FUND,TH,EUROPE,,,phase3_jurisdiction_model,E_model_predicted_jurisdiction,E_model_only,0.3386,0,1,,,,0.0
IN,TH,EUROPE,TH,549300R4FKW3BDEXD284,K FOREIGN FIXED INCOME 6 MONTHS HV FUND,TH,EUROPE,,,phase3_jurisdiction_model,E_model_predicted_jurisdiction,E_model_only,0.3386,0,1,,,,0.0
IN,TH,EUROPE,TH,5493002CWZYO7M57ON69,K FOREIGN FIXED INCOME 6 MONTHS HY FUND,TH,EUROPE,,,phase3_jurisdiction_model,E_model_predicted_jurisdiction,E_model_only,0.3386,0,1,,,,0.0
IN,TH,DE,TH,5299000I7GZFH7G1KQ65,บริษัท ศูนย์ไตเทียมบริวักก์ จำกัด,TH,DE,,,phase3_jurisdiction_model,E_model_predicted_jurisdiction,E_model_only,0.3386,0,1,,,,0.0
IN,TH,EUROPE,TH,549300MZ5NOW6UHN1N46,HEWLETT-PACKARD (THAILAND) LTD.,TH,EUROPE,,,phase3_jurisdiction_model,E_model_predicted_jurisdiction,E_model_only,0.3385,0,1,,,,0.0
IN,TH,GB,TH,2138004NUI888ULU9Q35,บริษัท เอ็นทีที โกลบอล ดาต้า เซ็นเตอร์ส บีเคเค5 จำกัด,TH,GB,,,phase3_jurisdiction_model,E_model_predicted_jurisdiction,E_model_only,0.3379,0,1,,,,0.0
IN,TH,EUROPE,TH,2549004QVQFKUN5CL114,กองทุนเปิดเอ็มเอฟซี THOR 1YA ห้ามขายผู้ลงทุนรายย่อย,TH,EUROPE,,,phase3_jurisdiction_model,E_model_predicted_jurisdiction,E_model_only,0.3378,0,1,,,,0.0
IN,TH,EUROPE,TH,98450060B3CB6E43B428,บริษัท วินชัย จำกัด,TH,EUROPE,,,phase3_jurisdiction_model,E_model_predicted_jurisdiction,E_model_only,0.3377,0,1,,,,0.0
IN,TH,EUROPE,TH,549300TE4A74F3QWW725,K FOREIGN FIXED INCOME 1 YEAR DE FUND,TH,EUROPE,,,phase3_jurisdiction_model,E_model_predicted_jurisdiction,E_model_only,0.3373,0,1,,,,0.0
IN,TH,EUROPE,TH,254900VYKTMD3UHDBR48,เจเจ-แล็ป (ที) บจก.,TH,EUROPE,,,phase3_jurisdiction_model,E_model_predicted_jurisdiction,E_model_only,0.3369,0,1,,,,0.0
IN,TH,US,TH,YMPRWNXSOB0OBFVWSR29,กองทุนบำเหน็จบำนาญข้าราชการ,TH,US,,,phase3_jurisdiction_model,E_model_predicted_jurisdiction,E_model_only,0.3358,0,1,,,,0.0
IN,TH,DE,TH,254900NHIR9EQ5PT2U94,Natural Gold Trading Limited Partnership,TH,DE,,,phase3_jurisdiction_model,E_model_predicted_jurisdiction,E_model_only,0.3357,0,1,,,,0.0
IN,TH,DE,TH,549300NQ0ZRVPSHUN157,บริษัท ท็อปน็อตช์ เอเชีย จำกัด,TH,DE,,,phase3_jurisdiction_model,E_model_predicted_jurisdiction,E_model_only,0.3356,0,1,,,,0.0
IN,TH,ASIA_OTHER,TH,984500B0FFE2F4695577,บริษัท ออโรร่า ดีไซน์ จำกัด (มหาชน),TH,ASIA_OTHER,,,phase3_jurisdiction_model,E_model_predicted_jurisdiction,E_model_only,0.3348,0,1,,,,0.0
IN,TH,US,TH,213800A5WSL8C91QE719,กองทุนเปิ ด อเบอร์ดีน อเมริกัน โกรท - สมอลเลอร์ คอมพานี ฟันด์,TH,US,,,phase3_jurisdiction_model,E_model_predicted_jurisdiction,E_model_only,0.3346,0,1,,,,0.0
IN,TH,GB,TH,HHJK3VUFHB1FA2JBMX17,ชื่อนิติบุคคล : บริษัท ยีอี เมดิคอล ซิสเต็มส์ (ประเทศไทย) จำกัด,TH,GB,,,phase3_jurisdiction_model,E_model_predicted_jurisdiction,E_model_only,0.334,0,1,,,,0.0
IN,TH,EUROPE,TH,549300HACSLXP8QWWO40,K FOREIGN FIXED INCOME 3 MONTHS BD FUND,TH,EUROPE,,,phase3_jurisdiction_model,E_model_predicted_jurisdiction,E_model_only,0.3335,0,1,,,,0.0
IN,TH,EUROPE,TH,5493002IXOXRMJ2BVQ02,K FOREIGN FIXED INCOME 3 MONTHS BE FUND,TH,EUROPE,,,phase3_jurisdiction_model,E_model_predicted_jurisdiction,E_model_only,0.3335,0,1,,,,0.0
IN,TH,EUROPE,TH,549300YO2TU4OM1FA777,K FOREIGN FIXED INCOME 3 MONTHS BF FUND,TH,EUROPE,,,phase3_jurisdiction_model,E_model_predicted_jurisdiction,E_model_only,0.3335,0,1,,,,0.0
IN,TH,EUROPE,TH,549300OEYFTOC8JPK646,K FOREIGN FIXED INCOME 3 MONTHS BG FUND,TH,EUROPE,,,phase3_jurisdiction_model,E_model_predicted_jurisdiction,E_model_only,0.3335,0,1,,,,0.0
IN,TH,EUROPE,TH,54930051GJ42XOCESM35,K FOREIGN FIXED INCOME 3 MONTHS BH FUND,TH,EUROPE,,,phase3_jurisdiction_model,E_model_predicted_jurisdiction,E_model_only,0.3335,0,1,,,,0.0
IN,TH,EUROPE,TH,549300Q1MY0GP0QT9H19,K FOREIGN FIXED INCOME 6 MONTHS DY FUND,TH,EUROPE,,,phase3_jurisdiction_model,E_model_predicted_jurisdiction,E_model_only,0.3335,0,1,,,,0.0
IN,TH,EUROPE,TH,5493000G5GSZAV4ILF61,K FOREIGN FIXED INCOME 6 MONTHS EB FUND,TH,EUROPE,,,phase3_jurisdiction_model,E_model_predicted_jurisdiction,E_model_only,0.3335,0,1,,,,0.0
IN,TH,EUROPE,TH,549300ITB4SR34FSIE13,K FOREIGN FIXED INCOME 6 MONTHS EC FUND,TH,EUROPE,,,phase3_jurisdiction_model,E_model_predicted_jurisdiction,E_model_only,0.3335,0,1,,,,0.0
IN,TH,EUROPE,TH,54930048M73CMNZKAA32,K FOREIGN FIXED INCOME 6 MONTHS FN FUND,TH,EUROPE,,,phase3_jurisdiction_model,E_model_predicted_jurisdiction,E_model_only,0.3335,0,1,,,,0.0
IN,TH,EUROPE,TH,549300D97Q7EJOPMXO48,K FOREIGN FIXED INCOME 6 MONTHS FQ FUND,TH,EUROPE,,,phase3_jurisdiction_model,E_model_predicted_jurisdiction,E_model_only,0.3335,0,1,,,,0.0
IN,TH,EUROPE,TH,549300L4XPITZKHUH423,K FOREIGN FIXED INCOME 6 MONTHS FR FUND,TH,EUROPE,,,phase3_jurisdiction_model,E_model_predicted_jurisdiction,E_model_only,0.3335,0,1,,,,0.0
IN,TH,EUROPE,TH,5493007FA7O09TR2H384,K FOREIGN FIXED INCOME 6 MONTHS FS FUND,TH,EUROPE,,,phase3_jurisdiction_model,E_model_predicted_jurisdiction,E_model_only,0.3335,0,1,,,,0.0
IN,TH,EUROPE,TH,549300SOFZWS7FISHW18,K FOREIGN FIXED INCOME 6 MONTHS FT FUND,TH,EUROPE,,,phase3_jurisdiction_model,E_model_predicted_jurisdiction,E_model_only,0.3335,0,1,,,,0.0
IN,TH,EUROPE,TH,549300CUX8EEN6ZMN991,K FOREIGN FIXED INCOME 6 MONTHS FU FUND,TH,EUROPE,,,phase3_jurisdiction_model,E_model_predicted_jurisdiction,E_model_only,0.3335,0,1,,,,0.0
IN,TH,EUROPE,TH,549300UQPI7VTCW0UT27,K FOREIGN FIXED INCOME 6 MONTHS FV FUND,TH,EUROPE,,,phase3_jurisdiction_model,E_model_predicted_jurisdiction,E_model_only,0.3335,0,1,,,,0.0
IN,TH,EUROPE,TH,549300TLHYHQYZ3DSI75,K FOREIGN FIXED INCOME 6 MONTHS FW FUND,TH,EUROPE,,,phase3_jurisdiction_model,E_model_predicted_jurisdiction,E_model_only,0.3335,0,1,,,,0.0
IN,TH,EUROPE,TH,549300TED21H8Z5H1X97,K FOREIGN FIXED INCOME 6 MONTHS FX FUND,TH,EUROPE,,,phase3_jurisdiction_model,E_model_predicted_jurisdiction,E_model_only,0.3335,0,1,,,,0.0
IN,TH,EUROPE,TH,549300BKOEM51VHM5A75,K FOREIGN FIXED INCOME 6 MONTHS FY FUND,TH,EUROPE,,,phase3_jurisdiction_model,E_model_predicted_jurisdiction,E_model_only,0.3335,0,1,,,,0.0
IN,TH,EUROPE,TH,549300B1G55U8O7O4749,K FOREIGN FIXED INCOME 6 MONTHS FZ FUND,TH,EUROPE,,,phase3_jurisdiction_model,E_model_predicted_jurisdiction,E_model_only,0.3335,0,1,,,,0.0
IN,TH,EUROPE,TH,549300OQ1P6SK14EJV79,K FOREIGN FIXED INCOME 6 MONTHS GA FUND,TH,EUROPE,,,phase3_jurisdiction_model,E_model_predicted_jurisdiction,E_model_only,0.3335,0,1,,,,0.0
IN,TH,DE,TH,549300GVH114Q9VZ5X64,BROOKER CORPORATE ADVISORY COMPANY LIMITED,TH,DE,,,phase3_jurisdiction_model,E_model_predicted_jurisdiction,E_model_only,0.3333,0,1,,,,0.0
IN,TH,DE,TH,2549009O91ZBBXNJE145,"CPB Equity Co., Ltd",TH,DE,,,phase3_jurisdiction_model,E_model_predicted_jurisdiction,E_model_only,0.3333,0,1,,,,0.0
IN,TH,EUROPE,TH,5493003ZS6PO2MIFXB14,K FOREIGN FIXED INCOME 3 MONTHS BI FUND,TH,EUROPE,,,phase3_jurisdiction_model,E_model_predicted_jurisdiction,E_model_only,0.3329,0,1,,,,0.0
IN,TH,EUROPE,TH,549300VUVWXABKFUO095,K FOREIGN FIXED INCOME 3 MONTHS BJ FUND,TH,EUROPE,,,phase3_jurisdiction_model,E_model_predicted_jurisdiction,E_model_only,0.3329,0,1,,,,0.0
IN,TH,EUROPE,TH,549300CLWIX7QJUJ4N41,K FOREIGN FIXED INCOME 3 MONTHS BK FUND,TH,EUROPE,,,phase3_jurisdiction_model,E_model_predicted_jurisdiction,E_model_only,0.3329,0,1,,,,0.0
IN,TH,EUROPE,TH,549300KV80J0KYVQRI57,K FOREIGN FIXED INCOME 3 MONTHS BL FUND,TH,EUROPE,,,phase3_jurisdiction_model,E_model_predicted_jurisdiction,E_model_only,0.3329,0,1,,,,0.0
IN,TH,EUROPE,TH,549300SY8BTRXEJMN034,K FOREIGN FIXED INCOME 3 MONTHS BM FUND,TH,EUROPE,,,phase3_jurisdiction_model,E_model_predicted_jurisdiction,E_model_only,0.3329,0,1,,,,0.0
IN,TH,EUROPE,TH,5493003UTNXSJPXI0N26,K FOREIGN FIXED INCOME 3 MONTHS BN FUND,TH,EUROPE,,,phase3_jurisdiction_model,E_model_predicted_jurisdiction,E_model_only,0.3329,0,1,,,,0.0
IN,TH,EUROPE,TH,5493006E9MQW6JSNBW57,K FOREIGN FIXED INCOME 3 MONTHS BO FUND,TH,EUROPE,,,phase3_jurisdiction_model,E_model_predicted_jurisdiction,E_model_only,0.3329,0,1,,,,0.0
IN,TH,EUROPE,TH,549300WRZEYKGMNV2G88,K FOREIGN FIXED INCOME 3 MONTHS BP FUND,TH,EUROPE,,,phase3_jurisdiction_model,E_model_predicted_jurisdiction,E_model_only,0.3329,0,1,,,,0.0
IN,TH,EUROPE,TH,5493005VJOIBCCHUDC97,K FOREIGN FIXED INCOME 3 MONTHS BQ FUND,TH,EUROPE,,,phase3_jurisdiction_model,E_model_predicted_jurisdiction,E_model_only,0.3329,0,1,,,,0.0
IN,TH,EUROPE,TH,549300IO873IFCVMNC53,K FOREIGN FIXED INCOME 3 MONTHS BR FUND,TH,EUROPE,,,phase3_jurisdiction_model,E_model_predicted_jurisdiction,E_model_only,0.3329,0,1,,,,0.0
IN,TH,EUROPE,TH,549300F6KSR85RNGCP93,K FOREIGN FIXED INCOME 3 MONTHS BS FUND,TH,EUROPE,,,phase3_jurisdiction_model,E_model_predicted_jurisdiction,E_model_only,0.3329,0,1,,,,0.0
IN,TH,EUROPE,TH,549300S58K45030DL719,K FOREIGN FIXED INCOME 3 MONTHS BT FUND,TH,EUROPE,,,phase3_jurisdiction_model,E_model_predicted_jurisdiction,E_model_only,0.3329,0,1,,,,0.0
IN,TH,EUROPE,TH,5493006JQSHN14567U93,K FOREIGN FIXED INCOME 3 MONTHS BU FUND,TH,EUROPE,,,phase3_jurisdiction_model,E_model_predicted_jurisdiction,E_model_only,0.3329,0,1,,,,0.0
IN,TH,EUROPE,TH,549300RQJ8CN510ZKH75,K FOREIGN FIXED INCOME 3 MONTHS BV FUND,TH,EUROPE,,,phase3_jurisdiction_model,E_model_predicted_jurisdiction,E_model_only,0.3329,0,1,,,,0.0
IN,TH,EUROPE,TH,549300CRY062EQFWVK82,K FOREIGN FIXED INCOME 3 MONTHS BW FUND,TH,EUROPE,,,phase3_jurisdiction_model,E_model_predicted_jurisdiction,E_model_only,0.3329,0,1,,,,0.0
IN,TH,EUROPE,TH,549300AFVBQ04GT8TH22,K FOREIGN FIXED INCOME 3 MONTHS BX FUND,TH,EUROPE,,,phase3_jurisdiction_model,E_model_predicted_jurisdiction,E_model_only,0.3329,0,1,,,,0.0
IN,TH,EUROPE,TH,549300BSYQJUV1XPP985,K FOREIGN FIXED INCOME 3 MONTHS BY FUND,TH,EUROPE,,,phase3_jurisdiction_model,E_model_predicted_jurisdiction,E_model_only,0.3329,0,1,,,,0.0
IN,TH,EUROPE,TH,549300F7GS04CE8TNW05,K FOREIGN FIXED INCOME 3 MONTHS BZ FUND,TH,EUROPE,,,phase3_jurisdiction_model,E_model_predicted_jurisdiction,E_model_only,0.3329,0,1,,,,0.0
IN,TH,EUROPE,TH,549300DJJ76FRND6W611,K FOREIGN FIXED INCOME 3 MONTHS CA FUND,TH,EUROPE,,,phase3_jurisdiction_model,E_model_predicted_jurisdiction,E_model_only,0.3329,0,1,,,,0.0
IN,TH,EUROPE,TH,5493003SP2E724M4KQ10,K FOREIGN FIXED INCOME 3 MONTHS CB FUND,TH,EUROPE,,,phase3_jurisdiction_model,E_model_predicted_jurisdiction,E_model_only,0.3329,0,1,,,,0.0
IN,TH,EUROPE,TH,549300Y2PEUTTDZAT554,K FOREIGN FIXED INCOME 3 MONTHS CC FUND,TH,EUROPE,,,phase3_jurisdiction_model,E_model_predicted_jurisdiction,E_model_only,0.3329,0,1,,,,0.0
IN,TH,EUROPE,TH,5493002CAG4WVIBGTF12,K FOREIGN FIXED INCOME 3 MONTHS CD FUND,TH,EUROPE,,,phase3_jurisdiction_model,E_model_predicted_jurisdiction,E_model_only,0.3329,0,1,,,,0.0
IN,TH,EUROPE,TH,549300NZPI0P44ZPG129,K FOREIGN FIXED INCOME 3 MONTHS CE FUND,TH,EUROPE,,,phase3_jurisdiction_model,E_model_predicted_jurisdiction,E_model_only,0.3329,0,1,,,,0.0
IN,TH,EUROPE,TH,549300XZBPC48QB6VQ54,K FOREIGN FIXED INCOME 6 MONTHS GB FUND,TH,EUROPE,,,phase3_jurisdiction_model,E_model_predicted_jurisdiction,E_model_only,0.3329,0,1,,,,0.0
IN,TH,EUROPE,TH,549300RMOAF2IPGZLG27,K FOREIGN FIXED INCOME 6 MONTHS GC FUND,TH,EUROPE,,,phase3_jurisdiction_model,E_model_predicted_jurisdiction,E_model_only,0.3329,0,1,,,,0.0
IN,TH,EUROPE,TH,54930074K56IVEZTWF38,K FOREIGN FIXED INCOME 6 MONTHS GD FUND,TH,EUROPE,,,phase3_jurisdiction_model,E_model_predicted_jurisdiction,E_model_only,0.3329,0,1,,,,0.0
IN,TH,EUROPE,TH,54930046KWLKBOROHJ69,K FOREIGN FIXED INCOME 6 MONTHS GE FUND,TH,EUROPE,,,phase3_jurisdiction_model,E_model_predicted_jurisdiction,E_model_only,0.3329,0,1,,,,0.0
IN,TH,EUROPE,TH,549300HD5NQ553DI0X79,K FOREIGN FIXED INCOME 6 MONTHS GF FUND,TH,EUROPE,,,phase3_jurisdiction_model,E_model_predicted_jurisdiction,E_model_only,0.3329,0,1,,,,0.0
IN,TH,EUROPE,TH,5493000SPPA6HTQFCX26,K FOREIGN FIXED INCOME 6 MONTHS GG FUND,TH,EUROPE,,,phase3_jurisdiction_model,E_model_predicted_jurisdiction,E_model_only,0.3329,0,1,,,,0.0
IN,TH,EUROPE,TH,54930068ZNVMDJ939P22,K FOREIGN FIXED INCOME 6 MONTHS GH FUND,TH,EUROPE,,,phase3_jurisdiction_model,E_model_predicted_jurisdiction,E_model_only,0.3329,0,1,,,,0.0
IN,TH,EUROPE,TH,54930053425FP66A4T69,K FOREIGN FIXED INCOME 6 MONTHS GI FUND,TH,EUROPE,,,phase3_jurisdiction_model,E_model_predicted_jurisdiction,E_model_only,0.3329,0,1,,,,0.0
IN,TH,EUROPE,TH,549300T781RXW9CX1F83,K FOREIGN FIXED INCOME 6 MONTHS GJ FUND,TH,EUROPE,,,phase3_jurisdiction_model,E_model_predicted_jurisdiction,E_model_only,0.3329,0,1,,,,0.0
IN,TH,EUROPE,TH,5493007AB5MCVGW0BC24,K FOREIGN FIXED INCOME 6 MONTHS GK FUND,TH,EUROPE,,,phase3_jurisdiction_model,E_model_predicted_jurisdiction,E_model_only,0.3329,0,1,,,,0.0
IN,TH,EUROPE,TH,549300HZPXD1NAPXPS78,K FOREIGN FIXED INCOME 6 MONTHS GL FUND,TH,EUROPE,,,phase3_jurisdiction_model,E_model_predicted_jurisdiction,E_model_only,0.3329,0,1,,,,0.0
IN,TH,EUROPE,TH,5493006CST3JNNQVO041,K FOREIGN FIXED INCOME 6 MONTHS GM FUND,TH,EUROPE,,,phase3_jurisdiction_model,E_model_predicted_jurisdiction,E_model_only,0.3329,0,1,,,,0.0
IN,TH,EUROPE,TH,549300JK5Y78MQ93GF96,K FOREIGN FIXED INCOME 6 MONTHS GN FUND,TH,EUROPE,,,phase3_jurisdiction_model,E_model_predicted_jurisdiction,E_model_only,0.3329,0,1,,,,0.0
IN,TH,EUROPE,TH,549300OZTZ405TQHKM60,K FOREIGN FIXED INCOME 6 MONTHS GO FUND,TH,EUROPE,,,phase3_jurisdiction_model,E_model_predicted_jurisdiction,E_model_only,0.3329,0,1,,,,0.0
IN,TH,EUROPE,TH,549300JCLHJIXGB2QH41,K FOREIGN FIXED INCOME 6 MONTHS GP FUND,TH,EUROPE,,,phase3_jurisdiction_model,E_model_predicted_jurisdiction,E_model_only,0.3329,0,1,,,,0.0
IN,TH,EUROPE,TH,549300CL73GA6F7JVO65,K FOREIGN FIXED INCOME 6 MONTHS GQ FUND,TH,EUROPE,,,phase3_jurisdiction_model,E_model_predicted_jurisdiction,E_model_only,0.3329,0,1,,,,0.0
IN,TH,EUROPE,TH,5493007LDPCKVK81YO17,K FOREIGN FIXED INCOME 6 MONTHS GR FUND,TH,EUROPE,,,phase3_jurisdiction_model,E_model_predicted_jurisdiction,E_model_only,0.3329,0,1,,,,0.0
IN,TH,EUROPE,TH,549300LTHCSFE2NBZ112,K FOREIGN FIXED INCOME 6 MONTHS GS FUND,TH,EUROPE,,,phase3_jurisdiction_model,E_model_predicted_jurisdiction,E_model_only,0.3329,0,1,,,,0.0
IN,TH,EUROPE,TH,549300PF0SQQ8EJTOD94,K FOREIGN FIXED INCOME 6 MONTHS GT FUND,TH,EUROPE,,,phase3_jurisdiction_model,E_model_predicted_jurisdiction,E_model_only,0.3329,0,1,,,,0.0
IN,TH,EUROPE,TH,549300PKOMKLJ8E1WT65,K FOREIGN FIXED INCOME 6 MONTHS GU FUND,TH,EUROPE,,,phase3_jurisdiction_model,E_model_predicted_jurisdiction,E_model_only,0.3329,0,1,,,,0.0
IN,TH,EUROPE,TH,549300YFR35ILOPN6702,K FOREIGN FIXED INCOME 6 MONTHS GV FUND,TH,EUROPE,,,phase3_jurisdiction_model,E_model_predicted_jurisdiction,E_model_only,0.3329,0,1,,,,0.0
IN,TH,EUROPE,TH,549300QY9IRV1L6SYN15,K FOREIGN FIXED INCOME 6 MONTHS GW FUND,TH,EUROPE,,,phase3_jurisdiction_model,E_model_predicted_jurisdiction,E_model_only,0.3329,0,1,,,,0.0
IN,TH,EUROPE,TH,549300HWH5NYGMHI8P48,K FOREIGN FIXED INCOME 6 MONTHS GX FUND,TH,EUROPE,,,phase3_jurisdiction_model,E_model_predicted_jurisdiction,E_model_only,0.3329,0,1,,,,0.0
IN,TH,EUROPE,TH,549300JFIHE4YFTNR607,K FOREIGN FIXED INCOME 6 MONTHS GY FUND,TH,EUROPE,,,phase3_jurisdiction_model,E_model_predicted_jurisdiction,E_model_only,0.3329,0,1,,,,0.0
IN,TH,EUROPE,TH,5493005PATGB01S1X222,K FOREIGN FIXED INCOME 6 MONTHS GZ FUND,TH,EUROPE,,,phase3_jurisdiction_model,E_model_predicted_jurisdiction,E_model_only,0.3329,0,1,,,,0.0
IN,TH,EUROPE,TH,5493008H2P72IRETN221,K FOREIGN FIXED INCOME 6 MONTHS HA FUND,TH,EUROPE,,,phase3_jurisdiction_model,E_model_predicted_jurisdiction,E_model_only,0.3329,0,1,,,,0.0
IN,TH,EUROPE,TH,54930074A91DEMBM7F10,K FOREIGN FIXED INCOME 6 MONTHS HB FUND,TH,EUROPE,,,phase3_jurisdiction_model,E_model_predicted_jurisdiction,E_model_only,0.3329,0,1,,,,0.0
IN,TH,EUROPE,TH,549300W1XO6WSUVC0661,K FOREIGN FIXED INCOME 6 MONTHS HC FUND,TH,EUROPE,,,phase3_jurisdiction_model,E_model_predicted_jurisdiction,E_model_only,0.3329,0,1,,,,0.0
IN,TH,EUROPE,TH,54930006ZZ4N5UYF1L66,K FOREIGN FIXED INCOME 6 MONTHS HD FUND,TH,EUROPE,,,phase3_jurisdiction_model,E_model_predicted_jurisdiction,E_model_only,0.3329,0,1,,,,0.0
IN,TH,EUROPE,TH,549300T2XRGBQIX6KL80,K FOREIGN FIXED INCOME 6 MONTHS HE FUND,TH,EUROPE,,,phase3_jurisdiction_model,E_model_predicted_jurisdiction,E_model_only,0.3329,0,1,,,,0.0
IN,TH,EUROPE,TH,549300C03XVYE4HM7Y58,K FOREIGN FIXED INCOME 6 MONTHS HF FUND,TH,EUROPE,,,phase3_jurisdiction_model,E_model_predicted_jurisdiction,E_model_only,0.3329,0,1,,,,0.0
IN,TH,EUROPE,TH,549300KEIM0U3FRUFT29,K FOREIGN FIXED INCOME 6 MONTHS HG FUND,TH,EUROPE,,,phase3_jurisdiction_model,E_model_predicted_jurisdiction,E_model_only,0.3329,0,1,,,,0.0
IN,TH,EUROPE,TH,549300CMJ35R6Q7LSG23,K FOREIGN FIXED INCOME 6 MONTHS HH FUND,TH,EUROPE,,,phase3_jurisdiction_model,E_model_predicted_jurisdiction,E_model_only,0.3329,0,1,,,,0.0
IN,TH,EUROPE,TH,549300A5SL2MUR0RIH17,K FOREIGN FIXED INCOME 6 MONTHS HI FUND,TH,EUROPE,,,phase3_jurisdiction_model,E_model_predicted_jurisdiction,E_model_only,0.3329,0,1,,,,0.0
IN,TH,EUROPE,TH,549300U07NHKQD07WH11,K FOREIGN FIXED INCOME 6 MONTHS HJ FUND,TH,EUROPE,,,phase3_jurisdiction_model,E_model_predicted_jurisdiction,E_model_only,0.3329,0,1,,,,0.0
IN,TH,EUROPE,TH,5493001C1LUX5RXSCZ86,K FOREIGN FIXED INCOME 6 MONTHS HK FUND,TH,EUROPE,,,phase3_jurisdiction_model,E_model_predicted_jurisdiction,E_model_only,0.3329,0,1,,,,0.0
IN,TH,EUROPE,TH,5493006J2B6M8AHRLF98,K FOREIGN FIXED INCOME 6 MONTHS HL FUND,TH,EUROPE,,,phase3_jurisdiction_model,E_model_predicted_jurisdiction,E_model_only,0.3329,0,1,,,,0.0
IN,TH,EUROPE,TH,549300ROS6ON825WPL13,K FOREIGN FIXED INCOME 6 MONTHS HM FUND,TH,EUROPE,,,phase3_jurisdiction_model,E_model_predicted_jurisdiction,E_model_only,0.3329,0,1,,,,0.0
IN,TH,EUROPE,TH,549300EBH2YS9K0XYW31,K FOREIGN FIXED INCOME 6 MONTHS HN FUND,TH,EUROPE,,,phase3_jurisdiction_model,E_model_predicted_jurisdiction,E_model_only,0.3329,0,1,,,,0.0
IN,TH,EUROPE,TH,549300PIMKAFUO775812,K FOREIGN FIXED INCOME 6 MONTHS HO FUND,TH,EUROPE,,,phase3_jurisdiction_model,E_model_predicted_jurisdiction,E_model_only,0.3329,0,1,,,,0.0
IN,TH,EUROPE,TH,549300E9WD6E3GMRU033,K FOREIGN FIXED INCOME 6 MONTHS HP FUND,TH,EUROPE,,,phase3_jurisdiction_model,E_model_predicted_jurisdiction,E_model_only,0.3329,0,1,,,,0.0
IN,TH,EUROPE,TH,5493002FZTOH6Z78PD70,K FOREIGN FIXED INCOME 6 MONTHS HQ FUND,TH,EUROPE,,,phase3_jurisdiction_model,E_model_predicted_jurisdiction,E_model_only,0.3329,0,1,,,,0.0
IN,TH,EUROPE,TH,549300KISYI5C4P4CL64,K FOREIGN FIXED INCOME 6 MONTHS HR FUND,TH,EUROPE,,,phase3_jurisdiction_model,E_model_predicted_jurisdiction,E_model_only,0.3329,0,1,,,,0.0
IN,TH,EUROPE,TH,549300FDJ3SCXLE7M383,K FOREIGN FIXED INCOME 6 MONTHS HU FUND,TH,EUROPE,,,phase3_jurisdiction_model,E_model_predicted_jurisdiction,E_model_only,0.3329,0,1,,,,0.0
IN,TH,DE,TH,254900VB7R1PW7K69282,"Autrans (Thailand) Co., Ltd",TH,DE,,,phase3_jurisdiction_model,E_model_predicted_jurisdiction,E_model_only,0.3326,0,1,,,,0.0
IN,TH,EUROPE,TH,549300W4E24RW43WN490,PRAXAIR (THAILAND),TH,EUROPE,,,phase3_jurisdiction_model,E_model_predicted_jurisdiction,E_model_only,0.3326,0,1,,,,0.0
IN,TH,DE,TH,254900YPPYA6ETOH4873,บริษัท โทรีซีนไทย เอเยนต์ซีส์ จำกัด (มหาชน),TH,DE,,,phase3_jurisdiction_model,E_model_predicted_jurisdiction,E_model_only,0.3326,0,1,,,,0.0
IN,TH,EUROPE,TH,213800VUZ8THQKBUDC62,DMI THAI LIMITED,TH,EUROPE,,,phase3_jurisdiction_model,E_model_predicted_jurisdiction,E_model_only,0.3323,0,1,,,,0.0
IN,TH,OFFSHORE,TH,254900533HSJT84A6W24,บริษัท คอยน์เว็บ จำกัด,TH,OFFSHORE,,,phase3_jurisdiction_model,E_model_predicted_jurisdiction,E_model_only,0.3322,0,1,,,,0.0
IN,TH,EUROPE,TH,5493000M0MLLQJ6OG845,SCHENKER (THAI) LTD,TH,EUROPE,,,phase3_jurisdiction_model,E_model_predicted_jurisdiction,E_model_only,0.3318,0,1,,,,0.0
IN,TH,EUROPE,TH,254900WW39PGUZZ30A62,กองทุนรวมบัวหลวงธนสารพลัส 6/23 ห้ามขายผู้ลงทุนรายย่อย,TH,EUROPE,,,phase3_jurisdiction_model,E_model_predicted_jurisdiction,E_model_only,0.3313,0,1,,,,0.0
IN,TH,EUROPE,TH,254900UW0ZEWG3YNFZ78,กองทุนรวมบัวหลวงธนสารพลัส 7/23 ห้ามขายผู้ลงทุนรายย่อย,TH,EUROPE,,,phase3_jurisdiction_model,E_model_predicted_jurisdiction,E_model_only,0.3313,0,1,,,,0.0
IN,TH,EUROPE,TH,254900FE3IBR410IJ333,กองทุนรวมบัวหลวงธนสารพลัส 8/23 ห้ามขายผู้ลงทุนรายย่อย,TH,EUROPE,,,phase3_jurisdiction_model,E_model_predicted_jurisdiction,E_model_only,0.3313,0,1,,,,0.0
IN,TH,DE,TH,254900WXIP3LX4J0SY89,"TRUE INTERNET CORPORATION CO., LTD.",TH,DE,,,phase3_jurisdiction_model,E_model_predicted_jurisdiction,E_model_only,0.3311,0,1,,,,0.0
IN,TH,DE,TH,52990023XOWCXJK03D45,บริษัท เอสโอเอฟอี ทู จำกัด,TH,DE,,,phase3_jurisdiction_model,E_model_predicted_jurisdiction,E_model_only,0.331,0,1,,,,0.0
IN,TH,DE,TH,254900LCQR6WLTTSVB13,บริษัท หลักทรัพย์จัดการกองทุน เมอร์ชั่น พาร์ทเนอร์ จำกัด,TH,DE,,,phase3_jurisdiction_model,E_model_predicted_jurisdiction,E_model_only,0.3307,0,1,,,,0.0
IN,TH,EUROPE,TH,2549000T1R4W8Y9ZUG34,บริษัท ดานิลี่ จำกัด,TH,EUROPE,,,phase3_jurisdiction_model,E_model_predicted_jurisdiction,E_model_only,0.3294,0,1,,,,0.0
IN,TH,ASIA_OTHER,TH,984500F66CA49E3F6C33,บริษัท พรีเชียส ชิพปิ้ง จำกัด (มหาชน),TH,ASIA_OTHER,,,phase3_jurisdiction_model,E_model_predicted_jurisdiction,E_model_only,0.3294,0,1,,,,0.0
IN,TH,GB,TH,984500F6F49E1C7PB355,บริษัท ดีเอสเอ็ม นิวทริชั่นแนล โปรดักส์ (ประเทศไทย) จำกัด,TH,GB,,,phase3_jurisdiction_model,E_model_predicted_jurisdiction,E_model_only,0.3293,0,1,,,,0.0
IN,TH,DE,TH,254900GLQDQSXAL9O583,บริษัทหลักทรัพย์ แลนด์ แอนด์ เฮ้าส์ จำกัด (มหาชน),TH,DE,,,phase3_jurisdiction_model,E_model_predicted_jurisdiction,E_model_only,0.329,0,1,,,,0.0
IN,TH,DE,TH,894500HECY3CXJW19T82,K3 INTERNATIONAL COMPANY LIMITED,TH,DE,,,phase3_jurisdiction_model,E_model_predicted_jurisdiction,E_model_only,0.3287,0,1,,,,0.0
IN,TH,DE,TH,894500LRVCYB3BUB2M60,C.P. Retail Development Company Limited,TH,DE,,,phase3_jurisdiction_model,E_model_predicted_jurisdiction,E_model_only,0.3285,0,1,,,,0.0
IN,TH,DE,TH,254900NSV0547P5PQI95,Charoen Pokphand Holding Company Limited,TH,DE,,,phase3_jurisdiction_model,E_model_predicted_jurisdiction,E_model_only,0.3285,0,1,,,,0.0
IN,TH,DE,TH,984500E088LBB28IED78,บริษัท ไทย เอ็น ดี ที จำกัด (มหาชน),TH,DE,,,phase3_jurisdiction_model,E_model_predicted_jurisdiction,E_model_only,0.3281,0,1,,,,0.0
IN,TH,EUROPE,TH,25490007TQTP167A4H28,กองทุนรวมบัวหลวงธนพลัส 5/23 ห้ามขายผู้ลงทุนรายย่อย,TH,EUROPE,,,phase3_jurisdiction_model,E_model_predicted_jurisdiction,E_model_only,0.3278,0,1,,,,0.0
IN,TH,EUROPE,TH,549300HJD00HOXYCA262,ธนาคารแห่งประเทศไทย,TH,EUROPE,,,phase3_jurisdiction_model,E_model_predicted_jurisdiction,E_model_only,0.3275,0,1,,,,0.0
IN,TH,US,TH,549300C37P3HL926IT92,บริษัท ออโตอัลไลแอนซ์ (ประเทศไทย) จำกัด,TH,US,,,phase3_jurisdiction_model,E_model_predicted_jurisdiction,E_model_only,0.3273,0,1,,,,0.0
IN,TH,EUROPE,TH,5299003BQZZIAJOMYR11,บริษัท วัฒนสิน จำกัด,TH,EUROPE,,,phase3_jurisdiction_model,E_model_predicted_jurisdiction,E_model_only,0.3264,0,1,,,,0.0
IN,TH,DE,TH,25490032YW18NHEK2O26,Combined Heat and Power Producing Company Limited,TH,DE,,,phase3_jurisdiction_model,E_model_predicted_jurisdiction,E_model_only,0.3263,0,1,,,,0.0
IN,TH,DE,TH,5299008R3EJDUN4VS893,บริษัท ทาทา สตีล (ประเทศไทย) จำกัด (มหาชน),TH,DE,,,phase3_jurisdiction_model,E_model_predicted_jurisdiction,E_model_only,0.3258,0,1,,,,0.0
IN,TH,DE,TH,894500VDPBFMP6J89965,บริษัท บี.กริม รีนิวเอเบิล เพาเวอร์ 1 จำกัด,TH,DE,,,phase3_jurisdiction_model,E_model_predicted_jurisdiction,E_model_only,0.3255,0,1,,,,0.0
IN,TH,DE,TH,254900Z9HDQR67GO7U24,กองทุนเปิดไทยพาณิชย์คอมเพล็กซ์รีเทิร์น 1YM ห้ามขายผู้ลงทุนรายย่อย,TH,DE,,,phase3_jurisdiction_model,E_model_predicted_jurisdiction,E_model_only,0.3254,0,1,,,,0.0
IN,TH,EUROPE,TH,254900PDBF6Q7OEU3W03,กองทุนเปิดเค ตราสารหนี้ต่างประเทศ1YAG ห้ามขายผู้ลงทุนรายย่อย,TH,EUROPE,,,phase3_jurisdiction_model,E_model_predicted_jurisdiction,E_model_only,0.325,0,1,,,,0.0
IN,TH,EUROPE,TH,2549000DV5479PSHJK32,กองทุนเปิดเค ตราสารหนี้ต่างประเทศ6MCM ห้ามขายผู้ลงทุนรายย่อย,TH,EUROPE,,,phase3_jurisdiction_model,E_model_predicted_jurisdiction,E_model_only,0.325,0,1,,,,0.0
IN,TH,EUROPE,TH,254900UKWAAJ9H531F32,กองทุนเปิดเค ตราสารหนี้ต่างประเทศ6MCN ห้ามขายผู้ลงทุนรายย่อย,TH,EUROPE,,,phase3_jurisdiction_model,E_model_predicted_jurisdiction,E_model_only,0.325,0,1,,,,0.0
IN,TH,EUROPE,TH,254900S5BGDATNE08X65,ซุปเปอร์ เทอร์เทิล จำกัด,TH,EUROPE,,,phase3_jurisdiction_model,E_model_predicted_jurisdiction,E_model_only,0.3249,0,1,,,,0.0
IN,TH,EUROPE,TH,724500AFHKTUMM7LOK91,AJD Holding B.V.,TH,EUROPE,,,phase3_jurisdiction_model,E_model_predicted_jurisdiction,E_model_only,0.3243,0,1,,,,0.0
IN,TH,DE,TH,254900X9XAIEBB3NRZ98,"SCG Chemicals Co., Ltd.",TH,DE,,,phase3_jurisdiction_model,E_model_predicted_jurisdiction,E_model_only,0.3243,0,1,,,,0.0
IN,TH,EUROPE,TH,254900D00R2J7ZUY3280,กองทุนรวมบัวหลวงตราสารหนี้ชนิดระบุวันครบกำหนด 1/23 ห้ามขายผู้ลงทุนรายย่อย,TH,EUROPE,,,phase3_jurisdiction_model,E_model_predicted_jurisdiction,E_model_only,0.3236,0,1,,,,0.0
IN,TH,EUROPE,TH,254900HQNXCPV2NQHD79,กองทุนรวมบัวหลวงตราสารหนี้ชนิดระบุวันครบกำหนด 2/23 ห้ามขายผู้ลงทุนรายย่อย,TH,EUROPE,,,phase3_jurisdiction_model,E_model_predicted_jurisdiction,E_model_only,0.3236,0,1,,,,0.0
IN,TH,EUROPE,TH,254900AFNMI0IU8R9B70,กองทุนรวมบัวหลวงตราสารหนี้ชนิดระบุวันครบกำหนด 3/23 ห้ามขายผู้ลงทุนรายย่อย,TH,EUROPE,,,phase3_jurisdiction_model,E_model_predicted_jurisdiction,E_model_only,0.3236,0,1,,,,0.0
IN,TH,EUROPE,TH,25490075XAVJ2126VR60,กองทุนรวมบัวหลวงตราสารหนี้ชนิดระบุวันครบกำหนด 5/23 ห้ามขายผู้ลงทุนรายย่อย,TH,EUROPE,,,phase3_jurisdiction_model,E_model_predicted_jurisdiction,E_model_only,0.3236,0,1,,,,0.0
IN,TH,GB,TH,984500F7D9894CYEDN65,บริษัท เอสเอ็มอาร์ ออโตโมทีฟ ซิสเต็ม (ประเทศไทย) จำกัด,TH,GB,,,phase3_jurisdiction_model,E_model_predicted_jurisdiction,E_model_only,0.3236,0,1,,,,0.0
IN,TH,EUROPE,TH,9845003DA9852ANB6275,สำนักงานการบินพลเรือนแห่งประเทศไทย,TH,EUROPE,,,phase3_jurisdiction_model,E_model_predicted_jurisdiction,E_model_only,0.3236,0,1,,,,0.0
IN,TH,DE,TH,2549002STREDQSXSGJ33,"C.P Intertrade Co, Ltd.",TH,DE,,,phase3_jurisdiction_model,E_model_predicted_jurisdiction,E_model_only,0.3233,0,1,,,,0.0
IN,TH,EUROPE,TH,8945005RECZCX70HV830,คิราโนะ บจก,TH,EUROPE,,,phase3_jurisdiction_model,E_model_predicted_jurisdiction,E_model_only,0.3233,0,1,,,,0.0
IN,TH,EUROPE,TH,89450052GA5JM0XTAL94,บุยเทอร์รา,TH,EUROPE,,,phase3_jurisdiction_model,E_model_predicted_jurisdiction,E_model_only,0.3233,0,1,,,,0.0
IN,TH,EUROPE,TH,89450052RD92VZLKLP78,บุยเทอร์รา,TH,EUROPE,,,phase3_jurisdiction_model,E_model_predicted_jurisdiction,E_model_only,0.3233,0,1,,,,0.0
IN,TH,EUROPE,TH,894500532GCM5Y9BWT02,เกษตร,TH,EUROPE,,,phase3_jurisdiction_model,E_model_predicted_jurisdiction,E_model_only,0.3233,0,1,,,,0.0
IN,TH,EUROPE,TH,8945008DXS4QVRMDMC30,เนมรุต บจก,TH,EUROPE,,,phase3_jurisdiction_model,E_model_predicted_jurisdiction,E_model_only,0.3233,0,1,,,,0.0
IN,TH,EUROPE,TH,8945008E3BOIIQY99W48,เลนิเตอร์ บจก,TH,EUROPE,,,phase3_jurisdiction_model,E_model_predicted_jurisdiction,E_model_only,0.3233,0,1,,,,0.0
IN,TH,EUROPE,TH,8945008XNAF0LDUXDG09,เวลิน บจก,TH,EUROPE,,,phase3_jurisdiction_model,E_model_predicted_jurisdiction,E_model_only,0.3233,0,1,,,,0.0
IN,TH,DE,TH,5299002VYRH1BJT2ZA54,บริษัท อิตาเลียนไทย ดีเวลลอปเมนท์ จำกัด (มหาชน),TH,DE,,,phase3_jurisdiction_model,E_model_predicted_jurisdiction,E_model_only,0.3218,0,1,,,,0.0
IN,TH,EUROPE,TH,254900H0B3VZHW7XJ664,บริษัท ลีนุกซ์ จำกัด,TH,EUROPE,,,phase3_jurisdiction_model,E_model_predicted_jurisdiction,E_model_only,0.3207,0,1,,,,0.0
IN,TH,DE,TH,254900AU6FDY234C4D74,บริษัท อะแวร์ เทคโนโลยี โซลูชั่น คอร์ปอเรชั่น จำกัด,TH,DE,,,phase3_jurisdiction_model,E_model_predicted_jurisdiction,E_model_only,0.3205,0,1,,,,0.0
IN,TH,US,TH,2138006B44U415SYTN66,BARCLAYS CAPITAL (THAILAND) LIMITED,TH,US,,,phase3_jurisdiction_model,E_model_predicted_jurisdiction,E_model_only,0.3204,0,1,,,,0.0
IN,TH,DE,TH,529900N7FY8JVBWQNU88,บริษัท เฮงเค็ล แอ็ดฮีซีฟ เทคโนโลยี่ส์ เทรดดิ้ง (ประเทศไทย) จำกัด,TH,DE,,,phase3_jurisdiction_model,E_model_predicted_jurisdiction,E_model_only,0.3202,0,1,,,,0.0
IN,TH,US,TH,353800EARTROWORX8N04,NEC Capital Solutions (Thailand) Ltd.ฺ,TH,US,,,phase3_jurisdiction_model,E_model_predicted_jurisdiction,E_model_only,0.3196,0,1,,,,0.0
IN,TH,OTHER,TH,549300CHOHC3W7SSNF74,Schneider Electric CPCS (Thailand) Company Limited,TH,OTHER,,,phase3_jurisdiction_model,E_model_predicted_jurisdiction,E_model_only,0.3195,0,1,,,,0.0
IN,TH,US,TH,213800Y3GA1OO9Q8WV17,THE PHILIP JAMES HADLEY SETTLEMENT,TH,US,,,phase3_jurisdiction_model,E_model_predicted_jurisdiction,E_model_only,0.3189,0,1,,,,0.0
IN,TH,US,TH,2138001UDFXKGX1UZ612,กองทุนเปิด อเบอร์ดีน โกลบอล ไดนามิค ดีวิเด็น เพื่อการเลี้ยงชีพ,TH,US,,,phase3_jurisdiction_model,E_model_predicted_jurisdiction,E_model_only,0.3187,0,1,,,,0.0
IN,TH,DE,TH,254900MXXYQLGQHP5431,กองทุนเปิดไทยพาณิชย์ เอ็นแฮนซท์รีเทิร์น 1YA ห้ามขายผู้ลงทุนรายย่อย,TH,DE,,,phase3_jurisdiction_model,E_model_predicted_jurisdiction,E_model_only,0.3187,0,1,,,,0.0
IN,TH,DE,TH,2549008213W0DMOZ4M30,บริษัท การบินกรุงเทพ จำกัด (มหาชน),TH,DE,,,phase3_jurisdiction_model,E_model_predicted_jurisdiction,E_model_only,0.3182,0,1,,,,0.0
IN,TH,DE,TH,254900LYKGMXKGAFUF13,กองทุนเปิดไทยพาณิชย์ มุ่งรักษาเงินต้น 6 เดือน 2,TH,DE,,,phase3_jurisdiction_model,E_model_predicted_jurisdiction,E_model_only,0.3177,0,1,,,,0.0
IN,TH,DE,TH,529900QU4KL5LX368Z46,บริษัท โรบาเธิร์ม จำกัด,TH,DE,,,phase3_jurisdiction_model,E_model_predicted_jurisdiction,E_model_only,0.3177,0,1,,,,0.0
IN,TH,DE,TH,549300IUEQQC7QS9XQ64,SOMPORN CONSULTANT COMPANY LIMITED,TH,DE,,,phase3_jurisdiction_model,E_model_predicted_jurisdiction,E_model_only,0.3174,0,1,,,,0.0
IN,TH,US,TH,5493004EKTRQ6JIM3B63,"MICROCHIP TECHNOLOGY (THAILAND) CO., LTD.",TH,US,,,phase3_jurisdiction_model,E_model_predicted_jurisdiction,E_model_only,0.3171,0,1,,,,0.0
IN,TH,DE,TH,254900SQFAPBKOD6VO12,กองทุนเปิดไทยพาณิชย์คอมเพล็กซ์รีเทิร์น 1YN ห้ามขายผู้ลงทุนรายย่อย,TH,DE,,,phase3_jurisdiction_model,E_model_predicted_jurisdiction,E_model_only,0.3168,0,1,,,,0.0
IN,TH,OTHER,TH,391200UNQ3F8N0KDHR32,"CarGarantie Consulting Services (Thailand) Co., Ltd.",TH,OTHER,,,phase3_jurisdiction_model,E_model_predicted_jurisdiction,E_model_only,0.3164,0,1,,,,0.0
IN,TH,US,TH,213800WNOCTC9ZJIL741,กองทุนเปิด อเบอร์ดีน สแตนดาร์ด ไชน่า เกทเวย์ ฟันด์,TH,US,,,phase3_jurisdiction_model,E_model_predicted_jurisdiction,E_model_only,0.3163,0,1,,,,0.0
IN,TH,DE,TH,254900EDH4XZT6UXKU54,Charoen Pokphand Group Company Limited,TH,DE,,,phase3_jurisdiction_model,E_model_predicted_jurisdiction,E_model_only,0.316,0,1,,,,0.0
IN,TH,DE,TH,894500O9Y51VFMHXF708,Harng Central Department Store Limited,TH,DE,,,phase3_jurisdiction_model,E_model_predicted_jurisdiction,E_model_only,0.316,0,1,,,,0.0
IN,TH,EUROPE,TH,5493008L9FG3CJT25056,MFC GLOBAL OPPORTUNITY BOND FUND,TH,EUROPE,,,phase3_jurisdiction_model,E_model_predicted_jurisdiction,E_model_only,0.3156,0,1,,,,0.0
IN,TH,US,TH,213800JB7YXVS1NJBN71,RACHEL ANNIE BOYD WILL TRUST,TH,US,,,phase3_jurisdiction_model,E_model_predicted_jurisdiction,E_model_only,0.3156,0,1,,,,0.0
IN,TH,DE,TH,254900I9EPFZCAW0AO51,กองทุนเปิดไทยพาณิชย์ตราสารหนี้ต่างประเทศ 1YF8,TH,DE,,,phase3_jurisdiction_model,E_model_predicted_jurisdiction,E_model_only,0.3156,0,1,,,,0.0
IN,TH,DE,TH,254900KY4BWB2PNYH119,กองทุนเปิดไทยพาณิชย์ตราสารหนี้ต่างประเทศ 1YF9,TH,DE,,,phase3_jurisdiction_model,E_model_predicted_jurisdiction,E_model_only,0.3156,0,1,,,,0.0
IN,TH,DE,TH,2549007UEAEKC78DB009,กองทุนเปิดไทยพาณิชย์ตราสารหนี้ต่างประเทศ 1YI9,TH,DE,,,phase3_jurisdiction_model,E_model_predicted_jurisdiction,E_model_only,0.3156,0,1,,,,0.0
IN,TH,DE,TH,254900S2OK1JTP2F5K58,กองทุนเปิดไทยพาณิชย์ตราสารหนี้ต่างประเทศ 1YJ8,TH,DE,,,phase3_jurisdiction_model,E_model_predicted_jurisdiction,E_model_only,0.3156,0,1,,,,0.0
IN,TH,DE,TH,2549005A5NP4FNU7AA64,กองทุนเปิดไทยพาณิชย์ตราสารหนี้ต่างประเทศ 1YJ9,TH,DE,,,phase3_jurisdiction_model,E_model_predicted_jurisdiction,E_model_only,0.3156,0,1,,,,0.0
IN,TH,DE,TH,254900NE7Z6CBBKZYW75,กองทุนเปิดไทยพาณิชย์ตราสารหนี้ต่างประเทศ 1YK3,TH,DE,,,phase3_jurisdiction_model,E_model_predicted_jurisdiction,E_model_only,0.3156,0,1,,,,0.0
IN,TH,EUROPE,TH,2549008LMM2I9C91RH86,บริษัท อัลฟาเบท จำกัด,TH,EUROPE,,,phase3_jurisdiction_model,E_model_predicted_jurisdiction,E_model_only,0.3156,0,1,,,,0.0
IN,TH,EUROPE,TH,254900LBC7UDAPKOWI31,บริษัท เทอราบิท จำกัด,TH,EUROPE,,,phase3_jurisdiction_model,E_model_predicted_jurisdiction,E_model_only,0.3156,0,1,,,,0.0
IN,TH,EUROPE,TH,254900SO4UYL4EUYK749,กองทุนเปิดไทยพาณิชย์ Inverse Floater THOR Complex Return 2YA ห้ามขายผู้ลงทุนรายย่อย,TH,EUROPE,,,phase3_jurisdiction_model,E_model_predicted_jurisdiction,E_model_only,0.3151,0,1,,,,0.0
IN,TH,DE,TH,254900YEK1HA36M9HY31,กองทุนเปิดไทยพาณิชย์ตราสารหนี้ต่างประเทศ เอเอส 1YB6 ห้ามขายผู้ลงทุนรายย่อย,TH,DE,,,phase3_jurisdiction_model,E_model_predicted_jurisdiction,E_model_only,0.3143,0,1,,,,0.0
IN,TH,DE,TH,2549008V17SUCPWA5X96,กองทุนเปิดไทยพาณิชย์ตราสารหนี้ต่างประเทศ เอเอส 1YB7 ห้ามขายผู้ลงทุนรายย่อย,TH,DE,,,phase3_jurisdiction_model,E_model_predicted_jurisdiction,E_model_only,0.3143,0,1,,,,0.0
IN,TH,DE,TH,254900NBR1XU9L1SVO43,กองทุนเปิดไทยพาณิชย์ตราสารหนี้ต่างประเทศ เอเอส 1YB8 ห้ามขายผู้ลงทุนรายย่อย,TH,DE,,,phase3_jurisdiction_model,E_model_predicted_jurisdiction,E_model_only,0.3143,0,1,,,,0.0
IN,TH,DE,TH,254900MW812S9J70PA85,กองทุนเปิดไทยพาณิชย์ตราสารหนี้ต่างประเทศ เอเอส 1YB9 ห้ามขายผู้ลงทุนรายย่อย,TH,DE,,,phase3_jurisdiction_model,E_model_predicted_jurisdiction,E_model_only,0.3143,0,1,,,,0.0
IN,TH,DE,TH,254900JXCZLRPBFP5196,กองทุนเปิดไทยพาณิชย์ตราสารหนี้ต่างประเทศ เอเอส 1YC1 ห้ามขายผู้ลงทุนรายย่อย,TH,DE,,,phase3_jurisdiction_model,E_model_predicted_jurisdiction,E_model_only,0.3143,0,1,,,,0.0
IN,TH,DE,TH,254900IXFDQ0WH5SKQ38,กองทุนเปิดไทยพาณิชย์ตราสารหนี้ต่างประเทศ เอเอส 1YC2 ห้ามขายผู้ลงทุนรายย่อย,TH,DE,,,phase3_jurisdiction_model,E_model_predicted_jurisdiction,E_model_only,0.3143,0,1,,,,0.0
IN,TH,DE,TH,254900MZQUH7SRF7FC58,กองทุนเปิดไทยพาณิชย์ตราสารหนี้ต่างประเทศ เอเอส 6MK2 ห้ามขายผู้ลงทุนรายย่อย,TH,DE,,,phase3_jurisdiction_model,E_model_predicted_jurisdiction,E_model_only,0.3143,0,1,,,,0.0
IN,TH,DE,TH,254900K2X1MMJELD0O78,กองทุนเปิดไทยพาณิชย์ตราสารหนี้ต่างประเทศ เอเอส 6MK3 ห้ามขายผู้ลงทุนรายย่อย,TH,DE,,,phase3_jurisdiction_model,E_model_predicted_jurisdiction,E_model_only,0.3143,0,1,,,,0.0
IN,TH,DE,TH,254900QRA2YWDM9KL440,กองทุนเปิดไทยพาณิชย์ตราสารหนี้ต่างประเทศ เอเอส 6ML9 ห้ามขายผู้ลงทุนรายย่อย,TH,DE,,,phase3_jurisdiction_model,E_model_predicted_jurisdiction,E_model_only,0.3143,0,1,,,,0.0
IN,TH,DE,TH,254900LC6G4KWA6BK528,กองทุนเปิดไทยพาณิชย์ตราสารหนี้ต่างประเทศ เอเอส 6MM2 ห้ามขายผู้ลงทุนรายย่อย,TH,DE,,,phase3_jurisdiction_model,E_model_predicted_jurisdiction,E_model_only,0.3143,0,1,,,,0.0
IN,TH,DE,TH,2549009NFK8ZJ3JSO860,กองทุนเปิดไทยพาณิชย์ตราสารหนี้ต่างประเทศ เอเอส 6MM3 ห้ามขายผู้ลงทุนรายย่อย,TH,DE,,,phase3_jurisdiction_model,E_model_predicted_jurisdiction,E_model_only,0.3143,0,1,,,,0.0
IN,TH,DE,TH,2549005OVUX3M3A9M302,กองทุนเปิดไทยพาณิชย์ตราสารหนี้ต่างประเทศ เอเอส 6MM4 ห้ามขายผู้ลงทุนรายย่อย,TH,DE,,,phase3_jurisdiction_model,E_model_predicted_jurisdiction,E_model_only,0.3143,0,1,,,,0.0
IN,TH,DE,TH,254900PCU2FV2DMPT362,กองทุนเปิดไทยพาณิชย์ตราสารหนี้ต่างประเทศ เอเอส 6MM5 ห้ามขายผู้ลงทุนรายย่อย,TH,DE,,,phase3_jurisdiction_model,E_model_predicted_jurisdiction,E_model_only,0.3143,0,1,,,,0.0
IN,TH,US,TH,2138001EZJ86ABPRPL94,กองทุนเปิด อเบอร์ดีน โกลบอล ไดนามิค ดีวิเด็น ฟันด์,TH,US,,,phase3_jurisdiction_model,E_model_predicted_jurisdiction,E_model_only,0.3142,0,1,,,,0.0
IN,TH,US,TH,2138009YS62A54NTRX70,กองทุนเปิ ด อเบอร์ดีน เอเชีย แปซฟิิค เอคควติี้ฟันด์,TH,US,,,phase3_jurisdiction_model,E_model_predicted_jurisdiction,E_model_only,0.3138,0,1,,,,0.0
IN,TH,ASIA_OTHER,TH,254900D9VWNXZ46CS720,บริษัท หลักทรัพย์ บียอนด์ จำกัด (มหาชน),TH,ASIA_OTHER,,,phase3_jurisdiction_model,E_model_predicted_jurisdiction,E_model_only,0.3136,0,1,,,,0.0
IN,TH,DE,TH,2549004DMTGX79LB1826,CHEMEMAN PUBLIC COMPANY LIMITED,TH,DE,,,phase3_jurisdiction_model,E_model_predicted_jurisdiction,E_model_only,0.3135,0,1,,,,0.0
IN,TH,ASIA_OTHER,TH,2549004UBU2A3K2IQE59,บริษัท บี.กริม เพาเวอร์ เซอร์วิส จำกัด,TH,ASIA_OTHER,,,phase3_jurisdiction_model,E_model_predicted_jurisdiction,E_model_only,0.3134,0,1,,,,0.0
IN,TH,DE,TH,254900L46WX9IXF5VA41,บริษัท กัลฟ์ เอ็นเนอร์จี ดีเวลลอปเมนท์ จำกัด (มหาชน),TH,DE,,,phase3_jurisdiction_model,E_model_predicted_jurisdiction,E_model_only,0.3132,0,1,,,,0.0
IN,TH,DE,TH,2549004CKJB8XS3PB626,M.H.E.-Demag (T) Company Limited,TH,DE,,,phase3_jurisdiction_model,E_model_predicted_jurisdiction,E_model_only,0.3131,0,1,,,,0.0
IN,TH,DE,TH,254900C7A725MCCA7D31,กองทุนเปิดไทยพาณิชย์ตราสารหนี้ 2MA1,TH,DE,,,phase3_jurisdiction_model,E_model_predicted_jurisdiction,E_model_only,0.3131,0,1,,,,0.0
IN,TH,US,TH,549300370FLM4N8KKX50,JELLY BELLY CANDY COMPANY (THAILAND) LIMITED,TH,US,,,phase3_jurisdiction_model,E_model_predicted_jurisdiction,E_model_only,0.3128,0,1,,,,0.0
IN,TH,EUROPE,TH,213800BO5ULGP4QPU556,กองทุนเปิด อเบอร์ดีน ยูโร ไฮ ยิลด์ บอนด์ ฟันด์,TH,EUROPE,,,phase3_jurisdiction_model,E_model_predicted_jurisdiction,E_model_only,0.3127,0,1,,,,0.0
IN,TH,EUROPE,TH,529900LKITKN4CCJKC40,บริษัท รุ่งทรัพย์สมบูรณ์ จำกัด,TH,EUROPE,,,phase3_jurisdiction_model,E_model_predicted_jurisdiction,E_model_only,0.3126,0,1,,,,0.0
IN,TH,EUROPE,TH,984500C97C6B75905623,ซังกะ กรุ๊ป จำกัด,TH,EUROPE,,,phase3_jurisdiction_model,E_model_predicted_jurisdiction,E_model_only,0.3124,0,1,,,,0.0
IN,TH,DE,TH,2549001AGJY9YJ2VYT88,กองทุนเปิดไทยพาณิชย์ตราสารหนี้ เอเอส 3MA2 ห้ามขายผู้ลงทุนรายย่อย,TH,DE,,,phase3_jurisdiction_model,E_model_predicted_jurisdiction,E_model_only,0.3123,0,1,,,,0.0
IN,TH,DE,TH,2549008JKWB4BUVKII91,กองทุนเปิดไทยพาณิชย์ตราสารหนี้ เอเอส 3MA3 ห้ามขายผู้ลงทุนรายย่อย,TH,DE,,,phase3_jurisdiction_model,E_model_predicted_jurisdiction,E_model_only,0.3123,0,1,,,,0.0
IN,TH,EUROPE,TH,254900FNTQV3WZR6WV88,บริษัท โรโบลิงโก้ จำกัด,TH,EUROPE,,,phase3_jurisdiction_model,E_model_predicted_jurisdiction,E_model_only,0.3121,0,1,,,,0.0
IN,TH,OTHER,TH,549300WKGLXEV3DB7I54,บริษัท ธนาคารทหารไทยธนชาต จำกัด (มหาชน),TH,OTHER,,,phase3_jurisdiction_model,E_model_predicted_jurisdiction,E_model_only,0.312,0,1,,,,0.0
IN,TH,GB,TH,98450043F85BA13A6590,บริษัท อินเตอร์เนชั่นแนล แมเนจเม้นท์ แอนด์ เซอร์วิสเซส (ไทยแลนด์) จำกัด,TH,GB,,,phase3_jurisdiction_model,E_model_predicted_jurisdiction,E_model_only,0.312,0,1,,,,0.0
IN,TH,DE,TH,8945004KQU0975ZP1R06,Green Spot Company Limited,TH,DE,,,phase3_jurisdiction_model,E_model_predicted_jurisdiction,E_model_only,0.3118,0,1,,,,0.0
IN,TH,EUROPE,TH,254900YWJIZXZCD6QR42,บริษัท มางกอก จำกัด,TH,EUROPE,,,phase3_jurisdiction_model,E_model_predicted_jurisdiction,E_model_only,0.3112,0,1,,,,0.0
IN,TH,OTHER,TH,529900UR8P8JDG3YZS51,บริษัท หลักทรัพย์ เคจีไอ (ประเทศไทย) จำกัด (มหาชน),TH,OTHER,,,phase3_jurisdiction_model,E_model_predicted_jurisdiction,E_model_only,0.3106,0,1,,,,0.0
IN,TH,EUROPE,TH,254900QTP3HZGKWJSB04,กองทุนเปิด แอสเซทพลัส ตราสารหนี้ เดลี่ พลัส ห้ามขายผู้ลงทุนรายย่อย,TH,EUROPE,,,phase3_jurisdiction_model,E_model_predicted_jurisdiction,E_model_only,0.31,0,1,,,,0.0
IN,TH,EUROPE,TH,2549002SQV4F0NMT6B57,กองทุนเปิด แอสเซทพลัส เวียดนาม โกรท เพื่อการเลี้ยงชีพ,TH,EUROPE,,,phase3_jurisdiction_model,E_model_predicted_jurisdiction,E_model_only,0.31,0,1,,,,0.0
IN,TH,DE,TH,254900ELFXQ0JPKW4E97,กองทุนเปิดไทยพาณิชย์ตราสารหนี้ต่างประเทศ 1YQ6,TH,DE,,,phase3_jurisdiction_model,E_model_predicted_jurisdiction,E_model_only,0.3097,0,1,,,,0.0
IN,TH,DE,TH,254900T71H290KY8CR97,กองทุนเปิดไทยพาณิชย์ตราสารหนี้ต่างประเทศ 3MH1,TH,DE,,,phase3_jurisdiction_model,E_model_predicted_jurisdiction,E_model_only,0.3097,0,1,,,,0.0
IN,TH,DE,TH,254900FACCXA0BKHMH57,กองทุนเปิดไทยพาณิชย์ตราสารหนี้ต่างประเทศ 6MQ5,TH,DE,,,phase3_jurisdiction_model,E_model_predicted_jurisdiction,E_model_only,0.3097,0,1,,,,0.0
IN,TH,DE,TH,2549008PV95401IOLD15,กองทุนเปิดไทยพาณิชย์ตราสารหนี้ต่างประเทศ 1YL6,TH,DE,,,phase3_jurisdiction_model,E_model_predicted_jurisdiction,E_model_only,0.3091,0,1,,,,0.0
IN,TH,DE,TH,25490061K060ADNYO093,กองทุนเปิดไทยพาณิชย์ตราสารหนี้ต่างประเทศ 1YM8,TH,DE,,,phase3_jurisdiction_model,E_model_predicted_jurisdiction,E_model_only,0.3091,0,1,,,,0.0
IN,TH,DE,TH,254900D4CSJCA48EWJ33,กองทุนเปิดไทยพาณิชย์ตราสารหนี้ต่างประเทศ 1YN2,TH,DE,,,phase3_jurisdiction_model,E_model_predicted_jurisdiction,E_model_only,0.3091,0,1,,,,0.0
IN,TH,DE,TH,254900FOFF47OCZ60373,กองทุนเปิดไทยพาณิชย์ตราสารหนี้ต่างประเทศ 1YN3,TH,DE,,,phase3_jurisdiction_model,E_model_predicted_jurisdiction,E_model_only,0.3091,0,1,,,,0.0
IN,TH,DE,TH,254900LO34F6JOSF2166,กองทุนเปิดไทยพาณิชย์ตราสารหนี้ต่างประเทศ 1YN5,TH,DE,,,phase3_jurisdiction_model,E_model_predicted_jurisdiction,E_model_only,0.3091,0,1,,,,0.0
IN,TH,DE,TH,254900VYFU53IBAACL17,กองทุนเปิดไทยพาณิชย์ตราสารหนี้ต่างประเทศ 1YN7,TH,DE,,,phase3_jurisdiction_model,E_model_predicted_jurisdiction,E_model_only,0.3091,0,1,,,,0.0
IN,TH,DE,TH,254900LODL5BRQDHJU91,กองทุนเปิดไทยพาณิชย์ตราสารหนี้ต่างประเทศ 1YO1,TH,DE,,,phase3_jurisdiction_model,E_model_predicted_jurisdiction,E_model_only,0.3091,0,1,,,,0.0
IN,TH,DE,TH,254900QZDV57WQYMA024,กองทุนเปิดไทยพาณิชย์ตราสารหนี้ต่างประเทศ 1YO4,TH,DE,,,phase3_jurisdiction_model,E_model_predicted_jurisdiction,E_model_only,0.3091,0,1,,,,0.0
IN,TH,DE,TH,254900EFQ6H1K1UQBZ84,กองทุนเปิดไทยพาณิชย์ตราสารหนี้ต่างประเทศ 1YO5,TH,DE,,,phase3_jurisdiction_model,E_model_predicted_jurisdiction,E_model_only,0.3091,0,1,,,,0.0
IN,TH,DE,TH,254900K05HI6OJK2QG81,กองทุนเปิดไทยพาณิชย์ตราสารหนี้ต่างประเทศ 1YO6,TH,DE,,,phase3_jurisdiction_model,E_model_predicted_jurisdiction,E_model_only,0.3091,0,1,,,,0.0
IN,TH,DE,TH,254900CULG7RW81XWV36,กองทุนเปิดไทยพาณิชย์ตราสารหนี้ต่างประเทศ 1YO9,TH,DE,,,phase3_jurisdiction_model,E_model_predicted_jurisdiction,E_model_only,0.3091,0,1,,,,0.0
IN,TH,DE,TH,2549000ZAFJI0S1L2781,กองทุนเปิดไทยพาณิชย์ตราสารหนี้ต่างประเทศ 1YP1,TH,DE,,,phase3_jurisdiction_model,E_model_predicted_jurisdiction,E_model_only,0.3091,0,1,,,,0.0
IN,TH,DE,TH,254900GI4HR17E3SLZ81,กองทุนเปิดไทยพาณิชย์ตราสารหนี้ต่างประเทศ 1YP3,TH,DE,,,phase3_jurisdiction_model,E_model_predicted_jurisdiction,E_model_only,0.3091,0,1,,,,0.0
IN,TH,DE,TH,254900PX61UHSQ41H758,กองทุนเปิดไทยพาณิชย์ตราสารหนี้ต่างประเทศ 1YP4,TH,DE,,,phase3_jurisdiction_model,E_model_predicted_jurisdiction,E_model_only,0.3091,0,1,,,,0.0
IN,TH,DE,TH,254900VW3MYBHTN3UE56,กองทุนเปิดไทยพาณิชย์ตราสารหนี้ต่างประเทศ 1YP6,TH,DE,,,phase3_jurisdiction_model,E_model_predicted_jurisdiction,E_model_only,0.3091,0,1,,,,0.0
IN,TH,DE,TH,254900USQ4PGAC7NVH69,กองทุนเปิดไทยพาณิชย์ตราสารหนี้ต่างประเทศ 1YP7,TH,DE,,,phase3_jurisdiction_model,E_model_predicted_jurisdiction,E_model_only,0.3091,0,1,,,,0.0
IN,TH,DE,TH,254900PJ4AS7DHG31Y58,กองทุนเปิดไทยพาณิชย์ตราสารหนี้ต่างประเทศ 1YQ1,TH,DE,,,phase3_jurisdiction_model,E_model_predicted_jurisdiction,E_model_only,0.3091,0,1,,,,0.0
IN,TH,DE,TH,254900QEN2HK5SM8NC19,กองทุนเปิดไทยพาณิชย์ตราสารหนี้ต่างประเทศ 3MD9,TH,DE,,,phase3_jurisdiction_model,E_model_predicted_jurisdiction,E_model_only,0.3091,0,1,,,,0.0
IN,TH,DE,TH,254900QODCAAHTZDXC48,กองทุนเปิดไทยพาณิชย์ตราสารหนี้ต่างประเทศ 3ME2,TH,DE,,,phase3_jurisdiction_model,E_model_predicted_jurisdiction,E_model_only,0.3091,0,1,,,,0.0
IN,TH,DE,TH,254900LGPLVFE5D25I70,กองทุนเปิดไทยพาณิชย์ตราสารหนี้ต่างประเทศ 3ME8,TH,DE,,,phase3_jurisdiction_model,E_model_predicted_jurisdiction,E_model_only,0.3091,0,1,,,,0.0
IN,TH,DE,TH,254900MKYRMEJEBBNY57,กองทุนเปิดไทยพาณิชย์ตราสารหนี้ต่างประเทศ 3MF2,TH,DE,,,phase3_jurisdiction_model,E_model_predicted_jurisdiction,E_model_only,0.3091,0,1,,,,0.0
IN,TH,DE,TH,254900ZLLI90Y2TEO278,กองทุนเปิดไทยพาณิชย์ตราสารหนี้ต่างประเทศ 3MF3,TH,DE,,,phase3_jurisdiction_model,E_model_predicted_jurisdiction,E_model_only,0.3091,0,1,,,,0.0
IN,TH,DE,TH,254900ME3SP3CBAUSD97,กองทุนเปิดไทยพาณิชย์ตราสารหนี้ต่างประเทศ 3MF4,TH,DE,,,phase3_jurisdiction_model,E_model_predicted_jurisdiction,E_model_only,0.3091,0,1,,,,0.0
IN,TH,DE,TH,254900YTZR1SZ82HYN31,กองทุนเปิดไทยพาณิชย์ตราสารหนี้ต่างประเทศ 3MF5,TH,DE,,,phase3_jurisdiction_model,E_model_predicted_jurisdiction,E_model_only,0.3091,0,1,,,,0.0
IN,TH,DE,TH,2549006TVE1NX492UJ59,กองทุนเปิดไทยพาณิชย์ตราสารหนี้ต่างประเทศ 3MF6,TH,DE,,,phase3_jurisdiction_model,E_model_predicted_jurisdiction,E_model_only,0.3091,0,1,,,,0.0
IN,TH,DE,TH,254900OJF5636BNQ4621,กองทุนเปิดไทยพาณิชย์ตราสารหนี้ต่างประเทศ 3MF7,TH,DE,,,phase3_jurisdiction_model,E_model_predicted_jurisdiction,E_model_only,0.3091,0,1,,,,0.0
IN,TH,DE,TH,254900O9DUMOZ4ONO554,กองทุนเปิดไทยพาณิชย์ตราสารหนี้ต่างประเทศ 3MF8,TH,DE,,,phase3_jurisdiction_model,E_model_predicted_jurisdiction,E_model_only,0.3091,0,1,,,,0.0
IN,TH,DE,TH,254900LA2GK16PZSU057,กองทุนเปิดไทยพาณิชย์ตราสารหนี้ต่างประเทศ 3MG1,TH,DE,,,phase3_jurisdiction_model,E_model_predicted_jurisdiction,E_model_only,0.3091,0,1,,,,0.0
IN,TH,DE,TH,254900OB4LRQJCVOZI11,กองทุนเปิดไทยพาณิชย์ตราสารหนี้ต่างประเทศ 3MG2,TH,DE,,,phase3_jurisdiction_model,E_model_predicted_jurisdiction,E_model_only,0.3091,0,1,,,,0.0
IN,TH,DE,TH,2549004QOG1WAVSKHA15,กองทุนเปิดไทยพาณิชย์ตราสารหนี้ต่างประเทศ 3MG3,TH,DE,,,phase3_jurisdiction_model,E_model_predicted_jurisdiction,E_model_only,0.3091,0,1,,,,0.0
IN,TH,DE,TH,254900SLT6U9XP8LE346,กองทุนเปิดไทยพาณิชย์ตราสารหนี้ต่างประเทศ 6ML2,TH,DE,,,phase3_jurisdiction_model,E_model_predicted_jurisdiction,E_model_only,0.3091,0,1,,,,0.0
IN,TH,DE,TH,254900USN2ZFOIX6RZ46,กองทุนเปิดไทยพาณิชย์ตราสารหนี้ต่างประเทศ 6ML3,TH,DE,,,phase3_jurisdiction_model,E_model_predicted_jurisdiction,E_model_only,0.3091,0,1,,,,0.0
IN,TH,DE,TH,254900YDOALF7Z9QQP63,กองทุนเปิดไทยพาณิชย์ตราสารหนี้ต่างประเทศ 6ML5,TH,DE,,,phase3_jurisdiction_model,E_model_predicted_jurisdiction,E_model_only,0.3091,0,1,,,,0.0
IN,TH,DE,TH,254900G3Z6ROT4FUNN62,กองทุนเปิดไทยพาณิชย์ตราสารหนี้ต่างประเทศ 6MM2,TH,DE,,,phase3_jurisdiction_model,E_model_predicted_jurisdiction,E_model_only,0.3091,0,1,,,,0.0
IN,TH,DE,TH,254900AVMUKW4T6BI346,กองทุนเปิดไทยพาณิชย์ตราสารหนี้ต่างประเทศ 6MM4,TH,DE,,,phase3_jurisdiction_model,E_model_predicted_jurisdiction,E_model_only,0.3091,0,1,,,,0.0
IN,TH,DE,TH,25490020G25LRA6O2Q04,กองทุนเปิดไทยพาณิชย์ตราสารหนี้ต่างประเทศ 6MM6,TH,DE,,,phase3_jurisdiction_model,E_model_predicted_jurisdiction,E_model_only,0.3091,0,1,,,,0.0
IN,TH,DE,TH,254900EK7SJ8JKRDHF23,กองทุนเปิดไทยพาณิชย์ตราสารหนี้ต่างประเทศ 6MM7,TH,DE,,,phase3_jurisdiction_model,E_model_predicted_jurisdiction,E_model_only,0.3091,0,1,,,,0.0
IN,TH,DE,TH,254900GFV9NCDEF19Z27,กองทุนเปิดไทยพาณิชย์ตราสารหนี้ต่างประเทศ 6MM8,TH,DE,,,phase3_jurisdiction_model,E_model_predicted_jurisdiction,E_model_only,0.3091,0,1,,,,0.0
IN,TH,DE,TH,254900F6YOG3SYBWOS14,กองทุนเปิดไทยพาณิชย์ตราสารหนี้ต่างประเทศ 6MM9,TH,DE,,,phase3_jurisdiction_model,E_model_predicted_jurisdiction,E_model_only,0.3091,0,1,,,,0.0
IN,TH,DE,TH,25490040BSZGSHY3E267,กองทุนเปิดไทยพาณิชย์ตราสารหนี้ต่างประเทศ 6MN1,TH,DE,,,phase3_jurisdiction_model,E_model_predicted_jurisdiction,E_model_only,0.3091,0,1,,,,0.0
IN,TH,DE,TH,254900CCKFX1TRD09668,กองทุนเปิดไทยพาณิชย์ตราสารหนี้ต่างประเทศ 6MN2,TH,DE,,,phase3_jurisdiction_model,E_model_predicted_jurisdiction,E_model_only,0.3091,0,1,,,,0.0
IN,TH,DE,TH,254900PR39ZXVNJFRB92,กองทุนเปิดไทยพาณิชย์ตราสารหนี้ต่างประเทศ 6MN3,TH,DE,,,phase3_jurisdiction_model,E_model_predicted_jurisdiction,E_model_only,0.3091,0,1,,,,0.0
IN,TH,DE,TH,254900B6CRNHBCI0AH08,กองทุนเปิดไทยพาณิชย์ตราสารหนี้ต่างประเทศ 6MN4,TH,DE,,,phase3_jurisdiction_model,E_model_predicted_jurisdiction,E_model_only,0.3091,0,1,,,,0.0
IN,TH,DE,TH,254900J9RE023Z1F3W57,กองทุนเปิดไทยพาณิชย์ตราสารหนี้ต่างประเทศ 6MN6,TH,DE,,,phase3_jurisdiction_model,E_model_predicted_jurisdiction,E_model_only,0.3091,0,1,,,,0.0
IN,TH,DE,TH,2549002LDTW2DUF99902,กองทุนเปิดไทยพาณิชย์ตราสารหนี้ต่างประเทศ 6MN7,TH,DE,,,phase3_jurisdiction_model,E_model_predicted_jurisdiction,E_model_only,0.3091,0,1,,,,0.0
IN,TH,DE,TH,254900J3OFXN57URNO26,กองทุนเปิดไทยพาณิชย์ตราสารหนี้ต่างประเทศ 6MN8,TH,DE,,,phase3_jurisdiction_model,E_model_predicted_jurisdiction,E_model_only,0.3091,0,1,,,,0.0
IN,TH,DE,TH,254900IRM7LL0HHWLT94,กองทุนเปิดไทยพาณิชย์ตราสารหนี้ต่างประเทศ 6MN9,TH,DE,,,phase3_jurisdiction_model,E_model_predicted_jurisdiction,E_model_only,0.3091,0,1,,,,0.0
IN,TH,DE,TH,254900P1UQW38MFPV793,กองทุนเปิดไทยพาณิชย์ตราสารหนี้ต่างประเทศ 6MO1,TH,DE,,,phase3_jurisdiction_model,E_model_predicted_jurisdiction,E_model_only,0.3091,0,1,,,,0.0
IN,TH,DE,TH,254900V3WCUMZPGM8039,กองทุนเปิดไทยพาณิชย์ตราสารหนี้ต่างประเทศ 6MO2,TH,DE,,,phase3_jurisdiction_model,E_model_predicted_jurisdiction,E_model_only,0.3091,0,1,,,,0.0
IN,TH,DE,TH,2549005J3S16BDWVJ073,กองทุนเปิดไทยพาณิชย์ตราสารหนี้ต่างประเทศ 6MO3,TH,DE,,,phase3_jurisdiction_model,E_model_predicted_jurisdiction,E_model_only,0.3091,0,1,,,,0.0
IN,TH,DE,TH,254900NP4W19XID38068,กองทุนเปิดไทยพาณิชย์ตราสารหนี้ต่างประเทศ 6MO4,TH,DE,,,phase3_jurisdiction_model,E_model_predicted_jurisdiction,E_model_only,0.3091,0,1,,,,0.0
IN,TH,DE,TH,254900ETICTYT0OUCS93,กองทุนเปิดไทยพาณิชย์ตราสารหนี้ต่างประเทศ 6MO6,TH,DE,,,phase3_jurisdiction_model,E_model_predicted_jurisdiction,E_model_only,0.3091,0,1,,,,0.0
IN,TH,DE,TH,254900BRDZGXJGDVKX26,กองทุนเปิดไทยพาณิชย์ตราสารหนี้ต่างประเทศ 6MO7,TH,DE,,,phase3_jurisdiction_model,E_model_predicted_jurisdiction,E_model_only,0.3091,0,1,,,,0.0
IN,TH,DE,TH,254900FIPMR2R082XE51,กองทุนเปิดไทยพาณิชย์ตราสารหนี้ต่างประเทศ 6MO8,TH,DE,,,phase3_jurisdiction_model,E_model_predicted_jurisdiction,E_model_only,0.3091,0,1,,,,0.0
IN,TH,DE,TH,25490058RNWHSOYYFX43,กองทุนเปิดไทยพาณิชย์ตราสารหนี้ต่างประเทศ 6MO9,TH,DE,,,phase3_jurisdiction_model,E_model_predicted_jurisdiction,E_model_only,0.3091,0,1,,,,0.0
IN,TH,DE,TH,2549006WDST6AZX8T762,กองทุนเปิดไทยพาณิชย์ตราสารหนี้ต่างประเทศ 6MP1,TH,DE,,,phase3_jurisdiction_model,E_model_predicted_jurisdiction,E_model_only,0.3091,0,1,,,,0.0
IN,TH,DE,TH,254900Z6ES08ED7MUM31,กองทุนเปิดไทยพาณิชย์ตราสารหนี้ต่างประเทศ 6MP2,TH,DE,,,phase3_jurisdiction_model,E_model_predicted_jurisdiction,E_model_only,0.3091,0,1,,,,0.0
IN,TH,DE,TH,2549005KN2HF5FZ9BL56,กองทุนเปิดไทยพาณิชย์ตราสารหนี้ต่างประเทศ 6MP3,TH,DE,,,phase3_jurisdiction_model,E_model_predicted_jurisdiction,E_model_only,0.3091,0,1,,,,0.0
IN,TH,DE,TH,254900E8PLRMPLYXMP32,กองทุนเปิดไทยพาณิชย์ตราสารหนี้ต่างประเทศ 6MP4,TH,DE,,,phase3_jurisdiction_model,E_model_predicted_jurisdiction,E_model_only,0.3091,0,1,,,,0.0
IN,TH,DE,TH,254900ZUQ54O0Z59B488,กองทุนเปิดไทยพาณิชย์ตราสารหนี้ต่างประเทศ 6MP5,TH,DE,,,phase3_jurisdiction_model,E_model_predicted_jurisdiction,E_model_only,0.3091,0,1,,,,0.0
IN,TH,DE,TH,254900IL3FQFXREHUH07,กองทุนเปิดไทยพาณิชย์ตราสารหนี้ต่างประเทศ 6MP6,TH,DE,,,phase3_jurisdiction_model,E_model_predicted_jurisdiction,E_model_only,0.3091,0,1,,,,0.0
IN,TH,EUROPE,TH,549300GX3G73XCOYDO75,K ENHANCED CREDIT 7 FUND NOT FOR RETAIL INVESTORS,TH,EUROPE,,,phase3_jurisdiction_model,E_model_predicted_jurisdiction,E_model_only,0.3087,0,1,,,,0.0
IN,TH,EUROPE,TH,549300OUYQ6YDVDU1O49,K ENHANCED CREDIT 8 FUND NOT FOR RETAIL INVESTORS,TH,EUROPE,,,phase3_jurisdiction_model,E_model_predicted_jurisdiction,E_model_only,0.3087,0,1,,,,0.0
IN,TH,EUROPE,TH,894500D5AV38KEBZAS18,บริษัท ฟินีม่า จำกัด,TH,EUROPE,,,phase3_jurisdiction_model,E_model_predicted_jurisdiction,E_model_only,0.308,0,1,,,,0.0
IN,TH,DE,TH,254900NHITNXW7UPQ744,บริษัท คริสตอลลา จำกัด,TH,DE,,,phase3_jurisdiction_model,E_model_predicted_jurisdiction,E_model_only,0.3079,0,1,,,,0.0
IN,TH,EUROPE,TH,5493005D0ISGPC9F3M30,K COMPLEX RETURN 1 YEAR E FUND NOT FOR RETAIL INVESTORS,TH,EUROPE,,,phase3_jurisdiction_model,E_model_predicted_jurisdiction,E_model_only,0.3078,0,1,,,,0.0
IN,TH,EUROPE,TH,5493002TQ3467E76P426,K FOREIGN FIXED INCOME 1YN FUND NOT FOR RETAIL INVESTORS,TH,EUROPE,,,phase3_jurisdiction_model,E_model_predicted_jurisdiction,E_model_only,0.3078,0,1,,,,0.0
IN,TH,EUROPE,TH,549300A3BOBN4C8LN733,K FOREIGN FIXED INCOME 1YO FUND NOT FOR RETAIL INVESTORS,TH,EUROPE,,,phase3_jurisdiction_model,E_model_predicted_jurisdiction,E_model_only,0.3078,0,1,,,,0.0
IN,TH,EUROPE,TH,549300LNYWVRIS34LU46,K FOREIGN FIXED INCOME 1YP FUND NOT FOR RETAIL INVESTORS,TH,EUROPE,,,phase3_jurisdiction_model,E_model_predicted_jurisdiction,E_model_only,0.3078,0,1,,,,0.0
IN,TH,EUROPE,TH,549300Q1WDVOH2C40A50,K FOREIGN FIXED INCOME 1YQ FUND NOT FOR RETAIL INVESTORS,TH,EUROPE,,,phase3_jurisdiction_model,E_model_predicted_jurisdiction,E_model_only,0.3078,0,1,,,,0.0
IN,TH,EUROPE,TH,549300PVAKWFMD0O2E69,K FOREIGN FIXED INCOME 1YR FUND NOT FOR RETAIL INVESTORS,TH,EUROPE,,,phase3_jurisdiction_model,E_model_predicted_jurisdiction,E_model_only,0.3078,0,1,,,,0.0
IN,TH,EUROPE,TH,549300RIHFZESRWSST34,K FOREIGN FIXED INCOME 1YS FUND NOT FOR RETAIL INVESTORS,TH,EUROPE,,,phase3_jurisdiction_model,E_model_predicted_jurisdiction,E_model_only,0.3078,0,1,,,,0.0
IN,TH,EUROPE,TH,549300VFSIDP53GU2U73,K FOREIGN FIXED INCOME 1YT FUND NOT FOR RETAIL INVESTORS,TH,EUROPE,,,phase3_jurisdiction_model,E_model_predicted_jurisdiction,E_model_only,0.3078,0,1,,,,0.0
IN,TH,EUROPE,TH,5493004MBJV0HQZ95D69,K FOREIGN FIXED INCOME 1YU FUND NOT FOR RETAIL INVESTORS,TH,EUROPE,,,phase3_jurisdiction_model,E_model_predicted_jurisdiction,E_model_only,0.3078,0,1,,,,0.0
IN,TH,EUROPE,TH,549300SGFRRUKVE03E41,K FOREIGN FIXED INCOME 1YV FUND NOT FOR RETAIL INVESTORS,TH,EUROPE,,,phase3_jurisdiction_model,E_model_predicted_jurisdiction,E_model_only,0.3078,0,1,,,,0.0
IN,TH,DE,TH,2549002X1EENFDGWKK70,กองทุนเปิดไทยพาณิชย์ตราสารหนี้ต่างประเทศ เอเอส 1YA4 ห้ามขายผู้ลงทุนรายย่อย,TH,DE,,,phase3_jurisdiction_model,E_model_predicted_jurisdiction,E_model_only,0.3078,0,1,,,,0.0
IN,TH,DE,TH,254900PEPZOQOFZWJ989,กองทุนเปิดไทยพาณิชย์ตราสารหนี้ต่างประเทศ เอเอส 3MA1 ห้ามขายผู้ลงทุนรายย่อย,TH,DE,,,phase3_jurisdiction_model,E_model_predicted_jurisdiction,E_model_only,0.3078,0,1,,,,0.0
IN,TH,DE,TH,254900JQX41R2EGEN962,กองทุนเปิดไทยพาณิชย์ตราสารหนี้ต่างประเทศ เอเอส 3MA2 ห้ามขายผู้ลงทุนรายย่อย,TH,DE,,,phase3_jurisdiction_model,E_model_predicted_jurisdiction,E_model_only,0.3078,0,1,,,,0.0
IN,TH,DE,TH,254900YMUZJ3PQE9S950,กองทุนเปิดไทยพาณิชย์ตราสารหนี้ต่างประเทศ เอเอส 3MA4 ห้ามขายผู้ลงทุนรายย่อย,TH,DE,,,phase3_jurisdiction_model,E_model_predicted_jurisdiction,E_model_only,0.3078,0,1,,,,0.0
IN,TH,DE,TH,254900G3QZ9Z0KRA5T37,กองทุนเปิดไทยพาณิชย์ตราสารหนี้ต่างประเทศ เอเอส 3MA5 ห้ามขายผู้ลงทุนรายย่อย,TH,DE,,,phase3_jurisdiction_model,E_model_predicted_jurisdiction,E_model_only,0.3078,0,1,,,,0.0
IN,TH,DE,TH,254900BNNMA92NUVKK40,กองทุนเปิดไทยพาณิชย์ตราสารหนี้ต่างประเทศ เอเอส 3MA6 ห้ามขายผู้ลงทุนรายย่อย,TH,DE,,,phase3_jurisdiction_model,E_model_predicted_jurisdiction,E_model_only,0.3078,0,1,,,,0.0
IN,TH,DE,TH,254900V0X9HF5QA08Q73,กองทุนเปิดไทยพาณิชย์ตราสารหนี้ต่างประเทศ เอเอส 3MA8 ห้ามขายผู้ลงทุนรายย่อย,TH,DE,,,phase3_jurisdiction_model,E_model_predicted_jurisdiction,E_model_only,0.3078,0,1,,,,0.0
IN,TH,DE,TH,254900BTTR77EOAKSF45,กองทุนเปิดไทยพาณิชย์ตราสารหนี้ต่างประเทศ เอเอส 6ME1 ห้ามขายผู้ลงทุนรายย่อย,TH,DE,,,phase3_jurisdiction_model,E_model_predicted_jurisdiction,E_model_only,0.3078,0,1,,,,0.0
IN,TH,DE,TH,25490083YUMAOUZOLW95,กองทุนเปิดไทยพาณิชย์ตราสารหนี้ต่างประเทศ เอเอส 6ME3 ห้ามขายผู้ลงทุนรายย่อย,TH,DE,,,phase3_jurisdiction_model,E_model_predicted_jurisdiction,E_model_only,0.3078,0,1,,,,0.0
IN,TH,DE,TH,254900CLI0X2ONUDQ966,กองทุนเปิดไทยพาณิชย์ตราสารหนี้ต่างประเทศ เอเอส 6ME4 ห้ามขายผู้ลงทุนรายย่อย,TH,DE,,,phase3_jurisdiction_model,E_model_predicted_jurisdiction,E_model_only,0.3078,0,1,,,,0.0
IN,TH,DE,TH,2549009MT5K2CFYDXW59,กองทุนเปิดไทยพาณิชย์ตราสารหนี้ต่างประเทศ เอเอส 6ME5 ห้ามขายผู้ลงทุนรายย่อย,TH,DE,,,phase3_jurisdiction_model,E_model_predicted_jurisdiction,E_model_only,0.3078,0,1,,,,0.0
IN,TH,DE,TH,254900FZ6BVNND20LT98,กองทุนเปิดไทยพาณิชย์ตราสารหนี้ต่างประเทศ เอเอส 6ME6 ห้ามขายผู้ลงทุนรายย่อย,TH,DE,,,phase3_jurisdiction_model,E_model_predicted_jurisdiction,E_model_only,0.3078,0,1,,,,0.0
IN,TH,DE,TH,2549008C12E5S6X55M95,กองทุนเปิดไทยพาณิชย์ตราสารหนี้ต่างประเทศ เอเอส 6ME8 ห้ามขายผู้ลงทุนรายย่อย,TH,DE,,,phase3_jurisdiction_model,E_model_predicted_jurisdiction,E_model_only,0.3078,0,1,,,,0.0
IN,TH,DE,TH,254900B2USJXTSQ9S860,กองทุนเปิดไทยพาณิชย์ตราสารหนี้ต่างประเทศ เอเอส 6MF1 ห้ามขายผู้ลงทุนรายย่อย,TH,DE,,,phase3_jurisdiction_model,E_model_predicted_jurisdiction,E_model_only,0.3078,0,1,,,,0.0
IN,TH,DE,TH,254900WP3QDFP5Y5FH49,กองทุนเปิดไทยพาณิชย์ตราสารหนี้ต่างประเทศ เอเอส 6MF2 ห้ามขายผู้ลงทุนรายย่อย,TH,DE,,,phase3_jurisdiction_model,E_model_predicted_jurisdiction,E_model_only,0.3078,0,1,,,,0.0
IN,TH,DE,TH,25490074A2C489SD1E95,กองทุนเปิดไทยพาณิชย์ตราสารหนี้ต่างประเทศ เอเอส 6MF4 ห้ามขายผู้ลงทุนรายย่อย,TH,DE,,,phase3_jurisdiction_model,E_model_predicted_jurisdiction,E_model_only,0.3078,0,1,,,,0.0
IN,TH,DE,TH,2549001F2X1EDNX38181,กองทุนเปิดไทยพาณิชย์ตราสารหนี้ต่างประเทศ เอเอส 6MF5 ห้ามขายผู้ลงทุนรายย่อย,TH,DE,,,phase3_jurisdiction_model,E_model_predicted_jurisdiction,E_model_only,0.3078,0,1,,,,0.0
IN,TH,DE,TH,25490049VBPFN1Q75O11,กองทุนเปิดไทยพาณิชย์ตราสารหนี้ต่างประเทศ เอเอส 6MF7 ห้ามขายผู้ลงทุนรายย่อย,TH,DE,,,phase3_jurisdiction_model,E_model_predicted_jurisdiction,E_model_only,0.3078,0,1,,,,0.0
IN,TH,EUROPE,TH,254900L9OS5FUPKLUS37,บริษัท สวัสดีช้อป จำกัด,TH,EUROPE,,,phase3_jurisdiction_model,E_model_predicted_jurisdiction,E_model_only,0.307,0,1,,,,0.0
IN,TH,EUROPE,TH,894500HQD71STX0DQK07,บริษัท ทรู คอร์ปอเรชั่น จำกัด (มหาชน),TH,EUROPE,,,phase3_jurisdiction_model,E_model_predicted_jurisdiction,E_model_only,0.3067,0,1,,,,0.0
IN,TH,EUROPE,TH,5493000SXLE6ISVUNP43,K COMPLEX RETURN 3YD NOT FOR RETAIL INVESTORS,TH,EUROPE,,,phase3_jurisdiction_model,E_model_predicted_jurisdiction,E_model_only,0.3065,0,1,,,,0.0
IN,TH,EUROPE,TH,549300LH6DYOFR76TH08,K ENHANCED CREDIT 1 FUND NOT FOR RETAIL INVESTORS,TH,EUROPE,,,phase3_jurisdiction_model,E_model_predicted_jurisdiction,E_model_only,0.3063,0,1,,,,0.0
IN,TH,EUROPE,TH,549300MOHVYA2JW0SL54,K ENHANCED CREDIT 2 FUND NOT FOR RETAIL INVESTORS,TH,EUROPE,,,phase3_jurisdiction_model,E_model_predicted_jurisdiction,E_model_only,0.3063,0,1,,,,0.0
IN,TH,DE,TH,25490054SMJZZT5YCZ29,"Land and Houses Fund Management Co., Ltd.",TH,DE,,,phase3_jurisdiction_model,E_model_predicted_jurisdiction,E_model_only,0.3063,0,1,,,,0.0
IN,TH,EUROPE,TH,549300JZ3730FTL3RS34,K COMPLEX RETURN 3YA FUND NOT FOR RETAIL INVESTORS,TH,EUROPE,,,phase3_jurisdiction_model,E_model_predicted_jurisdiction,E_model_only,0.3062,0,1,,,,0.0
IN,TH,EUROPE,TH,549300PUKNSW8C7EKB09,K COMPLEX RETURN 3YB FUND NOT FOR RETAIL INVESTORS,TH,EUROPE,,,phase3_jurisdiction_model,E_model_predicted_jurisdiction,E_model_only,0.3062,0,1,,,,0.0
IN,TH,EUROPE,TH,21380027ME7QMTT92R83,กองทุนเปิด อเบอร์ดีน โกลบอล อีเมอร์จิ้ง โกรท ฟันด์,TH,EUROPE,,,phase3_jurisdiction_model,E_model_predicted_jurisdiction,E_model_only,0.3057,0,1,,,,0.0
IN,TH,EUROPE,TH,984500C675400BC40F07,บริษัท แอมแอร์ จำกัด,TH,EUROPE,,,phase3_jurisdiction_model,E_model_predicted_jurisdiction,E_model_only,0.3054,0,1,,,,0.0
IN,TH,EUROPE,TH,21380079SE51ZZV7QM10,INTER GLOBAL LIMITED,TH,EUROPE,,,phase3_jurisdiction_model,E_model_predicted_jurisdiction,E_model_only,0.3053,0,1,,,,0.0
IN,TH,US,TH,254900INDXSG0H2LKW53,บริษัท หลักทรัพย์ บัวหลวง จำกัด (มหาชน),TH,US,,,phase3_jurisdiction_model,E_model_predicted_jurisdiction,E_model_only,0.3051,0,1,,,,0.0
IN,TH,US,TH,2549002LROBR0MKNY839,กองทุนเปิดยูไนเต็ด ออล ไชน่า อิควิตี้ ฟันด์ เพื่อการเลี้ยงชีพ,TH,US,,,phase3_jurisdiction_model,E_model_predicted_jurisdiction,E_model_only,0.3049,0,1,,,,0.0
IN,TH,EUROPE,TH,254900Y536N82SVGKH16,ธนาคารออมสิน,TH,EUROPE,,,phase3_jurisdiction_model,E_model_predicted_jurisdiction,E_model_only,0.304,0,1,,,,0.0
IN,TH,EUROPE,TH,3912002P0K0DGU5Z8562,เดอะ แพลตฟอร์ม จำกัด,TH,EUROPE,,,phase3_jurisdiction_model,E_model_predicted_jurisdiction,E_model_only,0.3038,0,1,,,,0.0
IN,TH,EUROPE,TH,254900V3FWRSY6AIA716,บริษัท ลิงก์โร้ดทราเวล จำกัด,TH,EUROPE,,,phase3_jurisdiction_model,E_model_predicted_jurisdiction,E_model_only,0.3036,0,1,,,,0.0
IN,TH,EUROPE,TH,254900CBNWGYDF9LUP89,กองทุนเปิด แอสเซทพลัส ดิสรัปทีฟ ออพพอร์ทูนิตี้ส์ เพื่อการเลี้ยงชีพ,TH,EUROPE,,,phase3_jurisdiction_model,E_model_predicted_jurisdiction,E_model_only,0.3032,0,1,,,,0.0
IN,TH,EUROPE,TH,7437009387SCHR5AE793,Bay Hem Oy,TH,EUROPE,,,phase3_jurisdiction_model,E_model_predicted_jurisdiction,E_model_only,0.3029,0,1,,,,0.0
IN,TH,DE,TH,894500P9TNZR6ADSVM26,Trade Smart Limited Partnership,TH,DE,,,phase3_jurisdiction_model,E_model_predicted_jurisdiction,E_model_only,0.3029,0,1,,,,0.0
IN,TH,EUROPE,TH,549300ITFBNFH0H6FK36,ธนาคารเพื่อการส่งออกและนำเข้าแห่งประเทศไทย,TH,EUROPE,,,phase3_jurisdiction_model,E_model_predicted_jurisdiction,E_model_only,0.3029,0,1,,,,0.0
IN,TH,DE,TH,254900MO8OHT891BIL73,Renaissance Fund Management Limited,TH,DE,,,phase3_jurisdiction_model,E_model_predicted_jurisdiction,E_model_only,0.3027,0,1,,,,0.0
IN,TH,GB,TH,9845009F4DB62B07E225,บริษัท เกรท วอลล์ มอเตอร์ แมนูแฟคเจอริ่ง (ประเทศไทย) จำกัด,TH,GB,,,phase3_jurisdiction_model,E_model_predicted_jurisdiction,E_model_only,0.3025,0,1,,,,0.0
IN,TH,DE,TH,254900KT032255VJLJ67,บริษัท วัฒนพัฒน์เทรดดิ้ง จำกัด,TH,DE,,,phase3_jurisdiction_model,E_model_predicted_jurisdiction,E_model_only,0.3024,0,1,,,,0.0
IN,TH,US,TH,25490045O3OZLH0MFR13,กองทุนเปิด ยูไนเต็ด อินคัม เดลี่ อัลตร้า พลัส,TH,US,,,phase3_jurisdiction_model,E_model_predicted_jurisdiction,E_model_only,0.3022,0,1,,,,0.0
IN,TH,EUROPE,TH,254900VRNRBS1KMSC221,Gcap Co Ltd,TH,EUROPE,,,phase3_jurisdiction_model,E_model_predicted_jurisdiction,E_model_only,0.3017,0,1,,,,0.0
IN,TH,EUROPE,TH,984500EA14A10E805969,บริษัท แอร์โค จำกัด,TH,EUROPE,,,phase3_jurisdiction_model,E_model_predicted_jurisdiction,E_model_only,0.3017,0,1,,,,0.0
IN,TH,US,TH,2549009M4HRM3WO8UZ63,บริษัท โตโยต้า ไดฮัทสุ เอ็นจิเนียริ่ง แอนด์ แมนูแฟคเจอริ่ง จำกัด,TH,US,,,phase3_jurisdiction_model,E_model_predicted_jurisdiction,E_model_only,0.3016,0,1,,,,0.0
IN,TH,GB,TH,549300C16MEQZ6BA4M28,FORD SALES & SERVICE (THAILAND) COMPANY LIMITED,TH,GB,,,phase3_jurisdiction_model,E_model_predicted_jurisdiction,E_model_only,0.3012,0,1,,,,0.0
IN,TH,DE,TH,254900VDKYQ0Q8T7BV44,บริษัท เจ๊บเซ่น แอนด์ เจสเซ่น เทคโนโลยี (ที) จำกัด,TH,DE,,,phase3_jurisdiction_model,E_model_predicted_jurisdiction,E_model_only,0.3011,0,1,,,,0.0
IN,TH,DE,TH,254900YPJGACCHEU3X17,กองทุนเปิดไทยพาณิชย์คอมเพล็กซ์รีเทิร์น 3YA,TH,DE,,,phase3_jurisdiction_model,E_model_predicted_jurisdiction,E_model_only,0.301,0,1,,,,0.0
IN,TH,DE,TH,549300ZWYYEGKL4HR164,1 A.M. Global Bond Fund,TH,DE,,,phase3_jurisdiction_model,E_model_predicted_jurisdiction,E_model_only,0.3006,0,1,,,,0.0
IN,TH,EUROPE,TH,254900X5QN3MYFOFX664,กองทุนเปิดเค ตราสารหนี้ต่างประเทศ6MCKห้ามขายผู้ลงทุนรายย่อย,TH,EUROPE,,,phase3_jurisdiction_model,E_model_predicted_jurisdiction,E_model_only,0.3,0,1,,,,0.0
IN,TH,US,TH,894500ICE5RKXWR5VZ76,บริษัท แอดวานซ์ ไวร์เลส เน็ทเวอร์ค จำกัด,TH,US,,,phase3_jurisdiction_model,E_model_predicted_jurisdiction,E_model_only,0.2994,0,1,,,,0.0
IN,TH,DE,TH,254900PS6LGC9L8BZJ91,"Sany Thaiyont Co., Ltd.",TH,DE,,,phase3_jurisdiction_model,E_model_predicted_jurisdiction,E_model_only,0.2988,0,1,,,,0.0
IN,TH,US,TH,549300XTWVHBGMKE8122,SCHNEIDER (THAILAND) LIMITED,TH,US,,,phase3_jurisdiction_model,E_model_predicted_jurisdiction,E_model_only,0.2987,0,1,,,,0.0
IN,TH,EUROPE,TH,894500Q0GASKSEWVHU47,บริษัท ไทยเรยอน จำกัด (มหาชน),TH,EUROPE,,,phase3_jurisdiction_model,E_model_predicted_jurisdiction,E_model_only,0.2985,0,1,,,,0.0
IN,TH,DE,TH,254900XMPZ0HIE3P8022,GT Gold Bullion Company Limited,TH,DE,,,phase3_jurisdiction_model,E_model_predicted_jurisdiction,E_model_only,0.298,0,1,,,,0.0
IN,TH,DE,TH,254900XN8JRB0MILTU86,SPC Precious Metal Company Ltd,TH,DE,,,phase3_jurisdiction_model,E_model_predicted_jurisdiction,E_model_only,0.298,0,1,,,,0.0
IN,TH,GB,TH,984500A91E0BZ0C7C996,บริษัท เซียว เซียง เคมีคอล อินดัสทรี (ไทยแลนด์) จำกัด,TH,GB,,,phase3_jurisdiction_model,E_model_predicted_jurisdiction,E_model_only,0.2979,0,1,,,,0.0
IN,TH,GB,TH,5493006G4X6OUMF0CE07,บริษัท ตลาดสัญญาซื้อขายล่วงหน้า (ประเทศไทย) จำกัด (มหาชน),TH,GB,,,phase3_jurisdiction_model,E_model_predicted_jurisdiction,E_model_only,0.2978,0,1,,,,0.0
IN,TH,EUROPE,TH,549300MNWIM6L0YQSS53,ABATEK (ASIA) COMPANY,TH,EUROPE,,,phase3_jurisdiction_model,E_model_predicted_jurisdiction,E_model_only,0.2976,0,1,,,,0.0
IN,TH,EUROPE,TH,984500394578A407E558,บริษัท สยามเมกซ์ จำกัด,TH,EUROPE,,,phase3_jurisdiction_model,E_model_predicted_jurisdiction,E_model_only,0.2975,0,1,,,,0.0
IN,TH,DE,TH,254900TV6X2S1OK2MV96,กองทุนเปิดไทยพาณิชย์ตราสารหนี้ต่างประเทศ เอเอส 1YC7 ห้ามขายผู้ลงทุนรายย่อย,TH,DE,,,phase3_jurisdiction_model,E_model_predicted_jurisdiction,E_model_only,0.2974,0,1,,,,0.0
IN,TH,DE,TH,254900VC43ECEDOFZA82,กองทุนเปิดไทยพาณิชย์ตราสารหนี้ต่างประเทศ เอเอส 1YD3 ห้ามขายผู้ลงทุนรายย่อย,TH,DE,,,phase3_jurisdiction_model,E_model_predicted_jurisdiction,E_model_only,0.2974,0,1,,,,0.0
IN,TH,DE,TH,2549006BFTW5MSQR2R46,กองทุนเปิดไทยพาณิชย์ตราสารหนี้ต่างประเทศ เอเอส 6MN2 ห้ามขายผู้ลงทุนรายย่อย,TH,DE,,,phase3_jurisdiction_model,E_model_predicted_jurisdiction,E_model_only,0.2974,0,1,,,,0.0
IN,TH,DE,TH,254900GM95US33RSN779,กองทุนเปิดไทยพาณิชย์ตราสารหนี้ต่างประเทศ เอเอส 6MN9 ห้ามขายผู้ลงทุนรายย่อย,TH,DE,,,phase3_jurisdiction_model,E_model_predicted_jurisdiction,E_model_only,0.2974,0,1,,,,0.0
IN,TH,DE,TH,254900YEWLKK578VIV58,กองทุนเปิดไทยพาณิชย์ตราสารหนี้ต่างประเทศ เอเอส 6MO5 ห้ามขายผู้ลงทุนรายย่อย,TH,DE,,,phase3_jurisdiction_model,E_model_predicted_jurisdiction,E_model_only,0.2974,0,1,,,,0.0
IN,TH,ASIA_OTHER,TH,549300YNVU2DM30XBZ14,บริษัท พลังงานบริสุทธิ์ จำกัด (มหาชน),TH,ASIA_OTHER,,,phase3_jurisdiction_model,E_model_predicted_jurisdiction,E_model_only,0.297,0,1,,,,0.0
IN,TH,DE,TH,2549008O0PF033SQ3F47,Siam Knight Fund Management Securities Company Limited,TH,DE,,,phase3_jurisdiction_model,E_model_predicted_jurisdiction,E_model_only,0.2968,0,1,,,,0.0
IN,TH,EUROPE,TH,254900BW5XCQWDKRGO12,กองทุนเปิดพรินซิเพิล คอร์ ฟิกซ์ อินคัม สำหรับกองทุนสำรองเลี้ยงชีพ,TH,EUROPE,,,phase3_jurisdiction_model,E_model_predicted_jurisdiction,E_model_only,0.2965,0,1,,,,0.0
IN,TH,GB,TH,98450091FF5587A01122,บริษัท พานาโซนิค เทรชเชอรี่ เซ็นเตอร์ (ประเทศไทย) จำกัด,TH,GB,,,phase3_jurisdiction_model,E_model_predicted_jurisdiction,E_model_only,0.2964,0,1,,,,0.0
IN,TH,US,TH,213800LKAFAK375YCE90,LUVATA HEATING COOLING TECHNOLOGIES (THAILAND) LTD.,TH,US,,,phase3_jurisdiction_model,E_model_predicted_jurisdiction,E_model_only,0.2963,0,1,,,,0.0
IN,TH,GB,TH,549300OOS2BOM1BVEC83,THAI EXCLUSIVE LEASING COMPANY LIMITED,TH,GB,,,phase3_jurisdiction_model,E_model_predicted_jurisdiction,E_model_only,0.2959,0,1,,,,0.0
IN,TH,EUROPE,TH,2549006JYUYGBRXS0613,บริษัท ดูรียานิ จำกัด,TH,EUROPE,,,phase3_jurisdiction_model,E_model_predicted_jurisdiction,E_model_only,0.2958,0,1,,,,0.0
IN,TH,GB,TH,2ZD5L8LH6MSORMGOAT06,บริษัท ซิตี้ คอนซูเมอร์ โปรดักส์ (ประเทศไทย) จำกัด,TH,GB,,,phase3_jurisdiction_model,E_model_predicted_jurisdiction,E_model_only,0.2956,0,1,,,,0.0
IN,TH,EUROPE,TH,254900Y99DSUYE2EN592,บริษัท เซ็นโทร่า จำกัด,TH,EUROPE,,,phase3_jurisdiction_model,E_model_predicted_jurisdiction,E_model_only,0.2955,0,1,,,,0.0
IN,TH,EUROPE,TH,9845004FFD00B3BB0E94,บริษัท พิมพ์ปกร จำกัด,TH,EUROPE,,,phase3_jurisdiction_model,E_model_predicted_jurisdiction,E_model_only,0.2953,0,1,,,,0.0
IN,TH,DE,TH,894500IFM93PIV4L1Q20,LABIX Company Limited,TH,DE,,,phase3_jurisdiction_model,E_model_predicted_jurisdiction,E_model_only,0.2952,0,1,,,,0.0
IN,TH,DE,TH,894500GEBKEPQ948KY81,Oroi Company Limited,TH,DE,,,phase3_jurisdiction_model,E_model_predicted_jurisdiction,E_model_only,0.2952,0,1,,,,0.0
IN,TH,EUROPE,TH,254900NU4J5UIW48SM26,บริษัท ไทยออสนอร์ จำกัด,TH,EUROPE,,,phase3_jurisdiction_model,E_model_predicted_jurisdiction,E_model_only,0.2951,0,1,,,,0.0
IN,TH,EUROPE,TH,254900QRIV8NKGDPOC71,ไทยคม จำกัด (มหาชน),TH,EUROPE,,,phase3_jurisdiction_model,E_model_predicted_jurisdiction,E_model_only,0.2951,0,1,,,,0.0
IN,TH,DE,TH,5299009PI2FT5ZG1PD19,บริษัท การจัดการสุขภาพอนามัย จำกัด,TH,DE,,,phase3_jurisdiction_model,E_model_predicted_jurisdiction,E_model_only,0.2948,0,1,,,,0.0
IN,TH,DE,TH,254900T570CT3JA7PA27,กองทุนเปิดไทยพาณิชย์ มุ่งรักษาเงินต้น 1 ปี 2,TH,DE,,,phase3_jurisdiction_model,E_model_predicted_jurisdiction,E_model_only,0.2943,0,1,,,,0.0
IN,TH,DE,TH,2549000ETMYFG4ATO105,กองทุนเปิดไทยพาณิชย์ มุ่งรักษาเงินต้น 1 ปี 4,TH,DE,,,phase3_jurisdiction_model,E_model_predicted_jurisdiction,E_model_only,0.2943,0,1,,,,0.0
IN,TH,DE,TH,254900CG7P27BJ28X037,Siam Yom Nan Trading Ltd.,TH,DE,,,phase3_jurisdiction_model,E_model_predicted_jurisdiction,E_model_only,0.294,0,1,,,,0.0
IN,TH,DE,TH,254900XUE4Z4SWDS3R89,ONE-COMPLEX RETURN 3YA FUND NOT FOR RETAIL INVESTORS,TH,DE,,,phase3_jurisdiction_model,E_model_predicted_jurisdiction,E_model_only,0.2936,0,1,,,,0.0
IN,TH,EUROPE,TH,549300EM5F0M0D7HBJ12,บริษัท สยามมิชลิน จำกัด,TH,EUROPE,,,phase3_jurisdiction_model,E_model_predicted_jurisdiction,E_model_only,0.2935,0,1,,,,0.0
IN,TH,US,TH,213800F8F26QG36AXV57,กองทุนเปิด อเบอร์ดีน โกลบอล อินโนเวชั่น เอคควิตี้ ฟันด์,TH,US,,,phase3_jurisdiction_model,E_model_predicted_jurisdiction,E_model_only,0.2932,0,1,,,,0.0
IN,TH,US,TH,213800E2TXGC1DP76D48,กองทุนเปิด อเบอร์ดีน โกลบอล ซัสเทนเนเบิล เอคควิตี้ ฟันด์,TH,US,,,phase3_jurisdiction_model,E_model_predicted_jurisdiction,E_model_only,0.293,0,1,,,,0.0
IN,TH,GB,TH,9845006108DB47481B72,บริษัท เด็นโซ่ อินโนเวทีฟ แมนูแฟคเจอริ่ง โซลูชั่น เอเชีย จำกัด,TH,GB,,,phase3_jurisdiction_model,E_model_predicted_jurisdiction,E_model_only,0.2928,0,1,,,,0.0
IN,TH,DE,TH,254900WEIUQ1WNXM9687,กองทุนเปิดไทยพาณิชย์คอมเพล็กซ์รีเทิร์น 1YC ห้ามขายผู้ลงทุนรายย่อย,TH,DE,,,phase3_jurisdiction_model,E_model_predicted_jurisdiction,E_model_only,0.2925,0,1,,,,0.0
IN,TH,DE,TH,25490041OUL0J08TFP15,กองทุนเปิดไทยพาณิชย์คอมเพล็กซ์รีเทิร์น 1YD ห้ามขายผู้ลงทุนรายย่อย,TH,DE,,,phase3_jurisdiction_model,E_model_predicted_jurisdiction,E_model_only,0.2925,0,1,,,,0.0
IN,TH,DE,TH,254900CMRVIYASHIMQ95,One Complex Return 3Y1 Fund Not For Retail Investors (One-Complex3Y1),TH,DE,,,phase3_jurisdiction_model,E_model_predicted_jurisdiction,E_model_only,0.2913,0,1,,,,0.0
IN,TH,GB,TH,529900HA7SU0Z5Z14W18,บริษัท เอ็มเอชไอ ออโตโมทีฟ ไคลเมท คอนโทรล (ไทยแลนด์) จำกัด,TH,GB,,,phase3_jurisdiction_model,E_model_predicted_jurisdiction,E_model_only,0.2911,0,1,,,,0.0
IN,TH,GB,TH,213800RAAPUP4KUOFP96,บริษัท อิมแพ็ค กรีน ยูทิลิตี้ โฮลดิ้ง จำกัด,TH,GB,,,phase3_jurisdiction_model,E_model_predicted_jurisdiction,E_model_only,0.2909,0,1,,,,0.0
IN,TH,GB,TH,549300YUYEAIF8VGXQ75,บริษัท หลักทรัพย์จัดการกองทุน อีสท์สปริง (ประเทศไทย) จำกัด,TH,GB,,,phase3_jurisdiction_model,E_model_predicted_jurisdiction,E_model_only,0.2908,0,1,,,,0.0
IN,TH,DE,TH,894500LSBZLM09TY1A91,CP ALL Public Company Limited,TH,DE,,,phase3_jurisdiction_model,E_model_predicted_jurisdiction,E_model_only,0.2907,0,1,,,,0.0
IN,TH,DE,TH,254900BKYU0TK04BCA82,Birla Carbon (Thailand) Public Company Limited,TH,DE,,,phase3_jurisdiction_model,E_model_predicted_jurisdiction,E_model_only,0.2905,0,1,,,,0.0
IN,TH,US,TH,549300YXUCNC8EY6CS35,GENERAL MOTORS POWERTRAIN (THAILAND) COMPANY LIMITED,TH,US,,,phase3_jurisdiction_model,E_model_predicted_jurisdiction,E_model_only,0.2902,0,1,,,,0.0
IN,TH,EUROPE,TH,549300HKMNJVJBWG9U72,K FOREIGN FIXED INCOME 3MB FUND NOT FOR RETAIL INVESTORS,TH,EUROPE,,,phase3_jurisdiction_model,E_model_predicted_jurisdiction,E_model_only,0.29,0,1,,,,0.0
IN,TH,EUROPE,TH,549300385GY935NKQB91,K FOREIGN FIXED INCOME 6MH FUND NOT FOR RETAIL INVESTORS,TH,EUROPE,,,phase3_jurisdiction_model,E_model_predicted_jurisdiction,E_model_only,0.29,0,1,,,,0.0
IN,TH,EUROPE,TH,549300REKWRBIT7C8V16,K FOREIGN FIXED INCOME 6MI FUND NOT FOR RETAIL INVESTORS,TH,EUROPE,,,phase3_jurisdiction_model,E_model_predicted_jurisdiction,E_model_only,0.29,0,1,,,,0.0
IN,TH,EUROPE,TH,549300IRE8D6ZT4ZMB10,K FOREIGN FIXED INCOME 6MJ FUND NOT FOR RETAIL INVESTORS,TH,EUROPE,,,phase3_jurisdiction_model,E_model_predicted_jurisdiction,E_model_only,0.29,0,1,,,,0.0
IN,TH,EUROPE,TH,5493001455LLI4YUWI57,K FOREIGN FIXED INCOME 6MK FUND NOT FOR RETAIL INVESTORS,TH,EUROPE,,,phase3_jurisdiction_model,E_model_predicted_jurisdiction,E_model_only,0.29,0,1,,,,0.0
IN,TH,EUROPE,TH,549300QUC5CLDZVYB027,K FOREIGN FIXED INCOME 6ML FUND NOT FOR RETAIL INVESTORS,TH,EUROPE,,,phase3_jurisdiction_model,E_model_predicted_jurisdiction,E_model_only,0.29,0,1,,,,0.0
IN,TH,EUROPE,TH,549300ZS4KSE34RSZU38,K FOREIGN FIXED INCOME 6MM FUND NOT FOR RETAIL INVESTORS,TH,EUROPE,,,phase3_jurisdiction_model,E_model_predicted_jurisdiction,E_model_only,0.29,0,1,,,,0.0
IN,TH,EUROPE,TH,549300BYRMTSLIR64M20,K FOREIGN FIXED INCOME 6MN FUND NOT FOR RETAIL INVESTORS,TH,EUROPE,,,phase3_jurisdiction_model,E_model_predicted_jurisdiction,E_model_only,0.29,0,1,,,,0.0
IN,TH,EUROPE,TH,549300KTKK36EO8JX844,K FOREIGN FIXED INCOME 6MO FUND NOT FOR RETAIL INVESTORS,TH,EUROPE,,,phase3_jurisdiction_model,E_model_predicted_jurisdiction,E_model_only,0.29,0,1,,,,0.0
IN,TH,EUROPE,TH,549300GIP2G37TU43241,K FOREIGN FIXED INCOME 6MP FUND NOT FOR RETAIL INVESTORS,TH,EUROPE,,,phase3_jurisdiction_model,E_model_predicted_jurisdiction,E_model_only,0.29,0,1,,,,0.0
IN,TH,EUROPE,TH,549300D7BSRIHZ8IVS68,K FOREIGN FIXED INCOME 6MQ FUND NOT FOR RETAIL INVESTORS,TH,EUROPE,,,phase3_jurisdiction_model,E_model_predicted_jurisdiction,E_model_only,0.29,0,1,,,,0.0
IN,TH,EUROPE,TH,54930063AH1JYNGMBG64,K FOREIGN FIXED INCOME 6MR FUND NOT FOR RETAIL INVESTORS,TH,EUROPE,,,phase3_jurisdiction_model,E_model_predicted_jurisdiction,E_model_only,0.29,0,1,,,,0.0
IN,TH,EUROPE,TH,549300K6Z0J52QR4EB75,K FOREIGN FIXED INCOME 6MV FUND NOT FOR RETAIL INVESTORS,TH,EUROPE,,,phase3_jurisdiction_model,E_model_predicted_jurisdiction,E_model_only,0.29,0,1,,,,0.0
IN,TH,EUROPE,TH,549300P5Y20VJ3ZIDZ72,K FOREIGN FIXED INCOME 6MZ FUND NOT FOR RETAIL INVESTORS,TH,EUROPE,,,phase3_jurisdiction_model,E_model_predicted_jurisdiction,E_model_only,0.29,0,1,,,,0.0
IN,TH,EUROPE,TH,549300GMKKWYNRTMLK63,KTAM SUPPLY CHAIN FINANCE FUND NOT FOR RETAIL INVESTORS,TH,EUROPE,,,phase3_jurisdiction_model,E_model_predicted_jurisdiction,E_model_only,0.29,0,1,,,,0.0
IN,TH,DE,TH,254900LJQPGXZE2YRB04,Jebsen & Jessen Chemicals (T) Ltd.,TH,DE,,,phase3_jurisdiction_model,E_model_predicted_jurisdiction,E_model_only,0.2897,0,1,,,,0.0
IN,TH,DE,TH,254900VUFPW505ROMG39,บริษัท คอยน์เว็บ โฮลดิ้ง จำกัด,TH,DE,,,phase3_jurisdiction_model,E_model_predicted_jurisdiction,E_model_only,0.2885,0,1,,,,0.0
IN,TH,DE,TH,254900PGMZZZXYBCZE11,ควอนเทรา จำกัด,TH,DE,,,phase3_jurisdiction_model,E_model_predicted_jurisdiction,E_model_only,0.2883,0,1,,,,0.0
IN,TH,DE,TH,25490031NB5YN7HEB566,กองทุนเปิดไทยพาณิชย์ตราสารหนี้ต่างประเทศ เอเอส 1YA1 ห้ามขายผู้ลงทุนรายย่อย,TH,DE,,,phase3_jurisdiction_model,E_model_predicted_jurisdiction,E_model_only,0.2882,0,1,,,,0.0
IN,TH,DE,TH,254900BEVSH22YPTPM89,กองทุนเปิดไทยพาณิชย์คอมเพล็กซ์รีเทิร์น 1YE ห้ามขายผู้ลงทุนรายย่อย,TH,DE,,,phase3_jurisdiction_model,E_model_predicted_jurisdiction,E_model_only,0.2881,0,1,,,,0.0
IN,TH,DE,TH,254900VTZMMAAA3X6188,กองทุนเปิดไทยพาณิชย์คอมเพล็กซ์รีเทิร์น 1YF ห้ามขายผู้ลงทุนรายย่อย,TH,DE,,,phase3_jurisdiction_model,E_model_predicted_jurisdiction,E_model_only,0.2881,0,1,,,,0.0
IN,TH,DE,TH,254900JXU63Y9V29G212,กองทุนเปิดไทยพาณิชย์คอมเพล็กซ์รีเทิร์น 1YG ห้ามขายผู้ลงทุนรายย่อย,TH,DE,,,phase3_jurisdiction_model,E_model_predicted_jurisdiction,E_model_only,0.2881,0,1,,,,0.0
IN,TH,DE,TH,254900IXQYYNVP3WTD88,กองทุนเปิดไทยพาณิชย์คอมเพล็กซ์รีเทิร์น 1YH ห้ามขายผู้ลงทุนรายย่อย,TH,DE,,,phase3_jurisdiction_model,E_model_predicted_jurisdiction,E_model_only,0.2881,0,1,,,,0.0
IN,TH,DE,TH,254900CBTKM0SR893L71,กองทุนเปิดไทยพาณิชย์คอมเพล็กซ์รีเทิร์น 1YI ห้ามขายผู้ลงทุนรายย่อย,TH,DE,,,phase3_jurisdiction_model,E_model_predicted_jurisdiction,E_model_only,0.2881,0,1,,,,0.0
IN,TH,DE,TH,2549001GBUS5TJ7VW486,กองทุนเปิดไทยพาณิชย์คอมเพล็กซ์รีเทิร์น 1YJ ห้ามขายผู้ลงทุนรายย่อย,TH,DE,,,phase3_jurisdiction_model,E_model_predicted_jurisdiction,E_model_only,0.2881,0,1,,,,0.0
IN,TH,DE,TH,2549002ZMJWXT3666M15,กองทุนเปิดไทยพาณิชย์คอมเพล็กซ์รีเทิร์น 1YL ห้ามขายผู้ลงทุนรายย่อย,TH,DE,,,phase3_jurisdiction_model,E_model_predicted_jurisdiction,E_model_only,0.2881,0,1,,,,0.0
IN,TH,EUROPE,TH,213800OEPBV78K54HT42,กองทุนเปิด อเบอร์ดีน อีเมอร์จิ้ง ออพพอร์ทูนิตี้ส์ บอนด์ ฟันด์,TH,EUROPE,,,phase3_jurisdiction_model,E_model_predicted_jurisdiction,E_model_only,0.2879,0,1,,,,0.0
IN,TH,GB,TH,9845000FA5BUB61C3035,บริษัท ไฮเออร์ อีเล็คทริค อินดัสทรีส์ (ประเทศไทย) จำกัด,TH,GB,,,phase3_jurisdiction_model,E_model_predicted_jurisdiction,E_model_only,0.2878,0,1,,,,0.0
IN,TH,US,TH,2138004JWUNV8XL18A44,THE CHRISTOPHER TRESIDDER PENSION TRUST,TH,US,,,phase3_jurisdiction_model,E_model_predicted_jurisdiction,E_model_only,0.2876,0,1,,,,0.0
IN,TH,OFFSHORE,TH,254900QJPN86FFQLPF10,Moe Myint,TH,OFFSHORE,,,phase3_jurisdiction_model,E_model_predicted_jurisdiction,E_model_only,0.287,0,1,,,,0.0
IN,TH,EUROPE,TH,254900EQW9IWC7GKQ879,กองทุนสำรองเลี้ยงชีพ พนักงานบริษัท เชลล์ ในประเทศไทย ซึ่งจดทะเบียนแล้ว,TH,EUROPE,,,phase3_jurisdiction_model,E_model_predicted_jurisdiction,E_model_only,0.2868,0,1,,,,0.0
IN,TH,ASIA_OTHER,TH,984500FC3SD6D864C152,บริษัท โรงแรมราชดำริ จำกัด (มหาชน),TH,ASIA_OTHER,,,phase3_jurisdiction_model,E_model_predicted_jurisdiction,E_model_only,0.2864,0,1,,,,0.0
IN,TH,DE,TH,2549002X8TKDMB4OVP18,T.D.C. Gold Company Limited,TH,DE,,,phase3_jurisdiction_model,E_model_predicted_jurisdiction,E_model_only,0.2863,0,1,,,,0.0
IN,TH,EUROPE,TH,549300V7W7WH9E6DPM03,บริษัท เบทาโกร จำกัด (มหาชน),TH,EUROPE,,,phase3_jurisdiction_model,E_model_predicted_jurisdiction,E_model_only,0.2863,0,1,,,,0.0
IN,TH,EUROPE,TH,549300BZ5UW1YHVNAJ39,K COMPLEX RETURN 1 YEAR B FUND NOT FOR RETAIL INVESTORS,TH,EUROPE,,,phase3_jurisdiction_model,E_model_predicted_jurisdiction,E_model_only,0.2861,0,1,,,,0.0
IN,TH,EUROPE,TH,549300MLZHY3RD74UR97,K COMPLEX RETURN 1 YEAR C FUND NOT FOR RETAIL INVESTORS,TH,EUROPE,,,phase3_jurisdiction_model,E_model_predicted_jurisdiction,E_model_only,0.2861,0,1,,,,0.0
IN,TH,EUROPE,TH,254900B3TPIYK40V0G22,ธนาคารเพื่อการเกษตรและสหกรณ์การเกษตร,TH,EUROPE,,,phase3_jurisdiction_model,E_model_predicted_jurisdiction,E_model_only,0.2861,0,1,,,,0.0
IN,TH,DE,TH,254900IVWVM1D5K12L29,บริษัท หลักทรัพย์ เอเอสแอล จำกัด,TH,DE,,,phase3_jurisdiction_model,E_model_predicted_jurisdiction,E_model_only,0.2861,0,1,,,,0.0
IN,TH,EUROPE,TH,213800HNB4TBLQV3IG72,PALANG SOPHON LIMITED,TH,EUROPE,,,phase3_jurisdiction_model,E_model_predicted_jurisdiction,E_model_only,0.286,0,1,,,,0.0
IN,TH,DE,TH,894500V25L91TKSA6L89,บริษัท บี.กริม แอลเอ็นจี จำกัด,TH,DE,,,phase3_jurisdiction_model,E_model_predicted_jurisdiction,E_model_only,0.286,0,1,,,,0.0
IN,TH,ASIA_OTHER,TH,984500B1FD47CFSA0895,บริษัท นูทริกซ์ จำกัด (มหาชน),TH,ASIA_OTHER,,,phase3_jurisdiction_model,E_model_predicted_jurisdiction,E_model_only,0.2856,0,1,,,,0.0
IN,TH,EUROPE,TH,5493008SM5VLZ14RQZ75,THAI-MC COMPANY LIMITED,TH,EUROPE,,,phase3_jurisdiction_model,E_model_predicted_jurisdiction,E_model_only,0.2854,0,1,,,,0.0
IN,TH,GB,TH,254900CE7J3Z5MSFYF24,บริษัท หลักทรัพย์จัดการกองทุน เฟิร์ส พลัส (ประเทศไทย) จำกัด,TH,GB,,,phase3_jurisdiction_model,E_model_predicted_jurisdiction,E_model_only,0.2854,0,1,,,,0.0
IN,TH,DE,TH,254900QP9M5J5WZBMM84,"Sinochem Farm Care (Thailand) Co., Ltd.",TH,DE,,,phase3_jurisdiction_model,E_model_predicted_jurisdiction,E_model_only,0.285,0,1,,,,0.0
IN,TH,EUROPE,TH,9845005DF970DBC9DL71,บิทาซซ่า จำกัด,TH,EUROPE,,,phase3_jurisdiction_model,E_model_predicted_jurisdiction,E_model_only,0.2849,0,1,,,,0.0
IN,TH,DE,TH,894500F4FY3HF9Q0LQ85,Finansa Securities Limited,TH,DE,,,phase3_jurisdiction_model,E_model_predicted_jurisdiction,E_model_only,0.2831,0,1,,,,0.0
IN,TH,GB,TH,5299008NOU3QWA2PLA33,บริษัท อินฟินีออน เทคโนโลยีส์ แมนูแฟคเชอริ่ง (ประเทศไทย) จำกัด,TH,GB,,,phase3_jurisdiction_model,E_model_predicted_jurisdiction,E_model_only,0.2827,0,1,,,,0.0
IN,TH,DE,TH,254900Y0ZG1JP9KYC714,กองทุนเปิดไทยพาณิชย์ตราสารหนี้ต่างประเทศ เอเอส 1YB1 ห้ามขายผู้ลงทุนรายย่อย,TH,DE,,,phase3_jurisdiction_model,E_model_predicted_jurisdiction,E_model_only,0.2826,0,1,,,,0.0
IN,TH,DE,TH,254900K6L5WEKXZAY695,กองทุนเปิดไทยพาณิชย์ตราสารหนี้ต่างประเทศ เอเอส 1YB2 ห้ามขายผู้ลงทุนรายย่อย,TH,DE,,,phase3_jurisdiction_model,E_model_predicted_jurisdiction,E_model_only,0.2826,0,1,,,,0.0
IN,TH,DE,TH,254900SFTH0YZARQ1Y40,กองทุนเปิดไทยพาณิชย์ตราสารหนี้ต่างประเทศ เอเอส 1YB3 ห้ามขายผู้ลงทุนรายย่อย,TH,DE,,,phase3_jurisdiction_model,E_model_predicted_jurisdiction,E_model_only,0.2826,0,1,,,,0.0
IN,TH,DE,TH,254900YEEZ6TISD3SC84,กองทุนเปิดไทยพาณิชย์ตราสารหนี้ต่างประเทศ เอเอส 1YB5 ห้ามขายผู้ลงทุนรายย่อย,TH,DE,,,phase3_jurisdiction_model,E_model_predicted_jurisdiction,E_model_only,0.2826,0,1,,,,0.0
IN,TH,DE,TH,2549002MJJJOFWG5UO89,กองทุนเปิดไทยพาณิชย์ตราสารหนี้ต่างประเทศ เอเอส 1YC3 ห้ามขายผู้ลงทุนรายย่อย,TH,DE,,,phase3_jurisdiction_model,E_model_predicted_jurisdiction,E_model_only,0.2826,0,1,,,,0.0
IN,TH,DE,TH,2549003OJMGN0ICBSN60,กองทุนเปิดไทยพาณิชย์ตราสารหนี้ต่างประเทศ เอเอส 6MI9 ห้ามขายผู้ลงทุนรายย่อย,TH,DE,,,phase3_jurisdiction_model,E_model_predicted_jurisdiction,E_model_only,0.2826,0,1,,,,0.0
IN,TH,DE,TH,25490008FJ0ZVH7ZU213,กองทุนเปิดไทยพาณิชย์ตราสารหนี้ต่างประเทศ เอเอส 6MJ1 ห้ามขายผู้ลงทุนรายย่อย,TH,DE,,,phase3_jurisdiction_model,E_model_predicted_jurisdiction,E_model_only,0.2826,0,1,,,,0.0
IN,TH,DE,TH,254900BCAJFMELR21026,กองทุนเปิดไทยพาณิชย์ตราสารหนี้ต่างประเทศ เอเอส 6MJ2 ห้ามขายผู้ลงทุนรายย่อย,TH,DE,,,phase3_jurisdiction_model,E_model_predicted_jurisdiction,E_model_only,0.2826,0,1,,,,0.0
IN,TH,DE,TH,25490098RY9Y7I7LPG27,กองทุนเปิดไทยพาณิชย์ตราสารหนี้ต่างประเทศ เอเอส 6MJ3 ห้ามขายผู้ลงทุนรายย่อย,TH,DE,,,phase3_jurisdiction_model,E_model_predicted_jurisdiction,E_model_only,0.2826,0,1,,,,0.0
IN,TH,DE,TH,254900PD791E8FCMJV68,กองทุนเปิดไทยพาณิชย์ตราสารหนี้ต่างประเทศ เอเอส 6MJ4 ห้ามขายผู้ลงทุนรายย่อย,TH,DE,,,phase3_jurisdiction_model,E_model_predicted_jurisdiction,E_model_only,0.2826,0,1,,,,0.0
IN,TH,DE,TH,2549001FIF1K8JRJBU52,กองทุนเปิดไทยพาณิชย์ตราสารหนี้ต่างประเทศ เอเอส 6MJ5 ห้ามขายผู้ลงทุนรายย่อย,TH,DE,,,phase3_jurisdiction_model,E_model_predicted_jurisdiction,E_model_only,0.2826,0,1,,,,0.0
IN,TH,DE,TH,254900Z9GG763J6YZH80,กองทุนเปิดไทยพาณิชย์ตราสารหนี้ต่างประเทศ เอเอส 6MJ6 ห้ามขายผู้ลงทุนรายย่อย,TH,DE,,,phase3_jurisdiction_model,E_model_predicted_jurisdiction,E_model_only,0.2826,0,1,,,,0.0
IN,TH,DE,TH,254900D91OFXL3KLB688,กองทุนเปิดไทยพาณิชย์ตราสารหนี้ต่างประเทศ เอเอส 6MJ7 ห้ามขายผู้ลงทุนรายย่อย,TH,DE,,,phase3_jurisdiction_model,E_model_predicted_jurisdiction,E_model_only,0.2826,0,1,,,,0.0
IN,TH,DE,TH,254900L38MB8WJ7BFO78,กองทุนเปิดไทยพาณิชย์ตราสารหนี้ต่างประเทศ เอเอส 6MJ8 ห้ามขายผู้ลงทุนรายย่อย,TH,DE,,,phase3_jurisdiction_model,E_model_predicted_jurisdiction,E_model_only,0.2826,0,1,,,,0.0
IN,TH,DE,TH,25490046TYUTXPIJ8683,กองทุนเปิดไทยพาณิชย์ตราสารหนี้ต่างประเทศ เอเอส 6MJ9 ห้ามขายผู้ลงทุนรายย่อย,TH,DE,,,phase3_jurisdiction_model,E_model_predicted_jurisdiction,E_model_only,0.2826,0,1,,,,0.0
IN,TH,DE,TH,254900OO1OYNRJWXM745,กองทุนเปิดไทยพาณิชย์ตราสารหนี้ต่างประเทศ เอเอส 6MK4 ห้ามขายผู้ลงทุนรายย่อย,TH,DE,,,phase3_jurisdiction_model,E_model_predicted_jurisdiction,E_model_only,0.2826,0,1,,,,0.0
IN,TH,DE,TH,254900358YVK7JT72R21,กองทุนเปิดไทยพาณิชย์ตราสารหนี้ต่างประเทศ เอเอส 6MK5 ห้ามขายผู้ลงทุนรายย่อย,TH,DE,,,phase3_jurisdiction_model,E_model_predicted_jurisdiction,E_model_only,0.2826,0,1,,,,0.0
IN,TH,DE,TH,2549009Z628B65M5ES90,กองทุนเปิดไทยพาณิชย์ตราสารหนี้ต่างประเทศ เอเอส 6MK6 ห้ามขายผู้ลงทุนรายย่อย,TH,DE,,,phase3_jurisdiction_model,E_model_predicted_jurisdiction,E_model_only,0.2826,0,1,,,,0.0
IN,TH,DE,TH,25490030QXFX85706R60,กองทุนเปิดไทยพาณิชย์ตราสารหนี้ต่างประเทศ เอเอส 6MK8 ห้ามขายผู้ลงทุนรายย่อย,TH,DE,,,phase3_jurisdiction_model,E_model_predicted_jurisdiction,E_model_only,0.2826,0,1,,,,0.0
IN,TH,DE,TH,254900JJBP3K0W5W9V09,กองทุนเปิดไทยพาณิชย์ตราสารหนี้ต่างประเทศ เอเอส 6MK9 ห้ามขายผู้ลงทุนรายย่อย,TH,DE,,,phase3_jurisdiction_model,E_model_predicted_jurisdiction,E_model_only,0.2826,0,1,,,,0.0
IN,TH,DE,TH,25490096F2GF7V0UOX14,กองทุนเปิดไทยพาณิชย์ตราสารหนี้ต่างประเทศ เอเอส 6ML1 ห้ามขายผู้ลงทุนรายย่อย,TH,DE,,,phase3_jurisdiction_model,E_model_predicted_jurisdiction,E_model_only,0.2826,0,1,,,,0.0
IN,TH,DE,TH,254900Z5RHWGQSHO0A94,กองทุนเปิดไทยพาณิชย์ตราสารหนี้ต่างประเทศ เอเอส 6ML3 ห้ามขายผู้ลงทุนรายย่อย,TH,DE,,,phase3_jurisdiction_model,E_model_predicted_jurisdiction,E_model_only,0.2826,0,1,,,,0.0
IN,TH,DE,TH,254900VWVRGO1PZT7289,กองทุนเปิดไทยพาณิชย์ตราสารหนี้ต่างประเทศ เอเอส 6ML5 ห้ามขายผู้ลงทุนรายย่อย,TH,DE,,,phase3_jurisdiction_model,E_model_predicted_jurisdiction,E_model_only,0.2826,0,1,,,,0.0
IN,TH,DE,TH,2549002Z015ZGE9FIL67,กองทุนเปิดไทยพาณิชย์ตราสารหนี้ต่างประเทศ เอเอส 6ML6 ห้ามขายผู้ลงทุนรายย่อย,TH,DE,,,phase3_jurisdiction_model,E_model_predicted_jurisdiction,E_model_only,0.2826,0,1,,,,0.0
IN,TH,DE,TH,254900QZDBLZ4X8VCE23,กองทุนเปิดไทยพาณิชย์ตราสารหนี้ต่างประเทศ เอเอส 6ML7 ห้ามขายผู้ลงทุนรายย่อย,TH,DE,,,phase3_jurisdiction_model,E_model_predicted_jurisdiction,E_model_only,0.2826,0,1,,,,0.0
IN,TH,DE,TH,2549006HQEMZ0XZ6CN54,กองทุนเปิดไทยพาณิชย์ตราสารหนี้ต่างประเทศ เอเอส 6ML8 ห้ามขายผู้ลงทุนรายย่อย,TH,DE,,,phase3_jurisdiction_model,E_model_predicted_jurisdiction,E_model_only,0.2826,0,1,,,,0.0
IN,TH,DE,TH,254900XWP5VL0AXP1P11,กองทุนเปิดไทยพาณิชย์ตราสารหนี้ต่างประเทศ เอเอส 6MM1 ห้ามขายผู้ลงทุนรายย่อย,TH,DE,,,phase3_jurisdiction_model,E_model_predicted_jurisdiction,E_model_only,0.2826,0,1,,,,0.0
IN,TH,DE,TH,254900R5X75496B5VF14,กองทุนเปิดไทยพาณิชย์ตราสารหนี้ต่างประเทศ เอเอส 6MM6 ห้ามขายผู้ลงทุนรายย่อย,TH,DE,,,phase3_jurisdiction_model,E_model_predicted_jurisdiction,E_model_only,0.2826,0,1,,,,0.0
IN,TH,EUROPE,TH,254900UU1NFARG5LSM08,บริษัท สยามคราฟท์อุตสาหกรรม จำกัด,TH,EUROPE,,,phase3_jurisdiction_model,E_model_predicted_jurisdiction,E_model_only,0.2826,0,1,,,,0.0
IN,TH,GB,TH,08A3P7K45VMKSIACHJ27,GE WATER AND PROCESS TECHNOLOGIES COMPANY LIMITED,TH,GB,,,phase3_jurisdiction_model,E_model_predicted_jurisdiction,E_model_only,0.2825,0,1,,,,0.0
IN,TH,GB,TH,529900J1DJOSLAAN0109,บริษัท คนอร์-เบรมเซอร์ คอมเมอร์เชียล วีฮิเคิล ซิสเต็มส์ (ประเทศไทย) จำกัด,TH,GB,,,phase3_jurisdiction_model,E_model_predicted_jurisdiction,E_model_only,0.2823,0,1,,,,0.0
IN,TH,DE,TH,2549009KMO1P0AZ0YW62,กองทุนเปิดวันสทอกซ์ อาเซียน ซีเล็คท์ ดิวิเดนด์ อินเด็กซ์,TH,DE,,,phase3_jurisdiction_model,E_model_predicted_jurisdiction,E_model_only,0.2821,0,1,,,,0.0
IN,TH,DE,TH,254900F2RICUWZOGM204,กองทุนเปิด SCB Easy 1Y1,TH,DE,,,phase3_jurisdiction_model,E_model_predicted_jurisdiction,E_model_only,0.282,0,1,,,,0.0
IN,TH,DE,TH,25490095DV4QYH5D0G84,กองทุนเปิด SCB Easy 3M1,TH,DE,,,phase3_jurisdiction_model,E_model_predicted_jurisdiction,E_model_only,0.282,0,1,,,,0.0
IN,TH,DE,TH,254900UKHC5WFDE1W326,Classic Gold Company Limited,TH,DE,,,phase3_jurisdiction_model,E_model_predicted_jurisdiction,E_model_only,0.2816,0,1,,,,0.0
IN,TH,EUROPE,TH,9845004N887BF8C61F26,บริษัท เจ.พี.บอสโก จำกัด,TH,EUROPE,,,phase3_jurisdiction_model,E_model_predicted_jurisdiction,E_model_only,0.2816,0,1,,,,0.0
IN,TH,EUROPE,TH,254900ZQORAGO6QYJ755,บริษัทหลักทรัพย์ บลูเบลล์ จำกัด,TH,EUROPE,,,phase3_jurisdiction_model,E_model_predicted_jurisdiction,E_model_only,0.2816,0,1,,,,0.0
IN,TH,ASIA_OTHER,TH,254900Y0TKHG85U1SU34,บริษัท ทีพีที ปิโตรเคมิคอลส์ จำกัด (มหาชน),TH,ASIA_OTHER,,,phase3_jurisdiction_model,E_model_predicted_jurisdiction,E_model_only,0.2814,0,1,,,,0.0
IN,TH,GB,TH,213800DL4VEU4S83Y821,บริษัท เอ็นเอ็กซ์พี แมนูแฟคเจอริ่ง (ไทยแลนด์) จำกัด,TH,GB,,,phase3_jurisdiction_model,E_model_predicted_jurisdiction,E_model_only,0.2813,0,1,,,,0.0
IN,TH,DE,TH,25490095J101K7MWQM18,SCB FOREIGN FIXED INCOME FUND 1YL7,TH,DE,,,phase3_jurisdiction_model,E_model_predicted_jurisdiction,E_model_only,0.2811,0,1,,,,0.0
IN,TH,DE,TH,254900H35ZT33QZB3382,SCB FOREIGN FIXED INCOME FUND 1YM1,TH,DE,,,phase3_jurisdiction_model,E_model_predicted_jurisdiction,E_model_only,0.2811,0,1,,,,0.0
IN,TH,DE,TH,254900BLP1LW0OSXBL35,SCB FOREIGN FIXED INCOME FUND 3ME3,TH,DE,,,phase3_jurisdiction_model,E_model_predicted_jurisdiction,E_model_only,0.2811,0,1,,,,0.0
IN,TH,DE,TH,254900AFICMZP0CHXI90,SCB FOREIGN FIXED INCOME FUND 3ME6,TH,DE,,,phase3_jurisdiction_model,E_model_predicted_jurisdiction,E_model_only,0.2811,0,1,,,,0.0
IN,TH,DE,TH,254900XYNGLHR1K00617,SCB Foreign Fixed Income Fund 1YL9,TH,DE,,,phase3_jurisdiction_model,E_model_predicted_jurisdiction,E_model_only,0.2811,0,1,,,,0.0
IN,TH,DE,TH,2549008GMJTLTC2CH632,SCB Foreign Fixed Income Fund 1YM6,TH,DE,,,phase3_jurisdiction_model,E_model_predicted_jurisdiction,E_model_only,0.2811,0,1,,,,0.0
IN,TH,DE,TH,254900KT6YI2LQFLLJ70,SCB Foreign Fixed Income Fund 1YN6,TH,DE,,,phase3_jurisdiction_model,E_model_predicted_jurisdiction,E_model_only,0.2811,0,1,,,,0.0
IN,TH,DE,TH,254900BGW2V8ZY4I3C31,SCB Foreign Fixed Income Fund 1YP2,TH,DE,,,phase3_jurisdiction_model,E_model_predicted_jurisdiction,E_model_only,0.2811,0,1,,,,0.0
IN,TH,DE,TH,254900Z7QPL54KQJRZ72,SCB Foreign Fixed Income Fund 3ME1,TH,DE,,,phase3_jurisdiction_model,E_model_predicted_jurisdiction,E_model_only,0.2811,0,1,,,,0.0
IN,TH,DE,TH,254900KWRCHFAEE5HU41,SCB Foreign Fixed Income Fund 3ME5,TH,DE,,,phase3_jurisdiction_model,E_model_predicted_jurisdiction,E_model_only,0.2811,0,1,,,,0.0
IN,TH,DE,TH,254900FY7IPLF5CXDJ49,SCB Foreign Fixed Income Fund 3ME7,TH,DE,,,phase3_jurisdiction_model,E_model_predicted_jurisdiction,E_model_only,0.2811,0,1,,,,0.0
IN,TH,DE,TH,254900XRKPRXQXVZAM06,SCB Foreign Fixed Income Fund 3ME9,TH,DE,,,phase3_jurisdiction_model,E_model_predicted_jurisdiction,E_model_only,0.2811,0,1,,,,0.0
IN,TH,DE,TH,254900XB2VS9BJ7HY473,SCB Foreign Fixed Income Fund 3MF1,TH,DE,,,phase3_jurisdiction_model,E_model_predicted_jurisdiction,E_model_only,0.2811,0,1,,,,0.0
IN,TH,DE,TH,25490060J0HXB6Y1ZU40,SCB Foreign Fixed Income Fund 3MF9,TH,DE,,,phase3_jurisdiction_model,E_model_predicted_jurisdiction,E_model_only,0.2811,0,1,,,,0.0
IN,TH,DE,TH,254900J3GVMOM9QPG323,SCB Foreign Fixed Income Fund 6ML4,TH,DE,,,phase3_jurisdiction_model,E_model_predicted_jurisdiction,E_model_only,0.2811,0,1,,,,0.0
IN,TH,DE,TH,2549001YKYN646THF164,SCB Foreign Fixed Income Fund 6ML6,TH,DE,,,phase3_jurisdiction_model,E_model_predicted_jurisdiction,E_model_only,0.2811,0,1,,,,0.0
IN,TH,DE,TH,254900LKT3KVW1183G84,SCB Foreign Fixed Income Fund 6ML8,TH,DE,,,phase3_jurisdiction_model,E_model_predicted_jurisdiction,E_model_only,0.2811,0,1,,,,0.0
IN,TH,DE,TH,254900LE5JHYMJAD9E98,SCB Foreign Fixed Income Fund 6ML9,TH,DE,,,phase3_jurisdiction_model,E_model_predicted_jurisdiction,E_model_only,0.2811,0,1,,,,0.0
IN,TH,DE,TH,254900HM3SF3WIXY0Z68,SCB Foreign Fixed Income Fund 6MM1,TH,DE,,,phase3_jurisdiction_model,E_model_predicted_jurisdiction,E_model_only,0.2811,0,1,,,,0.0
IN,TH,DE,TH,254900AAR4TQWVYBD978,SCB Foreign Fixed Income Fund 6MM3,TH,DE,,,phase3_jurisdiction_model,E_model_predicted_jurisdiction,E_model_only,0.2811,0,1,,,,0.0
IN,TH,DE,TH,2549005SAWYFM1S69N34,SCB Foreign Fixed Income Fund 6MM5,TH,DE,,,phase3_jurisdiction_model,E_model_predicted_jurisdiction,E_model_only,0.2811,0,1,,,,0.0
IN,TH,DE,TH,2549009WPVD6FDY3JO73,SCB Foreign Fixed Income Fund 6MN5,TH,DE,,,phase3_jurisdiction_model,E_model_predicted_jurisdiction,E_model_only,0.2811,0,1,,,,0.0
IN,TH,DE,TH,254900W74TDYJWRDT429,SCB FOREIGN FIXED INCOME FUND 1YJ2,TH,DE,,,phase3_jurisdiction_model,E_model_predicted_jurisdiction,E_model_only,0.281,0,1,,,,0.0
IN,TH,DE,TH,254900BBF73RRR6SHI80,SCB FOREIGN FIXED INCOME FUND 1YK1,TH,DE,,,phase3_jurisdiction_model,E_model_predicted_jurisdiction,E_model_only,0.281,0,1,,,,0.0
IN,TH,DE,TH,254900A4ODAZA5TAIC26,SCB FOREIGN FIXED INCOME FUND 1YK2,TH,DE,,,phase3_jurisdiction_model,E_model_predicted_jurisdiction,E_model_only,0.281,0,1,,,,0.0
IN,TH,DE,TH,25490016LXWJP8EAO810,SCB FOREIGN FIXED INCOME FUND 1YK4,TH,DE,,,phase3_jurisdiction_model,E_model_predicted_jurisdiction,E_model_only,0.281,0,1,,,,0.0
IN,TH,DE,TH,254900ZZH5EAOU9A8U85,SCB FOREIGN FIXED INCOME FUND 1YK5,TH,DE,,,phase3_jurisdiction_model,E_model_predicted_jurisdiction,E_model_only,0.281,0,1,,,,0.0
IN,TH,DE,TH,2549005HQSUD45HMOV08,SCB FOREIGN FIXED INCOME FUND 3MC6,TH,DE,,,phase3_jurisdiction_model,E_model_predicted_jurisdiction,E_model_only,0.281,0,1,,,,0.0
IN,TH,DE,TH,254900QYY36OHRQ4OJ24,SCB FOREIGN FIXED INCOME FUND 3MC7,TH,DE,,,phase3_jurisdiction_model,E_model_predicted_jurisdiction,E_model_only,0.281,0,1,,,,0.0
IN,TH,DE,TH,254900J6UETNZXMYF658,SCB FOREIGN FIXED INCOME FUND 6MI8,TH,DE,,,phase3_jurisdiction_model,E_model_predicted_jurisdiction,E_model_only,0.281,0,1,,,,0.0
IN,TH,DE,TH,254900DGR5FVNGY1NJ07,SCB FOREIGN FIXED INCOME FUND 6MJ9,TH,DE,,,phase3_jurisdiction_model,E_model_predicted_jurisdiction,E_model_only,0.281,0,1,,,,0.0
IN,TH,DE,TH,254900YRVUG9G9VVSW07,SCB FOREIGN FIXED INCOME FUND 6MK1,TH,DE,,,phase3_jurisdiction_model,E_model_predicted_jurisdiction,E_model_only,0.281,0,1,,,,0.0
IN,TH,DE,TH,254900NB4DK6KQ40JZ15,SCB FOREIGN FIXED INCOME FUND 6MK2,TH,DE,,,phase3_jurisdiction_model,E_model_predicted_jurisdiction,E_model_only,0.281,0,1,,,,0.0
IN,TH,DE,TH,254900A8XVP0WH6VXD49,SCB FOREIGN FIXED INCOME FUND 6MK3,TH,DE,,,phase3_jurisdiction_model,E_model_predicted_jurisdiction,E_model_only,0.281,0,1,,,,0.0
IN,TH,DE,TH,2549009XSHI105QGXG21,SCB FOREIGN FIXED INCOME FUND 6MK4,TH,DE,,,phase3_jurisdiction_model,E_model_predicted_jurisdiction,E_model_only,0.281,0,1,,,,0.0
IN,TH,DE,TH,254900XJYCQ67VDVGK70,SCB Foreign Fixed Income Fund 6MJ1,TH,DE,,,phase3_jurisdiction_model,E_model_predicted_jurisdiction,E_model_only,0.281,0,1,,,,0.0
IN,TH,DE,TH,2549002P0UE3FVMDEV38,SCB Foreign Fixed Income Fund 6MJ8,TH,DE,,,phase3_jurisdiction_model,E_model_predicted_jurisdiction,E_model_only,0.281,0,1,,,,0.0
IN,TH,GB,TH,9845001FE95415D1OA18,บริษัท ดาต้าแกรม คอนซัลท์แต้นท์ แอนด์ รีเซิชชิ่ง จำกัด,TH,GB,,,phase3_jurisdiction_model,E_model_predicted_jurisdiction,E_model_only,0.2809,0,1,,,,0.0
IN,TH,DE,TH,254900XT5IQCR7PC6Y88,กองทุนเปิดไทยพาณิชย์ตราสารหนี้ เอเอส 3MA1 ห้ามขายผู้ลงทุนรายย่อย,TH,DE,,,phase3_jurisdiction_model,E_model_predicted_jurisdiction,E_model_only,0.2806,0,1,,,,0.0
IN,TH,EUROPE,TH,894500JD6FHIRC4GOK76,บริษัท สปาเซอร์ จำกัด,TH,EUROPE,,,phase3_jurisdiction_model,E_model_predicted_jurisdiction,E_model_only,0.2804,0,1,,,,0.0
IN,TH,EUROPE,TH,9845000F0E39B2C16696,บริษัท ศุภาลัย จำกัด (มหาชน),TH,EUROPE,,,phase3_jurisdiction_model,E_model_predicted_jurisdiction,E_model_only,0.2803,0,1,,,,0.0
IN,TH,DE,TH,254900Y0FQSOT43CXR51,ONE COMPLEX RETURN 1Y6M FUND NOT FOR RETAIL INVESTORS,TH,DE,,,phase3_jurisdiction_model,E_model_predicted_jurisdiction,E_model_only,0.2802,0,1,,,,0.0
IN,TH,EUROPE,TH,724500RBFC0GL7T5IB94,Romashka B.V.,TH,EUROPE,,,phase3_jurisdiction_model,E_model_predicted_jurisdiction,E_model_only,0.2801,0,1,,,,0.0
IN,TH,GB,TH,9845004CD38DCAD5CB78,บริษัท ล็อคตั้น วัฒนา อินชัวรันส์ โบรคเกอร์ส (ประเทศไทย) จำกัด,TH,GB,,,phase3_jurisdiction_model,E_model_predicted_jurisdiction,E_model_only,0.28,0,1,,,,0.0
IN,TH,DE,TH,254900WZ7LL16YJD3P45,กองทุนเปิดไทยพาณิชย์คอมเพล็กซ์รีเทิร์น 1YO ห้ามขายผู้ลงทุนรายย่อย,TH,DE,,,phase3_jurisdiction_model,E_model_predicted_jurisdiction,E_model_only,0.2796,0,1,,,,0.0
IN,TH,DE,TH,2549004A3H1BGL4PWM35,United Global Real Estate Fund Not for Retail Investors,TH,DE,,,phase3_jurisdiction_model,E_model_predicted_jurisdiction,E_model_only,0.279,0,1,,,,0.0
IN,TH,EUROPE,TH,2549001BRTYZL69U2S27,สคบคอมเพล็กซ์โครงสร้างคู่คืน 1YF ไม่ใช่สำหรับนักลงทุนรายย่อย,TH,EUROPE,,,phase3_jurisdiction_model,E_model_predicted_jurisdiction,E_model_only,0.2787,0,1,,,,0.0
IN,TH,DE,TH,2549006NFAJ0LWC2KY67,กองทุน SCBAM Click 1Y1,TH,DE,,,phase3_jurisdiction_model,E_model_predicted_jurisdiction,E_model_only,0.2784,0,1,,,,0.0
IN,TH,US,TH,984500C77A4E0C2B5014,บริษัท จีอาร์ไอพีเอ็ม แอดวานซ์ แมททีเรียลส์ (ประเทศไทย) จำกัด,TH,US,,,phase3_jurisdiction_model,E_model_predicted_jurisdiction,E_model_only,0.2784,0,1,,,,0.0
IN,TH,DE,TH,254900TK7192DSNDQJ62,กองทุนเปิดไทยพาณิชย์ตราสารหนี้ 1Y14,TH,DE,,,phase3_jurisdiction_model,E_model_predicted_jurisdiction,E_model_only,0.2781,0,1,,,,0.0
IN,TH,DE,TH,254900YRMTZ2TNN3QB95,กองทุนเปิดไทยพาณิชย์ตราสารหนี้ 6MC1,TH,DE,,,phase3_jurisdiction_model,E_model_predicted_jurisdiction,E_model_only,0.2781,0,1,,,,0.0
IN,TH,DE,TH,254900VYGC1DNC7HF230,กองทุนเปิดไทยพาณิชย์ตราสารหนี้ 6MC2,TH,DE,,,phase3_jurisdiction_model,E_model_predicted_jurisdiction,E_model_only,0.2781,0,1,,,,0.0
IN,TH,DE,TH,254900AIXSCIJHFU0F38,บริษัท ผลมั่นคงธุรกิจ จำกัด,TH,DE,,,phase3_jurisdiction_model,E_model_predicted_jurisdiction,E_model_only,0.2781,0,1,,,,0.0
IN,TH,OTHER,TH,25490059PCT57U2F4E29,บริษัท หลักทรัพย์ ฟินันเซีย ไซรัส จำกัด (มหาชน),TH,OTHER,,,phase3_jurisdiction_model,E_model_predicted_jurisdiction,E_model_only,0.2781,0,1,,,,0.0
IN,TH,FR,TH,529900TURJWOF27O9Q93,บริษัท สตาร์ อินเตอร์เนชั่นแนล อินชัวรันซ์ (ประเทศไทย) จำกัด (มหาชน),TH,FR,,,phase3_jurisdiction_model,E_model_predicted_jurisdiction,E_model_only,0.2776,0,1,,,,0.0
IN,TH,DE,TH,875500BS0027XFZWUJ84,บริษัท สหพัฒนาอินเตอร์โฮลดิ้ง จำกัด (มหาชน),TH,DE,,,phase3_jurisdiction_model,E_model_predicted_jurisdiction,E_model_only,0.2776,0,1,,,,0.0
IN,TH,ASIA_OTHER,TH,984500C71C65E6KC5A42,บริษัท คอมเซเว่น จำกัด (มหาชน),TH,ASIA_OTHER,,,phase3_jurisdiction_model,E_model_predicted_jurisdiction,E_model_only,0.2774,0,1,,,,0.0
IN,TH,EUROPE,TH,984500F9591B5J9E2A25,บริษัท ไอแอลไอ จำกัด,TH,EUROPE,,,phase3_jurisdiction_model,E_model_predicted_jurisdiction,E_model_only,0.2774,0,1,,,,0.0
IN,TH,GB,TH,5493000E5CUUY52ZRP64,GENERALI INSURANCE (THAILAND) PUBLIC COMPANY LIMITED,TH,GB,,,phase3_jurisdiction_model,E_model_predicted_jurisdiction,E_model_only,0.2767,0,1,,,,0.0
IN,TH,OTHER,TH,2549005DPLJDF49RI176,บริษัท หลักทรัพย์จัดการกองทุน เอ็มเอฟซี จำกัด (มหาชน),TH,OTHER,,,phase3_jurisdiction_model,E_model_predicted_jurisdiction,E_model_only,0.2767,0,1,,,,0.0
IN,TH,GB,TH,2138005S9TQI52YG5885,บริษัท ดาต้าโปร คอมพิวเตอร์ ซิสเต็มส์ จำกัด,TH,GB,,,phase3_jurisdiction_model,E_model_predicted_jurisdiction,E_model_only,0.2764,0,1,,,,0.0
IN,TH,GB,TH,984500C361110778E753,บริษัท เอส ซี เอ็ม แอล (ประเทศไทย) จำกัด,TH,GB,,,phase3_jurisdiction_model,E_model_predicted_jurisdiction,E_model_only,0.2764,0,1,,,,0.0
IN,TH,DE,TH,25490072GA8N7039Z431,กองทุนเปิดไทยพาณิชย์ตราสารหนี้ต่างประเทศ เอเอส 1YA2 ห้ามขายผู้ลงทุนรายย่อย,TH,DE,,,phase3_jurisdiction_model,E_model_predicted_jurisdiction,E_model_only,0.2761,0,1,,,,0.0
IN,TH,DE,TH,254900FH9BTHRLJEAC82,กองทุนเปิดไทยพาณิชย์ตราสารหนี้ต่างประเทศ เอเอส 1YA3 ห้ามขายผู้ลงทุนรายย่อย,TH,DE,,,phase3_jurisdiction_model,E_model_predicted_jurisdiction,E_model_only,0.2761,0,1,,,,0.0
IN,TH,DE,TH,254900OLUSM0JLKOPO53,กองทุนเปิดไทยพาณิชย์ตราสารหนี้ต่างประเทศ เอเอส 3MA3 ห้ามขายผู้ลงทุนรายย่อย,TH,DE,,,phase3_jurisdiction_model,E_model_predicted_jurisdiction,E_model_only,0.2761,0,1,,,,0.0
IN,TH,DE,TH,254900M1PGRLCNQGM394,กองทุนเปิดไทยพาณิชย์ตราสารหนี้ต่างประเทศ เอเอส 3MA7 ห้ามขายผู้ลงทุนรายย่อย,TH,DE,,,phase3_jurisdiction_model,E_model_predicted_jurisdiction,E_model_only,0.2761,0,1,,,,0.0
IN,TH,DE,TH,254900K9S1H3JLIDT453,กองทุนเปิดไทยพาณิชย์ตราสารหนี้ต่างประเทศ เอเอส 6ME2 ห้ามขายผู้ลงทุนรายย่อย,TH,DE,,,phase3_jurisdiction_model,E_model_predicted_jurisdiction,E_model_only,0.2761,0,1,,,,0.0
IN,TH,DE,TH,254900Y1SLRQ9VNXAP02,กองทุนเปิดไทยพาณิชย์ตราสารหนี้ต่างประเทศ เอเอส 6ME7 ห้ามขายผู้ลงทุนรายย่อย,TH,DE,,,phase3_jurisdiction_model,E_model_predicted_jurisdiction,E_model_only,0.2761,0,1,,,,0.0
IN,TH,DE,TH,2549007GP6V8LETEVY41,กองทุนเปิดไทยพาณิชย์ตราสารหนี้ต่างประเทศ เอเอส 6ME9 ห้ามขายผู้ลงทุนรายย่อย,TH,DE,,,phase3_jurisdiction_model,E_model_predicted_jurisdiction,E_model_only,0.2761,0,1,,,,0.0
IN,TH,DE,TH,254900S1SLS6XIL8BU77,กองทุนเปิดไทยพาณิชย์ตราสารหนี้ต่างประเทศ เอเอส 6MF3 ห้ามขายผู้ลงทุนรายย่อย,TH,DE,,,phase3_jurisdiction_model,E_model_predicted_jurisdiction,E_model_only,0.2761,0,1,,,,0.0
IN,TH,DE,TH,2549008AZFHOPPDOQC04,กองทุนเปิดไทยพาณิชย์ตราสารหนี้ต่างประเทศ เอเอส 6MF6 ห้ามขายผู้ลงทุนรายย่อย,TH,DE,,,phase3_jurisdiction_model,E_model_predicted_jurisdiction,E_model_only,0.2761,0,1,,,,0.0
IN,TH,DE,TH,254900I42OB9ZVQBF720,กองทุนเปิดไทยพาณิชย์ตราสารหนี้ต่างประเทศ เอเอส 6MF8 ห้ามขายผู้ลงทุนรายย่อย,TH,DE,,,phase3_jurisdiction_model,E_model_predicted_jurisdiction,E_model_only,0.2761,0,1,,,,0.0
IN,TH,DE,TH,254900W5QWCX3KL5RZ18,กองทุนเปิดไทยพาณิชย์ตราสารหนี้ต่างประเทศ เอเอส 6MF9 ห้ามขายผู้ลงทุนรายย่อย,TH,DE,,,phase3_jurisdiction_model,E_model_predicted_jurisdiction,E_model_only,0.2761,0,1,,,,0.0
IN,TH,DE,TH,25490023QYGX324U8645,กองทุนเปิดไทยพาณิชย์ตราสารหนี้ต่างประเทศ เอเอส 6MG1 ห้ามขายผู้ลงทุนรายย่อย,TH,DE,,,phase3_jurisdiction_model,E_model_predicted_jurisdiction,E_model_only,0.2761,0,1,,,,0.0
IN,TH,DE,TH,254900KKVUTEYUHDNH30,กองทุนเปิดไทยพาณิชย์ตราสารหนี้ต่างประเทศ เอเอส 6MG2 ห้ามขายผู้ลงทุนรายย่อย,TH,DE,,,phase3_jurisdiction_model,E_model_predicted_jurisdiction,E_model_only,0.2761,0,1,,,,0.0
IN,TH,DE,TH,2549008VPAENQSHQK032,กองทุนเปิดไทยพาณิชย์ตราสารหนี้ต่างประเทศ เอเอส 6MG3 ห้ามขายผู้ลงทุนรายย่อย,TH,DE,,,phase3_jurisdiction_model,E_model_predicted_jurisdiction,E_model_only,0.2761,0,1,,,,0.0
IN,TH,DE,TH,2549002WIK84GVM3XQ51,กองทุนเปิดไทยพาณิชย์ตราสารหนี้ต่างประเทศ เอเอส 6MG4 ห้ามขายผู้ลงทุนรายย่อย,TH,DE,,,phase3_jurisdiction_model,E_model_predicted_jurisdiction,E_model_only,0.2761,0,1,,,,0.0
IN,TH,DE,TH,254900MH5YI6U52GUI97,กองทุนเปิดไทยพาณิชย์ตราสารหนี้ต่างประเทศ เอเอส 6MG5 ห้ามขายผู้ลงทุนรายย่อย,TH,DE,,,phase3_jurisdiction_model,E_model_predicted_jurisdiction,E_model_only,0.2761,0,1,,,,0.0
IN,TH,DE,TH,254900XGPDIZV3PZZO29,กองทุนเปิดไทยพาณิชย์ตราสารหนี้ต่างประเทศ เอเอส 6MG6 ห้ามขายผู้ลงทุนรายย่อย,TH,DE,,,phase3_jurisdiction_model,E_model_predicted_jurisdiction,E_model_only,0.2761,0,1,,,,0.0
IN,TH,DE,TH,2549005OMSBFLZKXMN05,กองทุนเปิดไทยพาณิชย์ตราสารหนี้ต่างประเทศ เอเอส 6MG7 ห้ามขายผู้ลงทุนรายย่อย,TH,DE,,,phase3_jurisdiction_model,E_model_predicted_jurisdiction,E_model_only,0.2761,0,1,,,,0.0
IN,TH,DE,TH,2549000J9GA7LU985625,กองทุนเปิดไทยพาณิชย์ตราสารหนี้ต่างประเทศ เอเอส 6MG8 ห้ามขายผู้ลงทุนรายย่อย,TH,DE,,,phase3_jurisdiction_model,E_model_predicted_jurisdiction,E_model_only,0.2761,0,1,,,,0.0
IN,TH,DE,TH,2549009HQB7UQWETF998,กองทุนเปิดไทยพาณิชย์ตราสารหนี้ต่างประเทศ เอเอส 6MG9 ห้ามขายผู้ลงทุนรายย่อย,TH,DE,,,phase3_jurisdiction_model,E_model_predicted_jurisdiction,E_model_only,0.2761,0,1,,,,0.0
IN,TH,DE,TH,254900YN7JV29TRMTK25,กองทุนเปิดไทยพาณิชย์ตราสารหนี้ต่างประเทศ เอเอส 6MH1 ห้ามขายผู้ลงทุนรายย่อย,TH,DE,,,phase3_jurisdiction_model,E_model_predicted_jurisdiction,E_model_only,0.2761,0,1,,,,0.0
IN,TH,US,TH,25490012N2J7ZEKAS606,บริษัท ทรานส์ ไทย-มาเลเซีย (ประเทศไทย) จำกัด,TH,US,,,phase3_jurisdiction_model,E_model_predicted_jurisdiction,E_model_only,0.276,0,1,,,,0.0
IN,TH,US,TH,894500JPIDXHKZ0NM727,Merchant Partners Securities Public Company Limited,TH,US,,,phase3_jurisdiction_model,E_model_predicted_jurisdiction,E_model_only,0.2757,0,1,,,,0.0
IN,TH,GB,TH,984500E74BC6744DC185,บริษัท เอเชี่ยน ไวร์โปรดักส์ เอ็นจิเนียริ่ง เซอร์วิสเซส จำกัด,TH,GB,,,phase3_jurisdiction_model,E_model_predicted_jurisdiction,E_model_only,0.2753,0,1,,,,0.0
IN,TH,DE,TH,549300OM93697RR7ST39,บริษัท ทรี รูทส์ เอ็นเตอร์เทนเม้นต์ กรุ๊ป จำกัด,TH,DE,,,phase3_jurisdiction_model,E_model_predicted_jurisdiction,E_model_only,0.2748,0,1,,,,0.0
IN,TH,OTHER,TH,549300V3LJEEHCQ6JK64,บริษัท แพรนด้า จิวเวลรี่ จำกัด (มหาชน),TH,OTHER,,,phase3_jurisdiction_model,E_model_predicted_jurisdiction,E_model_only,0.2747,0,1,,,,0.0
IN,TH,EUROPE,TH,894500JD0VXR4CSL1056,อากริโน บจก,TH,EUROPE,,,phase3_jurisdiction_model,E_model_predicted_jurisdiction,E_model_only,0.2747,0,1,,,,0.0
IN,TH,FR,TH,254900NON6C3GW5LZU82,บริษัท ลีวาย สเตราส์ (ประเทศไทย) จำกัด,TH,FR,,,phase3_jurisdiction_model,E_model_predicted_jurisdiction,E_model_only,0.2746,0,1,,,,0.0
IN,TH,GB,TH,98450054QDYM439CCE73,บริษัท ซูมิโตโม เอสเอชไอ เอฟดับบลิว เซอร์วิส (ไทยแลนด์) จำกัด,TH,GB,,,phase3_jurisdiction_model,E_model_predicted_jurisdiction,E_model_only,0.2744,0,1,,,,0.0
IN,TH,EUROPE,TH,213800CWL1VZDIEIIH24,บริษัท อีดับบลิวเอ จำกัด,TH,EUROPE,,,phase3_jurisdiction_model,E_model_predicted_jurisdiction,E_model_only,0.2744,0,1,,,,0.0
IN,TH,DE,TH,2549006PNKSFTG93F250,Kaset Thai International Sugar Corporation Public Company Limited,TH,DE,,,phase3_jurisdiction_model,E_model_predicted_jurisdiction,E_model_only,0.274,0,1,,,,0.0
IN,TH,DE,TH,2549000JCMWIQQ1C4L32,Prime Products Industry Company Limited,TH,DE,,,phase3_jurisdiction_model,E_model_predicted_jurisdiction,E_model_only,0.274,0,1,,,,0.0
IN,TH,DE,TH,894500GABRBQYE3F5E83,Acdicator Company limited,TH,DE,,,phase3_jurisdiction_model,E_model_predicted_jurisdiction,E_model_only,0.2733,0,1,,,,0.0
IN,TH,EUROPE,TH,2549002DACDZ8VLJJJ52,กองทุนเปิด แอสเซทพลัส โกลบอล คอมเพล็กซ์ รีเทิร์น 1 ห้ามขายผู้ลงทนุ รายย่อย,TH,EUROPE,,,phase3_jurisdiction_model,E_model_predicted_jurisdiction,E_model_only,0.2733,0,1,,,,0.0
IN,TH,DE,TH,5493000DPQH6PHSUAM13,บริษัท ที แอนด์ บี มีเดีย โกลบอล (ประเทศไทย) จำกัด,TH,DE,,,phase3_jurisdiction_model,E_model_predicted_jurisdiction,E_model_only,0.2732,0,1,,,,0.0
IN,TH,OTHER,TH,549300UM4OOJ1W116N37,THAI VEGETABLE OIL PUBLIC COMPANY LIMITED,TH,OTHER,,,phase3_jurisdiction_model,E_model_predicted_jurisdiction,E_model_only,0.273,0,1,,,,0.0
IN,TH,GB,TH,213800QDKIZQO3ERG264,บริษัท สปาร์คู เทคโนโลยี่ (ประเทศไทย) จำกัด,TH,GB,,,phase3_jurisdiction_model,E_model_predicted_jurisdiction,E_model_only,0.273,0,1,,,,0.0
IN,TH,GB,TH,9845008PE9D640B5F676,บริษัท จีเอ็มซีซี แอนด์ เวลลิ่ง แอพพลายแอนซ์ คอมโพเนนท์ (ประเทศไทย) จำกัด,TH,GB,,,phase3_jurisdiction_model,E_model_predicted_jurisdiction,E_model_only,0.2728,0,1,,,,0.0
IN,TH,EUROPE,TH,549300KV400XOCIS7Q68,บริษัท ไทยประกันชีวิต จำกัด (มหาชน),TH,EUROPE,,,phase3_jurisdiction_model,E_model_predicted_jurisdiction,E_model_only,0.2726,0,1,,,,0.0
IN,TH,OTHER,TH,529900JKLVG9Y2SVWL93,บริษัท เดลต้า อีเลคโทรนิคส์ (ประเทศไทย) จำกัด (มหาชน),TH,OTHER,,,phase3_jurisdiction_model,E_model_predicted_jurisdiction,E_model_only,0.2725,0,1,,,,0.0
IN,TH,EUROPE,TH,2549007G0B3GC2FU4M08,บริษัท ไนท์สบริดจ์ จำกัด,TH,EUROPE,,,phase3_jurisdiction_model,E_model_predicted_jurisdiction,E_model_only,0.2724,0,1,,,,0.0
IN,TH,DE,TH,254900FRLCUSCU4QZZ19,United Fixed Maturity 2Y1,TH,DE,,,phase3_jurisdiction_model,E_model_predicted_jurisdiction,E_model_only,0.2723,0,1,,,,0.0
IN,TH,EUROPE,TH,549300ROBE4OVJS6O804,บีซีเนียร์สำหรับวัยเกษียณ เอ็กซ์ตร้า,TH,EUROPE,,,phase3_jurisdiction_model,E_model_predicted_jurisdiction,E_model_only,0.2723,0,1,,,,0.0
IN,TH,DE,TH,254900BWV6740L4TYR38,บริษัท จีสตีล จำกัด (มหาชน),TH,DE,,,phase3_jurisdiction_model,E_model_predicted_jurisdiction,E_model_only,0.2721,0,1,,,,0.0
IN,TH,EUROPE,TH,254900FRYD4VZWB66A21,สำนักงานประกันสังคม,TH,EUROPE,,,phase3_jurisdiction_model,E_model_predicted_jurisdiction,E_model_only,0.2721,0,1,,,,0.0
IN,TH,US,TH,5493004YJCU8DRONOQ19,SUNEDISON ENERGY (THAILAND) COMPANY LIMITED,TH,US,,,phase3_jurisdiction_model,E_model_predicted_jurisdiction,E_model_only,0.2715,0,1,,,,0.0
IN,TH,EUROPE,TH,2138001WUTD8SVAK9969,เอ็นทีที (ประเทศไทย) จำกัด,TH,EUROPE,,,phase3_jurisdiction_model,E_model_predicted_jurisdiction,E_model_only,0.2715,0,1,,,,0.0
IN,TH,GB,TH,549300HZVWHM01O7WV49,UOB ASSET MANAGEMENT (THAILAND) COMPANY LIMITED,TH,GB,,,phase3_jurisdiction_model,E_model_predicted_jurisdiction,E_model_only,0.2714,0,1,,,,0.0
IN,TH,EUROPE,TH,529900SXM74NQ438EE35,ทีทีดับบลิว จำกัด (มหาชน),TH,EUROPE,,,phase3_jurisdiction_model,E_model_predicted_jurisdiction,E_model_only,0.271,0,1,,,,0.0
IN,TH,GB,TH,549300EHD2WWGMRFT779,CONSTANT ENERGY (SERVICES) THAILAND CO. LTD.,TH,GB,,,phase3_jurisdiction_model,E_model_predicted_jurisdiction,E_model_only,0.2709,0,1,,,,0.0
IN,TH,EUROPE,TH,894500JCVCDZHDGPDG94,แกรนดาโกร บจก,TH,EUROPE,,,phase3_jurisdiction_model,E_model_predicted_jurisdiction,E_model_only,0.2708,0,1,,,,0.0
IN,TH,DE,TH,2549009OQ3BF4BVBEF08,กองทุนเปิดไทยพาณิชย์ มุ่งรักษาเงินต้น 9 เดือน 1,TH,DE,,,phase3_jurisdiction_model,E_model_predicted_jurisdiction,E_model_only,0.2707,0,1,,,,0.0
IN,TH,US,TH,8945002IOY2YYRTSWD73,Wealth Magik Securities Company Limited,TH,US,,,phase3_jurisdiction_model,E_model_predicted_jurisdiction,E_model_only,0.2706,0,1,,,,0.0
IN,TH,US,TH,254900WPTQFS60CMGY46,บริษัท นิสสัน มอเตอร์ (ประเทศไทย) จำกัด,TH,US,,,phase3_jurisdiction_model,E_model_predicted_jurisdiction,E_model_only,0.2706,0,1,,,,0.0
IN,TH,GB,TH,549300BC6PM6O33SAK09,บริษัท ฮันนี่เวลล์ อิเล็คทรอนิค แมธิเรียลส์ (ประเทศไทย) จำกัด,TH,GB,,,phase3_jurisdiction_model,E_model_predicted_jurisdiction,E_model_only,0.2701,0,1,,,,0.0
IN,TH,ASIA_OTHER,TH,984500523BDEE398B323,บริษัท ไทยเพรซิเดนท์ฟูดส์ จำกัด (มหาชน),TH,ASIA_OTHER,,,phase3_jurisdiction_model,E_model_predicted_jurisdiction,E_model_only,0.2701,0,1,,,,0.0
IN,TH,EUROPE,TH,549300FD7FEYF63G9I15,K FOREIGN FIXED INCOME 6MAG FUND NOT FOR RETAIL INVESTORS,TH,EUROPE,,,phase3_jurisdiction_model,E_model_predicted_jurisdiction,E_model_only,0.2697,0,1,,,,0.0
IN,TH,EUROPE,TH,984500B98563E887VD20,บริษัท เอสแอลอาร์ที จำกัด,TH,EUROPE,,,phase3_jurisdiction_model,E_model_predicted_jurisdiction,E_model_only,0.2697,0,1,,,,0.0
IN,TH,EUROPE,TH,549300QBDUK6K40VBM71,AEON THANA SINSAP (THAILAND) PLC.,TH,EUROPE,,,phase3_jurisdiction_model,E_model_predicted_jurisdiction,E_model_only,0.2691,0,1,,,,0.0
IN,TH,ASIA_OTHER,TH,254900ILN5IH9LLYV474,บริษัทหลักทรัพย์ ไอร่า จำกัด (มหาชน),TH,ASIA_OTHER,,,phase3_jurisdiction_model,E_model_predicted_jurisdiction,E_model_only,0.2691,0,1,,,,0.0
IN,TH,US,TH,254900O4KGYKPADLW591,บริษัท ซุปเปอร์ โซล่าร์ (ประเทศไทย) จำกัด,TH,US,,,phase3_jurisdiction_model,E_model_predicted_jurisdiction,E_model_only,0.2689,0,1,,,,0.0
IN,TH,US,TH,5493002FYFEVLD4JBD64,บริษัท โอ. เอ็ม. แมนูแฟคเจอริ่ง (ประเทศไทย) จำกัด,TH,US,,,phase3_jurisdiction_model,E_model_predicted_jurisdiction,E_model_only,0.2687,0,1,,,,0.0
IN,TH,GB,TH,549300PZCVCJ7EPDWT42,"NALCO INDUSTRIAL SERVICES (THAILAND) CO.,LTD.",TH,GB,,,phase3_jurisdiction_model,E_model_predicted_jurisdiction,E_model_only,0.2686,0,1,,,,0.0
IN,TH,DE,TH,2549008B4FPUCCGGUC60,United Dynamic Bond Complex Return Fund 3Y1,TH,DE,,,phase3_jurisdiction_model,E_model_predicted_jurisdiction,E_model_only,0.2685,0,1,,,,0.0
IN,TH,DE,TH,254900TZL12YL6UFMS55,United Dynamic Bond Complex Return Fund 3Y2,TH,DE,,,phase3_jurisdiction_model,E_model_predicted_jurisdiction,E_model_only,0.2685,0,1,,,,0.0
IN,TH,DE,TH,254900IETLV3I33TBT24,United Dynamic Bond Complex Return Fund 3Y3,TH,DE,,,phase3_jurisdiction_model,E_model_predicted_jurisdiction,E_model_only,0.2685,0,1,,,,0.0
IN,TH,EUROPE,TH,213800FA4L44UZC74242,บริษัท เอ็กซ์ซี จำกัด,TH,EUROPE,,,phase3_jurisdiction_model,E_model_predicted_jurisdiction,E_model_only,0.2675,0,1,,,,0.0
IN,TH,EUROPE,TH,2549006AD13IKWER8227,บริษัท การบินไทย จำกัด (มหาชน),TH,EUROPE,,,phase3_jurisdiction_model,E_model_predicted_jurisdiction,E_model_only,0.2674,0,1,,,,0.0
IN,TH,OTHER,TH,9845007401J6F6L0B526,บริษัท ไฟน์ เม็ททัล เทคโนโลยีส์ จำกัด (มหาชน),TH,OTHER,,,phase3_jurisdiction_model,E_model_predicted_jurisdiction,E_model_only,0.2674,0,1,,,,0.0
IN,TH,EUROPE,TH,254900E961H4R4B2VS71,บริษัท รุ่งเรืองผล จำกัด,TH,EUROPE,,,phase3_jurisdiction_model,E_model_predicted_jurisdiction,E_model_only,0.2673,0,1,,,,0.0
IN,TH,EUROPE,TH,25490087HK7NWX1EOT39,บริษัท โคนิเคิล จำกัด,TH,EUROPE,,,phase3_jurisdiction_model,E_model_predicted_jurisdiction,E_model_only,0.2673,0,1,,,,0.0
IN,TH,DE,TH,254900G98OFNQZUE8K27,กองทุนเปิดไทยพาณิชย์ Double Structured Complex Return 1YB ห้ามขายผู้ลงทุนรายย่อย,TH,DE,,,phase3_jurisdiction_model,E_model_predicted_jurisdiction,E_model_only,0.2671,0,1,,,,0.0
IN,TH,DE,TH,254900B40BXPXXIL4H21,กองทุนเปิดไทยพาณิชย์ Double Structured Complex Return 1YE ห้ามขายผู้ลงทุนรายย่อย,TH,DE,,,phase3_jurisdiction_model,E_model_predicted_jurisdiction,E_model_only,0.2671,0,1,,,,0.0
IN,TH,EUROPE,TH,984500FA90X7A95AF687,บริษัท แร้ดเวิร์คซ จำกัด,TH,EUROPE,,,phase3_jurisdiction_model,E_model_predicted_jurisdiction,E_model_only,0.267,0,1,,,,0.0
IN,TH,DE,TH,549300WCZEKCZ64NMX46,SCB GLOBAL WEALTH RMF,TH,DE,,,phase3_jurisdiction_model,E_model_predicted_jurisdiction,E_model_only,0.2666,0,1,,,,0.0
IN,TH,EUROPE,TH,549300W3QUBVXME1LJ28,บริษัท เอ็มอาร์ดี-อีซีซี จำกัด,TH,EUROPE,,,phase3_jurisdiction_model,E_model_predicted_jurisdiction,E_model_only,0.2666,0,1,,,,0.0
IN,TH,EUROPE,TH,98450067D701F942AE97,บริษัท เออีเอสคอน จำกัด,TH,EUROPE,,,phase3_jurisdiction_model,E_model_predicted_jurisdiction,E_model_only,0.2665,0,1,,,,0.0
IN,TH,OTHER,TH,254900Q126MCOB8VHD74,บริษัทหลักทรัพย์ เกียรตินาคินภัทร จำกัด (มหาชน),TH,OTHER,,,phase3_jurisdiction_model,E_model_predicted_jurisdiction,E_model_only,0.2665,0,1,,,,0.0
IN,TH,EUROPE,TH,2138008RWZ2F6NLMZH56,มูลนิธิคีนันเอเชีย,TH,EUROPE,,,phase3_jurisdiction_model,E_model_predicted_jurisdiction,E_model_only,0.2664,0,1,,,,0.0
IN,TH,DE,TH,549300Q3RFWI3TTIR312,SCB GLOBAL WEALTH PLUS OPEN END FUND,TH,DE,,,phase3_jurisdiction_model,E_model_predicted_jurisdiction,E_model_only,0.2662,0,1,,,,0.0
IN,TH,DE,TH,529900ZF7N45M6YMB182,บริษัท นำสินประกันภัย จำกัด (มหาชน),TH,DE,,,phase3_jurisdiction_model,E_model_predicted_jurisdiction,E_model_only,0.2662,0,1,,,,0.0
IN,TH,DE,TH,254900BYE3O18B5OFT66,กองทุนเปิดไทยพาณิชย์ตราสารหนี้ต่างประเทศ เอเอส 1YC6 ห้ามขายผู้ลงทุนรายย่อย,TH,DE,,,phase3_jurisdiction_model,E_model_predicted_jurisdiction,E_model_only,0.2661,0,1,,,,0.0
IN,TH,DE,TH,2549005RUWS4AQ762I44,กองทุนเปิดไทยพาณิชย์ตราสารหนี้ต่างประเทศ เอเอส 1YC8 ห้ามขายผู้ลงทุนรายย่อย,TH,DE,,,phase3_jurisdiction_model,E_model_predicted_jurisdiction,E_model_only,0.2661,0,1,,,,0.0
IN,TH,DE,TH,254900K5NI90RNBOR702,กองทุนเปิดไทยพาณิชย์ตราสารหนี้ต่างประเทศ เอเอส 1YC9 ห้ามขายผู้ลงทุนรายย่อย,TH,DE,,,phase3_jurisdiction_model,E_model_predicted_jurisdiction,E_model_only,0.2661,0,1,,,,0.0
IN,TH,DE,TH,254900AGIMZXRWWX1Z92,กองทุนเปิดไทยพาณิชย์ตราสารหนี้ต่างประเทศ เอเอส 1YD1 ห้ามขายผู้ลงทุนรายย่อย,TH,DE,,,phase3_jurisdiction_model,E_model_predicted_jurisdiction,E_model_only,0.2661,0,1,,,,0.0
IN,TH,DE,TH,2549006AGDXAF6UACX13,กองทุนเปิดไทยพาณิชย์ตราสารหนี้ต่างประเทศ เอเอส 1YD2 ห้ามขายผู้ลงทุนรายย่อย,TH,DE,,,phase3_jurisdiction_model,E_model_predicted_jurisdiction,E_model_only,0.2661,0,1,,,,0.0
IN,TH,DE,TH,2549006RRZGMHZYNI753,กองทุนเปิดไทยพาณิชย์ตราสารหนี้ต่างประเทศ เอเอส 1YD4 ห้ามขายผู้ลงทุนรายย่อย,TH,DE,,,phase3_jurisdiction_model,E_model_predicted_jurisdiction,E_model_only,0.2661,0,1,,,,0.0
IN,TH,DE,TH,254900QDXN58TFFD0O41,กองทุนเปิดไทยพาณิชย์ตราสารหนี้ต่างประเทศ เอเอส 1YD5 ห้ามขายผู้ลงทุนรายย่อย,TH,DE,,,phase3_jurisdiction_model,E_model_predicted_jurisdiction,E_model_only,0.2661,0,1,,,,0.0
IN,TH,DE,TH,254900AK5LSORGD59S82,กองทุนเปิดไทยพาณิชย์ตราสารหนี้ต่างประเทศ เอเอส 1YD8 ห้ามขายผู้ลงทุนรายย่อย,TH,DE,,,phase3_jurisdiction_model,E_model_predicted_jurisdiction,E_model_only,0.2661,0,1,,,,0.0
IN,TH,DE,TH,254900MDN8P73PYPI334,กองทุนเปิดไทยพาณิชย์ตราสารหนี้ต่างประเทศ เอเอส 1YD9 ห้ามขายผู้ลงทุนรายย่อย,TH,DE,,,phase3_jurisdiction_model,E_model_predicted_jurisdiction,E_model_only,0.2661,0,1,,,,0.0
IN,TH,DE,TH,254900BY6H6KBZ9JZW37,กองทุนเปิดไทยพาณิชย์ตราสารหนี้ต่างประเทศ เอเอส 1YE4 ห้ามขายผู้ลงทุนรายย่อย,TH,DE,,,phase3_jurisdiction_model,E_model_predicted_jurisdiction,E_model_only,0.2661,0,1,,,,0.0
IN,TH,DE,TH,2549006GVEU7CQFJ7K40,กองทุนเปิดไทยพาณิชย์ตราสารหนี้ต่างประเทศ เอเอส 3MB1 ห้ามขายผู้ลงทุนรายย่อย,TH,DE,,,phase3_jurisdiction_model,E_model_predicted_jurisdiction,E_model_only,0.2661,0,1,,,,0.0
IN,TH,DE,TH,254900NIK2E5N0JG4720,กองทุนเปิดไทยพาณิชย์ตราสารหนี้ต่างประเทศ เอเอส 3MB2 ห้ามขายผู้ลงทุนรายย่อย,TH,DE,,,phase3_jurisdiction_model,E_model_predicted_jurisdiction,E_model_only,0.2661,0,1,,,,0.0
IN,TH,DE,TH,254900IK0JGA4TUTUP86,กองทุนเปิดไทยพาณิชย์ตราสารหนี้ต่างประเทศ เอเอส 3MB3 ห้ามขายผู้ลงทุนรายย่อย,TH,DE,,,phase3_jurisdiction_model,E_model_predicted_jurisdiction,E_model_only,0.2661,0,1,,,,0.0
IN,TH,DE,TH,2549002P4L1R011GDO72,กองทุนเปิดไทยพาณิชย์ตราสารหนี้ต่างประเทศ เอเอส 3MC2 ห้ามขายผู้ลงทุนรายย่อย,TH,DE,,,phase3_jurisdiction_model,E_model_predicted_jurisdiction,E_model_only,0.2661,0,1,,,,0.0
IN,TH,DE,TH,254900A4BUYBBE56W017,กองทุนเปิดไทยพาณิชย์ตราสารหนี้ต่างประเทศ เอเอส 3MC4 ห้ามขายผู้ลงทุนรายย่อย,TH,DE,,,phase3_jurisdiction_model,E_model_predicted_jurisdiction,E_model_only,0.2661,0,1,,,,0.0
IN,TH,DE,TH,254900N0OF1ZQUR3C066,กองทุนเปิดไทยพาณิชย์ตราสารหนี้ต่างประเทศ เอเอส 3MC6 ห้ามขายผู้ลงทุนรายย่อย,TH,DE,,,phase3_jurisdiction_model,E_model_predicted_jurisdiction,E_model_only,0.2661,0,1,,,,0.0
IN,TH,DE,TH,2549009ORVHCTY229Q13,กองทุนเปิดไทยพาณิชย์ตราสารหนี้ต่างประเทศ เอเอส 3MC9 ห้ามขายผู้ลงทุนรายย่อย,TH,DE,,,phase3_jurisdiction_model,E_model_predicted_jurisdiction,E_model_only,0.2661,0,1,,,,0.0
IN,TH,DE,TH,254900XDKWNMQW6QAG48,กองทุนเปิดไทยพาณิชย์ตราสารหนี้ต่างประเทศ เอเอส 3MD1 ห้ามขายผู้ลงทุนรายย่อย,TH,DE,,,phase3_jurisdiction_model,E_model_predicted_jurisdiction,E_model_only,0.2661,0,1,,,,0.0
IN,TH,DE,TH,2549001KD8QE5VWIMB29,กองทุนเปิดไทยพาณิชย์ตราสารหนี้ต่างประเทศ เอเอส 3MD2 ห้ามขายผู้ลงทุนรายย่อย,TH,DE,,,phase3_jurisdiction_model,E_model_predicted_jurisdiction,E_model_only,0.2661,0,1,,,,0.0
IN,TH,DE,TH,254900CAH5MSM9TXC345,กองทุนเปิดไทยพาณิชย์ตราสารหนี้ต่างประเทศ เอเอส 3MD3 ห้ามขายผู้ลงทุนรายย่อย,TH,DE,,,phase3_jurisdiction_model,E_model_predicted_jurisdiction,E_model_only,0.2661,0,1,,,,0.0
IN,TH,DE,TH,254900YDQGI98WXHTN53,กองทุนเปิดไทยพาณิชย์ตราสารหนี้ต่างประเทศ เอเอส 6MAA ห้ามขายผู้ลงทุนรายย่อย,TH,DE,,,phase3_jurisdiction_model,E_model_predicted_jurisdiction,E_model_only,0.2661,0,1,,,,0.0
IN,TH,DE,TH,254900UFV1PJ59KXY697,กองทุนเปิดไทยพาณิชย์ตราสารหนี้ต่างประเทศ เอเอส 6MN6 ห้ามขายผู้ลงทุนรายย่อย,TH,DE,,,phase3_jurisdiction_model,E_model_predicted_jurisdiction,E_model_only,0.2661,0,1,,,,0.0
IN,TH,DE,TH,254900FCTV28L7ZUXV94,กองทุนเปิดไทยพาณิชย์ตราสารหนี้ต่างประเทศ เอเอส 6MN7 ห้ามขายผู้ลงทุนรายย่อย,TH,DE,,,phase3_jurisdiction_model,E_model_predicted_jurisdiction,E_model_only,0.2661,0,1,,,,0.0
IN,TH,DE,TH,254900J4Z2S39O35MB41,กองทุนเปิดไทยพาณิชย์ตราสารหนี้ต่างประเทศ เอเอส 6MN8 ห้ามขายผู้ลงทุนรายย่อย,TH,DE,,,phase3_jurisdiction_model,E_model_predicted_jurisdiction,E_model_only,0.2661,0,1,,,,0.0
IN,TH,DE,TH,254900QA1Q8P53AVIL59,กองทุนเปิดไทยพาณิชย์ตราสารหนี้ต่างประเทศ เอเอส 6MO1 ห้ามขายผู้ลงทุนรายย่อย,TH,DE,,,phase3_jurisdiction_model,E_model_predicted_jurisdiction,E_model_only,0.2661,0,1,,,,0.0
IN,TH,DE,TH,2549002WUBQCRUQF8V02,กองทุนเปิดไทยพาณิชย์ตราสารหนี้ต่างประเทศ เอเอส 6MO2 ห้ามขายผู้ลงทุนรายย่อย,TH,DE,,,phase3_jurisdiction_model,E_model_predicted_jurisdiction,E_model_only,0.2661,0,1,,,,0.0
IN,TH,DE,TH,254900Q517ZP16MJOI85,กองทุนเปิดไทยพาณิชย์ตราสารหนี้ต่างประเทศ เอเอส 6MO3 ห้ามขายผู้ลงทุนรายย่อย,TH,DE,,,phase3_jurisdiction_model,E_model_predicted_jurisdiction,E_model_only,0.2661,0,1,,,,0.0
IN,TH,DE,TH,254900CBZNB6S6R3V134,กองทุนเปิดไทยพาณิชย์ตราสารหนี้ต่างประเทศ เอเอส 6MO4 ห้ามขายผู้ลงทุนรายย่อย,TH,DE,,,phase3_jurisdiction_model,E_model_predicted_jurisdiction,E_model_only,0.2661,0,1,,,,0.0
IN,TH,DE,TH,2549006HSOAHCCJTOV54,กองทุนเปิดไทยพาณิชย์ตราสารหนี้ต่างประเทศ เอเอส 6MO6 ห้ามขายผู้ลงทุนรายย่อย,TH,DE,,,phase3_jurisdiction_model,E_model_predicted_jurisdiction,E_model_only,0.2661,0,1,,,,0.0
IN,TH,DE,TH,2549002MGL0ZHCQVC556,กองทุนเปิดไทยพาณิชย์ตราสารหนี้ต่างประเทศ เอเอส 6MO7 ห้ามขายผู้ลงทุนรายย่อย,TH,DE,,,phase3_jurisdiction_model,E_model_predicted_jurisdiction,E_model_only,0.2661,0,1,,,,0.0
IN,TH,DE,TH,254900SZ3NEZS42L4Z46,กองทุนเปิดไทยพาณิชย์ตราสารหนี้ต่างประเทศ เอเอส 6MO8 ห้ามขายผู้ลงทุนรายย่อย,TH,DE,,,phase3_jurisdiction_model,E_model_predicted_jurisdiction,E_model_only,0.2661,0,1,,,,0.0
IN,TH,DE,TH,254900R3KHLIKDCLEO65,กองทุนเปิดไทยพาณิชย์ตราสารหนี้ต่างประเทศ เอเอส 6MP1 ห้ามขายผู้ลงทุนรายย่อย,TH,DE,,,phase3_jurisdiction_model,E_model_predicted_jurisdiction,E_model_only,0.2661,0,1,,,,0.0
IN,TH,DE,TH,254900DH3O2RHIK1N020,กองทุนเปิดไทยพาณิชย์ตราสารหนี้ต่างประเทศ เอเอส 6MP2 ห้ามขายผู้ลงทุนรายย่อย,TH,DE,,,phase3_jurisdiction_model,E_model_predicted_jurisdiction,E_model_only,0.2661,0,1,,,,0.0
IN,TH,DE,TH,254900X21H05ZF5TPK49,กองทุนเปิดไทยพาณิชย์ตราสารหนี้ต่างประเทศ เอเอส 6MP8 ห้ามขายผู้ลงทุนรายย่อย,TH,DE,,,phase3_jurisdiction_model,E_model_predicted_jurisdiction,E_model_only,0.2661,0,1,,,,0.0
IN,TH,DE,TH,254900PDJZXKVU5ZDF30,กองทุนเปิดไทยพาณิชย์ตราสารหนี้ต่างประเทศ เอเอส 6MP9 ห้ามขายผู้ลงทุนรายย่อย,TH,DE,,,phase3_jurisdiction_model,E_model_predicted_jurisdiction,E_model_only,0.2661,0,1,,,,0.0
IN,TH,DE,TH,254900Y35KRBRLAEKO28,กองทุนเปิดไทยพาณิชย์ตราสารหนี้ต่างประเทศ เอเอส 6MQ2 ห้ามขายผู้ลงทุนรายย่อย,TH,DE,,,phase3_jurisdiction_model,E_model_predicted_jurisdiction,E_model_only,0.2661,0,1,,,,0.0
IN,TH,DE,TH,2549004401FMB89PTX93,กองทุนเปิดไทยพาณิชย์ตราสารหนี้ต่างประเทศ เอเอส 6MQ4 ห้ามขายผู้ลงทุนรายย่อย,TH,DE,,,phase3_jurisdiction_model,E_model_predicted_jurisdiction,E_model_only,0.2661,0,1,,,,0.0
IN,TH,DE,TH,254900TCHGME6Y1VQQ88,กองทุนเปิดไทยพาณิชย์ตราสารหนี้ต่างประเทศ เอเอส 6MQ5 ห้ามขายผู้ลงทุนรายย่อย,TH,DE,,,phase3_jurisdiction_model,E_model_predicted_jurisdiction,E_model_only,0.2661,0,1,,,,0.0
IN,TH,DE,TH,254900EW8FCCJJI86759,กองทุนเปิดไทยพาณิชย์ตราสารหนี้ต่างประเทศ เอเอส 6MQ6 ห้ามขายผู้ลงทุนรายย่อย,TH,DE,,,phase3_jurisdiction_model,E_model_predicted_jurisdiction,E_model_only,0.2661,0,1,,,,0.0
IN,TH,DE,TH,2549001PRPW8C0ZO1C74,กองทุนเปิดไทยพาณิชย์ตราสารหนี้ต่างประเทศ เอเอส 6MQ7 ห้ามขายผู้ลงทุนรายย่อย,TH,DE,,,phase3_jurisdiction_model,E_model_predicted_jurisdiction,E_model_only,0.2661,0,1,,,,0.0
IN,TH,DE,TH,2549003Z46F2KYKHKK93,กองทุนเปิดไทยพาณิชย์ตราสารหนี้ต่างประเทศ เอเอส 6MQ8 ห้ามขายผู้ลงทุนรายย่อย,TH,DE,,,phase3_jurisdiction_model,E_model_predicted_jurisdiction,E_model_only,0.2661,0,1,,,,0.0
IN,TH,DE,TH,254900WKGE19A0HEK532,กองทุนเปิดไทยพาณิชย์ตราสารหนี้ต่างประเทศ เอเอส 6MR3 ห้ามขายผู้ลงทุนรายย่อย,TH,DE,,,phase3_jurisdiction_model,E_model_predicted_jurisdiction,E_model_only,0.2661,0,1,,,,0.0
IN,TH,EUROPE,TH,254900GTBBT2DGGWCQ47,บริษัท สากลค้าฝ้าย จำกัด,TH,EUROPE,,,phase3_jurisdiction_model,E_model_predicted_jurisdiction,E_model_only,0.266,0,1,,,,0.0
IN,TH,OTHER,TH,254900VEHUMFMZ1AYG52,บริษัท ไอ-เทล คอร์ปอเรชั่น จำกัด (มหาชน),TH,OTHER,,,phase3_jurisdiction_model,E_model_predicted_jurisdiction,E_model_only,0.266,0,1,,,,0.0
IN,TH,EUROPE,TH,5493000KZ64GI58EIE32,K FOREIGN FIXED INCOME 6MBB FUND NOT FOR RETAIL INVESTORS,TH,EUROPE,,,phase3_jurisdiction_model,E_model_predicted_jurisdiction,E_model_only,0.2659,0,1,,,,0.0
IN,TH,EUROPE,TH,5493005J9FP6O61JI623,K FOREIGN FIXED INCOME 6MBC FUND NOT FOR RETAIL INVESTORS,TH,EUROPE,,,phase3_jurisdiction_model,E_model_predicted_jurisdiction,E_model_only,0.2659,0,1,,,,0.0
IN,TH,OTHER,TH,54930063IPMTGETZGT22,บริษัท เจนเนอราลี่ ประกันชีวิต (ไทยแลนด์) จำกัด (มหาชน),TH,OTHER,,,phase3_jurisdiction_model,E_model_predicted_jurisdiction,E_model_only,0.2657,0,1,,,,0.0
IN,TH,DE,TH,254900OEUVEKZO3P9M56,กองทุนเปิดไทยพาณิชย์ตราสารหนี้ต่างประเทศ เอเอสห้ามขายผู้ลงทุนรายย่อย,TH,DE,,,phase3_jurisdiction_model,E_model_predicted_jurisdiction,E_model_only,0.2656,0,1,,,,0.0
IN,TH,EUROPE,TH,254900LERUQLHKYG8H78,บริษัท วีจีไอ จำกัด (มหาชน),TH,EUROPE,,,phase3_jurisdiction_model,E_model_predicted_jurisdiction,E_model_only,0.2656,0,1,,,,0.0
IN,TH,US,TH,5493000M7JBGJDQ0BN89,GENERAL MOTORS (THAILAND) LIMITED,TH,US,,,phase3_jurisdiction_model,E_model_predicted_jurisdiction,E_model_only,0.2653,0,1,,,,0.0
IN,TH,GB,TH,54930081RVZD4DGFQV11,PHELPS DODGE INTERNATIONAL (THAILAND) LTD.,TH,GB,,,phase3_jurisdiction_model,E_model_predicted_jurisdiction,E_model_only,0.2651,0,1,,,,0.0
IN,TH,EUROPE,TH,984500AB8367F412AF13,บริษัท เออาร์อาร์เอ็กซ์ จำกัด,TH,EUROPE,,,phase3_jurisdiction_model,E_model_predicted_jurisdiction,E_model_only,0.265,0,1,,,,0.0
IN,TH,GB,TH,5493003FPDME8S4O6J70,บริษัท จีอี เทรชเชอรี่ อินดัสเทรียล (ประเทศไทย) จำกัด,TH,GB,,,phase3_jurisdiction_model,E_model_predicted_jurisdiction,E_model_only,0.2645,0,1,,,,0.0
IN,TH,GB,TH,254900S2ZZ2FOSBO5D47,บริษัท โซนี่ โกลบอล เทรเชอรี เซอร์วิสเซส (ประเทศไทย) จำกัด,TH,GB,,,phase3_jurisdiction_model,E_model_predicted_jurisdiction,E_model_only,0.2644,0,1,,,,0.0
IN,TH,EUROPE,TH,254900ZFC9UIMHS4X783,"Alpha Capital Asset Management Co., Ltd.",TH,EUROPE,,,phase3_jurisdiction_model,E_model_predicted_jurisdiction,E_model_only,0.2639,0,1,,,,0.0
IN,TH,EUROPE,TH,984500EB8AEBN92FEF15,บริษัท ซีนิธคอมพ์ จำกัด,TH,EUROPE,,,phase3_jurisdiction_model,E_model_predicted_jurisdiction,E_model_only,0.2639,0,1,,,,0.0
IN,TH,EUROPE,TH,984500Q10J7PDE36A545,บริษัท บัซซี่บีส์ จำกัด,TH,EUROPE,,,phase3_jurisdiction_model,E_model_predicted_jurisdiction,E_model_only,0.2639,0,1,,,,0.0
IN,TH,OTHER,TH,254900VPENSNYC7D9547,บริษัท เอฟดับบลิวดี ประกันชีวิต จำกัด (มหาชน),TH,OTHER,,,phase3_jurisdiction_model,E_model_predicted_jurisdiction,E_model_only,0.2638,0,1,,,,0.0
IN,TH,GB,TH,98450063BC59CFH58E68,บริษัท มิตซูบิชิ อีเล็คทริค คอนซูมเมอร์ โปรดักส์(ประเทศไทย) จำกัด,TH,GB,,,phase3_jurisdiction_model,E_model_predicted_jurisdiction,E_model_only,0.2637,0,1,,,,0.0
IN,TH,DE,TH,549300PIJBUTN1AJ2B74,SCB GLOBAL WEALTH PLUS RMF,TH,DE,,,phase3_jurisdiction_model,E_model_predicted_jurisdiction,E_model_only,0.2636,0,1,,,,0.0
IN,TH,GB,TH,QZAJYVPQOOBKOC2WYH62,"DELL CORPORATION (THAILAND) CO., LTD.",TH,GB,,,phase3_jurisdiction_model,E_model_predicted_jurisdiction,E_model_only,0.2635,0,1,,,,0.0
IN,TH,GB,TH,549300TPQNMWJ9OSGQ78,THAI FATTY ALCOHOLS COMPANY LIMITED,TH,GB,,,phase3_jurisdiction_model,E_model_predicted_jurisdiction,E_model_only,0.2635,0,1,,,,0.0
IN,TH,GB,TH,549300G2OGO3UQ3ZNC20,FORD SERVICES (THAILAND) COMPANY LIMITED,TH,GB,,,phase3_jurisdiction_model,E_model_predicted_jurisdiction,E_model_only,0.2634,0,1,,,,0.0
IN,TH,EUROPE,TH,984500055BC89C70C659,บริษัท ทูพลัส ซอฟท์ จำกัด,TH,EUROPE,,,phase3_jurisdiction_model,E_model_predicted_jurisdiction,E_model_only,0.2632,0,1,,,,0.0
IN,TH,US,TH,2549005U77SC5SNBQO09,บริษัท โกลเด้น เครน(โกลเด้น ดราก้อน) จำกัด,TH,US,,,phase3_jurisdiction_model,E_model_predicted_jurisdiction,E_model_only,0.2631,0,1,,,,0.0
IN,TH,US,TH,529900BLAP5JZB2ZC314,บริษัท ฮิวเบอร์ อิงค์ส (ประเทศไทย) จำกัด,TH,US,,,phase3_jurisdiction_model,E_model_predicted_jurisdiction,E_model_only,0.263,0,1,,,,0.0
IN,TH,EUROPE,TH,2549007JXQ8DZY8GIK37,SKFM Mekong Fund,TH,EUROPE,,,phase3_jurisdiction_model,E_model_predicted_jurisdiction,E_model_only,0.2624,0,1,,,,0.0
IN,TH,DE,TH,8945000OMS726ABS6S54,Aditya Birla Chemicals (Thailand) Co. Ltd.,TH,DE,,,phase3_jurisdiction_model,E_model_predicted_jurisdiction,E_model_only,0.2623,0,1,,,,0.0
IN,TH,GB,TH,98450094C93F544C9D13,บริษัท รักษาความปลอดภัย ทีม เซฟการ์ดส์ (ประเทศไทย) จำกัด,TH,GB,,,phase3_jurisdiction_model,E_model_predicted_jurisdiction,E_model_only,0.2623,0,1,,,,0.0
IN,TH,DE,TH,5493006RJ7TIXHAEL592,1 A.M. GLOBAL FIXED INCOME FUND,TH,DE,,,phase3_jurisdiction_model,E_model_predicted_jurisdiction,E_model_only,0.262,0,1,,,,0.0
IN,TH,OTHER,TH,54930005RYUYNBKYMN61,CAPITAL NOMURA SECURITIES PUBLIC COMPANY LIMITED,TH,OTHER,,,phase3_jurisdiction_model,E_model_predicted_jurisdiction,E_model_only,0.262,0,1,,,,0.0
IN,TH,DE,TH,549300RA5HBI3UW31F06,SCB GLOBAL WEALTH OPEN END FUND,TH,DE,,,phase3_jurisdiction_model,E_model_predicted_jurisdiction,E_model_only,0.262,0,1,,,,0.0
IN,TH,EUROPE,TH,254900VDS9FKNLJ4XC35,บริษัท ทีพีบีไอ จำกัด (มหาชน),TH,EUROPE,,,phase3_jurisdiction_model,E_model_predicted_jurisdiction,E_model_only,0.262,0,1,,,,0.0
IN,TH,EUROPE,TH,254900IKV8DJ1C05JB68,บริษัท ไออาร์พีซี จำกัด (มหาชน),TH,EUROPE,,,phase3_jurisdiction_model,E_model_predicted_jurisdiction,E_model_only,0.262,0,1,,,,0.0
IN,TH,US,TH,254900D4NQ5CJSXKLT05,Sri Trang Agro-Industry Public Company Limited,TH,US,,,phase3_jurisdiction_model,E_model_predicted_jurisdiction,E_model_only,0.2616,0,1,,,,0.0
IN,TH,EUROPE,TH,89450063JY60J2IWZA84,บริษัท เคมอิน อินคอร์โปเรชั่น จำกัด,TH,EUROPE,,,phase3_jurisdiction_model,E_model_predicted_jurisdiction,E_model_only,0.2615,0,1,,,,0.0
IN,TH,US,TH,254900UB1NOQXUMP3S23,บริษัท ฟอนเทียร่า แบรนด์ส (ประเทศไทย) จำกัด,TH,US,,,phase3_jurisdiction_model,E_model_predicted_jurisdiction,E_model_only,0.261,0,1,,,,0.0
IN,TH,GB,TH,984500BBDEM9AF3AC448,บริษัท แอล พี พี พรอพเพอร์ตี้ มาเนจเมนท์ จำกัด,TH,GB,,,phase3_jurisdiction_model,E_model_predicted_jurisdiction,E_model_only,0.2607,0,1,,,,0.0
IN,TH,US,TH,254900E68VLEZZULQP27,WHA Corporation Public Company Limited,TH,US,,,phase3_jurisdiction_model,E_model_predicted_jurisdiction,E_model_only,0.2604,0,1,,,,0.0
IN,TH,GB,TH,984500131YC1S0C70152,เรกโนโลจี เอฟอาร์อาร์ เบลเยียม เอ็นวี,TH,GB,,,phase3_jurisdiction_model,E_model_predicted_jurisdiction,E_model_only,0.2599,0,1,,,,0.0
IN,TH,US,TH,549300JZKZVOEJWTRJ02,โดนัลด์สัน ฟิลเทรชั่น (ประเทศไทย) จำกัด,TH,US,,,phase3_jurisdiction_model,E_model_predicted_jurisdiction,E_model_only,0.2599,0,1,,,,0.0
IN,TH,US,TH,2549004P4GJ8E6SYP488,บริษัท โตโยต้า มอเตอร์ ประเทศไทย จำกัด,TH,US,,,phase3_jurisdiction_model,E_model_predicted_jurisdiction,E_model_only,0.2596,0,1,,,,0.0
IN,TH,ASIA_OTHER,TH,98450036CBED39F41288,บริษัท โรจูคิส อินเตอร์เนชั่นแนล จำกัด (มหาชน),TH,ASIA_OTHER,,,phase3_jurisdiction_model,E_model_predicted_jurisdiction,E_model_only,0.2595,0,1,,,,0.0
IN,TH,GB,TH,984500D38449M8743K66,บริษัท แอร์ ซิสเต็มส์ (ประเทศไทย) จำกัด,TH,GB,,,phase3_jurisdiction_model,E_model_predicted_jurisdiction,E_model_only,0.2593,0,1,,,,0.0
IN,TH,DE,TH,529900BRRWIH4J1XDT53,CFS Asia Ltd.,TH,DE,,,phase3_jurisdiction_model,E_model_predicted_jurisdiction,E_model_only,0.2592,0,1,,,,0.0
IN,TH,EUROPE,TH,9845002D7E6CA75H8B39,บริษัท ไร้ส์แลนด์ฟูดส์ จำกัด,TH,EUROPE,,,phase3_jurisdiction_model,E_model_predicted_jurisdiction,E_model_only,0.2592,0,1,,,,0.0
IN,TH,GB,TH,9845005E4C87R98FB822,บริษัท ยาคอบส์ ดาวเออร์ เอ็กเบิร์กส์ ทีเอช จำกัด,TH,GB,,,phase3_jurisdiction_model,E_model_predicted_jurisdiction,E_model_only,0.259,0,1,,,,0.0
IN,TH,GB,TH,984500AC9CDO3C9D2A85,บริษัท ยูไนเต็ด โกลเบิล เอเยนซี (ประเทศไทย) จำกัด,TH,GB,,,phase3_jurisdiction_model,E_model_predicted_jurisdiction,E_model_only,0.259,0,1,,,,0.0
IN,TH,GB,TH,98450088ECCE27ECZ277,บริษัท เดนท์สุ โซลูชั่นส์ กรุ๊ป (ประเทศไทย) จำกัด,TH,GB,,,phase3_jurisdiction_model,E_model_predicted_jurisdiction,E_model_only,0.259,0,1,,,,0.0
IN,TH,GB,TH,529900PVMIAI96QGGV20,บริษัท บีเอ็มดับเบิลยู พาร์ทส์ แมนูแฟคเจอริ่ง (ประเทศไทย) จำกัด,TH,GB,,,phase3_jurisdiction_model,E_model_predicted_jurisdiction,E_model_only,0.2589,0,1,,,,0.0
IN,TH,GB,TH,254900XCKS6KU5UEBT76,บริษัท เบเคอร์ ฮิวช์ส โอเปอเรชั่นส์ (ประเทศไทย) จำกัด,TH,GB,,,phase3_jurisdiction_model,E_model_predicted_jurisdiction,E_model_only,0.2589,0,1,,,,0.0
IN,TH,DE,TH,5493003EN0IO1VB1T254,SULIEMAN NEAL SULLIVAN GROUP PUBLIC COMPANY LIMITED,TH,DE,,,phase3_jurisdiction_model,E_model_predicted_jurisdiction,E_model_only,0.2588,0,1,,,,0.0
IN,TH,DE,TH,894500OR75VEV0E7PP17,L'Oreal (Thailand) Ltd.,TH,DE,,,phase3_jurisdiction_model,E_model_predicted_jurisdiction,E_model_only,0.2585,0,1,,,,0.0
IN,TH,EUROPE,TH,549300T3DTD6PAONY767,FTW COMPANY LIMITED,TH,EUROPE,,,phase3_jurisdiction_model,E_model_predicted_jurisdiction,E_model_only,0.2583,0,1,,,,0.0
IN,TH,EUROPE,TH,5493000HDLJGO1CPBM35,MGD COMPANY LIMITED,TH,EUROPE,,,phase3_jurisdiction_model,E_model_predicted_jurisdiction,E_model_only,0.2583,0,1,,,,0.0
IN,TH,US,TH,549300T3D4ISK8SW2P08,W.R. GRACE (THAILAND) LIMITED,TH,US,,,phase3_jurisdiction_model,E_model_predicted_jurisdiction,E_model_only,0.2578,0,1,,,,0.0
IN,TH,US,TH,549300G1MHI0U2EUGP44,DWP PARTNERSHIP,TH,US,,,phase3_jurisdiction_model,E_model_predicted_jurisdiction,E_model_only,0.2571,0,1,,,,0.0
IN,TH,GB,TH,984500PB4DA9DA5ED520,บริษัท ชไนเดอร์ อิเล็คทริค ซิสเต็มส์ (ประเทศไทย) จำกัด,TH,GB,,,phase3_jurisdiction_model,E_model_predicted_jurisdiction,E_model_only,0.2569,0,1,,,,0.0
IN,TH,DE,TH,254900ACG6DZMKWY4924,United Fixed Maturity 2Y2,TH,DE,,,phase3_jurisdiction_model,E_model_predicted_jurisdiction,E_model_only,0.2567,0,1,,,,0.0
IN,TH,GB,TH,984500687E5463F02D35,บริษัท ไมเนอร์ ซัพพลาย เชน โซลูชั่นส์ จำกัด,TH,GB,,,phase3_jurisdiction_model,E_model_predicted_jurisdiction,E_model_only,0.2567,0,1,,,,0.0
IN,TH,EUROPE,TH,7245006ZZY69I0XC5366,Toko Watze Holding B.V.,TH,EUROPE,,,phase3_jurisdiction_model,E_model_predicted_jurisdiction,E_model_only,0.2566,0,1,,,,0.0
IN,TH,US,TH,V41CCJBYGBD2GFEASI54,GE LIGHTING (THAILAND) LIMITED,TH,US,,,phase3_jurisdiction_model,E_model_predicted_jurisdiction,E_model_only,0.2565,0,1,,,,0.0
IN,TH,US,TH,549300ORKUN8QW566698,KATOEN NATIE SERVICES (THAILAND) COMPANY LIMITED,TH,US,,,phase3_jurisdiction_model,E_model_predicted_jurisdiction,E_model_only,0.2563,0,1,,,,0.0
IN,TH,GB,TH,984500CJ62D74M5E3893,บริษัท ทีเอ็นที เอ็กซเพรส เวิลด์ไวด์ (ประเทศไทย) จำกัด,TH,GB,,,phase3_jurisdiction_model,E_model_predicted_jurisdiction,E_model_only,0.2563,0,1,,,,0.0
IN,TH,US,TH,2549005J6UTFVR7UWT93,บริษัท เดอะ วินเนอร์ เอท (ไทยแลนด์) จำกัด,TH,US,,,phase3_jurisdiction_model,E_model_predicted_jurisdiction,E_model_only,0.2562,0,1,,,,0.0
IN,TH,DE,TH,2549003JVTFB8W4CJJ65,กองทุนเปิดไทย SCB Easy 6M1 ห้ามขายผู้ลงทุนรายย่อย,TH,DE,,,phase3_jurisdiction_model,E_model_predicted_jurisdiction,E_model_only,0.256,0,1,,,,0.0
IN,TH,EUROPE,TH,9845008C9DC04D3D8D06,ซินพัลซ์ (ประเทศไทย) จำกัด,TH,EUROPE,,,phase3_jurisdiction_model,E_model_predicted_jurisdiction,E_model_only,0.2556,0,1,,,,0.0
IN,TH,EUROPE,TH,5493003ROWYCSWQSJA87,THANACHART FIXED INCOME FUND FOR INSTITUTIONAL INVESTOR,TH,EUROPE,,,phase3_jurisdiction_model,E_model_predicted_jurisdiction,E_model_only,0.2552,0,1,,,,0.0
IN,TH,FR,TH,875500QNG2ZE2PYNEF90,บริษัท สิทธิ อินเตอร์เนชั่นแนล จำกัด,TH,FR,,,phase3_jurisdiction_model,E_model_predicted_jurisdiction,E_model_only,0.2552,0,1,,,,0.0
IN,TH,US,TH,5493002084F93TM93T82,KIMBALL ELECTRONICS (THAILAND) LTD.,TH,US,,,phase3_jurisdiction_model,E_model_predicted_jurisdiction,E_model_only,0.2551,0,1,,,,0.0
IN,TH,US,TH,2549006HJRDLXWRPMZ04,บริษัท ดานอน สเปเชียลไลซ์ นิวทริชั่น (ประเทศไทย) จำกัด,TH,US,,,phase3_jurisdiction_model,E_model_predicted_jurisdiction,E_model_only,0.2551,0,1,,,,0.0
IN,TH,DE,TH,254900QMRS5M8RCNJC40,บริษัท เอ็กซ์ซีเอ็มจี ลีสซิ่ง (ประเทศไทย) จำกัด,TH,DE,,,phase3_jurisdiction_model,E_model_predicted_jurisdiction,E_model_only,0.2547,0,1,,,,0.0
IN,TH,OTHER,TH,529900LBZGMH8IFWMZ14,บริษัท สมบูรณ์ แอ๊ดวานซ์ เทคโนโลยี จำกัด (มหาชน),TH,OTHER,,,phase3_jurisdiction_model,E_model_predicted_jurisdiction,E_model_only,0.2545,0,1,,,,0.0
IN,TH,EUROPE,TH,254900TE0YDS26KLAK05,กองทุนเปิดไทยพาณิชย์ตราสารหนี้ต่างประเทศ เอเอส 1YE7 ห้ามขายผู้ลงทุนรายย่อย,TH,EUROPE,,,phase3_jurisdiction_model,E_model_predicted_jurisdiction,E_model_only,0.2543,0,1,,,,0.0
IN,TH,EUROPE,TH,2549001WPNL17ZOZTS98,กองทุนเปิดไทยพาณิชย์ตราสารหนี้ต่างประเทศ เอเอส 1YE9 ห้ามขายผู้ลงทุนรายย่อย,TH,EUROPE,,,phase3_jurisdiction_model,E_model_predicted_jurisdiction,E_model_only,0.2543,0,1,,,,0.0
IN,TH,EUROPE,TH,254900CBVC16VUH98M17,กองทุนเปิดไทยพาณิชย์ตราสารหนี้ต่างประเทศ เอเอส 3ME3 ห้ามขายผู้ลงทุนรายย่อย,TH,EUROPE,,,phase3_jurisdiction_model,E_model_predicted_jurisdiction,E_model_only,0.2543,0,1,,,,0.0
IN,TH,EUROPE,TH,254900HBVEE4PTJ6J285,กองทุนเปิดไทยพาณิชย์ตราสารหนี้ต่างประเทศ เอเอส 3ME6 ห้ามขายผู้ลงทุนรายย่อย,TH,EUROPE,,,phase3_jurisdiction_model,E_model_predicted_jurisdiction,E_model_only,0.2543,0,1,,,,0.0
IN,TH,EUROPE,TH,25490013YG6YSDW1H243,กองทุนเปิดไทยพาณิชย์ตราสารหนี้ต่างประเทศ เอเอส 6MR8 ห้ามขายผู้ลงทุนรายย่อย,TH,EUROPE,,,phase3_jurisdiction_model,E_model_predicted_jurisdiction,E_model_only,0.2543,0,1,,,,0.0
IN,TH,EUROPE,TH,254900DX5WL6YERH4T32,กองทุนเปิดไทยพาณิชย์ตราสารหนี้ต่างประเทศ เอเอส 6MS3 ห้ามขายผู้ลงทุนรายย่อย,TH,EUROPE,,,phase3_jurisdiction_model,E_model_predicted_jurisdiction,E_model_only,0.2543,0,1,,,,0.0
IN,TH,OTHER,TH,25490028A15R2F7WLN08,บริษัท กรุงไทย-แอกซ่า ประกันชีวิต จำกัด (มหาชน),TH,OTHER,,,phase3_jurisdiction_model,E_model_predicted_jurisdiction,E_model_only,0.2538,0,1,,,,0.0
IN,TH,US,TH,254900CW22HSIEDIZ286,บริษัท สุพรีม นอนโวเวน (ประเทศไทย) จำกัด,TH,US,,,phase3_jurisdiction_model,E_model_predicted_jurisdiction,E_model_only,0.2538,0,1,,,,0.0
IN,TH,OTHER,TH,254900GN9YJ6MQZZ0276,บริษัทหลักทรัพย์ ดาโอ (ประเทศไทย) จำกัด (มหาชน),TH,OTHER,,,phase3_jurisdiction_model,E_model_predicted_jurisdiction,E_model_only,0.2538,0,1,,,,0.0
IN,TH,EUROPE,TH,549300WGBUZ7P8BQCG38,TAP TRADING COMPANY LIMITED,TH,EUROPE,,,phase3_jurisdiction_model,E_model_predicted_jurisdiction,E_model_only,0.2536,0,1,,,,0.0
IN,TH,OTHER,TH,2549005N0OC72MOVFG77,บริษัท ไทยสมุทรประกันชีวิต จำกัด (มหาชน),TH,OTHER,,,phase3_jurisdiction_model,E_model_predicted_jurisdiction,E_model_only,0.2536,0,1,,,,0.0
IN,TH,OTHER,TH,254900T4WB2UF9XPX041,บริษัท ไมเนอร์ อินเตอร์เนชั่นแนล จำกัด (มหาชน),TH,OTHER,,,phase3_jurisdiction_model,E_model_predicted_jurisdiction,E_model_only,0.2536,0,1,,,,0.0
IN,TH,EUROPE,TH,984500YF078456471070,บริษัท ไทยแอร์เอเชีย จำกัด,TH,EUROPE,,,phase3_jurisdiction_model,E_model_predicted_jurisdiction,E_model_only,0.2533,0,1,,,,0.0
IN,TH,EUROPE,TH,98450067D486AE404B59,บริษัท มาร์ช พีบี จำกัด,TH,EUROPE,,,phase3_jurisdiction_model,E_model_predicted_jurisdiction,E_model_only,0.253,0,1,,,,0.0
IN,TH,US,TH,984500EA0R6455085T75,บริษัท หลักทรัพย์จัดการกองทุน ไอร่า จำกัด,TH,US,,,phase3_jurisdiction_model,E_model_predicted_jurisdiction,E_model_only,0.2525,0,1,,,,0.0
IN,TH,US,TH,254900U41OJZ9HDFC382,บริษัท เนกซ์ เจนเนอเรชั่น เทคโนโลยี จำกัด,TH,US,,,phase3_jurisdiction_model,E_model_predicted_jurisdiction,E_model_only,0.2524,0,1,,,,0.0
IN,TH,OTHER,TH,549300V70GAMNLTH3D74,บริษัท เมืองไทยประกันชีวิต จำกัด (มหาชน),TH,OTHER,,,phase3_jurisdiction_model,E_model_predicted_jurisdiction,E_model_only,0.252,0,1,,,,0.0
IN,TH,US,TH,984500501F84791R4908,บริษัท โซนี่ เทคโนโลยี (ประเทศไทย) จำกัด,TH,US,,,phase3_jurisdiction_model,E_model_predicted_jurisdiction,E_model_only,0.252,0,1,,,,0.0
IN,TH,US,TH,5299000XK5CWL5F17D21,บริษัท แอลพลา แพคเกจจิ้ง (ประเทศไทย) จำกัด,TH,US,,,phase3_jurisdiction_model,E_model_predicted_jurisdiction,E_model_only,0.2519,0,1,,,,0.0
IN,TH,DE,TH,254900TVTOXT409ZCA75,"Thai Roong Ruang Industry Co., Ltd.",TH,DE,,,phase3_jurisdiction_model,E_model_predicted_jurisdiction,E_model_only,0.2518,0,1,,,,0.0
IN,TH,EUROPE,TH,89450003ZWQQQLHPXN06,บริษัท กอนท์เลท โฮลดิ้งส์ แอสเซท แมเนจเมนท์ จำกัด,TH,EUROPE,,,phase3_jurisdiction_model,E_model_predicted_jurisdiction,E_model_only,0.2518,0,1,,,,0.0
IN,TH,FR,TH,875500T3FBQ6H8QX6E84,บริษัท ซีพีเอ็น รีท แมเนจเมนท์ จำกัด,TH,FR,,,phase3_jurisdiction_model,E_model_predicted_jurisdiction,E_model_only,0.2518,0,1,,,,0.0
IN,TH,EUROPE,TH,254900XJFBV84JLU9P88,บริษัท โดล ไทยแลนด์ จำกัด,TH,EUROPE,,,phase3_jurisdiction_model,E_model_predicted_jurisdiction,E_model_only,0.2518,0,1,,,,0.0
IN,TH,ASIA_OTHER,TH,9845008SDFCB85F8CC05,บริษัท ธนาคารแอสเซนด์ จำกัด (มหาชน),TH,ASIA_OTHER,,,phase3_jurisdiction_model,E_model_predicted_jurisdiction,E_model_only,0.2517,0,1,,,,0.0
IN,TH,ASIA_OTHER,TH,254900MV5IL2HQ67Y820,บริษัท อไรซ์ ดิจิทัล เทคโนโลยี จำกัด,TH,ASIA_OTHER,,,phase3_jurisdiction_model,E_model_predicted_jurisdiction,E_model_only,0.2511,0,1,,,,0.0
IN,TH,DE,TH,894500OAPQX9QCJ34F59,บริษัท ยูนิไทย ชิปยาร์ด แอนด์ เอ็นจิเนียริ่ง จำกัด,TH,DE,,,phase3_jurisdiction_model,E_model_predicted_jurisdiction,E_model_only,0.2507,0,1,,,,0.0
IN,TH,US,TH,549300XLSMJEXAA85K53,บริษัท บีเอเอสเอฟ เคมแคท (ประเทศไทย) จำกัด,TH,US,,,phase3_jurisdiction_model,E_model_predicted_jurisdiction,E_model_only,0.2503,0,1,,,,0.0
IN,TH,OTHER,TH,549300F9LQ14EC8U4481,บริษัท หลักทรัพย์ กสิกรไทย จำกัด (มหาชน),TH,OTHER,,,phase3_jurisdiction_model,E_model_predicted_jurisdiction,E_model_only,0.2503,0,1,,,,0.0
IN,TH,OTHER,TH,529900PN5FVZ5WZLIY66,บริษัท จัสมิน อินเตอร์เนชั่นแนล จำกัด (มหาชน),TH,OTHER,,,phase3_jurisdiction_model,E_model_predicted_jurisdiction,E_model_only,0.25,0,1,,,,0.0
IN,TH,EUROPE,TH,9845001E82BDZB5K5862,บริษัท จีแคป ไพรเวท จำกัด,TH,EUROPE,,,phase3_jurisdiction_model,E_model_predicted_jurisdiction,E_model_only,0.2499,0,1,,,,0.0
IN,TH,US,TH,254900E35GTJZH95L596,บริษัท ทีโอเอเพ้นท์ (ประเทศไทย) จำกัด (มหาชน),TH,US,,,phase3_jurisdiction_model,E_model_predicted_jurisdiction,E_model_only,0.2498,0,1,,,,0.0
IN,TH,DE,TH,89450052LTPB909OY503,ELECTRICMOST,TH,DE,,,phase3_jurisdiction_model,E_model_predicted_jurisdiction,E_model_only,0.2497,0,1,,,,0.0
IN,TH,US,TH,254900RM1OG6FWZXL557,บริษัท โตโยต้า ลีสซิ่ง (ประเทศไทย) จำกัด,TH,US,,,phase3_jurisdiction_model,E_model_predicted_jurisdiction,E_model_only,0.2496,0,1,,,,0.0
IN,TH,EUROPE,TH,2549008R3USHPELIE707,บริษัท เร้ด เอวิเอชั่น จำกัด,TH,EUROPE,,,phase3_jurisdiction_model,E_model_predicted_jurisdiction,E_model_only,0.2492,0,1,,,,0.0
IN,TH,OTHER,TH,254900QWEOR7BWJX4M23,บริษัท หลักทรัพย์จัดการกองทุน กรุงไทย จำกัด (มหาชน),TH,OTHER,,,phase3_jurisdiction_model,E_model_predicted_jurisdiction,E_model_only,0.2491,0,1,,,,0.0
IN,TH,DE,TH,549300XX6ZO64ECVLL90,SCB SMART PLAN 3 OPEN END FUND,TH,DE,,,phase3_jurisdiction_model,E_model_predicted_jurisdiction,E_model_only,0.249,0,1,,,,0.0
IN,TH,DE,TH,549300JTRRHD2YK2QO36,SCB SMART PLAN 4 OPEN END FUND,TH,DE,,,phase3_jurisdiction_model,E_model_predicted_jurisdiction,E_model_only,0.249,0,1,,,,0.0
IN,TH,EUROPE,TH,9845004DA506667AB083,บริษัท ดอท แมทเทอร์ จำกัด,TH,EUROPE,,,phase3_jurisdiction_model,E_model_predicted_jurisdiction,E_model_only,0.2486,0,1,,,,0.0
IN,TH,EUROPE,TH,254900GNFNC82658C859,ทีซีซี คอร์ปอเรชั่น จำกัด,TH,EUROPE,,,phase3_jurisdiction_model,E_model_predicted_jurisdiction,E_model_only,0.2484,0,1,,,,0.0
IN,TH,GB,TH,98450003ADEEBA1CFF67,บริษัท เอ็ม-โซลูชั่นส์ เทคโนโลยี (ประเทศไทย) จำกัด,TH,GB,,,phase3_jurisdiction_model,E_model_predicted_jurisdiction,E_model_only,0.2484,0,1,,,,0.0
IN,TH,GB,TH,5493004WNI42SYMIKI28,บริษัท โซซิเอเต้ เจเนเรล (ประเทศไทย) จำกัด,TH,GB,,,phase3_jurisdiction_model,E_model_predicted_jurisdiction,E_model_only,0.2482,0,1,,,,0.0
IN,TH,DE,TH,254900J7CDMHMVZ0N003,บริษัทหลักทรัพย์จัดการกองทุนรวม ฟิลลิป จำกัด,TH,DE,,,phase3_jurisdiction_model,E_model_predicted_jurisdiction,E_model_only,0.2481,0,1,,,,0.0
IN,TH,ASIA_OTHER,TH,9845009757474C9A9F67,บริษัท ไมเนอร์ โฮเทล กรุ๊ป จำกัด,TH,ASIA_OTHER,,,phase3_jurisdiction_model,E_model_predicted_jurisdiction,E_model_only,0.2476,0,1,,,,0.0
IN,TH,EUROPE,TH,9845007DB038Q408FC61,บริษัท สวิฟท์อินโฟลว์ จำกัด,TH,EUROPE,,,phase3_jurisdiction_model,E_model_predicted_jurisdiction,E_model_only,0.2475,0,1,,,,0.0
IN,TH,OTHER,TH,254900WLURVD0U0Q6T36,บริษัท ธนาคาร ซูมิโตโม มิตซุย ทรัสต์ (ไทย) จำกัด (มหาชน),TH,OTHER,,,phase3_jurisdiction_model,E_model_predicted_jurisdiction,E_model_only,0.2473,0,1,,,,0.0
IN,TH,EUROPE,TH,9845001P2BA02DAF9815,บริษัท เอ็มไอ สแควร์ จำกัด,TH,EUROPE,,,phase3_jurisdiction_model,E_model_predicted_jurisdiction,E_model_only,0.2472,0,1,,,,0.0
IN,TH,EUROPE,TH,984500CK8FFCCCA83963,บริษัท ไมเนอร์ ดีคิว จำกัด,TH,EUROPE,,,phase3_jurisdiction_model,E_model_predicted_jurisdiction,E_model_only,0.2472,0,1,,,,0.0
IN,TH,US,TH,9845004F11DAE044R280,บริษัท พีพีจี โคทติ้งส์ (ประเทศไทย) จำกัด,TH,US,,,phase3_jurisdiction_model,E_model_predicted_jurisdiction,E_model_only,0.247,0,1,,,,0.0
IN,TH,EUROPE,TH,254900PYEL98SW9EDF02,บริษัท น้ำตาลมิตรผล จำกัด,TH,EUROPE,,,phase3_jurisdiction_model,E_model_predicted_jurisdiction,E_model_only,0.2467,0,1,,,,0.0
IN,TH,DE,TH,254900WDV58J70UKQC06,กองทุนเปิดเอ็มเอฟซี Complex Structured Return 1YB ห้ามขายผู้ลงทุนรายย่อย,TH,DE,,,phase3_jurisdiction_model,E_model_predicted_jurisdiction,E_model_only,0.2466,0,1,,,,0.0
IN,TH,EUROPE,TH,2549000JN5XCGV2KOZ47,บริษัท เอลล์บา บางกอก จำกัด,TH,EUROPE,,,phase3_jurisdiction_model,E_model_predicted_jurisdiction,E_model_only,0.2466,0,1,,,,0.0
IN,TH,FR,TH,2549004KEUS7MU3JQ776,บริษัท กัลฟ์ เอ็นจิเนียริ่ง เซอร์วิสเซส จำกัด,TH,FR,,,phase3_jurisdiction_model,E_model_predicted_jurisdiction,E_model_only,0.2461,0,1,,,,0.0
IN,TH,DE,TH,89450011VOQN05N7GU33,บริษัท โกลบอล รีนิวเอเบิล พาวเวอร์ 1 จำกัด,TH,DE,,,phase3_jurisdiction_model,E_model_predicted_jurisdiction,E_model_only,0.2461,0,1,,,,0.0
IN,TH,DE,TH,254900F1NM2RDP2RP548,บริษัทหลักทรัพย์ อิลิท จำกัด,TH,DE,,,phase3_jurisdiction_model,E_model_predicted_jurisdiction,E_model_only,0.2461,0,1,,,,0.0
IN,TH,OTHER,TH,254900IIL0GKBWKA1S70,บริษัท อาคเนย์ประกันชีวิต จำกัด (มหาชน),TH,OTHER,,,phase3_jurisdiction_model,E_model_predicted_jurisdiction,E_model_only,0.246,0,1,,,,0.0
IN,TH,GB,TH,9845006X8ED75F1Q4161,บริษัท บีพี - คาสตรอล (ประเทศไทย) จำกัด,TH,GB,,,phase3_jurisdiction_model,E_model_predicted_jurisdiction,E_model_only,0.2459,0,1,,,,0.0
IN,TH,OTHER,TH,549300OBXZ84F1NNDY50,THANACHART SECURITIES PUBLIC COMPANY LIMITED,TH,OTHER,,,phase3_jurisdiction_model,E_model_predicted_jurisdiction,E_model_only,0.2457,0,1,,,,0.0
IN,TH,GB,TH,AYM56ARDEY7E6VHVBF40,บริษัท ยูโอบี แคปปิตอล เซอร์วิสเซส จำกัด,TH,GB,,,phase3_jurisdiction_model,E_model_predicted_jurisdiction,E_model_only,0.2455,0,1,,,,0.0
IN,TH,GB,TH,549300ZDYWD410H1TR80,THANACHART BANK PUBLIC COMPANY LIMITED,TH,GB,,,phase3_jurisdiction_model,E_model_predicted_jurisdiction,E_model_only,0.2454,0,1,,,,0.0
IN,TH,GB,TH,9845002A8DB70D559085,บริษัท แอลจี เคม ไลฟ์ ไซเอนเซส (ประเทศไทย) จำกัด,TH,GB,,,phase3_jurisdiction_model,E_model_predicted_jurisdiction,E_model_only,0.2452,0,1,,,,0.0
IN,TH,US,TH,254900Z5S144PPIQIP04,Ngern Tid Lor Public Company Limited,TH,US,,,phase3_jurisdiction_model,E_model_predicted_jurisdiction,E_model_only,0.2448,0,1,,,,0.0
IN,TH,GB,TH,2138003VP2PQJ9V69O91,บริษัท จอห์นสัน คอนโทรล-ฮิตาชิ คอมโพเน้นท์ (ประเทศไทย) จำกัด,TH,GB,,,phase3_jurisdiction_model,E_model_predicted_jurisdiction,E_model_only,0.2448,0,1,,,,0.0
IN,TH,DE,TH,8945008EPHVL2O9RW437,บลังค์ บจก,TH,DE,,,phase3_jurisdiction_model,E_model_predicted_jurisdiction,E_model_only,0.2447,0,1,,,,0.0
IN,TH,GB,TH,9845003C966E5ZF1B096,บริษัท ซี. เมลเชอร์ส แอนด์ โก. (ประเทศไทย) จำกัด,TH,GB,,,phase3_jurisdiction_model,E_model_predicted_jurisdiction,E_model_only,0.2446,0,1,,,,0.0
IN,TH,OTHER,TH,254900G98KZ9SFD27225,บริษัท คันทรี่ กรุ๊ป โฮลดิ้งส์ จำกัด (มหาชน),TH,OTHER,,,phase3_jurisdiction_model,E_model_predicted_jurisdiction,E_model_only,0.2438,0,1,,,,0.0
IN,TH,EUROPE,TH,894500C8CYRXS19UUQ83,"MASSIMOSS CO.,LTD",TH,EUROPE,,,phase3_jurisdiction_model,E_model_predicted_jurisdiction,E_model_only,0.2437,0,1,,,,0.0
IN,TH,EUROPE,TH,254900PKYOI9CMVJBX61,บริษัท ทีซีซี แลนด์ จำกัด,TH,EUROPE,,,phase3_jurisdiction_model,E_model_predicted_jurisdiction,E_model_only,0.2436,0,1,,,,0.0
IN,TH,US,TH,254900GHC3H680M1SJ91,บริษัท หลักทรัพย์ กรุงไทย เอ็กซ์สปริง จำกัด,TH,US,,,phase3_jurisdiction_model,E_model_predicted_jurisdiction,E_model_only,0.2436,0,1,,,,0.0
IN,TH,US,TH,9845007F2ACECE57Q113,บริษัท เค.เอส. จิวเวลรี่ อินเตอร์เนชั่นแนล จำกัด,TH,US,,,phase3_jurisdiction_model,E_model_predicted_jurisdiction,E_model_only,0.2436,0,1,,,,0.0
IN,TH,EUROPE,TH,549300IHG77EUPWG2U41,ALSTOM (THAILAND) LTD,TH,EUROPE,,,phase3_jurisdiction_model,E_model_predicted_jurisdiction,E_model_only,0.2435,0,1,,,,0.0
IN,TH,ASIA_OTHER,TH,254900H7BWTHQ46U8407,บริษัท คูห์เน่ พลัส นาเกิ้ล จำกัด,TH,ASIA_OTHER,,,phase3_jurisdiction_model,E_model_predicted_jurisdiction,E_model_only,0.2433,0,1,,,,0.0
IN,TH,DE,TH,254900Q3G2VN4IL2KR47,สคบ คอมเพล็กซ์โครงสร้างคู่ กลับ 1YA,TH,DE,,,phase3_jurisdiction_model,E_model_predicted_jurisdiction,E_model_only,0.2433,0,1,,,,0.0
IN,TH,EUROPE,TH,254900PHJ6MSKT6C7026,กระทรวงการคลัง,TH,EUROPE,,,phase3_jurisdiction_model,E_model_predicted_jurisdiction,E_model_only,0.2429,0,1,,,,0.0
IN,TH,FR,TH,2549004LINXLZZM79282,บริษัท กัลฟ์ รีนิวเอเบิล เอ็นเนอร์จี จำกัด,TH,FR,,,phase3_jurisdiction_model,E_model_predicted_jurisdiction,E_model_only,0.2429,0,1,,,,0.0
IN,TH,ASIA_OTHER,TH,984500C95BN64FF0FC24,บริษัท กรุงเทพผลิตเหล็ก จำกัด (มหาชน),TH,ASIA_OTHER,,,phase3_jurisdiction_model,E_model_predicted_jurisdiction,E_model_only,0.2427,0,1,,,,0.0
IN,TH,US,TH,9845008Y9FFD11CB1079,บริษัท ชาเมียร์เลนส์ (ประเทศไทย) จำกัด,TH,US,,,phase3_jurisdiction_model,E_model_predicted_jurisdiction,E_model_only,0.2427,0,1,,,,0.0
IN,TH,EUROPE,TH,529900NPLG4EEZ34RP77,บริษัท ทานิโอบิส จำกัด,TH,EUROPE,,,phase3_jurisdiction_model,E_model_predicted_jurisdiction,E_model_only,0.2427,0,1,,,,0.0
IN,TH,EUROPE,TH,254900IRB041A76SQ202,Longbow Investments Limited,TH,EUROPE,,,phase3_jurisdiction_model,E_model_predicted_jurisdiction,E_model_only,0.2425,0,1,,,,0.0
IN,TH,GB,TH,52990053P9U6YBDIIC30,บริษัท มิตซูบิชิ เฮฟวี่ อินดัสตรี่ (ประเทศไทย) จำกัด,TH,GB,,,phase3_jurisdiction_model,E_model_predicted_jurisdiction,E_model_only,0.2425,0,1,,,,0.0
IN,TH,GB,TH,529900RHUH8O3SACLO85,บริษัท เอ็มเอชไอ พาวเวอร์ โปรเจกต์ (ประเทศไทย) จำกัด,TH,GB,,,phase3_jurisdiction_model,E_model_predicted_jurisdiction,E_model_only,0.2425,0,1,,,,0.0
IN,TH,US,TH,2138004RBLUVJ5CND750,บริษัท ดีทแฮล์ม เคลเลอร์ โลจิสติกส์ จำกัด,TH,US,,,phase3_jurisdiction_model,E_model_predicted_jurisdiction,E_model_only,0.2422,0,1,,,,0.0
IN,TH,US,TH,984500B5E4BH006ARB74,บริษัท อัลทอส คอมพิวติ้ง (ประเทศไทย) จำกัด,TH,US,,,phase3_jurisdiction_model,E_model_predicted_jurisdiction,E_model_only,0.2421,0,1,,,,0.0
IN,TH,US,TH,984500X674EYEF5FB941,บริษัท ฟอสเตอร์ วีลเลอร์ (ประเทศไทย) จำกัด,TH,US,,,phase3_jurisdiction_model,E_model_predicted_jurisdiction,E_model_only,0.2419,0,1,,,,0.0
IN,TH,ASIA_OTHER,TH,984500EA8Y9146LD7B11,บริษัท เมลโค ไทย แคปปิตอล จำกัด,TH,ASIA_OTHER,,,phase3_jurisdiction_model,E_model_predicted_jurisdiction,E_model_only,0.2419,0,1,,,,0.0
IN,TH,OTHER,TH,254900ORHYAAN964IP55,บริษัทหลักทรัพย์ ยูโอบี เคย์เฮียน (ประเทศไทย)จำกัด (มหาชน,TH,OTHER,,,phase3_jurisdiction_model,E_model_predicted_jurisdiction,E_model_only,0.2415,0,1,,,,0.0
IN,TH,DE,TH,254900VUJZJRNI9S4C28,กองทุนไทยพาณิชย์ คลิก 3M1,TH,DE,,,phase3_jurisdiction_model,E_model_predicted_jurisdiction,E_model_only,0.2414,0,1,,,,0.0
IN,TH,ASIA_OTHER,TH,9845003600B715E0E974,บริษัท คอนเซนทริกซ์ ซีเอ็กซ์ (ประเทศไทย) จำกัด,TH,ASIA_OTHER,,,phase3_jurisdiction_model,E_model_predicted_jurisdiction,E_model_only,0.2414,0,1,,,,0.0
IN,TH,GB,TH,5493004HHV9WVIYTUB24,"K A G HOLDING CO., LTD.",TH,GB,,,phase3_jurisdiction_model,E_model_predicted_jurisdiction,E_model_only,0.2413,0,1,,,,0.0
IN,TH,EUROPE,TH,213800QNRS1DEVJJ4B74,"SIAMCHAI ENTERPRISE CO., LTD.",TH,EUROPE,,,phase3_jurisdiction_model,E_model_predicted_jurisdiction,E_model_only,0.2413,0,1,,,,0.0
IN,TH,EUROPE,TH,549300W1ULVGPI2CCK06,บริษัท มิชลิน อาร์โอเอช จำกัด,TH,EUROPE,,,phase3_jurisdiction_model,E_model_predicted_jurisdiction,E_model_only,0.2413,0,1,,,,0.0
IN,TH,EUROPE,TH,25490046S8MF4Q8ZDN84,บริษัท น้ำตาลครบุรี จำกัด (มหาชน),TH,EUROPE,,,phase3_jurisdiction_model,E_model_predicted_jurisdiction,E_model_only,0.2411,0,1,,,,0.0
IN,TH,ASIA_OTHER,TH,9845002D1D0CA17B6692,บริษัท เต็ดตรา แพ้ค (ประเทศไทย) จำกัด,TH,ASIA_OTHER,,,phase3_jurisdiction_model,E_model_predicted_jurisdiction,E_model_only,0.2406,0,1,,,,0.0
IN,TH,US,TH,549300QLBAU12GTOJR36,บริษัท หลักทรัพย์ แอลจีที (ประเทศไทย) จำกัด,TH,US,,,phase3_jurisdiction_model,E_model_predicted_jurisdiction,E_model_only,0.2405,0,1,,,,0.0
IN,TH,US,TH,254900OM6ODUW17XP287,บริษัท ฮิตาชิ เอนเนอร์ยี่ (ประเทศไทย) จำกัด,TH,US,,,phase3_jurisdiction_model,E_model_predicted_jurisdiction,E_model_only,0.2405,0,1,,,,0.0
IN,TH,GB,TH,549300MMFK67VB86ZS15,"CHEVROLET SALES (THAILAND) CO., LTD.",TH,GB,,,phase3_jurisdiction_model,E_model_predicted_jurisdiction,E_model_only,0.2404,0,1,,,,0.0
IN,TH,EUROPE,TH,254900I1HVPPM8KFBA24,บริษัท เอ็กโก พลัส จำกัด,TH,EUROPE,,,phase3_jurisdiction_model,E_model_predicted_jurisdiction,E_model_only,0.2404,0,1,,,,0.0
IN,TH,GB,TH,549300VOV9W4JT37H775,บริษัท หลักทรัพย์ เครดิต สวิส (ประเทศไทย) จำกัด,TH,GB,,,phase3_jurisdiction_model,E_model_predicted_jurisdiction,E_model_only,0.2401,0,1,,,,0.0
IN,TH,EUROPE,TH,984500BDD406D4F68B47,บริษัท เอนไลท์เอ็ม จำกัด,TH,EUROPE,,,phase3_jurisdiction_model,E_model_predicted_jurisdiction,E_model_only,0.24,0,1,,,,0.0
IN,TH,US,TH,9845006C09D80DL46482,บริษัท อีตั้น อิเล็คทริค (ประเทศไทย) จำกัด,TH,US,,,phase3_jurisdiction_model,E_model_predicted_jurisdiction,E_model_only,0.2397,0,1,,,,0.0
IN,TH,OTHER,TH,549300HG5527UPZLTT69,บริษัท ไทยออยล์ จำกัด (มหาชน),TH,OTHER,,,phase3_jurisdiction_model,E_model_predicted_jurisdiction,E_model_only,0.2397,0,1,,,,0.0
IN,TH,US,TH,254900631DMG9PE59P03,ซิเบลโก้ มิเนอร์รัลส์ (ประเทศไทย) จำกัด,TH,US,,,phase3_jurisdiction_model,E_model_predicted_jurisdiction,E_model_only,0.2395,0,1,,,,0.0
IN,TH,EUROPE,TH,549300G0G7D1QUTLIE22,บริษัท สแท้ปเพิล จำกัด,TH,EUROPE,,,phase3_jurisdiction_model,E_model_predicted_jurisdiction,E_model_only,0.2393,0,1,,,,0.0
IN,TH,GB,TH,5493001WE748ZOFD7W38,"GENERAL MOTORS (THAILAND) CO., LTD.",TH,GB,,,phase3_jurisdiction_model,E_model_predicted_jurisdiction,E_model_only,0.2392,0,1,,,,0.0
IN,TH,EUROPE,TH,9845002C6B49Y7BB8A95,บริษัท เบอร์เกอร์(ประเทศไทย) จำกัด,TH,EUROPE,,,phase3_jurisdiction_model,E_model_predicted_jurisdiction,E_model_only,0.2392,0,1,,,,0.0
IN,TH,US,TH,5299000Q66TCJNDIPS66,บริษัท อีซี่ โอโตโมทีฟ (ไทยแลนด์) จำกัด,TH,US,,,phase3_jurisdiction_model,E_model_predicted_jurisdiction,E_model_only,0.2389,0,1,,,,0.0
IN,TH,EUROPE,TH,9845006A84A1A9F61G41,บริษัท ไทยยามาฮ่ามอเตอร์ จำกัด,TH,EUROPE,,,phase3_jurisdiction_model,E_model_predicted_jurisdiction,E_model_only,0.2388,0,1,,,,0.0
IN,TH,DE,TH,5493002MYNPY7M47FM26,บริษัทแมกโนเลีย ควอลิตี้ ดีเวล็อปเม้นต์ คอร์ปอเรชั่น จำกัด,TH,DE,,,phase3_jurisdiction_model,E_model_predicted_jurisdiction,E_model_only,0.2387,0,1,,,,0.0
IN,TH,ASIA_OTHER,TH,2549008VYX01XJH6VS60,บริษัท ซิสเต็ม โลจิสติกส์ เอเชีย จำกัด,TH,ASIA_OTHER,,,phase3_jurisdiction_model,E_model_predicted_jurisdiction,E_model_only,0.2386,0,1,,,,0.0
IN,TH,ASIA_OTHER,TH,254900G47J0QYI8X1B45,บริษัท ทรูธ มารีไทม์ เซอร์วิสเซส จำกัด,TH,ASIA_OTHER,,,phase3_jurisdiction_model,E_model_predicted_jurisdiction,E_model_only,0.2386,0,1,,,,0.0
IN,TH,US,TH,529900RE8ODCWZY19Q31,บริษัท มิตซูบิชิ เทอร์โบชาร์จเจอร์ เอเซีย จำกัด,TH,US,,,phase3_jurisdiction_model,E_model_predicted_jurisdiction,E_model_only,0.2386,0,1,,,,0.0
IN,TH,GB,TH,549300ZY0H7VI180JH65,"FORD OPERATIONS (THAILAND) CO., LTD.",TH,GB,,,phase3_jurisdiction_model,E_model_predicted_jurisdiction,E_model_only,0.2385,0,1,,,,0.0
IN,TH,US,TH,549300LBAZAGUZDF4188,"INTERCONTINENTAL SPECIALITY MILK CO.,LTD.",TH,US,,,phase3_jurisdiction_model,E_model_predicted_jurisdiction,E_model_only,0.2385,0,1,,,,0.0
IN,TH,OTHER,TH,254900S8RTAA59ZF6T09,บริษัท กรุงเทพประกันชีวิต จำกัด (มหาชน),TH,OTHER,,,phase3_jurisdiction_model,E_model_predicted_jurisdiction,E_model_only,0.2384,0,1,,,,0.0
IN,TH,GB,TH,984500B812DA1B3C3B51,บริษัท เอเธน คอมพิวเตอร์ โปรดักส์ จำกัด,TH,GB,,,phase3_jurisdiction_model,E_model_predicted_jurisdiction,E_model_only,0.2383,0,1,,,,0.0
IN,TH,ASIA_OTHER,TH,529900XCVXE7CWBBBF91,บริษัท มิตซูบิชิ พาวเวอร์ (ประเทศไทย) จำกัด,TH,ASIA_OTHER,,,phase3_jurisdiction_model,E_model_predicted_jurisdiction,E_model_only,0.238,0,1,,,,0.0
IN,TH,GB,TH,254900O1PK5U4S6BTO10,บริษัท เจบเซ่น แอนด์ เจสเซ่น อินกรีเดียนส์ (ที) จำกัด,TH,GB,,,phase3_jurisdiction_model,E_model_predicted_jurisdiction,E_model_only,0.2378,0,1,,,,0.0
IN,TH,EUROPE,TH,254900QHRX98DGNV3973,บริษัท แดรี่ พลัส จำกัด,TH,EUROPE,,,phase3_jurisdiction_model,E_model_predicted_jurisdiction,E_model_only,0.2378,0,1,,,,0.0
IN,TH,GB,TH,529900I0UKBT4VH9F625,บริษัท บิสเตอร์เฟลด์ อินเตอร์เนชั่นแนล (ประเทศไทย) จำกัด,TH,GB,,,phase3_jurisdiction_model,E_model_predicted_jurisdiction,E_model_only,0.2373,0,1,,,,0.0
IN,TH,US,TH,529900VJ8V3PCTMDW033,บริษัท นอร์มา แปซิฟิค (ประเทศไทย) จำกัด,TH,US,,,phase3_jurisdiction_model,E_model_predicted_jurisdiction,E_model_only,0.2372,0,1,,,,0.0
IN,TH,FR,TH,254900RDP3BS18FIS771,บริษัท เคซีซี แอสเซท รีคัฟเวอรี่ จำกัด,TH,FR,,,phase3_jurisdiction_model,E_model_predicted_jurisdiction,E_model_only,0.2371,0,1,,,,0.0
IN,TH,US,TH,5493005JBB2WNEQO7480,GE ENERGY (THAILAND) LTD.,TH,US,,,phase3_jurisdiction_model,E_model_predicted_jurisdiction,E_model_only,0.237,0,1,,,,0.0
IN,TH,GB,TH,549300SE8Q8XPNLJ4R75,บริษัท ซิกนิฟาย คอมเมอร์เชียล (ประเทศไทย) จำกัด,TH,GB,,,phase3_jurisdiction_model,E_model_predicted_jurisdiction,E_model_only,0.2369,0,1,,,,0.0
IN,TH,US,TH,25490005L00CY67QKF17,บริษัท จีเคเอ็น ไดรฟไลน์ (ประเทศไทย) จำกัด,TH,US,,,phase3_jurisdiction_model,E_model_predicted_jurisdiction,E_model_only,0.2359,0,1,,,,0.0
IN,TH,GB,TH,529900MT32VNFZAUHP79,บริษัท เอ ดับเบิลยู พี เซอร์วิสเซส (ประเทศไทย) จำกัด,TH,GB,,,phase3_jurisdiction_model,E_model_predicted_jurisdiction,E_model_only,0.2359,0,1,,,,0.0
IN,TH,GB,TH,549300KRFO7HT3X8QG80,"FMC CHEMICAL (THAILAND) CO., LTD.",TH,GB,,,phase3_jurisdiction_model,E_model_predicted_jurisdiction,E_model_only,0.2357,0,1,,,,0.0
IN,TH,GB,TH,9845009B4D004CDFK814,บริษัท ซีเลค เซอร์วิส พาร์ทเนอร์ จำกัด,TH,GB,,,phase3_jurisdiction_model,E_model_predicted_jurisdiction,E_model_only,0.2355,0,1,,,,0.0
IN,TH,EUROPE,TH,529900VZFHQZ684D8L07,บริษัท ไทยเบฟเวอเรจ จำกัด (มหาชน),TH,EUROPE,,,phase3_jurisdiction_model,E_model_predicted_jurisdiction,E_model_only,0.2355,0,1,,,,0.0
IN,TH,ASIA_OTHER,TH,9845001FB4AA6F93J977,บริษัท คอนเซนทริกซ์ เซอร์วิสเซส (ประเทศไทย) จำกัด,TH,ASIA_OTHER,,,phase3_jurisdiction_model,E_model_predicted_jurisdiction,E_model_only,0.2353,0,1,,,,0.0
IN,TH,EUROPE,TH,984500C1C0D5D6F6C067,บริษัท ไมเนอร์ แดรี่ จำกัด,TH,EUROPE,,,phase3_jurisdiction_model,E_model_predicted_jurisdiction,E_model_only,0.2352,0,1,,,,0.0
IN,TH,EUROPE,TH,213800G6NGMDN8N58D38,บริษัท เอ็มทีเอส แคปปิตอล จำกัด,TH,EUROPE,,,phase3_jurisdiction_model,E_model_predicted_jurisdiction,E_model_only,0.2351,0,1,,,,0.0
IN,TH,EUROPE,TH,2138008EY57V9T2JH455,บริษัท เอ็มทีเอส โกลด์ จำกัด,TH,EUROPE,,,phase3_jurisdiction_model,E_model_predicted_jurisdiction,E_model_only,0.235,0,1,,,,0.0
IN,TH,EUROPE,TH,549300CCL2BKJGMYXV60,บริษัท ธนาคารกรุงเทพ จำกัด (มหาชน),TH,EUROPE,,,phase3_jurisdiction_model,E_model_predicted_jurisdiction,E_model_only,0.2349,0,1,,,,0.0
IN,TH,EUROPE,TH,54930007ZQMYCRFQGE36,บริษัท ธนาคารกรุงไทย จำกัด (มหาชน),TH,EUROPE,,,phase3_jurisdiction_model,E_model_predicted_jurisdiction,E_model_only,0.2349,0,1,,,,0.0
IN,TH,EUROPE,TH,984500F0A1275B1BD113,บริษัท เจ้าพระยา รีซอร์ท จำกัด,TH,EUROPE,,,phase3_jurisdiction_model,E_model_predicted_jurisdiction,E_model_only,0.2349,0,1,,,,0.0
IN,TH,US,TH,635400YQFSZHOWKT5X13,บริษัท โอกิทานิ (ไทยแลนด์) จำกัด,TH,US,,,phase3_jurisdiction_model,E_model_predicted_jurisdiction,E_model_only,0.2348,0,1,,,,0.0
IN,TH,OTHER,TH,25490047VDGNFMEYZW95,บริษัท ไทยยูเนี่ยน กรุ๊ป จำกัด (มหาชน),TH,OTHER,,,phase3_jurisdiction_model,E_model_predicted_jurisdiction,E_model_only,0.2348,0,1,,,,0.0
IN,TH,EUROPE,TH,25490053CYL4QK72A627,กองทุนเปิด ตราสารหนี้เอเซียน,TH,EUROPE,,,phase3_jurisdiction_model,E_model_predicted_jurisdiction,E_model_only,0.2347,0,1,,,,0.0
IN,TH,US,TH,2549009HLK2O21WPP174,บริษัท ไทสัน ฟีด (ไทยแลนด์) จำกัด,TH,US,,,phase3_jurisdiction_model,E_model_predicted_jurisdiction,E_model_only,0.2343,0,1,,,,0.0
IN,TH,US,TH,254900UJ1V64U6561F12,Nan Yang Textile Company Limited,TH,US,,,phase3_jurisdiction_model,E_model_predicted_jurisdiction,E_model_only,0.2342,0,1,,,,0.0
IN,TH,US,TH,9845004CBDEA52A10E30,บริษัท สยาม เด็นโซ่ แมนูแฟคเจอริ่ง จำกัด,TH,US,,,phase3_jurisdiction_model,E_model_predicted_jurisdiction,E_model_only,0.2341,0,1,,,,0.0
IN,TH,GB,TH,549300QH7WUTHEO65549,บริษัท อีคลิปส คอมบัสชั่น (ประเทศไทย) จำกัด,TH,GB,,,phase3_jurisdiction_model,E_model_predicted_jurisdiction,E_model_only,0.2337,0,1,,,,0.0
IN,TH,EUROPE,TH,529900AJ2Z6SUR6TSW75,บริษัท บ้านปู จำกัด (มหาชน),TH,EUROPE,,,phase3_jurisdiction_model,E_model_predicted_jurisdiction,E_model_only,0.2335,0,1,,,,0.0
IN,TH,EUROPE,TH,25490075N76FVVF0WL83,บริษัท คอมพิวเตอร์ ดีไซน์ เซอร์วิส จำกัด,TH,EUROPE,,,phase3_jurisdiction_model,E_model_predicted_jurisdiction,E_model_only,0.2334,0,1,,,,0.0
IN,TH,ASIA_OTHER,TH,984500UBF8B0D5F8BE46,บริษัท เดอะ ไมเนอร์ ฟู้ด กรุ๊ป จำกัด (มหาชน),TH,ASIA_OTHER,,,phase3_jurisdiction_model,E_model_predicted_jurisdiction,E_model_only,0.2334,0,1,,,,0.0
IN,TH,EUROPE,TH,984500C8T37E6154A797,ไบร์ท ซิสเต็ม เจแปน จำกัด,TH,EUROPE,,,phase3_jurisdiction_model,E_model_predicted_jurisdiction,E_model_only,0.2334,0,1,,,,0.0
IN,TH,US,TH,5299008JZ9NMCZCLKQ39,บริษัท มันน์ แอนด์ ฮุมเมิล (ประเทศไทย) จำกัด,TH,US,,,phase3_jurisdiction_model,E_model_predicted_jurisdiction,E_model_only,0.2332,0,1,,,,0.0
IN,TH,EUROPE,TH,254900KKB6GY29BN9B38,บริษัท เจริญวรรณสิริ จำกัด,TH,EUROPE,,,phase3_jurisdiction_model,E_model_predicted_jurisdiction,E_model_only,0.2332,0,1,,,,0.0
IN,TH,EUROPE,TH,254900754NZD4J45LF09,บริษัท พีเอชบี เอเชีย จำกัด,TH,EUROPE,,,phase3_jurisdiction_model,E_model_predicted_jurisdiction,E_model_only,0.233,0,1,,,,0.0
IN,TH,GB,TH,549300VUYVUCI8BKRW29,บริษัท มี้ด จอห์นสัน นิวทริชัน (ประเทศไทย) จำกัด,TH,GB,,,phase3_jurisdiction_model,E_model_predicted_jurisdiction,E_model_only,0.233,0,1,,,,0.0
IN,TH,EUROPE,TH,98450080CF6AF0B0F482,บริษัท บ้านโซล่าเซลล์ จำกัด,TH,EUROPE,,,phase3_jurisdiction_model,E_model_predicted_jurisdiction,E_model_only,0.2328,0,1,,,,0.0
IN,TH,GB,TH,5493008PM5B5PUAWX497,บริษัท ยูนิลีเวอร์ ไทย เทรดดิ้ง จำกัด,TH,GB,,,phase3_jurisdiction_model,E_model_predicted_jurisdiction,E_model_only,0.2328,0,1,,,,0.0
IN,TH,ASIA_OTHER,TH,984500B8EC103BD1B766,บริษัท หลักทรัพย์ อพอลโล่ เวลธ์ จำกัด,TH,ASIA_OTHER,,,phase3_jurisdiction_model,E_model_predicted_jurisdiction,E_model_only,0.2327,0,1,,,,0.0
IN,TH,US,TH,98450091D83A1511D835,บริษัท เด็นโซ่ เซลส์ (ประเทศไทย) จำกัด,TH,US,,,phase3_jurisdiction_model,E_model_predicted_jurisdiction,E_model_only,0.2326,0,1,,,,0.0
IN,TH,US,TH,2549007O4G4CYEXM1618,บริษัท อินฟินิตี้ ฮอสพิแท็ลลิที กรุ๊ป จำกัด,TH,US,,,phase3_jurisdiction_model,E_model_predicted_jurisdiction,E_model_only,0.232,0,1,,,,0.0
IN,TH,OFFSHORE,TH,254900JOXRGUHN8WOP18,ธนาคารแห่งประเทศจีน (ไทย) จำกัดมหาชน,TH,OFFSHORE,,,phase3_jurisdiction_model,E_model_predicted_jurisdiction,E_model_only,0.2318,0,1,,,,0.0
IN,TH,GB,TH,213800YAXF4BJDZVWW91,บริษัท ไคเซ่น ชิป แมเนจเมนท์ จำกัด,TH,GB,,,phase3_jurisdiction_model,E_model_predicted_jurisdiction,E_model_only,0.2318,0,1,,,,0.0
IN,TH,US,TH,254900KNJJ637XTUT148,บริษัท เนเจอร์เวิร์คส์ เอเชีย แปซิฟิค จำกัด,TH,US,,,phase3_jurisdiction_model,E_model_predicted_jurisdiction,E_model_only,0.2316,0,1,,,,0.0
IN,TH,GB,TH,984500697JE68B696C46,บริษัท ทรู อินเทอร์เน็ต ดาต้า เซ็นเตอร์ จำกัด,TH,GB,,,phase3_jurisdiction_model,E_model_predicted_jurisdiction,E_model_only,0.2315,0,1,,,,0.0
IN,TH,US,TH,894500FFDARFTH7N1U63,บริษัท เคเอ็มซีที (ไทยแลนด์) จำกัด,TH,US,,,phase3_jurisdiction_model,E_model_predicted_jurisdiction,E_model_only,0.2315,0,1,,,,0.0
IN,TH,US,TH,254900604ONT5TD01I23,กองทุนเปิดไทยพาณิชย์ Double Structured Complex Return 1YC ห้ามขายผู้ลงทุนรายย่อย,TH,US,,,phase3_jurisdiction_model,E_model_predicted_jurisdiction,E_model_only,0.2312,0,1,,,,0.0
IN,TH,EUROPE,TH,2549002E0D5ZD6Q2S409,บริษัท น้ำตาลทิพย์สุโขทัย จำกัด,TH,EUROPE,,,phase3_jurisdiction_model,E_model_predicted_jurisdiction,E_model_only,0.231,0,1,,,,0.0
IN,TH,US,TH,549300TKZ6I5W0YPGX92,AVNET TECHNOLOGY (THAILAND) LTD,TH,US,,,phase3_jurisdiction_model,E_model_predicted_jurisdiction,E_model_only,0.2309,0,1,,,,0.0
IN,TH,US,TH,549300UVRGYC7K5VGL37,"BRIGHTSTAR (THAILAND) CO., LTD.",TH,US,,,phase3_jurisdiction_model,E_model_predicted_jurisdiction,E_model_only,0.2309,0,1,,,,0.0
IN,TH,EUROPE,TH,984500E03AFCE682EC66,บริษัท กู๊เซ่ มารเก็ตส์ จำกัด,TH,EUROPE,,,phase3_jurisdiction_model,E_model_predicted_jurisdiction,E_model_only,0.2306,0,1,,,,0.0
IN,TH,EUROPE,TH,9845003D4992BF5O8B16,บริษัท เอ็มเอชจี ภูเก็ต จำกัด,TH,EUROPE,,,phase3_jurisdiction_model,E_model_predicted_jurisdiction,E_model_only,0.2306,0,1,,,,0.0
IN,TH,ASIA_OTHER,TH,894500IJ076LKGDXFX92,บริษัท จาร์ดีน ชินด์เล่อร์ (ไทย) จำกัด,TH,ASIA_OTHER,,,phase3_jurisdiction_model,E_model_predicted_jurisdiction,E_model_only,0.2304,0,1,,,,0.0
IN,TH,EUROPE,TH,984500C9Z36F37A5J957,บริษัท มาร์เก็ตเอนี่แวร์ จำกัด,TH,EUROPE,,,phase3_jurisdiction_model,E_model_predicted_jurisdiction,E_model_only,0.2301,0,1,,,,0.0
IN,TH,EUROPE,TH,549300ZD2PKKI7GW3C20,บริษัท ออลเน็กซ์ (ประเทศไทย) จำกัด,TH,EUROPE,,,phase3_jurisdiction_model,E_model_predicted_jurisdiction,E_model_only,0.2299,0,1,,,,0.0
IN,TH,US,TH,98450076FAB58CX3A660,บริษัท โรฮ่า ไดเค็ม (ประเทศไทย) จำกัด,TH,US,,,phase3_jurisdiction_model,E_model_predicted_jurisdiction,E_model_only,0.2299,0,1,,,,0.0
IN,TH,US,TH,254900UAT987GQ5PCS16,บริษัท บี.กริม เพาเวอร์ เทรชเชอรี่ เซ็นเตอร์ จำกัด,TH,US,,,phase3_jurisdiction_model,E_model_predicted_jurisdiction,E_model_only,0.2298,0,1,,,,0.0
IN,TH,DE,TH,2549007V6DELWXVP5J46,กองทุนเปิด ยูไนเต็ด ไทย อิควิตี้ คอมเพล็กซ์ รีเทิร์น ฟันด์ 1Y1,TH,DE,,,phase3_jurisdiction_model,E_model_predicted_jurisdiction,E_model_only,0.2297,0,1,,,,0.0
IN,TH,EUROPE,TH,984500AEJFECB5A89679,บริษัท วราฟู้ดแอนด์ดริ๊ง จำกัด,TH,EUROPE,,,phase3_jurisdiction_model,E_model_predicted_jurisdiction,E_model_only,0.2296,0,1,,,,0.0
IN,TH,ASIA_OTHER,TH,984500E3F00ECFY66778,บริษัท ลอเรนซ์ แอนด์ พาร์ทเนอร์ส จำกัด,TH,ASIA_OTHER,,,phase3_jurisdiction_model,E_model_predicted_jurisdiction,E_model_only,0.2295,0,1,,,,0.0
IN,TH,GB,TH,984500898BA682DE9569,บริษัท โคโค้ ปาล์ม โฮลเต็ล แอนด์ รีสอร์ท จำกัด,TH,GB,,,phase3_jurisdiction_model,E_model_predicted_jurisdiction,E_model_only,0.2295,0,1,,,,0.0
IN,TH,EUROPE,TH,254900V14JXB7ZYM2Y19,กองทุนเปิดไทยพาณิชย์ตราสารหนี้ต่างประเทศ เอเอส 1ปป4 ห้ามขายผู้ลงทุนรายย่อย,TH,EUROPE,,,phase3_jurisdiction_model,E_model_predicted_jurisdiction,E_model_only,0.2293,0,1,,,,0.0
IN,TH,EUROPE,TH,25490031RFIFLSI8V666,กองทุนเปิดไทยพาณิชย์ตราสารหนี้ต่างประเทศ เอเอส 3ME5 ห้ามขายผู้ลงทุนรายย่อย,TH,EUROPE,,,phase3_jurisdiction_model,E_model_predicted_jurisdiction,E_model_only,0.2293,0,1,,,,0.0
IN,TH,EUROPE,TH,5493008ORQH8DXZCMN40,BPO Solution Ltd,TH,EUROPE,,,phase3_jurisdiction_model,E_model_predicted_jurisdiction,E_model_only,0.2292,0,1,,,,0.0
IN,TH,US,TH,254900DB3JXE7RHN7A87,อะเมซอน ดาต้า เซอร์วิสเซส (ประเทศไทย) จำกัด,TH,US,,,phase3_jurisdiction_model,E_model_predicted_jurisdiction,E_model_only,0.2292,0,1,,,,0.0
IN,TH,US,TH,549300MU81LZLOP7UG33,"EBRO VALVES (THAILAND) CO., LTD.",TH,US,,,phase3_jurisdiction_model,E_model_predicted_jurisdiction,E_model_only,0.2291,0,1,,,,0.0
IN,TH,EUROPE,TH,254900OI85ZWR9KED013,กองทุนเปิดไทยพาณิชย์ตราสารหนี้ต่างประเทศ เอเอส 1YF1 ห้ามขายผู้ลงทุนรายย่อย,TH,EUROPE,,,phase3_jurisdiction_model,E_model_predicted_jurisdiction,E_model_only,0.229,0,1,,,,0.0
IN,TH,EUROPE,TH,254900F1Q02QWTJNQU50,กองทุนเปิดไทยพาณิชย์ตราสารหนี้ต่างประเทศ เอเอส 1YF5 ห้ามขายผู้ลงทุนรายย่อย,TH,EUROPE,,,phase3_jurisdiction_model,E_model_predicted_jurisdiction,E_model_only,0.229,0,1,,,,0.0
IN,TH,EUROPE,TH,2549005R3TMA4X9CHQ29,กองทุนเปิดไทยพาณิชย์ตราสารหนี้ต่างประเทศ เอเอส 1YF6 ห้ามขายผู้ลงทุนรายย่อย,TH,EUROPE,,,phase3_jurisdiction_model,E_model_predicted_jurisdiction,E_model_only,0.229,0,1,,,,0.0
IN,TH,EUROPE,TH,254900WG91EBD5HHIN26,กองทุนเปิดไทยพาณิชย์ตราสารหนี้ต่างประเทศ เอเอส 1YF7 ห้ามขายผู้ลงทุนรายย่อย,TH,EUROPE,,,phase3_jurisdiction_model,E_model_predicted_jurisdiction,E_model_only,0.229,0,1,,,,0.0
IN,TH,EUROPE,TH,254900CO9JTWVJDC9T48,กองทุนเปิดไทยพาณิชย์ตราสารหนี้ต่างประเทศ เอเอส 6MS2 ห้ามขายผู้ลงทุนรายย่อย,TH,EUROPE,,,phase3_jurisdiction_model,E_model_predicted_jurisdiction,E_model_only,0.229,0,1,,,,0.0
IN,TH,EUROPE,TH,254900SF5V9FUCMZ3081,กองทุนเปิดไทยพาณิชย์ตราสารหนี้ต่างประเทศ เอเอส 6MS4 ห้ามขายผู้ลงทุนรายย่อย,TH,EUROPE,,,phase3_jurisdiction_model,E_model_predicted_jurisdiction,E_model_only,0.229,0,1,,,,0.0
IN,TH,EUROPE,TH,254900F3XGA5HBYIL465,กองทุนเปิดไทยพาณิชย์ตราสารหนี้ต่างประเทศ เอเอส 6MS5 ห้ามขายผู้ลงทุนรายย่อย,TH,EUROPE,,,phase3_jurisdiction_model,E_model_predicted_jurisdiction,E_model_only,0.229,0,1,,,,0.0
IN,TH,EUROPE,TH,2549007ZGPIWB5PRVJ09,กองทุนเปิดไทยพาณิชย์ตราสารหนี้ต่างประเทศ เอเอส 6MS8 ห้ามขายผู้ลงทุนรายย่อย,TH,EUROPE,,,phase3_jurisdiction_model,E_model_predicted_jurisdiction,E_model_only,0.229,0,1,,,,0.0
IN,TH,EUROPE,TH,2549001LKK0HVAMGB275,กองทุนเปิดไทยพาณิชย์ตราสารหนี้ต่างประเทศ เอเอส 6MS9 ห้ามขายผู้ลงทุนรายย่อย,TH,EUROPE,,,phase3_jurisdiction_model,E_model_predicted_jurisdiction,E_model_only,0.229,0,1,,,,0.0
IN,TH,EUROPE,TH,529900P8YL53ZK7MDZ29,บริษัท อัลสตอม ทรานสปอร์ต ซิสเต็มส์ (ประเทศไทย) จำกัด,TH,EUROPE,,,phase3_jurisdiction_model,E_model_predicted_jurisdiction,E_model_only,0.229,0,1,,,,0.0
IN,TH,EUROPE,TH,254900S8XEB1V1LN6114,กองทุนเปิดเอ็มเอฟซี Rebound Complex Structured Return A ห้ามขายผู้ลงทุนรายย่อย,TH,EUROPE,,,phase3_jurisdiction_model,E_model_predicted_jurisdiction,E_model_only,0.2285,0,1,,,,0.0
IN,TH,GB,TH,98450096NB6DQE52C117,บริษัท หิรานยาวานาม อัลคาลิส (ประเทศไทย) จำกัด,TH,GB,,,phase3_jurisdiction_model,E_model_predicted_jurisdiction,E_model_only,0.2285,0,1,,,,0.0
IN,TH,US,TH,254900BUT9WJ202HTT67,บริษัท ดับบลิวเอฟ เทคโนโลยี่ จำกัด,TH,US,,,phase3_jurisdiction_model,E_model_predicted_jurisdiction,E_model_only,0.2283,0,1,,,,0.0
IN,TH,EUROPE,TH,984500B8776Z47FD6386,บริษัท คาราท (ประเทศไทย) จำกัด,TH,EUROPE,,,phase3_jurisdiction_model,E_model_predicted_jurisdiction,E_model_only,0.2282,0,1,,,,0.0
IN,TH,EUROPE,TH,254900XBW0G2ACDLUW03,บริษัท วิงฟอลคอนเทรดดิ้ง จำกัด,TH,EUROPE,,,phase3_jurisdiction_model,E_model_predicted_jurisdiction,E_model_only,0.2281,0,1,,,,0.0
IN,TH,EUROPE,TH,894500AFOW5HNUOK1E41,บริษัท สายไฟฟ้าบางกอกเคเบิ้ล จำกัด,TH,EUROPE,,,phase3_jurisdiction_model,E_model_predicted_jurisdiction,E_model_only,0.228,0,1,,,,0.0
IN,TH,ASIA_OTHER,TH,9845005FCK61360AF964,บริษัท ไมเนอร์ สกาย ไรเดอร์ จำกัด,TH,ASIA_OTHER,,,phase3_jurisdiction_model,E_model_predicted_jurisdiction,E_model_only,0.228,0,1,,,,0.0
IN,TH,ASIA_OTHER,TH,98450039U14A63A8A620,บริษัท โอทิส เอเลเวเทอร์ (ประเทศไทย) จำกัด,TH,ASIA_OTHER,,,phase3_jurisdiction_model,E_model_predicted_jurisdiction,E_model_only,0.2276,0,1,,,,0.0
IN,TH,EUROPE,TH,254900I318RFJXGML017,บริษัท ไทยดิจิทัล ไอดี จำกัด,TH,EUROPE,,,phase3_jurisdiction_model,E_model_predicted_jurisdiction,E_model_only,0.2275,0,1,,,,0.0
IN,TH,EUROPE,TH,2138004UMMA1ZBZOZ527,บริษัท เบอร์กโซ่ เมตัลส์ จำกัด,TH,EUROPE,,,phase3_jurisdiction_model,E_model_predicted_jurisdiction,E_model_only,0.2273,0,1,,,,0.0
IN,TH,EUROPE,TH,254900F7QCXACZ35EI48,บริษัท เอสซีบี เท็นเอกซ์ จำกัด,TH,EUROPE,,,phase3_jurisdiction_model,E_model_predicted_jurisdiction,E_model_only,0.2271,0,1,,,,0.0
IN,TH,US,TH,984500AE2F94EV4F2D52,บริษัท เด็นโซ่ อินเตอร์เนชั่นแนล เอเชีย จำกัด,TH,US,,,phase3_jurisdiction_model,E_model_predicted_jurisdiction,E_model_only,0.2269,0,1,,,,0.0
IN,TH,US,TH,254900JTYP8Z0TRW9Q19,กองทุนเปิดไทยพาณิชย์ Structured Complex Return 1YA ห้ามขายผู้ลงทุนรายย่อย,TH,US,,,phase3_jurisdiction_model,E_model_predicted_jurisdiction,E_model_only,0.2268,0,1,,,,0.0
IN,TH,US,TH,549300KGPMTNO4NTZE85,บริษัท เอสซีลอร์ แมนูแฟ็คเจอริ่ง (ประเทศไทย) จำกัด,TH,US,,,phase3_jurisdiction_model,E_model_predicted_jurisdiction,E_model_only,0.2268,0,1,,,,0.0
IN,TH,ASIA_OTHER,TH,984500EM638B737Q4A40,บริษัท เดนท์สุ โฮลดิ้งส์ (ประเทศไทย) จำกัด,TH,ASIA_OTHER,,,phase3_jurisdiction_model,E_model_predicted_jurisdiction,E_model_only,0.2267,0,1,,,,0.0
IN,TH,EUROPE,TH,984500D626543896EA53,บริษัท ช๊อยค์ เอเชีย จำกัด,TH,EUROPE,,,phase3_jurisdiction_model,E_model_predicted_jurisdiction,E_model_only,0.2266,0,1,,,,0.0
IN,TH,OTHER,TH,254900MZT268K8CK8O88,บริษัท โตเกียวมารีนประกันชีวิต (ประเทศไทย) จำกัด (มหาชน),TH,OTHER,,,phase3_jurisdiction_model,E_model_predicted_jurisdiction,E_model_only,0.2265,0,1,,,,0.0
IN,TH,ASIA_OTHER,TH,9845003FN593CD862F45,บริษัท คุ้มภัยโตเกียวมารีนประกันภัย (ประเทศไทย) จำกัด (มหาชน),TH,ASIA_OTHER,,,phase3_jurisdiction_model,E_model_predicted_jurisdiction,E_model_only,0.2264,0,1,,,,0.0
IN,TH,US,TH,529900SI15YVKGLDG188,บริษัท ลินเด้ แมททีเรียล แฮนด์ลิ่ง (ประเทศไทย) จำกัด,TH,US,,,phase3_jurisdiction_model,E_model_predicted_jurisdiction,E_model_only,0.2264,0,1,,,,0.0
IN,TH,GB,TH,984500478BC1CCB6D890,บริษัท ไลท์ออน อิเลคทรอนิคส์ (ประเทศไทย) จำกัด,TH,GB,,,phase3_jurisdiction_model,E_model_predicted_jurisdiction,E_model_only,0.2263,0,1,,,,0.0
IN,TH,ASIA_OTHER,TH,984500138BEP591F4E91,บริษัท วินเนอร์ยี่ เมดิคอล จำกัด (มหาชน),TH,ASIA_OTHER,,,phase3_jurisdiction_model,E_model_predicted_jurisdiction,E_model_only,0.2262,0,1,,,,0.0
IN,TH,US,TH,984500Q538DG005N4B85,บริษัท แอดวานซ์ ไบโอเคมิคอล (ประเทศไทย) จำกัด,TH,US,,,phase3_jurisdiction_model,E_model_predicted_jurisdiction,E_model_only,0.226,0,1,,,,0.0
IN,TH,US,TH,98450035699BF09D7785,บริษัท โอ.เอส.เอ. แคปปิตอล (ประเทศไทย) จำกัด,TH,US,,,phase3_jurisdiction_model,E_model_predicted_jurisdiction,E_model_only,0.226,0,1,,,,0.0
IN,TH,ASIA_OTHER,TH,984500BDD4DAU6EA9472,บริษัท รัฟ ทู รีไฟน์ จำกัด,TH,ASIA_OTHER,,,phase3_jurisdiction_model,E_model_predicted_jurisdiction,E_model_only,0.2259,0,1,,,,0.0
IN,TH,EUROPE,TH,25490041G76NZQETKJ07,บริษัท โครเนส (ไทยแลนด์) จำกัด,TH,EUROPE,,,phase3_jurisdiction_model,E_model_predicted_jurisdiction,E_model_only,0.2259,0,1,,,,0.0
IN,TH,ASIA_OTHER,TH,9845008AA7E74A9E5A09,บริษัท สมุย บีช คลับ โอนเนอร์ จำกัด,TH,ASIA_OTHER,,,phase3_jurisdiction_model,E_model_predicted_jurisdiction,E_model_only,0.2257,0,1,,,,0.0
IN,TH,ASIA_OTHER,TH,984500CCFQF514F9A379,บริษัท สมุย รีซอร์ท แอนด์ สปา จำกัด,TH,ASIA_OTHER,,,phase3_jurisdiction_model,E_model_predicted_jurisdiction,E_model_only,0.2257,0,1,,,,0.0
IN,TH,EUROPE,TH,9845007E56A44ADA8E96,บริษัท โกดัก (ประเทศไทย) จำกัด,TH,EUROPE,,,phase3_jurisdiction_model,E_model_predicted_jurisdiction,E_model_only,0.2257,0,1,,,,0.0
IN,TH,EUROPE,TH,5493004UK7BQLOXL7K42,บริษัท ธนาคารกสิกรไทย จำกัด (มหาชน),TH,EUROPE,,,phase3_jurisdiction_model,E_model_predicted_jurisdiction,E_model_only,0.2256,0,1,,,,0.0
IN,TH,GB,TH,549300FT0VJDW3W1RU48,บริษัท เอสซีลอร์ ออพติคอล แลบอราทอรี (ประเทศไทย) จำกัด,TH,GB,,,phase3_jurisdiction_model,E_model_predicted_jurisdiction,E_model_only,0.2256,0,1,,,,0.0
IN,TH,GB,TH,9845008BX86DE4EF3891,บริษัท ไอ เอส เอ็ม คอมโมดิตี้ส์ จำกัด,TH,GB,,,phase3_jurisdiction_model,E_model_predicted_jurisdiction,E_model_only,0.2256,0,1,,,,0.0
IN,TH,US,TH,549300XEFRDC4EJUTF05,COMMERCIAL METALS (THAILAND) LTD.,TH,US,,,phase3_jurisdiction_model,E_model_predicted_jurisdiction,E_model_only,0.2253,0,1,,,,0.0
IN,TH,GB,TH,254900L431OS4Z7LP168,บริษัท นูมาน แอนด์ เอสเซอร์ เซ้าท์ อีสต์ เอเซีย จำกัด,TH,GB,,,phase3_jurisdiction_model,E_model_predicted_jurisdiction,E_model_only,0.2253,0,1,,,,0.0
IN,TH,EUROPE,TH,9845005BB0C70CFEDC32,บริษัท ฮาตาริ เน็กซ์ จำกัด,TH,EUROPE,,,phase3_jurisdiction_model,E_model_predicted_jurisdiction,E_model_only,0.2253,0,1,,,,0.0
IN,TH,ASIA_OTHER,TH,984500D3D09A5BCCCE71,บริษัท ซิกม่า เอลิเวเตอร์ (ประเทศไทย) จำกัด,TH,ASIA_OTHER,,,phase3_jurisdiction_model,E_model_predicted_jurisdiction,E_model_only,0.225,0,1,,,,0.0
IN,TH,US,TH,9845003A6C9C710FXD26,บริษัท ซินเทกอน เทคโนโลยี (ประเทศไทย) จำกัด,TH,US,,,phase3_jurisdiction_model,E_model_predicted_jurisdiction,E_model_only,0.225,0,1,,,,0.0
IN,TH,ASIA_OTHER,TH,984500A694CA7AE01C86,บริษัท หลักทรัพย์ หยวนต้า (ประเทศไทย) จำกัด,TH,ASIA_OTHER,,,phase3_jurisdiction_model,E_model_predicted_jurisdiction,E_model_only,0.225,0,1,,,,0.0
IN,TH,EUROPE,TH,549300PT8WJD39WB4S63,บริษัท เวอร์ซุนิ (ประเทศไทย) จำกัด,TH,EUROPE,,,phase3_jurisdiction_model,E_model_predicted_jurisdiction,E_model_only,0.225,0,1,,,,0.0
IN,TH,EUROPE,TH,213800OMTTWFKU84FC32,BROKERS SOLUTIONS COMPANY LIMITED,TH,EUROPE,,,phase3_jurisdiction_model,E_model_predicted_jurisdiction,E_model_only,0.2248,0,1,,,,0.0
IN,TH,EUROPE,TH,5493000X00ZGG6WCNA96,บริษัท แคเรียร์ (ประเทศไทย) จำกัด,TH,EUROPE,,,phase3_jurisdiction_model,E_model_predicted_jurisdiction,E_model_only,0.2247,0,1,,,,0.0
IN,TH,GB,TH,98450098BC44A7B15596,บริษัท รักษาความปลอดภัย กัทส์ อินเวสติเกชั่น จำกัด,TH,GB,,,phase3_jurisdiction_model,E_model_predicted_jurisdiction,E_model_only,0.2246,0,1,,,,0.0
IN,TH,GB,TH,254900ZHZ13XY5K8R897,บริษัท หลักทรัพย์จัดการกองทุน เดนาลี เพรสทีจ จำกัด,TH,GB,,,phase3_jurisdiction_model,E_model_predicted_jurisdiction,E_model_only,0.2246,0,1,,,,0.0
IN,TH,GB,TH,984500C81A01AFEMB496,บริษัท บางกอก เอวิเอชั่น ซัพพลาย จำกัด,TH,GB,,,phase3_jurisdiction_model,E_model_predicted_jurisdiction,E_model_only,0.2244,0,1,,,,0.0
IN,TH,US,TH,2549009E5OWOHAUGV217,บริษัท เอสอีดับเบิลยู ยูโรไดรฟ (ประเทศไทย) จำกัด,TH,US,,,phase3_jurisdiction_model,E_model_predicted_jurisdiction,E_model_only,0.2244,0,1,,,,0.0
IN,TH,US,TH,2138002TM1H9FPZYLD93,"MPLUS (THAILAND) CO., LTD.",TH,US,,,phase3_jurisdiction_model,E_model_predicted_jurisdiction,E_model_only,0.2243,0,1,,,,0.0
IN,TH,US,TH,254900TOXTAJWO0QM644,กองทุนเปิดไทยพาณิชย์ Double Structured Complex Return 1YD ห้ามขายผู้ลงทุนรายย่อย,TH,US,,,phase3_jurisdiction_model,E_model_predicted_jurisdiction,E_model_only,0.2242,0,1,,,,0.0
IN,TH,US,TH,2549006OHFL501LCEZ55,กองทุนเปิดไทยพาณิชย์ Double Structured Complex Return 1YG ห้ามขายผู้ลงทุนรายย่อย,TH,US,,,phase3_jurisdiction_model,E_model_predicted_jurisdiction,E_model_only,0.2242,0,1,,,,0.0
IN,TH,EUROPE,TH,9845002E98199EMF0E67,บริษัท บีเคพี โกลด์ จำกัด,TH,EUROPE,,,phase3_jurisdiction_model,E_model_predicted_jurisdiction,E_model_only,0.2242,0,1,,,,0.0
IN,TH,GB,TH,549300O71IGER113WG82,บริษัท มินเนอรัล รีซอร์สเซส ดีเวลลอปเม้นท์ จำกัด,TH,GB,,,phase3_jurisdiction_model,E_model_predicted_jurisdiction,E_model_only,0.2241,0,1,,,,0.0
IN,TH,GB,TH,549300E80W8N0LSUNM03,ฮันนี่เวลล์ ซิสเต็มส์ (ประเทศไทย) จำกัด,TH,GB,,,phase3_jurisdiction_model,E_model_predicted_jurisdiction,E_model_only,0.224,0,1,,,,0.0
IN,TH,EUROPE,TH,549300UDR429KKAXP244,บริษัท ทิปโก้แอสฟัลท์ จำกัด (มหาชน),TH,EUROPE,,,phase3_jurisdiction_model,E_model_predicted_jurisdiction,E_model_only,0.2239,0,1,,,,0.0
IN,TH,US,TH,984500393PA4A7CA8142,บริษัท เอช เอส เอ็ม แมชชีนเนอรี่ จำกัด,TH,US,,,phase3_jurisdiction_model,E_model_predicted_jurisdiction,E_model_only,0.2239,0,1,,,,0.0
IN,TH,US,TH,254900XAWEJNNP97AP59,บริษัท เอสเอสแอล แมนูแฟคเจอริ่ง (ประเทศไทย) จำกัด,TH,US,,,phase3_jurisdiction_model,E_model_predicted_jurisdiction,E_model_only,0.2239,0,1,,,,0.0
IN,TH,US,TH,894500YM96S90ME1KJ39,บริษัท โกลบอล รีนิวเอเบิล ซินเนอร์ยี่ จำกัด,TH,US,,,phase3_jurisdiction_model,E_model_predicted_jurisdiction,E_model_only,0.2239,0,1,,,,0.0
IN,TH,EUROPE,TH,9845006AB1D7E913C193,บริษัท แฟ็คทอรี่ แม๊กซ์ จำกัด,TH,EUROPE,,,phase3_jurisdiction_model,E_model_predicted_jurisdiction,E_model_only,0.2238,0,1,,,,0.0
IN,TH,ASIA_OTHER,TH,98450091B07B6EC8U350,ข้อมูล บริษัท ไอโซบาร์ (ประเทศไทย) จำกัด,TH,ASIA_OTHER,,,phase3_jurisdiction_model,E_model_predicted_jurisdiction,E_model_only,0.2235,0,1,,,,0.0
IN,TH,US,TH,984500ECF6F384897F17,บริษัท เอสซีลอร์ลูซอตติกา (ประเทศไทย) จำกัด,TH,US,,,phase3_jurisdiction_model,E_model_predicted_jurisdiction,E_model_only,0.2233,0,1,,,,0.0
IN,TH,US,TH,254900FAMIY5XEN70X51,กองทุนเปิดไทยพาณิชย์ Double Structured Complex Return 1YH ห้ามขายผู้ลงทุนรายย่อย,TH,US,,,phase3_jurisdiction_model,E_model_predicted_jurisdiction,E_model_only,0.2231,0,1,,,,0.0
IN,TH,EUROPE,TH,549300QRETJ42OE6Y454,บริษัท ฟิลิปส์ (ประเทศไทย) จำกัด,TH,EUROPE,,,phase3_jurisdiction_model,E_model_predicted_jurisdiction,E_model_only,0.2229,0,1,,,,0.0
IN,TH,US,TH,254900TW8OOUAZL89X71,บริษัท ดีเคเอสเอช แมนเนจเม้นท์ (ประเทศไทย) จำกัด,TH,US,,,phase3_jurisdiction_model,E_model_predicted_jurisdiction,E_model_only,0.2226,0,1,,,,0.0
IN,TH,GB,TH,984500D8890EA43K4C70,บริษัท รียา ทราเวล แอนด์ ทัวร์ จำกัด,TH,GB,,,phase3_jurisdiction_model,E_model_predicted_jurisdiction,E_model_only,0.2224,0,1,,,,0.0
IN,TH,US,TH,9845003F397DEFME4D11,บริษัท ทรัยโมทีฟ เอเซีย แปซิฟิค จำกัด,TH,US,,,phase3_jurisdiction_model,E_model_predicted_jurisdiction,E_model_only,0.2221,0,1,,,,0.0
IN,TH,ASIA_OTHER,TH,549300DTJ526WKOC7F25,ABB Robotics Machine Tending Limited,TH,ASIA_OTHER,,,phase3_jurisdiction_model,E_model_predicted_jurisdiction,E_model_only,0.222,0,1,,,,0.0
IN,TH,US,TH,213800VLYIXYZD26FJ90,บริษัท คัมมิ่นส์ ดีเคเอสเอช (ประเทศไทย) จำกัด,TH,US,,,phase3_jurisdiction_model,E_model_predicted_jurisdiction,E_model_only,0.2218,0,1,,,,0.0
IN,TH,OTHER,TH,254900TG41KIWX7VDO42,บริษัท เอสซีบี เอ็กซ์ จำกัด (มหาชน),TH,OTHER,,,phase3_jurisdiction_model,E_model_predicted_jurisdiction,E_model_only,0.2218,0,1,,,,0.0
IN,TH,US,TH,254900REG8875ER23709,กองทุนเปิดไทยพาณิชย์ตราสารหนี้ต่างประเทศ เอเอส 1YE8 ห้ามขายผู้ลงทุนรายย่อย,TH,US,,,phase3_jurisdiction_model,E_model_predicted_jurisdiction,E_model_only,0.2215,0,1,,,,0.0
IN,TH,US,TH,254900TFX1EK1Q6PS875,กองทุนเปิดไทยพาณิชย์ตราสารหนี้ต่างประเทศ เอเอส 1YF2 ห้ามขายผู้ลงทุนรายย่อย,TH,US,,,phase3_jurisdiction_model,E_model_predicted_jurisdiction,E_model_only,0.2215,0,1,,,,0.0
IN,TH,US,TH,254900MZUFHPOB5IM519,กองทุนเปิดไทยพาณิชย์ตราสารหนี้ต่างประเทศ เอเอส 1YF3 ห้ามขายผู้ลงทุนรายย่อย,TH,US,,,phase3_jurisdiction_model,E_model_predicted_jurisdiction,E_model_only,0.2215,0,1,,,,0.0
IN,TH,US,TH,254900BB1XGMWWGZAO85,กองทุนเปิดไทยพาณิชย์ตราสารหนี้ต่างประเทศ เอเอส 1YG1 ห้ามขายผู้ลงทุนรายย่อย,TH,US,,,phase3_jurisdiction_model,E_model_predicted_jurisdiction,E_model_only,0.2215,0,1,,,,0.0
IN,TH,US,TH,254900IIMKR7EKJO0S62,กองทุนเปิดไทยพาณิชย์ตราสารหนี้ต่างประเทศ เอเอส 1YG2 ห้ามขายผู้ลงทุนรายย่อย,TH,US,,,phase3_jurisdiction_model,E_model_predicted_jurisdiction,E_model_only,0.2215,0,1,,,,0.0
IN,TH,US,TH,254900GG2X3Y2U7UZV13,กองทุนเปิดไทยพาณิชย์ตราสารหนี้ต่างประเทศ เอเอส 6MS1 ห้ามขายผู้ลงทุนรายย่อย,TH,US,,,phase3_jurisdiction_model,E_model_predicted_jurisdiction,E_model_only,0.2215,0,1,,,,0.0
IN,TH,US,TH,254900S4I65AL738RY52,กองทุนเปิดไทยพาณิชย์ตราสารหนี้ต่างประเทศ เอเอส 6MS6 ห้ามขายผู้ลงทุนรายย่อย,TH,US,,,phase3_jurisdiction_model,E_model_predicted_jurisdiction,E_model_only,0.2215,0,1,,,,0.0
IN,TH,US,TH,254900A13OBL98EYT274,กองทุนเปิดไทยพาณิชย์ตราสารหนี้ต่างประเทศ เอเอส 6MS7 ห้ามขายผู้ลงทุนรายย่อย,TH,US,,,phase3_jurisdiction_model,E_model_predicted_jurisdiction,E_model_only,0.2215,0,1,,,,0.0
IN,TH,US,TH,2549000DZFWNYDA1N637,กองทุนเปิดไทยพาณิชย์ตราสารหนี้ต่างประเทศ เอเอส 6MT1 ห้ามขายผู้ลงทุนรายย่อย,TH,US,,,phase3_jurisdiction_model,E_model_predicted_jurisdiction,E_model_only,0.2215,0,1,,,,0.0
IN,TH,US,TH,254900F3AWXH5OB1U266,กองทุนเปิดไทยพาณิชย์ตราสารหนี้ต่างประเทศ เอเอส 6MT2 ห้ามขายผู้ลงทุนรายย่อย,TH,US,,,phase3_jurisdiction_model,E_model_predicted_jurisdiction,E_model_only,0.2215,0,1,,,,0.0
IN,TH,US,TH,2549007VYJ4OS4GMRH22,กองทุนเปิดไทยพาณิชย์ตราสารหนี้ต่างประเทศ เอเอส 6MT4 ห้ามขายผู้ลงทุนรายย่อย,TH,US,,,phase3_jurisdiction_model,E_model_predicted_jurisdiction,E_model_only,0.2215,0,1,,,,0.0
IN,TH,US,TH,254900JGMMOMMIXRG391,กองทุนเปิดไทยพาณิชย์ตราสารหนี้ต่างประเทศ เอเอส 6MT6 ห้ามขายผู้ลงทุนรายย่อย,TH,US,,,phase3_jurisdiction_model,E_model_predicted_jurisdiction,E_model_only,0.2215,0,1,,,,0.0
IN,TH,US,TH,2549003HZQD8BB9N4O41,กองทุนเปิดไทยพาณิชย์ตราสารหนี้ต่างประเทศ เอเอส 6MT7 ห้ามขายผู้ลงทุนรายย่อย,TH,US,,,phase3_jurisdiction_model,E_model_predicted_jurisdiction,E_model_only,0.2215,0,1,,,,0.0
IN,TH,US,TH,254900C6D3KXS55LJ587,กองทุนเปิดไทยพาณิชย์ตราสารหนี้ต่างประเทศ เอเอส 6MT8 ห้ามขายผู้ลงทุนรายย่อย,TH,US,,,phase3_jurisdiction_model,E_model_predicted_jurisdiction,E_model_only,0.2215,0,1,,,,0.0
IN,TH,US,TH,254900FSNT502HTLRT17,กองทุนเปิดไทยพาณิชย์ตราสารหนี้ต่างประเทศ เอเอส 6MT9 ห้ามขายผู้ลงทุนรายย่อย,TH,US,,,phase3_jurisdiction_model,E_model_predicted_jurisdiction,E_model_only,0.2215,0,1,,,,0.0
IN,TH,US,TH,2549002FVX0IE2AK9716,กองทุนเปิดไทยพาณิชย์ตราสารหนี้ต่างประเทศ เอเอส 6MU1 ห้ามขายผู้ลงทุนรายย่อย,TH,US,,,phase3_jurisdiction_model,E_model_predicted_jurisdiction,E_model_only,0.2215,0,1,,,,0.0
IN,TH,US,TH,25490071GTTUW4PU7K89,กองทุนเปิดไทยพาณิชย์ตราสารหนี้ต่างประเทศ เอเอส 6MU2 ห้ามขายผู้ลงทุนรายย่อย,TH,US,,,phase3_jurisdiction_model,E_model_predicted_jurisdiction,E_model_only,0.2215,0,1,,,,0.0
IN,TH,GB,TH,213800XDVRRRSMHQXX13,บริษัท หัวเว่ย เทคโนโลยี่ (ประเทศไทย) จำกัด,TH,GB,,,phase3_jurisdiction_model,E_model_predicted_jurisdiction,E_model_only,0.2214,0,1,,,,0.0
IN,TH,EUROPE,TH,54930066F9TQ9D1ZV281,GHECO-ONE COMPANY LIMITED,TH,EUROPE,,,phase3_jurisdiction_model,E_model_predicted_jurisdiction,E_model_only,0.2213,0,1,,,,0.0
IN,TH,EUROPE,TH,9845006FNEZD772AD572,บริษัท โอแลม (ประเทศไทย) จำกัด,TH,EUROPE,,,phase3_jurisdiction_model,E_model_predicted_jurisdiction,E_model_only,0.2211,0,1,,,,0.0
IN,TH,EUROPE,TH,254900KOP9X9TJZWE190,บริษัทหลักทรัพย์ ไอแคป จำกัด,TH,EUROPE,,,phase3_jurisdiction_model,E_model_predicted_jurisdiction,E_model_only,0.2211,0,1,,,,0.0
IN,TH,EUROPE,TH,254900BNAR0GSJXZ2H18,บริษัท ออโรร่า เทรดดิ้ง จำกัด,TH,EUROPE,,,phase3_jurisdiction_model,E_model_predicted_jurisdiction,E_model_only,0.221,0,1,,,,0.0
IN,TH,US,TH,984500E72CH612BA9323,บริษัท โกลบอล เอ็นอาร์จี สยาม จำกัด,TH,US,,,phase3_jurisdiction_model,E_model_predicted_jurisdiction,E_model_only,0.221,0,1,,,,0.0
IN,TH,US,TH,89450075WH36B38WHE27,"Alpha Fintech Group Co., Ltd",TH,US,,,phase3_jurisdiction_model,E_model_predicted_jurisdiction,E_model_only,0.2209,0,1,,,,0.0
IN,TH,ASIA_OTHER,TH,984500GA1799C6CCFZ87,บริษัท หลุยส์ วิตตอง (ไทยแลนด์) จำกัด,TH,ASIA_OTHER,,,phase3_jurisdiction_model,E_model_predicted_jurisdiction,E_model_only,0.2208,0,1,,,,0.0
IN,TH,GB,TH,984500F61F2EA0101B11,บริษัท เอ็มทีพี เอชพี เจวี (ประเทศไทย) จำกัด,TH,GB,,,phase3_jurisdiction_model,E_model_predicted_jurisdiction,E_model_only,0.2204,0,1,,,,0.0
IN,TH,GB,TH,98450054B6BX7ADI3Q81,บริษัท เอ็มเอฟ คาเฟ่ แอนด์ เรสเตอรองต์ จำกัด,TH,GB,,,phase3_jurisdiction_model,E_model_predicted_jurisdiction,E_model_only,0.2204,0,1,,,,0.0
IN,TH,GB,TH,213800YY7G7LHL1FC367,บริษัท บ๊อช โฮม คอมฟอร์ท (ประเทศไทย) จำกัด,TH,GB,,,phase3_jurisdiction_model,E_model_predicted_jurisdiction,E_model_only,0.2202,0,1,,,,0.0
IN,TH,ASIA_OTHER,TH,984500CF5AV4E80BAF31,บริษัท เออร์เบิน เวลธ์ ยูเนียน จำกัด,TH,ASIA_OTHER,,,phase3_jurisdiction_model,E_model_predicted_jurisdiction,E_model_only,0.2199,0,1,,,,0.0
IN,TH,GB,TH,549300Z4354VYL6VYU13,บริษัท อินโดรามา เวนเจอร์ส โกลบอล เซอร์วิสเซส จำกัด,TH,GB,,,phase3_jurisdiction_model,E_model_predicted_jurisdiction,E_model_only,0.2197,0,1,,,,0.0
IN,TH,EUROPE,TH,9845005F069EA504I852,บริษัท เดย์ สตาร์ จำกัด,TH,EUROPE,,,phase3_jurisdiction_model,E_model_predicted_jurisdiction,E_model_only,0.2197,0,1,,,,0.0
IN,TH,US,TH,254900AQA9UIPPDT5U29,กองทุนเปิดไทยพาณิชย์ตราสารหนี้ เอเอส 3MA6 ห้ามขายผู้ลงทุนรายย่อย,TH,US,,,phase3_jurisdiction_model,E_model_predicted_jurisdiction,E_model_only,0.2195,0,1,,,,0.0
IN,TH,US,TH,254900QNNFWUKS0F9N76,กองทุนเปิดไทยพาณิชย์ตราสารหนี้ เอเอส 3MA7 ห้ามขายผู้ลงทุนรายย่อย,TH,US,,,phase3_jurisdiction_model,E_model_predicted_jurisdiction,E_model_only,0.2195,0,1,,,,0.0
IN,TH,US,TH,254900JYFELE92DTIJ81,กองทุนเปิดไทยพาณิชย์ตราสารหนี้ เอเอส 6MA3 ห้ามขายผู้ลงทุนรายย่อย,TH,US,,,phase3_jurisdiction_model,E_model_predicted_jurisdiction,E_model_only,0.2195,0,1,,,,0.0
IN,TH,ASIA_OTHER,TH,984500545593GB0C0A65,ข้อมูล บริษัท ไมเครู การจัดการทรัพย์สิน จำกัด,TH,ASIA_OTHER,,,phase3_jurisdiction_model,E_model_predicted_jurisdiction,E_model_only,0.2195,0,1,,,,0.0
IN,TH,EUROPE,TH,984500663A49EE42C357,บริษัท ซันแฟลค (ประเทศไทย) จำกัด,TH,EUROPE,,,phase3_jurisdiction_model,E_model_predicted_jurisdiction,E_model_only,0.2195,0,1,,,,0.0
IN,TH,EUROPE,TH,984500AB8ED79F51D107,บริษัท วีเซียม (ประเทศไทย) จำกัด,TH,EUROPE,,,phase3_jurisdiction_model,E_model_predicted_jurisdiction,E_model_only,0.2195,0,1,,,,0.0
IN,TH,EUROPE,TH,98450014863B17D9E408,บริษัท เอเซอร์ คอมพิวเตอร์ จำกัด,TH,EUROPE,,,phase3_jurisdiction_model,E_model_predicted_jurisdiction,E_model_only,0.2195,0,1,,,,0.0
IN,TH,ASIA_OTHER,TH,9845004DD8EEF2A41010,บริษัท แอลจี อีเลคทรอนิคส์ (ประเทศไทย) จำกัด,TH,ASIA_OTHER,,,phase3_jurisdiction_model,E_model_predicted_jurisdiction,E_model_only,0.2195,0,1,,,,0.0
IN,TH,EUROPE,TH,254900JQ71VM9Z9AS027,บริษัท มาย เน็ตเวอร์ค จำกัด,TH,EUROPE,,,phase3_jurisdiction_model,E_model_predicted_jurisdiction,E_model_only,0.2194,0,1,,,,0.0
IN,TH,ASIA_OTHER,TH,984500D1EA7C614AC053,บริษัท คอฟฟี่ คอนเซ็ปต์ รีเทล จำกัด,TH,ASIA_OTHER,,,phase3_jurisdiction_model,E_model_predicted_jurisdiction,E_model_only,0.2191,0,1,,,,0.0
IN,TH,EUROPE,TH,984500D78B0D54A34D77,บริษัท แปซิฟิคเมล็ดพันธุ์ จำกัด,TH,EUROPE,,,phase3_jurisdiction_model,E_model_predicted_jurisdiction,E_model_only,0.2191,0,1,,,,0.0
IN,TH,US,TH,984500FJ0BQ7E5HB5007,บริษัท แอนเดอร์ส เอช.แอล. ซอฟต์ จำกัด,TH,US,,,phase3_jurisdiction_model,E_model_predicted_jurisdiction,E_model_only,0.219,0,1,,,,0.0
IN,TH,US,TH,254900LBF9VU93OWEZ91,บริษัท อมตะ จัดจำหน่ายก๊าซธรรมชาติ จำกัด,TH,US,,,phase3_jurisdiction_model,E_model_predicted_jurisdiction,E_model_only,0.2189,0,1,,,,0.0
IN,TH,US,TH,549300NOXOXYC4LUDZ58,SUTHATHONG REALESTATE COMPANY LIMITED,TH,US,,,phase3_jurisdiction_model,E_model_predicted_jurisdiction,E_model_only,0.2187,0,1,,,,0.0
IN,TH,ASIA_OTHER,TH,984500F9A8C0EFF4ZE89,บริษัท เอจิเลนต์ เทคโนโลยีส์ (ประเทศไทย) จำกัด,TH,ASIA_OTHER,,,phase3_jurisdiction_model,E_model_predicted_jurisdiction,E_model_only,0.2186,0,1,,,,0.0
IN,TH,ASIA_OTHER,TH,984500FA0782BF2DY792,บริษัท โมโตโรล่า โซลูชั่นส์ (ประเทศไทย) จำกัด,TH,ASIA_OTHER,,,phase3_jurisdiction_model,E_model_predicted_jurisdiction,E_model_only,0.2186,0,1,,,,0.0
IN,TH,EUROPE,TH,984500R483AF2A9D5656,บริษัท เดนท์สุ (ประเทศไทย) จำกัด,TH,EUROPE,,,phase3_jurisdiction_model,E_model_predicted_jurisdiction,E_model_only,0.2185,0,1,,,,0.0
IN,TH,US,TH,254900QD5LD5J8ZTHB17,บริษัท เฟิร์สวัสดุวิทยาศาสตร์ (ประเทศไทย) จำกัด,TH,US,,,phase3_jurisdiction_model,E_model_predicted_jurisdiction,E_model_only,0.2184,0,1,,,,0.0
IN,TH,EUROPE,TH,254900ANP62X9QHA3963,บริษัท โยโกฮามา เอเชีย จำกัด,TH,EUROPE,,,phase3_jurisdiction_model,E_model_predicted_jurisdiction,E_model_only,0.2184,0,1,,,,0.0
IN,TH,EUROPE,TH,984500CEE5FOF0C89F85,บริษัท กรุงเทพเม็ททัลเวอคซ์ จำกัด,TH,EUROPE,,,phase3_jurisdiction_model,E_model_predicted_jurisdiction,E_model_only,0.2178,0,1,,,,0.0
IN,TH,US,TH,254900WHA92MTQV88S42,บริษัท ไทยยูเนี่ยน แมนูแฟคเจอริ่ง จำกัด,TH,US,,,phase3_jurisdiction_model,E_model_predicted_jurisdiction,E_model_only,0.2178,0,1,,,,0.0
IN,TH,EUROPE,TH,254900ZG9WEF9PH30K24,บริษัท ไอเออาร์พี เอเชีย จำกัด,TH,EUROPE,,,phase3_jurisdiction_model,E_model_predicted_jurisdiction,E_model_only,0.2175,0,1,,,,0.0
IN,TH,DE,TH,894500V52PD30R46LT20,"Confederate International Co.,Ltd.",TH,DE,,,phase3_jurisdiction_model,E_model_predicted_jurisdiction,E_model_only,0.2174,0,1,,,,0.0
IN,TH,DE,TH,254900QDDK8B1JPGX634,บริษัท สหการโอสถ (1996) จำกัด,TH,DE,,,phase3_jurisdiction_model,E_model_predicted_jurisdiction,E_model_only,0.2174,0,1,,,,0.0
IN,TH,EUROPE,TH,9845008762F55ND06646,บริษัท หัวหิน วิลเลจ จำกัด,TH,EUROPE,,,phase3_jurisdiction_model,E_model_predicted_jurisdiction,E_model_only,0.2174,0,1,,,,0.0
IN,TH,EUROPE,TH,984500BY846B70565433,บริษัท ไมเนอร์ แฟชั่น จำกัด,TH,EUROPE,,,phase3_jurisdiction_model,E_model_predicted_jurisdiction,E_model_only,0.2174,0,1,,,,0.0
IN,TH,US,TH,984500F8838A18E52A50,บริษัท เอสเอสยูพี โฮลดิ้งส์ จำกัด,TH,US,,,phase3_jurisdiction_model,E_model_predicted_jurisdiction,E_model_only,0.2168,0,1,,,,0.0
IN,TH,US,TH,984500K5DHE40T801446,บริษัท เอทูบี เอ็นจิเนียริ่งแอนด์คอนซัลแตนท์ จำกัด,TH,US,,,phase3_jurisdiction_model,E_model_predicted_jurisdiction,E_model_only,0.2167,0,1,,,,0.0
IN,TH,US,TH,254900USTBGRLXBTA235,บริษัท เอสซีจี อินเตอร์เนชั่นแนล คอร์ปอเรชั่น จำกัด,TH,US,,,phase3_jurisdiction_model,E_model_predicted_jurisdiction,E_model_only,0.2167,0,1,,,,0.0
IN,TH,US,TH,9845004D08D5453WB081,บริษัท เด็นโซ่ เท็น (ประเทศไทย) จำกัด,TH,US,,,phase3_jurisdiction_model,E_model_predicted_jurisdiction,E_model_only,0.2166,0,1,,,,0.0
IN,TH,US,TH,894500UJTYWOUSINBH59,บมจ. ไฮเออร์ อิเล็คทริค (ประเทศไทย),TH,US,,,phase3_jurisdiction_model,E_model_predicted_jurisdiction,E_model_only,0.2164,0,1,,,,0.0
IN,TH,US,TH,8945007K24ET7Q1R3O62,บริษัท สยามคูโบต้า ลีสซิ่ง จำกัด,TH,US,,,phase3_jurisdiction_model,E_model_predicted_jurisdiction,E_model_only,0.2164,0,1,,,,0.0
IN,TH,US,TH,984500BB1F48V2B40757,บริษัท โกโก้ เรสซิเด็นซ์ จ ำกัด,TH,US,,,phase3_jurisdiction_model,E_model_predicted_jurisdiction,E_model_only,0.2164,0,1,,,,0.0
IN,TH,EUROPE,TH,254900KAAIFK7KTXRL77,Purac (Thailand) Limited,TH,EUROPE,,,phase3_jurisdiction_model,E_model_predicted_jurisdiction,E_model_only,0.2163,0,1,,,,0.0
IN,TH,GB,TH,549300276IV3VD5ODA12,บริษัท ทีเค เอลลิเวเตอร์ (ประเทศไทย) จำกัด,TH,GB,,,phase3_jurisdiction_model,E_model_predicted_jurisdiction,E_model_only,0.2163,0,1,,,,0.0
IN,TH,EUROPE,TH,254900OKZDDOQVUDNL20,กองทุนเปิดไทยพาณิชย์ตราสารหนี้ต่างประเทศ เอเอสห้ามขายผู้ลงทุนรายย่อย หกมพี,TH,EUROPE,,,phase3_jurisdiction_model,E_model_predicted_jurisdiction,E_model_only,0.2162,0,1,,,,0.0
IN,TH,EUROPE,TH,25490040AH1TPBQWM294,บริษัท น้ำตาลทิพย์กำแพงเพชร จำกัด,TH,EUROPE,,,phase3_jurisdiction_model,E_model_predicted_jurisdiction,E_model_only,0.2161,0,1,,,,0.0
IN,TH,EUROPE,TH,254900QIKTA6XVBTFB78,บริษัท กรุงเทพ ซินธิติกส์ จำกัด,TH,EUROPE,,,phase3_jurisdiction_model,E_model_predicted_jurisdiction,E_model_only,0.2158,0,1,,,,0.0
IN,TH,GB,TH,549300M30OSDPVGOHN36,THANACHART FUND MANAGEMENT COMPANY LIMITED,TH,GB,,,phase3_jurisdiction_model,E_model_predicted_jurisdiction,E_model_only,0.2157,0,1,,,,0.0
IN,TH,EUROPE,TH,549300IFKOJHPRRW3N82,VON- BUNDIT COMPANY LIMITED,TH,EUROPE,,,phase3_jurisdiction_model,E_model_predicted_jurisdiction,E_model_only,0.2157,0,1,,,,0.0
IN,TH,EUROPE,TH,9845005KBC4400Z4C758,บริษัท บ้านโบราณ เชียงราย จำกัด,TH,EUROPE,,,phase3_jurisdiction_model,E_model_predicted_jurisdiction,E_model_only,0.2157,0,1,,,,0.0
IN,TH,EUROPE,TH,984500YB34A4B6A3E651,บริษัท แอมพลิฟาย (ประเทศไทย) จำกัด,TH,EUROPE,,,phase3_jurisdiction_model,E_model_predicted_jurisdiction,E_model_only,0.2157,0,1,,,,0.0
IN,TH,EUROPE,TH,9845007EFCFACBAPB827,บริษัท โอซ่า คอร์ปอเรชั่น จำกัด,TH,EUROPE,,,phase3_jurisdiction_model,E_model_predicted_jurisdiction,E_model_only,0.2157,0,1,,,,0.0
IN,TH,EUROPE,TH,9845001F84E57DEKF950,บริษัท ไอพรอสเพค (ประเทศไทย) จำกัด,TH,EUROPE,,,phase3_jurisdiction_model,E_model_predicted_jurisdiction,E_model_only,0.2157,0,1,,,,0.0
IN,TH,EUROPE,TH,984500BI062BE79UA015,บริษัท บีซีไอบี โฮลดิ้ง จำกัด,TH,EUROPE,,,phase3_jurisdiction_model,E_model_predicted_jurisdiction,E_model_only,0.2156,0,1,,,,0.0
IN,TH,US,TH,254900S9TK8ANA59XQ06,บริษัท ธิสเซ่นครุปป์ อูเด้ห์ (ประเทศไทย) จำกัด,TH,US,,,phase3_jurisdiction_model,E_model_predicted_jurisdiction,E_model_only,0.2155,0,1,,,,0.0
IN,TH,EUROPE,TH,5493000GRTI208ZJQB86,"WINCOR NIXDORF (THAILAND) CO., LTD.",TH,EUROPE,,,phase3_jurisdiction_model,E_model_predicted_jurisdiction,E_model_only,0.2153,0,1,,,,0.0
IN,TH,US,TH,549300V6XZN8U57X4711,บริษัท ทรานซิชั่นส์ อ็อพทิคัล (ประเทศไทย) จำกัด,TH,US,,,phase3_jurisdiction_model,E_model_predicted_jurisdiction,E_model_only,0.2152,0,1,,,,0.0
IN,TH,EUROPE,TH,9845007B3F3D64H6D071,บริษัท แดนฟอส์ส (ประเทศไทย) จำกัด,TH,EUROPE,,,phase3_jurisdiction_model,E_model_predicted_jurisdiction,E_model_only,0.2152,0,1,,,,0.0
IN,TH,GB,TH,5493000P7IM1LTI01844,บริษัท อาร์บี ไฮยีน โฮม (ประเทศไทย) จำกัด,TH,GB,,,phase3_jurisdiction_model,E_model_predicted_jurisdiction,E_model_only,0.215,0,1,,,,0.0
IN,TH,EUROPE,TH,5493001TLUBIVHIEJO60,RONAM GLOBAL COMPANY LIMITED,TH,EUROPE,,,phase3_jurisdiction_model,E_model_predicted_jurisdiction,E_model_only,0.2148,0,1,,,,0.0
IN,TH,US,TH,984500BFFVE66658B066,บริษัท โอเชียน นิติบุคคลเฉพาะกิจ จำกัด,TH,US,,,phase3_jurisdiction_model,E_model_predicted_jurisdiction,E_model_only,0.2147,0,1,,,,0.0
IN,TH,US,TH,254900JH3DW7BO7FV377,บริษัท วายแอลจี บูลเลี่ยน อินเตอร์เนชั่นแนล จำกัด,TH,US,,,phase3_jurisdiction_model,E_model_predicted_jurisdiction,E_model_only,0.2146,0,1,,,,0.0
IN,TH,US,TH,9845009553E0CC6B9476,บริษัท อมันดา จิวเวลรี่ จำกัด,TH,US,,,phase3_jurisdiction_model,E_model_predicted_jurisdiction,E_model_only,0.2146,0,1,,,,0.0
IN,TH,EUROPE,TH,9845001B9868B149B121,บริษัท อาร์มิน ซีสเท็มส์ จำกัด,TH,EUROPE,,,phase3_jurisdiction_model,E_model_predicted_jurisdiction,E_model_only,0.2146,0,1,,,,0.0
IN,TH,EUROPE,TH,984500BB2D6AE0377B41,บริษัท โกโก้ รีครีเอชั่น จำกัด,TH,EUROPE,,,phase3_jurisdiction_model,E_model_predicted_jurisdiction,E_model_only,0.2146,0,1,,,,0.0
IN,TH,EUROPE,TH,9845005D2B458I656A31,บริษัท ไมเนอร์ ไลฟ์สไตล์ จำกัด,TH,EUROPE,,,phase3_jurisdiction_model,E_model_predicted_jurisdiction,E_model_only,0.2146,0,1,,,,0.0
IN,TH,GB,TH,254900DRN9SMR7T5TK74,การ์เร็ต ทรานสปอร์ตเทชั้น ซิสเต็มส์ จำกัด,TH,GB,,,phase3_jurisdiction_model,E_model_predicted_jurisdiction,E_model_only,0.2145,0,1,,,,0.0
IN,TH,ASIA_OTHER,TH,2549004392OYOFHKGR40,บริษัท หลักทรัพย์ พาย จำกัด (มหาชน),TH,ASIA_OTHER,,,phase3_jurisdiction_model,E_model_predicted_jurisdiction,E_model_only,0.2143,0,1,,,,0.0
IN,TH,US,TH,254900J68NMXMC47OK63,กองทุนเปิดไทยพาณิชย์ตราสารหนี้ต่างประเทศ เอเอส 1YD6 ห้ามขายผู้ลงทุนรายย่อย,TH,US,,,phase3_jurisdiction_model,E_model_predicted_jurisdiction,E_model_only,0.2142,0,1,,,,0.0
IN,TH,US,TH,254900O1D8XMQRS9HF79,กองทุนเปิดไทยพาณิชย์ตราสารหนี้ต่างประเทศ เอเอส 1YD7 ห้ามขายผู้ลงทุนรายย่อย,TH,US,,,phase3_jurisdiction_model,E_model_predicted_jurisdiction,E_model_only,0.2142,0,1,,,,0.0
IN,TH,US,TH,254900RKDPKRIPO8WD97,กองทุนเปิดไทยพาณิชย์ตราสารหนี้ต่างประเทศ เอเอส 1YE1 ห้ามขายผู้ลงทุนรายย่อย,TH,US,,,phase3_jurisdiction_model,E_model_predicted_jurisdiction,E_model_only,0.2142,0,1,,,,0.0
IN,TH,US,TH,2549001JUP80H71USE88,กองทุนเปิดไทยพาณิชย์ตราสารหนี้ต่างประเทศ เอเอส 1YE2 ห้ามขายผู้ลงทุนรายย่อย,TH,US,,,phase3_jurisdiction_model,E_model_predicted_jurisdiction,E_model_only,0.2142,0,1,,,,0.0
IN,TH,US,TH,2549009CLKSVTKCBHN25,กองทุนเปิดไทยพาณิชย์ตราสารหนี้ต่างประเทศ เอเอส 1YE3 ห้ามขายผู้ลงทุนรายย่อย,TH,US,,,phase3_jurisdiction_model,E_model_predicted_jurisdiction,E_model_only,0.2142,0,1,,,,0.0
IN,TH,US,TH,2549009M274WY7VNBT88,กองทุนเปิดไทยพาณิชย์ตราสารหนี้ต่างประเทศ เอเอส 1YE5 ห้ามขายผู้ลงทุนรายย่อย,TH,US,,,phase3_jurisdiction_model,E_model_predicted_jurisdiction,E_model_only,0.2142,0,1,,,,0.0
IN,TH,US,TH,254900QFJU8NKUGMRT69,กองทุนเปิดไทยพาณิชย์ตราสารหนี้ต่างประเทศ เอเอส 3MB4 ห้ามขายผู้ลงทุนรายย่อย,TH,US,,,phase3_jurisdiction_model,E_model_predicted_jurisdiction,E_model_only,0.2142,0,1,,,,0.0
IN,TH,US,TH,2549006TRVGHIZ1I4N87,กองทุนเปิดไทยพาณิชย์ตราสารหนี้ต่างประเทศ เอเอส 3MB5 ห้ามขายผู้ลงทุนรายย่อย,TH,US,,,phase3_jurisdiction_model,E_model_predicted_jurisdiction,E_model_only,0.2142,0,1,,,,0.0
IN,TH,US,TH,2549004BIHAIWNLHSK80,กองทุนเปิดไทยพาณิชย์ตราสารหนี้ต่างประเทศ เอเอส 3MB6 ห้ามขายผู้ลงทุนรายย่อย,TH,US,,,phase3_jurisdiction_model,E_model_predicted_jurisdiction,E_model_only,0.2142,0,1,,,,0.0
IN,TH,US,TH,254900UTI2CP5FTWQZ31,กองทุนเปิดไทยพาณิชย์ตราสารหนี้ต่างประเทศ เอเอส 3MB7 ห้ามขายผู้ลงทุนรายย่อย,TH,US,,,phase3_jurisdiction_model,E_model_predicted_jurisdiction,E_model_only,0.2142,0,1,,,,0.0
IN,TH,US,TH,254900KYZ1OJINWQJB55,กองทุนเปิดไทยพาณิชย์ตราสารหนี้ต่างประเทศ เอเอส 3MB8 ห้ามขายผู้ลงทุนรายย่อย,TH,US,,,phase3_jurisdiction_model,E_model_predicted_jurisdiction,E_model_only,0.2142,0,1,,,,0.0
IN,TH,US,TH,25490024NLHCLYGUT804,กองทุนเปิดไทยพาณิชย์ตราสารหนี้ต่างประเทศ เอเอส 3MC3 ห้ามขายผู้ลงทุนรายย่อย,TH,US,,,phase3_jurisdiction_model,E_model_predicted_jurisdiction,E_model_only,0.2142,0,1,,,,0.0
IN,TH,US,TH,254900PTO24VYVQUN461,กองทุนเปิดไทยพาณิชย์ตราสารหนี้ต่างประเทศ เอเอส 3MC5 ห้ามขายผู้ลงทุนรายย่อย,TH,US,,,phase3_jurisdiction_model,E_model_predicted_jurisdiction,E_model_only,0.2142,0,1,,,,0.0
IN,TH,US,TH,254900UF9MPH7271XF61,กองทุนเปิดไทยพาณิชย์ตราสารหนี้ต่างประเทศ เอเอส 3MC7 ห้ามขายผู้ลงทุนรายย่อย,TH,US,,,phase3_jurisdiction_model,E_model_predicted_jurisdiction,E_model_only,0.2142,0,1,,,,0.0
IN,TH,US,TH,2549004WF080127GCS86,กองทุนเปิดไทยพาณิชย์ตราสารหนี้ต่างประเทศ เอเอส 3MC8 ห้ามขายผู้ลงทุนรายย่อย,TH,US,,,phase3_jurisdiction_model,E_model_predicted_jurisdiction,E_model_only,0.2142,0,1,,,,0.0
IN,TH,US,TH,254900NVU25RLPUZZN64,กองทุนเปิดไทยพาณิชย์ตราสารหนี้ต่างประเทศ เอเอส 3MD4 ห้ามขายผู้ลงทุนรายย่อย,TH,US,,,phase3_jurisdiction_model,E_model_predicted_jurisdiction,E_model_only,0.2142,0,1,,,,0.0
IN,TH,US,TH,254900J8UE6GTVBII122,กองทุนเปิดไทยพาณิชย์ตราสารหนี้ต่างประเทศ เอเอส 3MD5 ห้ามขายผู้ลงทุนรายย่อย,TH,US,,,phase3_jurisdiction_model,E_model_predicted_jurisdiction,E_model_only,0.2142,0,1,,,,0.0
IN,TH,US,TH,254900XQS48757TERX97,กองทุนเปิดไทยพาณิชย์ตราสารหนี้ต่างประเทศ เอเอส 3MD6 ห้ามขายผู้ลงทุนรายย่อย,TH,US,,,phase3_jurisdiction_model,E_model_predicted_jurisdiction,E_model_only,0.2142,0,1,,,,0.0
IN,TH,US,TH,254900QKRYQ1X6FVIE75,กองทุนเปิดไทยพาณิชย์ตราสารหนี้ต่างประเทศ เอเอส 3MD7 ห้ามขายผู้ลงทุนรายย่อย,TH,US,,,phase3_jurisdiction_model,E_model_predicted_jurisdiction,E_model_only,0.2142,0,1,,,,0.0
IN,TH,US,TH,2549000X32YLWAJALA38,กองทุนเปิดไทยพาณิชย์ตราสารหนี้ต่างประเทศ เอเอส 3MD8 ห้ามขายผู้ลงทุนรายย่อย,TH,US,,,phase3_jurisdiction_model,E_model_predicted_jurisdiction,E_model_only,0.2142,0,1,,,,0.0
IN,TH,US,TH,254900IY941KSAMJOR22,กองทุนเปิดไทยพาณิชย์ตราสารหนี้ต่างประเทศ เอเอส 3มค1 ห้ามขายผู้ลงทุนรายย่อย,TH,US,,,phase3_jurisdiction_model,E_model_predicted_jurisdiction,E_model_only,0.2142,0,1,,,,0.0
IN,TH,US,TH,2549001G2JQRBY399B12,กองทุนเปิดไทยพาณิชย์ตราสารหนี้ต่างประเทศ เอเอส 6MO9 ห้ามขายผู้ลงทุนรายย่อย,TH,US,,,phase3_jurisdiction_model,E_model_predicted_jurisdiction,E_model_only,0.2142,0,1,,,,0.0
IN,TH,US,TH,254900M0445UTVQWIC47,กองทุนเปิดไทยพาณิชย์ตราสารหนี้ต่างประเทศ เอเอส 6MP3 ห้ามขายผู้ลงทุนรายย่อย,TH,US,,,phase3_jurisdiction_model,E_model_predicted_jurisdiction,E_model_only,0.2142,0,1,,,,0.0
IN,TH,US,TH,2549002W7S5XH41SA559,กองทุนเปิดไทยพาณิชย์ตราสารหนี้ต่างประเทศ เอเอส 6MP4 ห้ามขายผู้ลงทุนรายย่อย,TH,US,,,phase3_jurisdiction_model,E_model_predicted_jurisdiction,E_model_only,0.2142,0,1,,,,0.0
IN,TH,US,TH,254900SKLSBQOI5RVV19,กองทุนเปิดไทยพาณิชย์ตราสารหนี้ต่างประเทศ เอเอส 6MP5 ห้ามขายผู้ลงทุนรายย่อย,TH,US,,,phase3_jurisdiction_model,E_model_predicted_jurisdiction,E_model_only,0.2142,0,1,,,,0.0
IN,TH,US,TH,2549005K5GA6IAVN3K81,กองทุนเปิดไทยพาณิชย์ตราสารหนี้ต่างประเทศ เอเอส 6MP7 ห้ามขายผู้ลงทุนรายย่อย,TH,US,,,phase3_jurisdiction_model,E_model_predicted_jurisdiction,E_model_only,0.2142,0,1,,,,0.0
IN,TH,US,TH,254900LUFPOC7BJZ2P79,กองทุนเปิดไทยพาณิชย์ตราสารหนี้ต่างประเทศ เอเอส 6MQ1 ห้ามขายผู้ลงทุนรายย่อย,TH,US,,,phase3_jurisdiction_model,E_model_predicted_jurisdiction,E_model_only,0.2142,0,1,,,,0.0
IN,TH,US,TH,254900Z03CGJZVBCWE83,กองทุนเปิดไทยพาณิชย์ตราสารหนี้ต่างประเทศ เอเอส 6MQ3 ห้ามขายผู้ลงทุนรายย่อย,TH,US,,,phase3_jurisdiction_model,E_model_predicted_jurisdiction,E_model_only,0.2142,0,1,,,,0.0
IN,TH,US,TH,254900SND58Q2QPXJS60,กองทุนเปิดไทยพาณิชย์ตราสารหนี้ต่างประเทศ เอเอส 6MQ9 ห้ามขายผู้ลงทุนรายย่อย,TH,US,,,phase3_jurisdiction_model,E_model_predicted_jurisdiction,E_model_only,0.2142,0,1,,,,0.0
IN,TH,US,TH,254900R7LNLPA2NK8N65,กองทุนเปิดไทยพาณิชย์ตราสารหนี้ต่างประเทศ เอเอส 6MR1 ห้ามขายผู้ลงทุนรายย่อย,TH,US,,,phase3_jurisdiction_model,E_model_predicted_jurisdiction,E_model_only,0.2142,0,1,,,,0.0
IN,TH,US,TH,254900QWU9MSBSZX5J52,กองทุนเปิดไทยพาณิชย์ตราสารหนี้ต่างประเทศ เอเอส 6MR2 ห้ามขายผู้ลงทุนรายย่อย,TH,US,,,phase3_jurisdiction_model,E_model_predicted_jurisdiction,E_model_only,0.2142,0,1,,,,0.0
IN,TH,US,TH,254900F6WVEPA0UP8D23,กองทุนเปิดไทยพาณิชย์ตราสารหนี้ต่างประเทศ เอเอส 6MR4 ห้ามขายผู้ลงทุนรายย่อย,TH,US,,,phase3_jurisdiction_model,E_model_predicted_jurisdiction,E_model_only,0.2142,0,1,,,,0.0
IN,TH,US,TH,984500O8F1E1DB1B0M58,บริษัท เด็นโซ่ อิเล็กทรอนิกส์ (ประเทศไทย) จำกัด,TH,US,,,phase3_jurisdiction_model,E_model_predicted_jurisdiction,E_model_only,0.2137,0,1,,,,0.0
IN,TH,EUROPE,TH,254900R73JTT4VV7HW02,บริษัท จีซี-เอ็ม พีทีเอ จำกัด,TH,EUROPE,,,phase3_jurisdiction_model,E_model_predicted_jurisdiction,E_model_only,0.2136,0,1,,,,0.0
IN,TH,EUROPE,TH,549300JKRXMGSHRTY898,"IWF HOLDING CO., LTD.",TH,EUROPE,,,phase3_jurisdiction_model,E_model_predicted_jurisdiction,E_model_only,0.2135,0,1,,,,0.0
IN,TH,EUROPE,TH,9845005F896CF412CE91,บริษัท อะคูร่า เทคโนโลยี จำกัด,TH,EUROPE,,,phase3_jurisdiction_model,E_model_predicted_jurisdiction,E_model_only,0.2135,0,1,,,,0.0
IN,TH,GB,TH,98450062EB85D08C9681,บริษัท มัลติพลาย โปรฟิต พลัส จำกัด,TH,GB,,,phase3_jurisdiction_model,E_model_predicted_jurisdiction,E_model_only,0.2134,0,1,,,,0.0
IN,TH,EUROPE,TH,254900OYZCMSSE1MRQ97,บริษัท โบวินส์ ซิลเวอร์ จำกัด,TH,EUROPE,,,phase3_jurisdiction_model,E_model_predicted_jurisdiction,E_model_only,0.213,0,1,,,,0.0
IN,TH,EUROPE,TH,2549000QUOOD4NZT5T04,บริษัท มัดเล่ย์ อินฟินิท จำกัด,TH,EUROPE,,,phase3_jurisdiction_model,E_model_predicted_jurisdiction,E_model_only,0.2128,0,1,,,,0.0
IN,TH,GB,TH,984500L5B2BCF7F2E222,บริษัท สยาม วอเตอร์ เฟลม จำกัด,TH,GB,,,phase3_jurisdiction_model,E_model_predicted_jurisdiction,E_model_only,0.2128,0,1,,,,0.0
IN,TH,GB,TH,5493008NOVB632RLJ454,THAI OLEOCHEMICALS COMPANY LIMITED,TH,GB,,,phase3_jurisdiction_model,E_model_predicted_jurisdiction,E_model_only,0.2127,0,1,,,,0.0
IN,TH,EUROPE,TH,549300D8USJ85MQ0JC37,"MAGNOLIA FINEST CORPORATION CO.,LTD.",TH,EUROPE,,,phase3_jurisdiction_model,E_model_predicted_jurisdiction,E_model_only,0.2126,0,1,,,,0.0
IN,TH,US,TH,2549005EGK9ADRZX0Q25,บริษัท มอนเดลีซ ประเทศไทย จำกัด,TH,US,,,phase3_jurisdiction_model,E_model_predicted_jurisdiction,E_model_only,0.2126,0,1,,,,0.0
IN,TH,EUROPE,TH,984500AB066E94B97C71,บริษัท เอวาเรียม (ประเทศไทย) จำกัด,TH,EUROPE,,,phase3_jurisdiction_model,E_model_predicted_jurisdiction,E_model_only,0.2125,0,1,,,,0.0
IN,TH,US,TH,254900815YRI4U0J2T11,บริษัท บอร์กวอร์เนอร์ (ประเทศไทย) จำกัด,TH,US,,,phase3_jurisdiction_model,E_model_predicted_jurisdiction,E_model_only,0.2124,0,1,,,,0.0
IN,TH,US,TH,213800RPOULPPFV7LJ59,บริษัท ไทยแลนด์สเมลติ้ง แอนด์ รีไฟนิ่ง จำกัด,TH,US,,,phase3_jurisdiction_model,E_model_predicted_jurisdiction,E_model_only,0.2124,0,1,,,,0.0
IN,TH,US,TH,549300934SVDG0XSZS49,บริษัท หลักทรัพย์จัดการกองทุนรวมบัวหลวง จำกัด,TH,US,,,phase3_jurisdiction_model,E_model_predicted_jurisdiction,E_model_only,0.212,0,1,,,,0.0
IN,TH,EUROPE,TH,984500CEF5D292E2D915,บริษัท ผลิตภัณฑ์อาหารเมอริท จำกัด,TH,EUROPE,,,phase3_jurisdiction_model,E_model_predicted_jurisdiction,E_model_only,0.2119,0,1,,,,0.0
IN,TH,OTHER,TH,9845000A2FFA805GAC56,บริษัท เอสไอเอส ดิสทริบิวชั่น (ประเทศไทย) จำกัด (มหาชน),TH,OTHER,,,phase3_jurisdiction_model,E_model_predicted_jurisdiction,E_model_only,0.2114,0,1,,,,0.0
IN,TH,ASIA_OTHER,TH,98450048G60A45AOD956,บริษัท เมโทรซิสเต็มส์คอร์ปอเรชั่น จำกัด (มหาชน),TH,ASIA_OTHER,,,phase3_jurisdiction_model,E_model_predicted_jurisdiction,E_model_only,0.2112,0,1,,,,0.0
IN,TH,GB,TH,54930014PLL5D6ZBO898,บริษัท แอสเตอร์ ไลออน คอนซัลติ้ง จำกัด,TH,GB,,,phase3_jurisdiction_model,E_model_predicted_jurisdiction,E_model_only,0.2112,0,1,,,,0.0
IN,TH,US,TH,984500C4M63B707B6309,บริษัท ไทย อคริลิค ไฟเบอร์ จำกัด,TH,US,,,phase3_jurisdiction_model,E_model_predicted_jurisdiction,E_model_only,0.2112,0,1,,,,0.0
IN,TH,GB,TH,9845003791F5C67R6973,บริษัท พรีฟอร์มด์ ไลน์ โปรดัคส์ (ประเทศไทย) จำกัด,TH,GB,,,phase3_jurisdiction_model,E_model_predicted_jurisdiction,E_model_only,0.2109,0,1,,,,0.0
IN,TH,GB,TH,9845008YCF0E4C6DBA47,บริษัท เดนท์สุ คอนซัลติ้ง กรุ๊ป (ประเทศไทย) จำกัด,TH,GB,,,phase3_jurisdiction_model,E_model_predicted_jurisdiction,E_model_only,0.2109,0,1,,,,0.0
IN,TH,US,TH,894500KNOQIDDDC1V619,Ratchaburi Glass Industry Co. Ltd.,TH,US,,,phase3_jurisdiction_model,E_model_predicted_jurisdiction,E_model_only,0.2108,0,1,,,,0.0
IN,TH,US,TH,2549002YGG1OQ2LP2Z74,SCB Foreign Fixed Income Fund 6ML1,TH,US,,,phase3_jurisdiction_model,E_model_predicted_jurisdiction,E_model_only,0.2105,0,1,,,,0.0
IN,TH,EUROPE,TH,984500FUAC085B9E6A38,บริษัท สเวนเซ่นส์ (ไทย) จำกัด,TH,EUROPE,,,phase3_jurisdiction_model,E_model_predicted_jurisdiction,E_model_only,0.2103,0,1,,,,0.0
IN,TH,EUROPE,TH,254900XTJY5POXV16Y13,"Enkei Thai Co., Ltd.",TH,EUROPE,,,phase3_jurisdiction_model,E_model_predicted_jurisdiction,E_model_only,0.2102,0,1,,,,0.0
IN,TH,EUROPE,TH,2549006B9FP5VOIKMB54,บริษัทหลักทรัพย์ InnovestX จำกัด,TH,EUROPE,,,phase3_jurisdiction_model,E_model_predicted_jurisdiction,E_model_only,0.2101,0,1,,,,0.0
IN,TH,US,TH,984500DE94701F2C4592,บริษัท ดีเอสรี โซลูชั่นส์ จํากัด,TH,US,,,phase3_jurisdiction_model,E_model_predicted_jurisdiction,E_model_only,0.21,0,1,,,,0.0
IN,TH,GB,TH,9845005CQ14A69M92A44,บริษัท นอร์ทเธิร์น ออยล์ โค จำกัด,TH,GB,,,phase3_jurisdiction_model,E_model_predicted_jurisdiction,E_model_only,0.21,0,1,,,,0.0
IN,TH,GB,TH,9845003883F2CABCB673,บริษัท สมุย บีช เรสซิเด้นท์ จำกัด,TH,GB,,,phase3_jurisdiction_model,E_model_predicted_jurisdiction,E_model_only,0.21,0,1,,,,0.0
IN,TH,US,TH,984500646B2CDC665731,บริษัท พรรณสิพา (ประเทศไทย) จำกัด,TH,US,,,phase3_jurisdiction_model,E_model_predicted_jurisdiction,E_model_only,0.2098,0,1,,,,0.0
IN,TH,US,TH,549300NP6R86RQ8FLF63,บริษัท คาทูน นาที (ไทยแลนด์) จำกัด,TH,US,,,phase3_jurisdiction_model,E_model_predicted_jurisdiction,E_model_only,0.2094,0,1,,,,0.0
IN,TH,EUROPE,TH,529900MII1G2I4DSY109,บริษัท แซมซั่น คอนโทรลส์ จำกัด,TH,EUROPE,,,phase3_jurisdiction_model,E_model_predicted_jurisdiction,E_model_only,0.2094,0,1,,,,0.0
IN,TH,EUROPE,TH,254900S17F2V5EY9I853,บริษัท ธนากรผลิตภัณฑ์น้ำมันพืช จำกัด,TH,EUROPE,,,phase3_jurisdiction_model,E_model_predicted_jurisdiction,E_model_only,0.2091,0,1,,,,0.0
IN,TH,US,TH,529900TWI3OP2T69EH49,บริษัท อุตสาหกรรมคอมเพรสเซอร์ไทย จำกัด,TH,US,,,phase3_jurisdiction_model,E_model_predicted_jurisdiction,E_model_only,0.2091,0,1,,,,0.0
IN,TH,GB,TH,984500789E5C76F67546,บริษัท เอเชี่ยน ไวร์โปรดักส์ จำกัด,TH,GB,,,phase3_jurisdiction_model,E_model_predicted_jurisdiction,E_model_only,0.209,0,1,,,,0.0
IN,TH,US,TH,984500F70WBA9C62C304,บริษัท เอ็ม ไอ เซอร์วิส จำกัด,TH,US,,,phase3_jurisdiction_model,E_model_predicted_jurisdiction,E_model_only,0.209,0,1,,,,0.0
IN,TH,EUROPE,TH,9845005A20E405548965,บริษัท เด็นโซ่ (ประเทศไทย) จำกัด,TH,EUROPE,,,phase3_jurisdiction_model,E_model_predicted_jurisdiction,E_model_only,0.2089,0,1,,,,0.0
IN,TH,US,TH,549300YV2EY5OW40KK24,VENCOREX (THAILAND) COMPANY LIMITED,TH,US,,,phase3_jurisdiction_model,E_model_predicted_jurisdiction,E_model_only,0.2088,0,1,,,,0.0
IN,TH,US,TH,254900O1BUO1ZW8R1P83,บริษัท โคปแลนด์ (ประเทศไทย) จำกัด,TH,US,,,phase3_jurisdiction_model,E_model_predicted_jurisdiction,E_model_only,0.2088,0,1,,,,0.0
IN,TH,US,TH,549300X1CIRNDQXJLU80,บริษัท อาร์พีแอลเอ็ม (ประเทศไทย) จำกัด,TH,US,,,phase3_jurisdiction_model,E_model_predicted_jurisdiction,E_model_only,0.2087,0,1,,,,0.0
IN,TH,EUROPE,TH,984500FD9EBE90J4C928,บริษัท รักขา ดิจิทัล จำกัด,TH,EUROPE,,,phase3_jurisdiction_model,E_model_predicted_jurisdiction,E_model_only,0.2086,0,1,,,,0.0
IN,TH,GB,TH,98450038A373EA53AF40,บริษัท ทีวีแอลเค เซอร์วิสเซส จำกัด,TH,GB,,,phase3_jurisdiction_model,E_model_predicted_jurisdiction,E_model_only,0.2084,0,1,,,,0.0
IN,TH,US,TH,635400O1TCMU2CQCE375,บริษัท สยาม โอกิทานิ จำกัด,TH,US,,,phase3_jurisdiction_model,E_model_predicted_jurisdiction,E_model_only,0.2084,0,1,,,,0.0
IN,TH,ASIA_OTHER,TH,2549004JMS19A7BD2L78,บริษัท สเปซ เทค อินโนเวชั่น จำกัด,TH,ASIA_OTHER,,,phase3_jurisdiction_model,E_model_predicted_jurisdiction,E_model_only,0.2083,0,1,,,,0.0
IN,TH,US,TH,254900PKN7FENZ8NLW43,บริษัท หลักทรัพย์จัดการกองทุน เกียรตินาคินภัทร จำกัด,TH,US,,,phase3_jurisdiction_model,E_model_predicted_jurisdiction,E_model_only,0.2082,0,1,,,,0.0
IN,TH,US,TH,98450001B0AE3FCCAE39,บริษัท ซิตี้โซน เอ็กซเพรส จำกัด,TH,US,,,phase3_jurisdiction_model,E_model_predicted_jurisdiction,E_model_only,0.2081,0,1,,,,0.0
IN,TH,US,TH,9845005C9EF146X4D540,บริษัท อโกดา เซอร์วิสเซส จำกัด,TH,US,,,phase3_jurisdiction_model,E_model_predicted_jurisdiction,E_model_only,0.2081,0,1,,,,0.0
IN,TH,EUROPE,TH,254900VL0G7EMP9I6183,บริษัท เฟรย์สซีเนท (ไทยแลนด์) จำกัด,TH,EUROPE,,,phase3_jurisdiction_model,E_model_predicted_jurisdiction,E_model_only,0.2077,0,1,,,,0.0
IN,TH,ASIA_OTHER,TH,98450058L3U3N4C51346,บริษัท แอร์ ลิควิด (ประเทศไทย) จำกัด,TH,ASIA_OTHER,,,phase3_jurisdiction_model,E_model_predicted_jurisdiction,E_model_only,0.2077,0,1,,,,0.0
IN,TH,EUROPE,TH,549300BZDBLPR5LUOJ48,บริษัท ดี ซูพรีม จำกัด,TH,EUROPE,,,phase3_jurisdiction_model,E_model_predicted_jurisdiction,E_model_only,0.2075,0,1,,,,0.0
IN,TH,EUROPE,TH,2138004IGHN9UQGDSH20,บริษัท ราช กรุ๊ป จำกัด (มหาชน),TH,EUROPE,,,phase3_jurisdiction_model,E_model_predicted_jurisdiction,E_model_only,0.2075,0,1,,,,0.0
IN,TH,EUROPE,TH,984500ED1C42A95BF991,บริษัท อาร์เค (ประเทศไทย) จำกัด,TH,EUROPE,,,phase3_jurisdiction_model,E_model_predicted_jurisdiction,E_model_only,0.2075,0,1,,,,0.0
IN,TH,GB,TH,5493003N6WKJRIHMX372,"THAI ASIA PACIFIC BREWERY CO., LTD.",TH,GB,,,phase3_jurisdiction_model,E_model_predicted_jurisdiction,E_model_only,0.2072,0,1,,,,0.0
IN,TH,US,TH,984500A55BEH1D68C888,บริษัท เอ็มสปา อินเตอร์เนชั่นแนล จำกัด,TH,US,,,phase3_jurisdiction_model,E_model_predicted_jurisdiction,E_model_only,0.2072,0,1,,,,0.0
IN,TH,EUROPE,TH,984500C86080B13D4589,บริษัท เอสจีเอส (ประเทศไทย) จำกัด,TH,EUROPE,,,phase3_jurisdiction_model,E_model_predicted_jurisdiction,E_model_only,0.2071,0,1,,,,0.0
IN,TH,EUROPE,TH,984500EBB858EA6E8A97,บริษัท เอ็ชเอ็มซี โปลีเมอส์ จำกัด,TH,EUROPE,,,phase3_jurisdiction_model,E_model_predicted_jurisdiction,E_model_only,0.2071,0,1,,,,0.0
IN,TH,ASIA_OTHER,TH,254900OB5IVA9PVI7S76,บริษัท ไอซิน เอเซีย แปซิฟิค จำกัด,TH,ASIA_OTHER,,,phase3_jurisdiction_model,E_model_predicted_jurisdiction,E_model_only,0.2069,0,1,,,,0.0
IN,TH,US,TH,8945008IPIA3S08EBY37,Ocean 11 Phuket CO. LTD,TH,US,,,phase3_jurisdiction_model,E_model_predicted_jurisdiction,E_model_only,0.2068,0,1,,,,0.0
IN,TH,EUROPE,TH,254900C66EHGFJSYZZ64,บริษัท กัลฟ์ แอลเอ็นจี จำกัด,TH,EUROPE,,,phase3_jurisdiction_model,E_model_predicted_jurisdiction,E_model_only,0.2067,0,1,,,,0.0
IN,TH,ASIA_OTHER,TH,9845009C1A76EBE99173,บริษัท ไอที โปร เซอร์วิส จำกัด,TH,ASIA_OTHER,,,phase3_jurisdiction_model,E_model_predicted_jurisdiction,E_model_only,0.2066,0,1,,,,0.0
IN,TH,GB,TH,529900LISJMIQR2GC254,บริษัท บีเอเอสเอฟ โคทติ้งส์ จำกัด,TH,GB,,,phase3_jurisdiction_model,E_model_predicted_jurisdiction,E_model_only,0.2065,0,1,,,,0.0
IN,TH,GB,TH,549300EPD1R4BW7PL670,บริษัท เอสซีลอร์ลูซอตติกา โฮลเซล (ประเทศไทย) จำกัด,TH,GB,,,phase3_jurisdiction_model,E_model_predicted_jurisdiction,E_model_only,0.2065,0,1,,,,0.0
IN,TH,EUROPE,TH,984500643E3889IBWF06,บริษัท สยามโตโยต้าอุตสาหกรรม จำกัด,TH,EUROPE,,,phase3_jurisdiction_model,E_model_predicted_jurisdiction,E_model_only,0.2064,0,1,,,,0.0
IN,TH,US,TH,984500E56BFA2E015206,Network of Aquaculture Centres in Asia-Pacific,TH,US,,,phase3_jurisdiction_model,E_model_predicted_jurisdiction,E_model_only,0.206,0,1,,,,0.0
IN,TH,US,TH,98450094C10D63K4F291,บริษัท สถาบันการจัดการธุรกิจบริการและการโรงแรมแห่งเอเชีย จำกัด,TH,US,,,phase3_jurisdiction_model,E_model_predicted_jurisdiction,E_model_only,0.2057,0,1,,,,0.0
IN,TH,EUROPE,TH,984500DECD62C56D1D12,บริษัท อีริคสัน (ประเทศไทย) จำกัด,TH,EUROPE,,,phase3_jurisdiction_model,E_model_predicted_jurisdiction,E_model_only,0.2056,0,1,,,,0.0
IN,TH,ASIA_OTHER,TH,984500E69942BC684I39,บริษัท เอจีซี วีนิไทย จำกัด (มหาชน),TH,ASIA_OTHER,,,phase3_jurisdiction_model,E_model_predicted_jurisdiction,E_model_only,0.2053,0,1,,,,0.0
IN,TH,US,TH,5299004RVBHW3QRPGI20,บริษัท ชูลเลอร์ (ไทยแลนด์) จำกัด,TH,US,,,phase3_jurisdiction_model,E_model_predicted_jurisdiction,E_model_only,0.2051,0,1,,,,0.0
IN,TH,EUROPE,TH,254900SLLR504BYBZR20,บริษัท ดู๊ด ครีเอชั่น จำกัด,TH,EUROPE,,,phase3_jurisdiction_model,E_model_predicted_jurisdiction,E_model_only,0.205,0,1,,,,0.0
IN,TH,EUROPE,TH,894500TPY3V79A07SN10,บริษัท ทองสนธม จำกัด,TH,EUROPE,,,phase3_jurisdiction_model,E_model_predicted_jurisdiction,E_model_only,0.2048,0,1,,,,0.0
IN,TH,US,TH,529900VVFK2D39E1RZ07,บริษัท เอบีพี อินดั๊กชั่น จำกัด,TH,US,,,phase3_jurisdiction_model,E_model_predicted_jurisdiction,E_model_only,0.2045,0,1,,,,0.0
IN,TH,EUROPE,TH,9845004DR10C3E3AC350,บริษัท ยูนิคอร์ เวนเจอร์ จำกัด,TH,EUROPE,,,phase3_jurisdiction_model,E_model_predicted_jurisdiction,E_model_only,0.2043,0,1,,,,0.0
IN,TH,EUROPE,TH,984500AQ1BC4C49D8O17,บริษัท ราชสีมา ผลิตเหล็ก จำกัด,TH,EUROPE,,,phase3_jurisdiction_model,E_model_predicted_jurisdiction,E_model_only,0.2043,0,1,,,,0.0
IN,TH,US,TH,254900YVPIGS9VDRZ124,บริษัท หลักทรัพย์ เอเซีย พลัส จำกัด,TH,US,,,phase3_jurisdiction_model,E_model_predicted_jurisdiction,E_model_only,0.2043,0,1,,,,0.0
IN,TH,GB,TH,5493003O52FZIU288T66,ALSTOM GRID COMPANY LIMITED,TH,GB,,,phase3_jurisdiction_model,E_model_predicted_jurisdiction,E_model_only,0.2042,0,1,,,,0.0
IN,TH,GB,TH,549300GR85JYZVWGC635,TOC GLYCOL COMPANY LIMITED,TH,GB,,,phase3_jurisdiction_model,E_model_predicted_jurisdiction,E_model_only,0.2042,0,1,,,,0.0
IN,TH,EUROPE,TH,984500P99F0DFF5D7464,บริษัท เอเชียน เทรลส์ จำกัด,TH,EUROPE,,,phase3_jurisdiction_model,E_model_predicted_jurisdiction,E_model_only,0.2042,0,1,,,,0.0
IN,TH,US,TH,549300PNQH628DTH5332,หลักทรัพย์ ยูบีเอส (ประเทศไทย) จำกัด,TH,US,,,phase3_jurisdiction_model,E_model_predicted_jurisdiction,E_model_only,0.2037,0,1,,,,0.0
IN,TH,EUROPE,TH,98450066Q64EA84DF991,บริษัท โอเอสเอโอ กรุ๊ป จำกัด,TH,EUROPE,,,phase3_jurisdiction_model,E_model_predicted_jurisdiction,E_model_only,0.2034,0,1,,,,0.0
IN,TH,EUROPE,TH,549300LI00RAVGIZFR75,GE ELANO ASIA LIMITED,TH,EUROPE,,,phase3_jurisdiction_model,E_model_predicted_jurisdiction,E_model_only,0.2029,0,1,,,,0.0
IN,TH,US,TH,254900L41LLQXSD74Q07,บริษัทหลักทรัพย์จัดการกองทุน แอสเซท พลัส จำกัด,TH,US,,,phase3_jurisdiction_model,E_model_predicted_jurisdiction,E_model_only,0.2029,0,1,,,,0.0
IN,TH,GB,TH,213800NCTWJIQLVGU612,เอ็นทีที โซลูชั่นส์ (ประเทศไทย) จำกัด,TH,GB,,,phase3_jurisdiction_model,E_model_predicted_jurisdiction,E_model_only,0.2026,0,1,,,,0.0
IN,TH,US,TH,98450090956069DAE105,บริษัท โภไคย โฮลดิ้งส์ จำกัด,TH,US,,,phase3_jurisdiction_model,E_model_predicted_jurisdiction,E_model_only,0.2025,0,1,,,,0.0
IN,TH,EUROPE,TH,549300TZBRXU5KMHWR85,บริษัท ดีแคทลอน (ประเทศไทย) จำกัด,TH,EUROPE,,,phase3_jurisdiction_model,E_model_predicted_jurisdiction,E_model_only,0.2021,0,1,,,,0.0
IN,TH,US,TH,984500C7FCT903ELFE19,บริษัท เมซเสอร์ (ประเทศไทย) จำกัด,TH,US,,,phase3_jurisdiction_model,E_model_predicted_jurisdiction,E_model_only,0.2021,0,1,,,,0.0
IN,TH,US,TH,254900SLSC5VKCYKGT06,บริษัท ไวซ์ไซท์ (ประเทศไทย) จำกัด,TH,US,,,phase3_jurisdiction_model,E_model_predicted_jurisdiction,E_model_only,0.2021,0,1,,,,0.0
IN,TH,US,TH,254900ULDPZZR6YIFP63,บริษัท มิตานิ สยาม เทค จำกัด,TH,US,,,phase3_jurisdiction_model,E_model_predicted_jurisdiction,E_model_only,0.202,0,1,,,,0.0
IN,TH,ASIA_OTHER,TH,98450085D9F9FD2H0170,บริษัท เวิลด์ รีวอร์ด โซลูชั่น จำกัด,TH,ASIA_OTHER,,,phase3_jurisdiction_model,E_model_predicted_jurisdiction,E_model_only,0.202,0,1,,,,0.0
IN,TH,US,TH,9845005461BB7D8A8247,บริษัท เฟิร์มเมนนิช (ประเทศไทย) จำกัด,TH,US,,,phase3_jurisdiction_model,E_model_predicted_jurisdiction,E_model_only,0.2018,0,1,,,,0.0
IN,TH,EUROPE,TH,89450055U0WVQ59COJ46,ไทย ฟู้ดส์ อาหารสัตว์ จำกัด,TH,EUROPE,,,phase3_jurisdiction_model,E_model_predicted_jurisdiction,E_model_only,0.2016,0,1,,,,0.0
IN,TH,US,TH,984500CF488GE755E383,บริษัท นวศรี แมนูแฟคเจอริ่ง จำกัด,TH,US,,,phase3_jurisdiction_model,E_model_predicted_jurisdiction,E_model_only,0.2013,0,1,,,,0.0
IN,TH,US,TH,984500959F6138397097,บริษัท อินเตอร์แมน คอร์ปอเรชั่น จำกัด,TH,US,,,phase3_jurisdiction_model,E_model_predicted_jurisdiction,E_model_only,0.2011,0,1,,,,0.0
IN,TH,DE,TH,984500A9BA3794440B31,บริษัท อูช่า สยาม สตีล อินดัสตรียส์ จำกัด (มหาชน),TH,DE,,,phase3_jurisdiction_model,E_model_predicted_jurisdiction,E_model_only,0.2011,0,1,,,,0.0
IN,TH,US,TH,9845006D8C9444AG6446,บริษัท บี.กริม เพาเวอร์ (เอไออี-เอ็มทีพี) จำกัด,TH,US,,,phase3_jurisdiction_model,E_model_predicted_jurisdiction,E_model_only,0.2009,0,1,,,,0.0
IN,TH,US,TH,254900QSTJO67GB9P120,บริษัทหลักทรัพย์จัดการกองทุน บางกอกแคปปิตอล จำกัด,TH,US,,,phase3_jurisdiction_model,E_model_predicted_jurisdiction,E_model_only,0.2008,0,1,,,,0.0
IN,TH,US,TH,984500B4DE8986958290,บริษัท อาร์ เอส แคนเนอรี่ จำกัด,TH,US,,,phase3_jurisdiction_model,E_model_predicted_jurisdiction,E_model_only,0.2006,0,1,,,,0.0
IN,TH,ASIA_OTHER,TH,984500EBBD962E39B514,บริษัท สยาม เคียวซัน เด็นโซ่ จำกัด,TH,ASIA_OTHER,,,phase3_jurisdiction_model,E_model_predicted_jurisdiction,E_model_only,0.2003,0,1,,,,0.0
IN,TH,US,TH,254900VHBQHN4BBLCY50,บริษัท ทอเรซิด (ประเทศไทย) จำกัด,TH,US,,,phase3_jurisdiction_model,E_model_predicted_jurisdiction,E_model_only,0.1998,0,1,,,,0.0
IN,TH,EUROPE,TH,213800Z8U6ZJ1EP3K461,บริษัท แอเดียนท์ (ประเทศไทย) จำกัด,TH,EUROPE,,,phase3_jurisdiction_model,E_model_predicted_jurisdiction,E_model_only,0.1997,0,1,,,,0.0
IN,TH,US,TH,549300FKWLWEDKV2PM50,บริษัท หลักทรัพย์จัดการกองทุน ดาโอ จำกัด,TH,US,,,phase3_jurisdiction_model,E_model_predicted_jurisdiction,E_model_only,0.1996,0,1,,,,0.0
IN,TH,EUROPE,TH,254900JSRWZ01BLYTN57,บริษัท พีซีเอ็ม (ประเทศไทย) จำกัด,TH,EUROPE,,,phase3_jurisdiction_model,E_model_predicted_jurisdiction,E_model_only,0.1991,0,1,,,,0.0
IN,TH,US,TH,984500A844AAAA5ABC17,บริษัท ฟอสร็อค (ประเทศไทย) จำกัด,TH,US,,,phase3_jurisdiction_model,E_model_predicted_jurisdiction,E_model_only,0.1985,0,1,,,,0.0
IN,TH,EUROPE,TH,254900YG3UJTE2RQ9490,บริษัท เจ้าพระยา รีเซิร์ช จำกัด,TH,EUROPE,,,phase3_jurisdiction_model,E_model_predicted_jurisdiction,E_model_only,0.1983,0,1,,,,0.0
IN,TH,US,TH,984500B1MEF2B770K407,บริษัท สยาม นิปปอน โกลบอล เทรด จำกัด,TH,US,,,phase3_jurisdiction_model,E_model_predicted_jurisdiction,E_model_only,0.1982,0,1,,,,0.0
IN,TH,EUROPE,TH,549300LUFQBC2EQNAR40,บริษัท จีซี ศูนย์บริหารเงิน จำกัด,TH,EUROPE,,,phase3_jurisdiction_model,E_model_predicted_jurisdiction,E_model_only,0.1981,0,1,,,,0.0
IN,TH,GB,TH,529900UCXO72QYLP1673,บริษัท บีแอลซีพี เพาเวอร์ จำกัด,TH,GB,,,phase3_jurisdiction_model,E_model_predicted_jurisdiction,E_model_only,0.1981,0,1,,,,0.0
IN,TH,ASIA_OTHER,TH,254900JU0PDLVJW2P977,บริษัท เอไอจี ประกันภัย (ประเทศไทย) จํากัด (มหาชน),TH,ASIA_OTHER,,,phase3_jurisdiction_model,E_model_predicted_jurisdiction,E_model_only,0.1977,0,1,,,,0.0
IN,TH,US,TH,2549009Z9HKJSV42XI08,บริษัทฮั่วเซ่งเฮง โกลด์ฟิวเจอร์ จำกัด,TH,US,,,phase3_jurisdiction_model,E_model_predicted_jurisdiction,E_model_only,0.197,0,1,,,,0.0
IN,TH,GB,TH,984500DF987EBAC2F863,บริษัท อินเตอร์ไฟเบอร์ คอนเทนเนอร์ จำกัด,TH,GB,,,phase3_jurisdiction_model,E_model_predicted_jurisdiction,E_model_only,0.1968,0,1,,,,0.0
IN,TH,EUROPE,TH,98450078D2B38B1FAD95,บริษัท ฮูทามากิ (ประเทศไทย) จำกัด,TH,EUROPE,,,phase3_jurisdiction_model,E_model_predicted_jurisdiction,E_model_only,0.1967,0,1,,,,0.0
IN,TH,US,TH,254900CUXGVEDB885B18,บริษัท มาจอเร็ตต์ (ประเทศไทย) จำกัด,TH,US,,,phase3_jurisdiction_model,E_model_predicted_jurisdiction,E_model_only,0.1964,0,1,,,,0.0
IN,TH,US,TH,2549004NI0JB0LZI9H05,บริษัท แอคเซลเลอรอน (ประเทศไทย) จำกัด,TH,US,,,phase3_jurisdiction_model,E_model_predicted_jurisdiction,E_model_only,0.1963,0,1,,,,0.0
IN,TH,EUROPE,TH,254900FW5PM0YC7P3O61,SVI Public Company Limited,TH,EUROPE,,,phase3_jurisdiction_model,E_model_predicted_jurisdiction,E_model_only,0.1962,0,1,,,,0.0
IN,TH,GB,TH,9845000F5EAD8B57GX26,บริษัท ออโตลิฟ (ประเทศไทย) จำกัด,TH,GB,,,phase3_jurisdiction_model,E_model_predicted_jurisdiction,E_model_only,0.1961,0,1,,,,0.0
IN,TH,US,TH,25490035X01006ZGXC48,บริษัท ชายน์นิ่งโกลด์ บูลเลี่ยน จำกัด,TH,US,,,phase3_jurisdiction_model,E_model_predicted_jurisdiction,E_model_only,0.196,0,1,,,,0.0
IN,TH,GB,TH,984500AB6F99599CD122,บริษัท ไอเอ็มซีดี (ประเทศไทย) จำกัด,TH,GB,,,phase3_jurisdiction_model,E_model_predicted_jurisdiction,E_model_only,0.1959,0,1,,,,0.0
IN,TH,US,TH,984500E73UTXFAN3C051,บริษัท หลักทรัพย์จัดการกองทุน เอ็กซ์สปริง จำกัด,TH,US,,,phase3_jurisdiction_model,E_model_predicted_jurisdiction,E_model_only,0.1955,0,1,,,,0.0
IN,TH,GB,TH,2549006FSC196EVOHE13,บริษัท เคอร์ลอสการ์ บราเธอร์ส (ประเทศไทย) จำกัด,TH,GB,,,phase3_jurisdiction_model,E_model_predicted_jurisdiction,E_model_only,0.1955,0,1,,,,0.0
IN,TH,OTHER,TH,549300SH62QL2TQ41R25,บริษัท น้ำตาลขอนแก่น จำกัด (มหาชน),TH,OTHER,,,phase3_jurisdiction_model,E_model_predicted_jurisdiction,E_model_only,0.1954,0,1,,,,0.0
IN,TH,US,TH,9845003CCA08F2F10D44,บริษัท เอสเซนทรา อีสเทิร์น จำกัด,TH,US,,,phase3_jurisdiction_model,E_model_predicted_jurisdiction,E_model_only,0.1954,0,1,,,,0.0
IN,TH,EUROPE,TH,984500D2AE0OCM3C3K16,บริษัท กรุงเทพฯ ลีเชอร์ จำกัด,TH,EUROPE,,,phase3_jurisdiction_model,E_model_predicted_jurisdiction,E_model_only,0.1953,0,1,,,,0.0
IN,TH,US,TH,549300SEL6KXZFYU9X36,Sustainable Investments Ltd,TH,US,,,phase3_jurisdiction_model,E_model_predicted_jurisdiction,E_model_only,0.1951,0,1,,,,0.0
IN,TH,US,TH,529900CKBH7YTEQC5365,บริษัท แชฟฟ์เลอร์ (ประเทศไทย) จำกัด,TH,US,,,phase3_jurisdiction_model,E_model_predicted_jurisdiction,E_model_only,0.1945,0,1,,,,0.0
IN,TH,US,TH,254900I7ESRJOA3FVN16,บริษัท วายแอลจี คอร์ปอเรชั่น จำกัด,TH,US,,,phase3_jurisdiction_model,E_model_predicted_jurisdiction,E_model_only,0.1943,0,1,,,,0.0
IN,TH,US,TH,984500EB5AB188044A05,บริษัท อายิโนะโมะโต๊ะ (ประเทศไทย) จำกัด,TH,US,,,phase3_jurisdiction_model,E_model_predicted_jurisdiction,E_model_only,0.1942,0,1,,,,0.0
IN,TH,ASIA_OTHER,TH,984500B6X5J80089C456,บริษัท เอเซียติค อุตสาหกรรมเกษตร จำกัด,TH,ASIA_OTHER,,,phase3_jurisdiction_model,E_model_predicted_jurisdiction,E_model_only,0.1934,0,1,,,,0.0
IN,TH,EUROPE,TH,254900TQKZIWHGCL0587,"Global Architectural Co., Ltd.",TH,EUROPE,,,phase3_jurisdiction_model,E_model_predicted_jurisdiction,E_model_only,0.1933,0,1,,,,0.0
IN,TH,EUROPE,TH,254900KB22OK90VHJJ07,บริษัท ไทย ดีซี วัน จำกัด,TH,EUROPE,,,phase3_jurisdiction_model,E_model_predicted_jurisdiction,E_model_only,0.1933,0,1,,,,0.0
IN,TH,US,TH,25490061Y47U028PJ362,บริษัทหลักทรัพย์นายหน้าซื้อขายหน่วยลงทุนโรโบเวลธ์ จำกัด,TH,US,,,phase3_jurisdiction_model,E_model_predicted_jurisdiction,E_model_only,0.1933,0,1,,,,0.0
IN,TH,EUROPE,TH,98450063A4F73N0AEA05,บริษัท จุติวัฒน์ อินเตอร์กรุ๊ป จำกัด,TH,EUROPE,,,phase3_jurisdiction_model,E_model_predicted_jurisdiction,E_model_only,0.192,0,1,,,,0.0
IN,TH,EUROPE,TH,984500AE63C8888A0B57,บริษัท ออคตากอน อินเทอร์แอคทีฟ จำกัด,TH,EUROPE,,,phase3_jurisdiction_model,E_model_predicted_jurisdiction,E_model_only,0.192,0,1,,,,0.0
IN,TH,EUROPE,TH,9845004A575E44B1E694,บริษัท ครอมัลลอย (ประเทศไทย) จำกัด,TH,EUROPE,,,phase3_jurisdiction_model,E_model_predicted_jurisdiction,E_model_only,0.1918,0,1,,,,0.0
IN,TH,EUROPE,TH,25490057PCA8RBFQWZ87,นีโอเพิรล์ เอเชีย แปซิฟิค จำกัด,TH,EUROPE,,,phase3_jurisdiction_model,E_model_predicted_jurisdiction,E_model_only,0.1915,0,1,,,,0.0
IN,TH,US,TH,2549004I9A7SOTFK6218,บริษัท อินเตอร์โกลด์ โกลด์เทรด จำกัด,TH,US,,,phase3_jurisdiction_model,E_model_predicted_jurisdiction,E_model_only,0.1906,0,1,,,,0.0
IN,TH,US,TH,5493003HV4ICBEQYBO97,บริษัท หลักทรัพย์จัดการกองทุน กสิกรไทย จำกัด,TH,US,,,phase3_jurisdiction_model,E_model_predicted_jurisdiction,E_model_only,0.1905,0,1,,,,0.0
IN,TH,EUROPE,TH,529900T8WVHOVFX5SD37,บริษัท โกรเฮ่ สยาม จำกัด,TH,EUROPE,,,phase3_jurisdiction_model,E_model_predicted_jurisdiction,E_model_only,0.1897,0,1,,,,0.0
IN,TH,EUROPE,TH,254900GZXMRUN0OE7W30,บริษัท ฮั่วเซ่งเฮง คอมโมดิทัซ จำกัด,TH,EUROPE,,,phase3_jurisdiction_model,E_model_predicted_jurisdiction,E_model_only,0.1893,0,1,,,,0.0
IN,TH,EUROPE,TH,254900G1SKB4NP40RZ67,บริษัท ไทยซัมซุง อิเลคโทรนิคส์ จำกัด,TH,EUROPE,,,phase3_jurisdiction_model,E_model_predicted_jurisdiction,E_model_only,0.1888,0,1,,,,0.0
IN,TH,US,TH,549300NVNGUWK7VPZZ56,บริษัท บีเอเอสเอฟ (ไทย) จำกัด,TH,US,,,phase3_jurisdiction_model,E_model_predicted_jurisdiction,E_model_only,0.1883,0,1,,,,0.0
IN,TH,ASIA_OTHER,TH,254900NC5304IMJU4726,บริษัท สตาร์ รีชเชอร์ กรุ๊ป จำกัด,TH,ASIA_OTHER,,,phase3_jurisdiction_model,E_model_predicted_jurisdiction,E_model_only,0.188,0,1,,,,0.0
IN,TH,GB,TH,875500PIZ14V2R4SJP11,บริษัท ซิกป้า (ประเทศไทย) จำกัด,TH,GB,,,phase3_jurisdiction_model,E_model_predicted_jurisdiction,E_model_only,0.1879,0,1,,,,0.0
IN,TH,EUROPE,TH,549300LMB44HMMMGXD29,PERKIN-ELMER COMPANY LIMITED,TH,EUROPE,,,phase3_jurisdiction_model,E_model_predicted_jurisdiction,E_model_only,0.1878,0,1,,,,0.0
IN,TH,US,TH,894500KNDNEU3EOAK268,"Ayutthaya Glass Industry Co.,Ltd.",TH,US,,,phase3_jurisdiction_model,E_model_predicted_jurisdiction,E_model_only,0.1874,0,1,,,,0.0
IN,TH,EUROPE,TH,2549006BH14RDR4SHO13,บริษัทหลักทรัพย์จัดการกองทุน การ์เดียนแคปิตอล จำกัด,TH,EUROPE,,,phase3_jurisdiction_model,E_model_predicted_jurisdiction,E_model_only,0.1864,0,1,,,,0.0
IN,TH,US,TH,9845003DFE46F96J0393,บริษัท สตาร์ส ไมโครอิเล็กทรอนิกส์ (ประเทศไทย) จำกัด (มหาชน),TH,US,,,phase3_jurisdiction_model,E_model_predicted_jurisdiction,E_model_only,0.1854,0,1,,,,0.0
IN,TH,EUROPE,TH,549300XVKEP330SHK357,บริษัท โกลว์ เอสพีพี 3 จำกัด,TH,EUROPE,,,phase3_jurisdiction_model,E_model_predicted_jurisdiction,E_model_only,0.1852,0,1,,,,0.0
IN,TH,US,TH,894500H271PPI0TKKY71,"Pathumthani Glass Industry Co.,Ltd.",TH,US,,,phase3_jurisdiction_model,E_model_predicted_jurisdiction,E_model_only,0.1851,0,1,,,,0.0
IN,TH,ASIA_OTHER,TH,984500C054D9D5U2AB27,เอวานทิส แลบอราทอรี (ประเทศไทย) จำกัด,TH,ASIA_OTHER,,,phase3_jurisdiction_model,E_model_predicted_jurisdiction,E_model_only,0.1815,0,1,,,,0.0
IN,TH,EUROPE,TH,549300504U6FLN5QQE66,บริษัท ครอบครัวธรรมดาพาณิชย์ จำกัด,TH,EUROPE,,,phase3_jurisdiction_model,E_model_predicted_jurisdiction,E_model_only,0.1814,0,1,,,,0.0
IN,TH,GB,TH,549300ZYY7524VF6JP88,บริษัท แอ๊บบอต ลาบอแรตอรีส จำกัด,TH,GB,,,phase3_jurisdiction_model,E_model_predicted_jurisdiction,E_model_only,0.1794,0,1,,,,0.0
IN,TH,EUROPE,TH,9845001B06P7DLA7EA44,บริษัท จัดหางานกรุงเทพสุ้นฮวดเทรดดิ้ง จำกัด,TH,EUROPE,,,phase3_jurisdiction_model,E_model_predicted_jurisdiction,E_model_only,0.1768,0,1,,,,0.0
IN,TH,EUROPE,TH,549300POLQR36WFOJ153,DOLLARFX (THAILAND) COMPANY LIMITED,TH,EUROPE,,,phase3_jurisdiction_model,E_model_predicted_jurisdiction,E_model_only,0.1765,0,1,,,,0.0
IN,TH,GB,TH,5493002R4ZU8B5JMCB83,RESOLUTION ALLIANCE COMPANY LIMITED,TH,GB,,,phase3_jurisdiction_model,E_model_predicted_jurisdiction,E_model_only,0.17,0,1,,,,0.0
