lei,legal_name,review_priority_score,review_reason,review_status,entity_type,review_note,coverage_gap_priority_score,reason_flags,uie_country,uie_source,evidence_tier,uie_confidence,predicted_parent_country,prediction_probability,confidence_gap,top3_countries,top3_probabilities,direct_parent_name,direct_parent_country,ultimate_parent_name,ultimate_parent_country,ctos_registered_malaysia,ctos_name,ctos_match_score,ctos_match_method,override_reason,source_url,source_note,city,size_proxy,has_parent_link,has_ultimate_link,foreign_parent,is_non_consolidating,has_exception_filed,has_inferred_parent,in_address_cluster
254900HN95II2992PL66,18M Enhanced Income Fund 1,0.3891,fund_product_vehicle_rule_applied,product_vehicle_rule_applied,fund_or_product_vehicle,,0.40907310484346526,shared_address_cluster;non_consolidating_entity;missing_direct_parent;missing_ultimate_parent,SG,phase3_jurisdiction_model,E_model_predicted_jurisdiction,0.8443,SG,0.8443,0.7647,SG;US;OFFSHORE,0.8443;0.0796;0.0694,,,,,0.0,,,,,,,Kuala Lumpur,1.3976854846715725,0,0,0,1,1,0,1
254900GQJRZSAHWRDZ04,AHAM AIIMAN Asia (Ex Japan) Growth Fund,0.3891,fund_product_vehicle_rule_applied,product_vehicle_rule_applied,fund_or_product_vehicle,,0.40907310484346526,shared_address_cluster;non_consolidating_entity;missing_direct_parent;missing_ultimate_parent,US,phase3_jurisdiction_model,E_model_predicted_jurisdiction,0.5748,US,0.5748,0.1548,US;SG;ASIA_OTHER,0.5748;0.42;0.0021,,,,,0.0,,,,,,,Kuala Lumpur,1.3976854846715725,0,0,0,1,1,0,1
2549005DI015N4SLI387,AHAM AIIMAN Select Income Fund,0.3891,fund_product_vehicle_rule_applied,product_vehicle_rule_applied,fund_or_product_vehicle,,0.40907310484346526,shared_address_cluster;non_consolidating_entity;missing_direct_parent;missing_ultimate_parent,US,phase3_jurisdiction_model,E_model_predicted_jurisdiction,0.6913,US,0.6913,0.4575,US;SG;EUROPE,0.6913;0.2337;0.0741,,,,,0.0,,,,,,,Kuala Lumpur,1.3976854846715725,0,0,0,1,1,0,1
2549001L197CIVK3M843,AHAM AIIMAN WORLD SERIES - GLOBAL MULTI ASSET INCOME FUND,0.3891,fund_product_vehicle_rule_applied,product_vehicle_rule_applied,fund_or_product_vehicle,,0.40907310484346526,shared_address_cluster;non_consolidating_entity;missing_direct_parent;missing_ultimate_parent,ASIA_OTHER,phase3_jurisdiction_model,E_model_predicted_jurisdiction,0.9937,ASIA_OTHER,0.9937,0.9886,ASIA_OTHER;SG;US,0.9937;0.005;0.0012,,,,,0.0,,,,,,,Kuala Lumpur,1.3976854846715725,0,0,0,1,1,0,1
2549004G0FJ2HWJ26J20,AHAM ALTERNATIVES – ALPHA BONDS,0.3891,fund_product_vehicle_rule_applied,product_vehicle_rule_applied,fund_or_product_vehicle,,0.40907310484346526,shared_address_cluster;non_consolidating_entity;missing_direct_parent;missing_ultimate_parent,SG,phase3_jurisdiction_model,E_model_predicted_jurisdiction,0.9599,SG,0.9599,0.9268,SG;US;OFFSHORE,0.9599;0.0331;0.0036,,,,,0.0,,,,,,,Kuala Lumpur,1.3976854846715725,0,0,0,1,1,0,1
25490099KA5OB2WYDA56,AHAM ALTERNATIVES – GLOBAL MARKET NEUTRAL FUND,0.3891,fund_product_vehicle_rule_applied,product_vehicle_rule_applied,fund_or_product_vehicle,,0.40907310484346526,shared_address_cluster;non_consolidating_entity;missing_direct_parent;missing_ultimate_parent,SG,phase3_jurisdiction_model,E_model_predicted_jurisdiction,0.8357,SG,0.8357,0.6837,SG;ASIA_OTHER;US,0.8357;0.1519;0.0076,,,,,0.0,,,,,,,Kuala Lumpur,1.3976854846715725,0,0,0,1,1,0,1
254900QD5GF3VSDUWX81,AHAM ASEAN Flexi Fund,0.3891,fund_product_vehicle_rule_applied,product_vehicle_rule_applied,fund_or_product_vehicle,,0.40907310484346526,shared_address_cluster;non_consolidating_entity;missing_direct_parent;missing_ultimate_parent,SG,phase3_jurisdiction_model,E_model_predicted_jurisdiction,0.5475,SG,0.5475,0.0961,SG;US;GB,0.5475;0.4514;0.0006,,,,,0.0,,,,,,,Kuala Lumpur,1.3976854846715725,0,0,0,1,1,0,1
254900D9U00GPZP9JS26,AHAM Absolute Return Fund I,0.3891,fund_product_vehicle_rule_applied,product_vehicle_rule_applied,fund_or_product_vehicle,,0.40907310484346526,shared_address_cluster;non_consolidating_entity;missing_direct_parent;missing_ultimate_parent,US,phase3_jurisdiction_model,E_model_predicted_jurisdiction,0.7619,US,0.7619,0.5272,US;SG;ASIA_OTHER,0.7619;0.2347;0.0023,,,,,0.0,,,,,,,Kuala Lumpur,1.3976854846715725,0,0,0,1,1,0,1
254900LOX1ALORBGX968,AHAM Absolute Return Fund II,0.3891,fund_product_vehicle_rule_applied,product_vehicle_rule_applied,fund_or_product_vehicle,,0.40907310484346526,shared_address_cluster;non_consolidating_entity;missing_direct_parent;missing_ultimate_parent,US,phase3_jurisdiction_model,E_model_predicted_jurisdiction,0.7574,US,0.7574,0.5241,US;SG;ASIA_OTHER,0.7574;0.2333;0.0078,,,,,0.0,,,,,,,Kuala Lumpur,1.3976854846715725,0,0,0,1,1,0,1
254900MRDKHBB5OGXV50,AHAM Absolute Return Fund III,0.3891,fund_product_vehicle_rule_applied,product_vehicle_rule_applied,fund_or_product_vehicle,,0.40907310484346526,shared_address_cluster;non_consolidating_entity;missing_direct_parent;missing_ultimate_parent,US,phase3_jurisdiction_model,E_model_predicted_jurisdiction,0.7621,US,0.7621,0.5274,US;SG;EUROPE,0.7621;0.2348;0.0022,,,,,0.0,,,,,,,Kuala Lumpur,1.3976854846715725,0,0,0,1,1,0,1
25490027VC2M6KFGVL65,AHAM Aiiman Balanced Fund,0.3891,fund_product_vehicle_rule_applied,product_vehicle_rule_applied,fund_or_product_vehicle,,0.40907310484346526,shared_address_cluster;non_consolidating_entity;missing_direct_parent;missing_ultimate_parent,SG,phase3_jurisdiction_model,E_model_predicted_jurisdiction,0.9356,SG,0.9356,0.899,SG;US;OFFSHORE,0.9356;0.0366;0.0259,,,,,0.0,,,,,,,Kuala Lumpur,1.3976854846715725,0,0,0,1,1,0,1
254900CESH48IHXU1X50,AHAM Aiiman ESG Income Plus Fund,0.3891,fund_product_vehicle_rule_applied,product_vehicle_rule_applied,fund_or_product_vehicle,,0.40907310484346526,shared_address_cluster;non_consolidating_entity;missing_direct_parent;missing_ultimate_parent,SG,phase3_jurisdiction_model,E_model_predicted_jurisdiction,0.9951,SG,0.9951,0.9913,SG;EUROPE;US,0.9951;0.0038;0.001,,,,,0.0,,,,,,,Kuala Lumpur,1.3976854846715725,0,0,0,1,1,0,1
254900YGCOD9GO64SL87,AHAM Aiiman Global Income Plus Fund,0.3891,fund_product_vehicle_rule_applied,product_vehicle_rule_applied,fund_or_product_vehicle,,0.40907310484346526,shared_address_cluster;non_consolidating_entity;missing_direct_parent;missing_ultimate_parent,SG,phase3_jurisdiction_model,E_model_predicted_jurisdiction,0.6777,SG,0.6777,0.3571,SG;US;DE,0.6777;0.3206;0.0013,,,,,0.0,,,,,,,Kuala Lumpur,1.3976854846715725,0,0,0,1,1,0,1
254900HGEQCIXOY36594,AHAM Aiiman Global Multi Thematic Fund,0.3891,fund_product_vehicle_rule_applied,product_vehicle_rule_applied,fund_or_product_vehicle,,0.40907310484346526,shared_address_cluster;non_consolidating_entity;missing_direct_parent;missing_ultimate_parent,SG,phase3_jurisdiction_model,E_model_predicted_jurisdiction,0.8666,SG,0.8666,0.7345,SG;US;OFFSHORE,0.8666;0.132;0.0005,,,,,0.0,,,,,,,Kuala Lumpur,1.3976854846715725,0,0,0,1,1,0,1
254900CTKF96486OZM94,AHAM Aiiman Global Thematic Mixed Asset Fund,0.3891,fund_product_vehicle_rule_applied,product_vehicle_rule_applied,fund_or_product_vehicle,,0.40907310484346526,shared_address_cluster;non_consolidating_entity;missing_direct_parent;missing_ultimate_parent,ASIA_OTHER,phase3_jurisdiction_model,E_model_predicted_jurisdiction,0.5413,ASIA_OTHER,0.5413,0.0845,ASIA_OTHER;SG;GB,0.5413;0.4569;0.0016,,,,,0.0,,,,,,,Kuala Lumpur,1.3976854846715725,0,0,0,1,1,0,1
254900R50UKIKT05HK63,AHAM Aiiman Income Fund,0.3891,fund_product_vehicle_rule_applied,product_vehicle_rule_applied,fund_or_product_vehicle,,0.40907310484346526,shared_address_cluster;non_consolidating_entity;missing_direct_parent;missing_ultimate_parent,SG,phase3_jurisdiction_model,E_model_predicted_jurisdiction,0.9828,SG,0.9828,0.9749,SG;US;GB,0.9828;0.0079;0.0078,,,,,0.0,,,,,,,Kuala Lumpur,1.3976854846715725,0,0,0,1,1,0,1
25490004FDILJX7BGH35,AHAM Aiiman Money Market Fund,0.3891,fund_product_vehicle_rule_applied,product_vehicle_rule_applied,fund_or_product_vehicle,,0.40907310484346526,shared_address_cluster;non_consolidating_entity;missing_direct_parent;missing_ultimate_parent,SG,phase3_jurisdiction_model,E_model_predicted_jurisdiction,0.8836,SG,0.8836,0.7749,SG;US;EUROPE,0.8836;0.1087;0.0057,,,,,0.0,,,,,,,Kuala Lumpur,1.3976854846715725,0,0,0,1,1,0,1
254900VU0GCD6F9XW020,AHAM Aiiman PRS Shariah Conservative Fund,0.3891,fund_product_vehicle_rule_applied,product_vehicle_rule_applied,fund_or_product_vehicle,,0.40907310484346526,shared_address_cluster;non_consolidating_entity;missing_direct_parent;missing_ultimate_parent,SG,phase3_jurisdiction_model,E_model_predicted_jurisdiction,0.9388,SG,0.9388,0.891,SG;GB;DE,0.9388;0.0478;0.0095,,,,,0.0,,,,,,,Kuala Lumpur,1.3976854846715725,0,0,0,1,1,0,1
254900S38HQR9VX08S10,AHAM Aiiman PRS Shariah Growth Fund,0.3891,fund_product_vehicle_rule_applied,product_vehicle_rule_applied,fund_or_product_vehicle,,0.40907310484346526,shared_address_cluster;non_consolidating_entity;missing_direct_parent;missing_ultimate_parent,SG,phase3_jurisdiction_model,E_model_predicted_jurisdiction,0.9967,SG,0.9967,0.995,SG;GB;DE,0.9967;0.0016;0.0008,,,,,0.0,,,,,,,Kuala Lumpur,1.3976854846715725,0,0,0,1,1,0,1
254900IG559IXFSK0O58,AHAM Aiiman PRS Shariah Moderate Fund,0.3891,fund_product_vehicle_rule_applied,product_vehicle_rule_applied,fund_or_product_vehicle,,0.40907310484346526,shared_address_cluster;non_consolidating_entity;missing_direct_parent;missing_ultimate_parent,SG,phase3_jurisdiction_model,E_model_predicted_jurisdiction,0.9966,SG,0.9966,0.9949,SG;GB;DE,0.9966;0.0017;0.0008,,,,,0.0,,,,,,,Kuala Lumpur,1.3976854846715725,0,0,0,1,1,0,1
254900UI7UKH6W44XU41,AHAM Aiiman Quantum Fund,0.3891,fund_product_vehicle_rule_applied,product_vehicle_rule_applied,fund_or_product_vehicle,,0.40907310484346526,shared_address_cluster;non_consolidating_entity;missing_direct_parent;missing_ultimate_parent,SG,phase3_jurisdiction_model,E_model_predicted_jurisdiction,0.8756,SG,0.8756,0.7826,SG;US;ASIA_OTHER,0.8756;0.093;0.0177,,,,,0.0,,,,,,,Kuala Lumpur,1.3976854846715725,0,0,0,1,1,0,1
254900GVMUASDSWYLF53,AHAM Aiiman World Series - Systematic World Equity Fund,0.3891,fund_product_vehicle_rule_applied,product_vehicle_rule_applied,fund_or_product_vehicle,,0.40907310484346526,shared_address_cluster;non_consolidating_entity;missing_direct_parent;missing_ultimate_parent,SG,phase3_jurisdiction_model,E_model_predicted_jurisdiction,0.9407,SG,0.9407,0.8989,SG;GB;US,0.9407;0.0418;0.0105,,,,,0.0,,,,,,,Kuala Lumpur,1.3976854846715725,0,0,0,1,1,0,1
254900TT8EOVVBJEO632,AHAM Asia Bond Fund,0.3891,fund_product_vehicle_rule_applied,product_vehicle_rule_applied,fund_or_product_vehicle,,0.40907310484346526,shared_address_cluster;non_consolidating_entity;missing_direct_parent;missing_ultimate_parent,SG,phase3_jurisdiction_model,E_model_predicted_jurisdiction,0.8066,SG,0.8066,0.6149,SG;US;EUROPE,0.8066;0.1917;0.0006,,,,,0.0,,,,,,,Kuala Lumpur,1.3976854846715725,0,0,0,1,1,0,1
2549007W2MXQXM8WR016,AHAM Bond Fund,0.3891,fund_product_vehicle_rule_applied,product_vehicle_rule_applied,fund_or_product_vehicle,,0.40907310484346526,shared_address_cluster;non_consolidating_entity;missing_direct_parent;missing_ultimate_parent,SG,phase3_jurisdiction_model,E_model_predicted_jurisdiction,0.9892,SG,0.9892,0.9812,SG;US;EUROPE,0.9892;0.008;0.0015,,,,,0.0,,,,,,,Kuala Lumpur,1.3976854846715725,0,0,0,1,1,0,1
254900K8U2EJUEXNM632,AHAM ESG SGD Bond Fund,0.3891,fund_product_vehicle_rule_applied,product_vehicle_rule_applied,fund_or_product_vehicle,,0.40907310484346526,shared_address_cluster;non_consolidating_entity;missing_direct_parent;missing_ultimate_parent,SG,phase3_jurisdiction_model,E_model_predicted_jurisdiction,0.5792,SG,0.5792,0.2898,SG;ASIA_OTHER;US,0.5792;0.2893;0.1232,,,,,0.0,,,,,,,Kuala Lumpur,1.3976854846715725,0,0,0,1,1,0,1
254900YC4HTB13CL0996,AHAM ESG Wholesale Fixed Income Fund,0.3891,fund_product_vehicle_rule_applied,product_vehicle_rule_applied,fund_or_product_vehicle,,0.40907310484346526,shared_address_cluster;non_consolidating_entity;missing_direct_parent;missing_ultimate_parent,SG,phase3_jurisdiction_model,E_model_predicted_jurisdiction,0.9967,SG,0.9967,0.9951,SG;GB;DE,0.9967;0.0016;0.0008,,,,,0.0,,,,,,,Kuala Lumpur,1.3976854846715725,0,0,0,1,1,0,1
254900BCKPO2527M7N70,AHAM EduGrowth & Income Fund,0.3891,fund_product_vehicle_rule_applied,product_vehicle_rule_applied,fund_or_product_vehicle,,0.40907310484346526,shared_address_cluster;non_consolidating_entity;missing_direct_parent;missing_ultimate_parent,ASIA_OTHER,phase3_jurisdiction_model,E_model_predicted_jurisdiction,0.81,ASIA_OTHER,0.81,0.6611,ASIA_OTHER;SG;US,0.81;0.1488;0.0406,,,,,0.0,,,,,,,Kuala Lumpur,1.3976854846715725,0,0,0,1,1,0,1
2549002VDTM8LW537D88,AHAM Enhanced Deposit Fund,0.3891,fund_product_vehicle_rule_applied,product_vehicle_rule_applied,fund_or_product_vehicle,,0.40907310484346526,shared_address_cluster;non_consolidating_entity;missing_direct_parent;missing_ultimate_parent,SG,phase3_jurisdiction_model,E_model_predicted_jurisdiction,0.5841,SG,0.5841,0.1988,SG;OFFSHORE;US,0.5841;0.3853;0.0297,,,,,0.0,,,,,,,Kuala Lumpur,1.3976854846715725,0,0,0,1,1,0,1
254900CXB59MWTVE3R84,AHAM Flexi Fund 6,0.3891,fund_product_vehicle_rule_applied,product_vehicle_rule_applied,fund_or_product_vehicle,,0.40907310484346526,shared_address_cluster;non_consolidating_entity;missing_direct_parent;missing_ultimate_parent,SG,phase3_jurisdiction_model,E_model_predicted_jurisdiction,0.9775,SG,0.9775,0.957,SG;US;GB,0.9775;0.0206;0.0009,,,,,0.0,,,,,,,Kuala Lumpur,1.3976854846715725,0,0,0,1,1,0,1
254900X0J0TD0O11QT90,AHAM Flexi Fund 7,0.3891,fund_product_vehicle_rule_applied,product_vehicle_rule_applied,fund_or_product_vehicle,,0.40907310484346526,shared_address_cluster;non_consolidating_entity;missing_direct_parent;missing_ultimate_parent,SG,phase3_jurisdiction_model,E_model_predicted_jurisdiction,0.9775,SG,0.9775,0.957,SG;US;GB,0.9775;0.0206;0.0009,,,,,0.0,,,,,,,Kuala Lumpur,1.3976854846715725,0,0,0,1,1,0,1
254900QC09ASBTC56L92,AHAM Flexi Fund 8,0.3891,fund_product_vehicle_rule_applied,product_vehicle_rule_applied,fund_or_product_vehicle,,0.40907310484346526,shared_address_cluster;non_consolidating_entity;missing_direct_parent;missing_ultimate_parent,SG,phase3_jurisdiction_model,E_model_predicted_jurisdiction,0.9788,SG,0.9788,0.9616,SG;GB;DE,0.9788;0.0173;0.0017,,,,,0.0,,,,,,,Kuala Lumpur,1.3976854846715725,0,0,0,1,1,0,1
254900J7Q6WPH4AFA813,AHAM Flexi Fund 9,0.3891,fund_product_vehicle_rule_applied,product_vehicle_rule_applied,fund_or_product_vehicle,,0.40907310484346526,shared_address_cluster;non_consolidating_entity;missing_direct_parent;missing_ultimate_parent,SG,phase3_jurisdiction_model,E_model_predicted_jurisdiction,0.9844,SG,0.9844,0.9741,SG;EUROPE;US,0.9844;0.0103;0.0018,,,,,0.0,,,,,,,Kuala Lumpur,1.3976854846715725,0,0,0,1,1,0,1
2549001R1K4NBAX4D035,AHAM Flexi Fund I,0.3891,fund_product_vehicle_rule_applied,product_vehicle_rule_applied,fund_or_product_vehicle,,0.40907310484346526,shared_address_cluster;non_consolidating_entity;missing_direct_parent;missing_ultimate_parent,SG,phase3_jurisdiction_model,E_model_predicted_jurisdiction,0.6187,SG,0.6187,0.2392,SG;US;GB,0.6187;0.3795;0.0008,,,,,0.0,,,,,,,Kuala Lumpur,1.3976854846715725,0,0,0,1,1,0,1
2549002IQBWCGTGHLK30,AHAM Flexi Fund II,0.3891,fund_product_vehicle_rule_applied,product_vehicle_rule_applied,fund_or_product_vehicle,,0.40907310484346526,shared_address_cluster;non_consolidating_entity;missing_direct_parent;missing_ultimate_parent,SG,phase3_jurisdiction_model,E_model_predicted_jurisdiction,0.8066,SG,0.8066,0.6149,SG;US;EUROPE,0.8066;0.1917;0.0006,,,,,0.0,,,,,,,Kuala Lumpur,1.3976854846715725,0,0,0,1,1,0,1
254900BP6OZ59OTKGW31,AHAM Flexi Fund III,0.3891,fund_product_vehicle_rule_applied,product_vehicle_rule_applied,fund_or_product_vehicle,,0.40907310484346526,shared_address_cluster;non_consolidating_entity;missing_direct_parent;missing_ultimate_parent,SG,phase3_jurisdiction_model,E_model_predicted_jurisdiction,0.8066,SG,0.8066,0.6149,SG;US;EUROPE,0.8066;0.1917;0.0006,,,,,0.0,,,,,,,Kuala Lumpur,1.3976854846715725,0,0,0,1,1,0,1
2549006PATRE3IUSB665,AHAM Flexi Fund V,0.3891,fund_product_vehicle_rule_applied,product_vehicle_rule_applied,fund_or_product_vehicle,,0.40907310484346526,shared_address_cluster;non_consolidating_entity;missing_direct_parent;missing_ultimate_parent,SG,phase3_jurisdiction_model,E_model_predicted_jurisdiction,0.6187,SG,0.6187,0.2392,SG;US;GB,0.6187;0.3795;0.0008,,,,,0.0,,,,,,,Kuala Lumpur,1.3976854846715725,0,0,0,1,1,0,1
254900DKBUV8BQPUSF17,AHAM Flexible Maturity Income Fund 15,0.3891,fund_product_vehicle_rule_applied,product_vehicle_rule_applied,fund_or_product_vehicle,,0.40907310484346526,shared_address_cluster;non_consolidating_entity;missing_direct_parent;missing_ultimate_parent,SG,phase3_jurisdiction_model,E_model_predicted_jurisdiction,0.9423,SG,0.9423,0.9092,SG;US;ASIA_OTHER,0.9423;0.0331;0.0232,,,,,0.0,,,,,,,Kuala Lumpur,1.3976854846715725,0,0,0,1,1,0,1
254900DB1REP8LFEDE82,AHAM Flexible Maturity Income Fund 16,0.3891,fund_product_vehicle_rule_applied,product_vehicle_rule_applied,fund_or_product_vehicle,,0.40907310484346526,shared_address_cluster;non_consolidating_entity;missing_direct_parent;missing_ultimate_parent,SG,phase3_jurisdiction_model,E_model_predicted_jurisdiction,0.9882,SG,0.9882,0.9769,SG;US;OFFSHORE,0.9882;0.0113;0.0002,,,,,0.0,,,,,,,Kuala Lumpur,1.3976854846715725,0,0,0,1,1,0,1
2549001DN2RQ5CXSKU97,AHAM Flexible Maturity Income Fund 17,0.3891,fund_product_vehicle_rule_applied,product_vehicle_rule_applied,fund_or_product_vehicle,,0.40907310484346526,shared_address_cluster;non_consolidating_entity;missing_direct_parent;missing_ultimate_parent,SG,phase3_jurisdiction_model,E_model_predicted_jurisdiction,0.9882,SG,0.9882,0.9769,SG;US;OFFSHORE,0.9882;0.0113;0.0002,,,,,0.0,,,,,,,Kuala Lumpur,1.3976854846715725,0,0,0,1,1,0,1
254900AFZU3OPYJDX365,AHAM Flexible Maturity Income Fund 18,0.3891,fund_product_vehicle_rule_applied,product_vehicle_rule_applied,fund_or_product_vehicle,,0.40907310484346526,shared_address_cluster;non_consolidating_entity;missing_direct_parent;missing_ultimate_parent,SG,phase3_jurisdiction_model,E_model_predicted_jurisdiction,0.9882,SG,0.9882,0.9769,SG;US;OFFSHORE,0.9882;0.0113;0.0002,,,,,0.0,,,,,,,Kuala Lumpur,1.3976854846715725,0,0,0,1,1,0,1
2549007K4X5U2VTT8B05,AHAM Flexible Maturity Income Fund 19,0.3891,fund_product_vehicle_rule_applied,product_vehicle_rule_applied,fund_or_product_vehicle,,0.40907310484346526,shared_address_cluster;non_consolidating_entity;missing_direct_parent;missing_ultimate_parent,SG,phase3_jurisdiction_model,E_model_predicted_jurisdiction,0.9882,SG,0.9882,0.9769,SG;US;OFFSHORE,0.9882;0.0113;0.0002,,,,,0.0,,,,,,,Kuala Lumpur,1.3976854846715725,0,0,0,1,1,0,1
254900FC3PUDLIYHUH90,AHAM Flexible Maturity Income Fund 20,0.3891,fund_product_vehicle_rule_applied,product_vehicle_rule_applied,fund_or_product_vehicle,,0.40907310484346526,shared_address_cluster;non_consolidating_entity;missing_direct_parent;missing_ultimate_parent,SG,phase3_jurisdiction_model,E_model_predicted_jurisdiction,0.9423,SG,0.9423,0.9092,SG;US;ASIA_OTHER,0.9423;0.0331;0.0232,,,,,0.0,,,,,,,Kuala Lumpur,1.3976854846715725,0,0,0,1,1,0,1
25490055SR7GA8LROX21,AHAM Flexible Maturity Income Fund 21,0.3891,fund_product_vehicle_rule_applied,product_vehicle_rule_applied,fund_or_product_vehicle,,0.40907310484346526,shared_address_cluster;non_consolidating_entity;missing_direct_parent;missing_ultimate_parent,SG,phase3_jurisdiction_model,E_model_predicted_jurisdiction,0.9423,SG,0.9423,0.9092,SG;US;ASIA_OTHER,0.9423;0.0331;0.0232,,,,,0.0,,,,,,,Kuala Lumpur,1.3976854846715725,0,0,0,1,1,0,1
254900NVEP1J4BFKZZ83,AHAM Hard Currencies Fixed Income Fund,0.3891,fund_product_vehicle_rule_applied,product_vehicle_rule_applied,fund_or_product_vehicle,,0.40907310484346526,shared_address_cluster;non_consolidating_entity;missing_direct_parent;missing_ultimate_parent,SG,phase3_jurisdiction_model,E_model_predicted_jurisdiction,0.9882,SG,0.9882,0.9769,SG;US;OFFSHORE,0.9882;0.0113;0.0002,,,,,0.0,,,,,,,Kuala Lumpur,1.3976854846715725,0,0,0,1,1,0,1
2549000KZLGGHZYNFN63,AHAM INR Flexi Fund,0.3891,fund_product_vehicle_rule_applied,product_vehicle_rule_applied,fund_or_product_vehicle,,0.40907310484346526,shared_address_cluster;non_consolidating_entity;missing_direct_parent;missing_ultimate_parent,SG,phase3_jurisdiction_model,E_model_predicted_jurisdiction,0.8066,SG,0.8066,0.6149,SG;US;EUROPE,0.8066;0.1917;0.0006,,,,,0.0,,,,,,,Kuala Lumpur,1.3976854846715725,0,0,0,1,1,0,1
254900S01YCS8H9B0S67,AHAM Income Extra Fund,0.3891,fund_product_vehicle_rule_applied,product_vehicle_rule_applied,fund_or_product_vehicle,,0.40907310484346526,shared_address_cluster;non_consolidating_entity;missing_direct_parent;missing_ultimate_parent,SG,phase3_jurisdiction_model,E_model_predicted_jurisdiction,0.9567,SG,0.9567,0.9146,SG;US;GB,0.9567;0.0421;0.0006,,,,,0.0,,,,,,,Kuala Lumpur,1.3976854846715725,0,0,0,1,1,0,1
254900CLE1YCZIWHCS51,AHAM Income Fund 3,0.3891,fund_product_vehicle_rule_applied,product_vehicle_rule_applied,fund_or_product_vehicle,,0.40907310484346526,shared_address_cluster;non_consolidating_entity;missing_direct_parent;missing_ultimate_parent,SG,phase3_jurisdiction_model,E_model_predicted_jurisdiction,0.9875,SG,0.9875,0.9764,SG;US;EUROPE,0.9875;0.0111;0.0005,,,,,0.0,,,,,,,Kuala Lumpur,1.3976854846715725,0,0,0,1,1,0,1
254900GF8VK7H2TNPX19,AHAM Income Fund 4,0.3891,fund_product_vehicle_rule_applied,product_vehicle_rule_applied,fund_or_product_vehicle,,0.40907310484346526,shared_address_cluster;non_consolidating_entity;missing_direct_parent;missing_ultimate_parent,SG,phase3_jurisdiction_model,E_model_predicted_jurisdiction,0.9875,SG,0.9875,0.9764,SG;US;EUROPE,0.9875;0.0111;0.0005,,,,,0.0,,,,,,,Kuala Lumpur,1.3976854846715725,0,0,0,1,1,0,1
25490064GVQLG3VUO656,AHAM Income Fund 5,0.3891,fund_product_vehicle_rule_applied,product_vehicle_rule_applied,fund_or_product_vehicle,,0.40907310484346526,shared_address_cluster;non_consolidating_entity;missing_direct_parent;missing_ultimate_parent,SG,phase3_jurisdiction_model,E_model_predicted_jurisdiction,0.9875,SG,0.9875,0.9764,SG;US;EUROPE,0.9875;0.0111;0.0005,,,,,0.0,,,,,,,Kuala Lumpur,1.3976854846715725,0,0,0,1,1,0,1
254900L6AUHP3XSGAB23,AHAM Income Fund 6,0.3891,fund_product_vehicle_rule_applied,product_vehicle_rule_applied,fund_or_product_vehicle,,0.40907310484346526,shared_address_cluster;non_consolidating_entity;missing_direct_parent;missing_ultimate_parent,SG,phase3_jurisdiction_model,E_model_predicted_jurisdiction,0.9299,SG,0.9299,0.8872,SG;US;ASIA_OTHER,0.9299;0.0427;0.0188,,,,,0.0,,,,,,,Kuala Lumpur,1.3976854846715725,0,0,0,1,1,0,1
254900NQP4KDZLKNDX83,AHAM Income Fund 7,0.3891,fund_product_vehicle_rule_applied,product_vehicle_rule_applied,fund_or_product_vehicle,,0.40907310484346526,shared_address_cluster;non_consolidating_entity;missing_direct_parent;missing_ultimate_parent,SG,phase3_jurisdiction_model,E_model_predicted_jurisdiction,0.9883,SG,0.9883,0.9804,SG;GB;DE,0.9883;0.0078;0.0017,,,,,0.0,,,,,,,Kuala Lumpur,1.3976854846715725,0,0,0,1,1,0,1
254900CWYJ5K5CEF2812,AHAM Income Fund 8,0.3891,fund_product_vehicle_rule_applied,product_vehicle_rule_applied,fund_or_product_vehicle,,0.40907310484346526,shared_address_cluster;non_consolidating_entity;missing_direct_parent;missing_ultimate_parent,SG,phase3_jurisdiction_model,E_model_predicted_jurisdiction,0.9942,SG,0.9942,0.9916,SG;EUROPE;GB,0.9942;0.0026;0.0017,,,,,0.0,,,,,,,Kuala Lumpur,1.3976854846715725,0,0,0,1,1,0,1
254900PGR7Y00NQDAC41,AHAM Income Fund I,0.3891,fund_product_vehicle_rule_applied,product_vehicle_rule_applied,fund_or_product_vehicle,,0.40907310484346526,shared_address_cluster;non_consolidating_entity;missing_direct_parent;missing_ultimate_parent,SG,phase3_jurisdiction_model,E_model_predicted_jurisdiction,0.9891,SG,0.9891,0.9797,SG;US;EUROPE,0.9891;0.0095;0.0005,,,,,0.0,,,,,,,Kuala Lumpur,1.3976854846715725,0,0,0,1,1,0,1
254900UXLAV1IXL7LK58,AHAM Income Fund II,0.3891,fund_product_vehicle_rule_applied,product_vehicle_rule_applied,fund_or_product_vehicle,,0.40907310484346526,shared_address_cluster;non_consolidating_entity;missing_direct_parent;missing_ultimate_parent,SG,phase3_jurisdiction_model,E_model_predicted_jurisdiction,0.9891,SG,0.9891,0.9797,SG;US;EUROPE,0.9891;0.0095;0.0005,,,,,0.0,,,,,,,Kuala Lumpur,1.3976854846715725,0,0,0,1,1,0,1
254900AXEDLFBME03F04,AHAM Income Management Fund,0.3891,fund_product_vehicle_rule_applied,product_vehicle_rule_applied,fund_or_product_vehicle,,0.40907310484346526,shared_address_cluster;non_consolidating_entity;missing_direct_parent;missing_ultimate_parent,SG,phase3_jurisdiction_model,E_model_predicted_jurisdiction,0.7772,SG,0.7772,0.5798,SG;OFFSHORE;US,0.7772;0.1974;0.0175,,,,,0.0,,,,,,,Kuala Lumpur,1.3976854846715725,0,0,0,1,1,0,1
254900Y9W92KYXA7Z324,AHAM Institutional Bond Fund,0.3891,fund_product_vehicle_rule_applied,product_vehicle_rule_applied,fund_or_product_vehicle,,0.40907310484346526,shared_address_cluster;non_consolidating_entity;missing_direct_parent;missing_ultimate_parent,SG,phase3_jurisdiction_model,E_model_predicted_jurisdiction,0.8859,SG,0.8859,0.7792,SG;US;OFFSHORE,0.8859;0.1067;0.0045,,,,,0.0,,,,,,,Kuala Lumpur,1.3976854846715725,0,0,0,1,1,0,1
254900NFYAUG9TAQQ709,AHAM Malaysia Government Bond Fund,0.3891,fund_product_vehicle_rule_applied,product_vehicle_rule_applied,fund_or_product_vehicle,,0.40907310484346526,shared_address_cluster;non_consolidating_entity;missing_direct_parent;missing_ultimate_parent,SG,phase3_jurisdiction_model,E_model_predicted_jurisdiction,0.929,SG,0.929,0.8754,SG;GB;DE,0.929;0.0536;0.0151,,,,,0.0,,,,,,,Kuala Lumpur,1.3976854846715725,0,0,0,1,1,0,1
254900QP3BQ0WAR2PQ21,AHAM Multi-Asset Fund,0.3891,fund_product_vehicle_rule_applied,product_vehicle_rule_applied,fund_or_product_vehicle,,0.40907310484346526,shared_address_cluster;non_consolidating_entity;missing_direct_parent;missing_ultimate_parent,SG,phase3_jurisdiction_model,E_model_predicted_jurisdiction,0.5439,SG,0.5439,0.0962,SG;US;GB,0.5439;0.4477;0.0078,,,,,0.0,,,,,,,Kuala Lumpur,1.3976854846715725,0,0,0,1,1,0,1
254900FQF7W2R954F329,AHAM Multi-Asset Fund 2,0.3891,fund_product_vehicle_rule_applied,product_vehicle_rule_applied,fund_or_product_vehicle,,0.40907310484346526,shared_address_cluster;non_consolidating_entity;missing_direct_parent;missing_ultimate_parent,SG,phase3_jurisdiction_model,E_model_predicted_jurisdiction,0.9599,SG,0.9599,0.9206,SG;US;GB,0.9599;0.0393;0.0003,,,,,0.0,,,,,,,Kuala Lumpur,1.3976854846715725,0,0,0,1,1,0,1
254900W0YIQ8H902MX33,AHAM Multi-Asset Fund 3,0.3891,fund_product_vehicle_rule_applied,product_vehicle_rule_applied,fund_or_product_vehicle,,0.40907310484346526,shared_address_cluster;non_consolidating_entity;missing_direct_parent;missing_ultimate_parent,SG,phase3_jurisdiction_model,E_model_predicted_jurisdiction,0.9533,SG,0.9533,0.9074,SG;US;OFFSHORE,0.9533;0.0459;0.0004,,,,,0.0,,,,,,,Kuala Lumpur,1.3976854846715725,0,0,0,1,1,0,1
254900RKC55V32VG1Y67,AHAM Multi-Asset Fund 5,0.3891,fund_product_vehicle_rule_applied,product_vehicle_rule_applied,fund_or_product_vehicle,,0.40907310484346526,shared_address_cluster;non_consolidating_entity;missing_direct_parent;missing_ultimate_parent,SG,phase3_jurisdiction_model,E_model_predicted_jurisdiction,0.5382,SG,0.5382,0.08,SG;US;GB,0.5382;0.4582;0.0032,,,,,0.0,,,,,,,Kuala Lumpur,1.3976854846715725,0,0,0,1,1,0,1
254900D2ANJAUPX6XV97,AHAM PRS Conservative Fund,0.3891,fund_product_vehicle_rule_applied,product_vehicle_rule_applied,fund_or_product_vehicle,,0.40907310484346526,shared_address_cluster;non_consolidating_entity;missing_direct_parent;missing_ultimate_parent,SG,phase3_jurisdiction_model,E_model_predicted_jurisdiction,0.5841,SG,0.5841,0.1988,SG;OFFSHORE;US,0.5841;0.3853;0.0297,,,,,0.0,,,,,,,Kuala Lumpur,1.3976854846715725,0,0,0,1,1,0,1
254900H4PC7YTB82ZF54,AHAM PRS Growth Fund,0.3891,fund_product_vehicle_rule_applied,product_vehicle_rule_applied,fund_or_product_vehicle,,0.40907310484346526,shared_address_cluster;non_consolidating_entity;missing_direct_parent;missing_ultimate_parent,SG,phase3_jurisdiction_model,E_model_predicted_jurisdiction,0.995,SG,0.995,0.9924,SG;GB;DE,0.995;0.0026;0.0008,,,,,0.0,,,,,,,Kuala Lumpur,1.3976854846715725,0,0,0,1,1,0,1
254900CODAV988KIO119,AHAM PRS Moderate Fund,0.3891,fund_product_vehicle_rule_applied,product_vehicle_rule_applied,fund_or_product_vehicle,,0.40907310484346526,shared_address_cluster;non_consolidating_entity;missing_direct_parent;missing_ultimate_parent,SG,phase3_jurisdiction_model,E_model_predicted_jurisdiction,0.9627,SG,0.9627,0.9267,SG;US;GB,0.9627;0.036;0.0007,,,,,0.0,,,,,,,Kuala Lumpur,1.3976854846715725,0,0,0,1,1,0,1
254900CZXSSOAZRU9945,AHAM Perwira Fund,0.3891,fund_product_vehicle_rule_applied,product_vehicle_rule_applied,fund_or_product_vehicle,,0.40907310484346526,shared_address_cluster;non_consolidating_entity;missing_direct_parent;missing_ultimate_parent,SG,phase3_jurisdiction_model,E_model_predicted_jurisdiction,0.9667,SG,0.9667,0.9428,SG;US;GB,0.9667;0.0239;0.0087,,,,,0.0,,,,,,,Kuala Lumpur,1.3976854846715725,0,0,0,1,1,0,1
254900KQOKWCK8ESVB96,AHAM RMB Bond Fund,0.3891,fund_product_vehicle_rule_applied,product_vehicle_rule_applied,fund_or_product_vehicle,,0.40907310484346526,shared_address_cluster;non_consolidating_entity;missing_direct_parent;missing_ultimate_parent,SG,phase3_jurisdiction_model,E_model_predicted_jurisdiction,0.8287,SG,0.8287,0.6637,SG;US;GB,0.8287;0.165;0.0051,,,,,0.0,,,,,,,Kuala Lumpur,1.3976854846715725,0,0,0,1,1,0,1
254900CDWVMX4UDU7P13,AHAM Select AUD Income Fund,0.3891,fund_product_vehicle_rule_applied,product_vehicle_rule_applied,fund_or_product_vehicle,,0.40907310484346526,shared_address_cluster;non_consolidating_entity;missing_direct_parent;missing_ultimate_parent,US,phase3_jurisdiction_model,E_model_predicted_jurisdiction,0.7619,US,0.7619,0.5272,US;SG;ASIA_OTHER,0.7619;0.2347;0.0023,,,,,0.0,,,,,,,Kuala Lumpur,1.3976854846715725,0,0,0,1,1,0,1
254900SYIXN9XC34BC45,AHAM Select Asia (Ex Japan) Quantum Fund,0.3891,fund_product_vehicle_rule_applied,product_vehicle_rule_applied,fund_or_product_vehicle,,0.40907310484346526,shared_address_cluster;non_consolidating_entity;missing_direct_parent;missing_ultimate_parent,US,phase3_jurisdiction_model,E_model_predicted_jurisdiction,0.5748,US,0.5748,0.1549,US;SG;ASIA_OTHER,0.5748;0.42;0.0021,,,,,0.0,,,,,,,Kuala Lumpur,1.3976854846715725,0,0,0,1,1,0,1
254900O8R3G2WYWKR638,AHAM Select Asia (ex Japan) Opportunity Fund,0.3891,fund_product_vehicle_rule_applied,product_vehicle_rule_applied,fund_or_product_vehicle,,0.40907310484346526,shared_address_cluster;non_consolidating_entity;missing_direct_parent;missing_ultimate_parent,SG,phase3_jurisdiction_model,E_model_predicted_jurisdiction,0.6319,SG,0.6319,0.2655,SG;US;ASIA_OTHER,0.6319;0.3663;0.0009,,,,,0.0,,,,,,,Kuala Lumpur,1.3976854846715725,0,0,0,1,1,0,1
254900Y9XRVCAGNQFM04,AHAM Select Asia Pacific (ex Japan) Balanced Fund,0.3891,fund_product_vehicle_rule_applied,product_vehicle_rule_applied,fund_or_product_vehicle,,0.40907310484346526,shared_address_cluster;non_consolidating_entity;missing_direct_parent;missing_ultimate_parent,SG,phase3_jurisdiction_model,E_model_predicted_jurisdiction,0.7931,SG,0.7931,0.5869,SG;US;GB,0.7931;0.2062;0.0003,,,,,0.0,,,,,,,Kuala Lumpur,1.3976854846715725,0,0,0,1,1,0,1
254900HHMNS5M65RYH53,AHAM Select Asia Pacific (ex Japan) Dividend Fund,0.3891,fund_product_vehicle_rule_applied,product_vehicle_rule_applied,fund_or_product_vehicle,,0.40907310484346526,shared_address_cluster;non_consolidating_entity;missing_direct_parent;missing_ultimate_parent,SG,phase3_jurisdiction_model,E_model_predicted_jurisdiction,0.7931,SG,0.7931,0.5869,SG;US;GB,0.7931;0.2062;0.0003,,,,,0.0,,,,,,,Kuala Lumpur,1.3976854846715725,0,0,0,1,1,0,1
254900Q6YRBBWYM0CA93,AHAM Select Asia Pacific (ex Japan) REITs Fund,0.3891,fund_product_vehicle_rule_applied,product_vehicle_rule_applied,fund_or_product_vehicle,,0.40907310484346526,shared_address_cluster;non_consolidating_entity;missing_direct_parent;missing_ultimate_parent,SG,phase3_jurisdiction_model,E_model_predicted_jurisdiction,0.8413,SG,0.8413,0.6834,SG;US;ASIA_OTHER,0.8413;0.1579;0.0004,,,,,0.0,,,,,,,Kuala Lumpur,1.3976854846715725,0,0,0,1,1,0,1
254900MZF9QQRQQD1D55,AHAM Select Balanced Fund,0.3891,fund_product_vehicle_rule_applied,product_vehicle_rule_applied,fund_or_product_vehicle,,0.40907310484346526,shared_address_cluster;non_consolidating_entity;missing_direct_parent;missing_ultimate_parent,US,phase3_jurisdiction_model,E_model_predicted_jurisdiction,0.5568,US,0.5568,0.1326,US;SG;OFFSHORE,0.5568;0.4243;0.017,,,,,0.0,,,,,,,Kuala Lumpur,1.3976854846715725,0,0,0,1,1,0,1
254900AFPVTR76N8W306,AHAM Select Bond Fund,0.3891,fund_product_vehicle_rule_applied,product_vehicle_rule_applied,fund_or_product_vehicle,,0.40907310484346526,shared_address_cluster;non_consolidating_entity;missing_direct_parent;missing_ultimate_parent,SG,phase3_jurisdiction_model,E_model_predicted_jurisdiction,0.5475,SG,0.5475,0.0961,SG;US;GB,0.5475;0.4514;0.0006,,,,,0.0,,,,,,,Kuala Lumpur,1.3976854846715725,0,0,0,1,1,0,1
254900Q8QNLFF45R2N80,AHAM Select Cash Fund,0.3891,fund_product_vehicle_rule_applied,product_vehicle_rule_applied,fund_or_product_vehicle,,0.40907310484346526,shared_address_cluster;non_consolidating_entity;missing_direct_parent;missing_ultimate_parent,SG,phase3_jurisdiction_model,E_model_predicted_jurisdiction,0.9627,SG,0.9627,0.9267,SG;US;GB,0.9627;0.036;0.0008,,,,,0.0,,,,,,,Kuala Lumpur,1.3976854846715725,0,0,0,1,1,0,1
254900IANE8Z0RU0MH56,AHAM Select Dividend Fund,0.3891,fund_product_vehicle_rule_applied,product_vehicle_rule_applied,fund_or_product_vehicle,,0.40907310484346526,shared_address_cluster;non_consolidating_entity;missing_direct_parent;missing_ultimate_parent,US,phase3_jurisdiction_model,E_model_predicted_jurisdiction,0.5568,US,0.5568,0.1326,US;SG;OFFSHORE,0.5568;0.4243;0.017,,,,,0.0,,,,,,,Kuala Lumpur,1.3976854846715725,0,0,0,1,1,0,1
254900RKIJL186RGBJ84,AHAM Select Income Fund,0.3891,fund_product_vehicle_rule_applied,product_vehicle_rule_applied,fund_or_product_vehicle,,0.40907310484346526,shared_address_cluster;non_consolidating_entity;missing_direct_parent;missing_ultimate_parent,SG,phase3_jurisdiction_model,E_model_predicted_jurisdiction,0.5477,SG,0.5477,0.0962,SG;US;GB,0.5477;0.4516;0.0003,,,,,0.0,,,,,,,Kuala Lumpur,1.3976854846715725,0,0,0,1,1,0,1
254900730OK8C3L3EZ91,AHAM Select Opportunity Fund,0.3891,fund_product_vehicle_rule_applied,product_vehicle_rule_applied,fund_or_product_vehicle,,0.40907310484346526,shared_address_cluster;non_consolidating_entity;missing_direct_parent;missing_ultimate_parent,US,phase3_jurisdiction_model,E_model_predicted_jurisdiction,0.7689,US,0.7689,0.5407,US;SG;OFFSHORE,0.7689;0.2282;0.0017,,,,,0.0,,,,,,,Kuala Lumpur,1.3976854846715725,0,0,0,1,1,0,1
25490013KK1XNBCWAX11,AHAM Select SGD Income Fund,0.3891,fund_product_vehicle_rule_applied,product_vehicle_rule_applied,fund_or_product_vehicle,,0.40907310484346526,shared_address_cluster;non_consolidating_entity;missing_direct_parent;missing_ultimate_parent,US,phase3_jurisdiction_model,E_model_predicted_jurisdiction,0.7619,US,0.7619,0.5272,US;SG;ASIA_OTHER,0.7619;0.2347;0.0023,,,,,0.0,,,,,,,Kuala Lumpur,1.3976854846715725,0,0,0,1,1,0,1
2549004DS8ZA1ZJ0C603,AHAM Single Bond Series 1,0.3891,fund_product_vehicle_rule_applied,product_vehicle_rule_applied,fund_or_product_vehicle,,0.40907310484346526,shared_address_cluster;non_consolidating_entity;missing_direct_parent;missing_ultimate_parent,SG,phase3_jurisdiction_model,E_model_predicted_jurisdiction,0.9102,SG,0.9102,0.8275,SG;US;ASIA_OTHER,0.9102;0.0826;0.0041,,,,,0.0,,,,,,,Kuala Lumpur,1.3976854846715725,0,0,0,1,1,0,1
254900YZMZP4XTFZHY76,AHAM Single Bond Series 2,0.3891,fund_product_vehicle_rule_applied,product_vehicle_rule_applied,fund_or_product_vehicle,,0.40907310484346526,shared_address_cluster;non_consolidating_entity;missing_direct_parent;missing_ultimate_parent,SG,phase3_jurisdiction_model,E_model_predicted_jurisdiction,0.9102,SG,0.9102,0.8275,SG;US;ASIA_OTHER,0.9102;0.0826;0.0041,,,,,0.0,,,,,,,Kuala Lumpur,1.3976854846715725,0,0,0,1,1,0,1
2549009SJT2PCD2QP124,AHAM Single Bond Series 3,0.3891,fund_product_vehicle_rule_applied,product_vehicle_rule_applied,fund_or_product_vehicle,,0.40907310484346526,shared_address_cluster;non_consolidating_entity;missing_direct_parent;missing_ultimate_parent,SG,phase3_jurisdiction_model,E_model_predicted_jurisdiction,0.5023,SG,0.5023,0.1193,SG;ASIA_OTHER;US,0.5023;0.383;0.1118,,,,,0.0,,,,,,,Kuala Lumpur,1.3976854846715725,0,0,0,1,1,0,1
254900XR1FKUYHJN9K19,AHAM Single Bond Series 4,0.3891,fund_product_vehicle_rule_applied,product_vehicle_rule_applied,fund_or_product_vehicle,,0.40907310484346526,shared_address_cluster;non_consolidating_entity;missing_direct_parent;missing_ultimate_parent,SG,phase3_jurisdiction_model,E_model_predicted_jurisdiction,0.5023,SG,0.5023,0.1193,SG;ASIA_OTHER;US,0.5023;0.383;0.1118,,,,,0.0,,,,,,,Kuala Lumpur,1.3976854846715725,0,0,0,1,1,0,1
254900DPSDPU2MM4RR57,AHAM Single Bond Series 5,0.3891,fund_product_vehicle_rule_applied,product_vehicle_rule_applied,fund_or_product_vehicle,,0.40907310484346526,shared_address_cluster;non_consolidating_entity;missing_direct_parent;missing_ultimate_parent,SG,phase3_jurisdiction_model,E_model_predicted_jurisdiction,0.5023,SG,0.5023,0.1193,SG;ASIA_OTHER;US,0.5023;0.383;0.1118,,,,,0.0,,,,,,,Kuala Lumpur,1.3976854846715725,0,0,0,1,1,0,1
254900QWQMXLVV614A93,AHAM Smart Invest Portfolio - Growth,0.3891,fund_product_vehicle_rule_applied,product_vehicle_rule_applied,fund_or_product_vehicle,,0.40907310484346526,shared_address_cluster;non_consolidating_entity;missing_direct_parent;missing_ultimate_parent,SG,phase3_jurisdiction_model,E_model_predicted_jurisdiction,0.9882,SG,0.9882,0.9769,SG;US;OFFSHORE,0.9882;0.0113;0.0002,,,,,0.0,,,,,,,Kuala Lumpur,1.3976854846715725,0,0,0,1,1,0,1
254900JQNL79WNIAXT33,AHAM Smart Invest Portfolio - Income,0.3891,fund_product_vehicle_rule_applied,product_vehicle_rule_applied,fund_or_product_vehicle,,0.40907310484346526,shared_address_cluster;non_consolidating_entity;missing_direct_parent;missing_ultimate_parent,SG,phase3_jurisdiction_model,E_model_predicted_jurisdiction,0.9456,SG,0.9456,0.9144,SG;US;ASIA_OTHER,0.9456;0.0312;0.0219,,,,,0.0,,,,,,,Kuala Lumpur,1.3976854846715725,0,0,0,1,1,0,1
254900QZZUI01RZEKN36,AHAM Strategic Fund 2,0.3891,fund_product_vehicle_rule_applied,product_vehicle_rule_applied,fund_or_product_vehicle,,0.40907310484346526,shared_address_cluster;non_consolidating_entity;missing_direct_parent;missing_ultimate_parent,SG,phase3_jurisdiction_model,E_model_predicted_jurisdiction,0.9847,SG,0.9847,0.9744,SG;US;EUROPE,0.9847;0.0102;0.0019,,,,,0.0,,,,,,,Kuala Lumpur,1.3976854846715725,0,0,0,1,1,0,1
254900HIWO8VMX1WIP35,AHAM Strategic Opportunity Fund 3,0.3891,fund_product_vehicle_rule_applied,product_vehicle_rule_applied,fund_or_product_vehicle,,0.40907310484346526,shared_address_cluster;non_consolidating_entity;missing_direct_parent;missing_ultimate_parent,SG,phase3_jurisdiction_model,E_model_predicted_jurisdiction,0.9348,SG,0.9348,0.8723,SG;GB;DE,0.9348;0.0625;0.0011,,,,,0.0,,,,,,,Kuala Lumpur,1.3976854846715725,0,0,0,1,1,0,1
254900JM2MY6I0HM8949,AHAM Strategic Opportunity Fund 4,0.3891,fund_product_vehicle_rule_applied,product_vehicle_rule_applied,fund_or_product_vehicle,,0.40907310484346526,shared_address_cluster;non_consolidating_entity;missing_direct_parent;missing_ultimate_parent,SG,phase3_jurisdiction_model,E_model_predicted_jurisdiction,0.9348,SG,0.9348,0.8723,SG;GB;DE,0.9348;0.0625;0.0011,,,,,0.0,,,,,,,Kuala Lumpur,1.3976854846715725,0,0,0,1,1,0,1
254900E3LN44W74OGX39,AHAM Strategic Opportunity Fund 5,0.3891,fund_product_vehicle_rule_applied,product_vehicle_rule_applied,fund_or_product_vehicle,,0.40907310484346526,shared_address_cluster;non_consolidating_entity;missing_direct_parent;missing_ultimate_parent,SG,phase3_jurisdiction_model,E_model_predicted_jurisdiction,0.9348,SG,0.9348,0.8723,SG;GB;DE,0.9348;0.0625;0.0011,,,,,0.0,,,,,,,Kuala Lumpur,1.3976854846715725,0,0,0,1,1,0,1
2549007NVRBNV20PID17,AHAM TARGET INCOME SOLUTION,0.3891,fund_product_vehicle_rule_applied,product_vehicle_rule_applied,fund_or_product_vehicle,,0.40907310484346526,shared_address_cluster;non_consolidating_entity;missing_direct_parent;missing_ultimate_parent,SG,phase3_jurisdiction_model,E_model_predicted_jurisdiction,0.7772,SG,0.7772,0.5798,SG;OFFSHORE;US,0.7772;0.1974;0.0175,,,,,0.0,,,,,,,Kuala Lumpur,1.3976854846715725,0,0,0,1,1,0,1
2549000PJ59A9DTCTJ34,AHAM TWD Flexi Fund,0.3891,fund_product_vehicle_rule_applied,product_vehicle_rule_applied,fund_or_product_vehicle,,0.40907310484346526,shared_address_cluster;non_consolidating_entity;missing_direct_parent;missing_ultimate_parent,SG,phase3_jurisdiction_model,E_model_predicted_jurisdiction,0.8066,SG,0.8066,0.6149,SG;US;EUROPE,0.8066;0.1917;0.0006,,,,,0.0,,,,,,,Kuala Lumpur,1.3976854846715725,0,0,0,1,1,0,1
2549000JEQJK8D040Q42,AHAM Tactical Fund,0.3891,fund_product_vehicle_rule_applied,product_vehicle_rule_applied,fund_or_product_vehicle,,0.40907310484346526,shared_address_cluster;non_consolidating_entity;missing_direct_parent;missing_ultimate_parent,SG,phase3_jurisdiction_model,E_model_predicted_jurisdiction,0.9797,SG,0.9797,0.9699,SG;US;GB,0.9797;0.0099;0.0098,,,,,0.0,,,,,,,Kuala Lumpur,1.3976854846715725,0,0,0,1,1,0,1
254900FTL424S5IQ2A50,AHAM Target Maturity Income Fund,0.3891,fund_product_vehicle_rule_applied,product_vehicle_rule_applied,fund_or_product_vehicle,,0.40907310484346526,shared_address_cluster;non_consolidating_entity;missing_direct_parent;missing_ultimate_parent,SG,phase3_jurisdiction_model,E_model_predicted_jurisdiction,0.9259,SG,0.9259,0.8969,SG;ASIA_OTHER;US,0.9259;0.029;0.0274,,,,,0.0,,,,,,,Kuala Lumpur,1.3976854846715725,0,0,0,1,1,0,1
254900EAKVHDVEIASP02,AHAM Total Return Fund,0.3891,fund_product_vehicle_rule_applied,product_vehicle_rule_applied,fund_or_product_vehicle,,0.40907310484346526,shared_address_cluster;non_consolidating_entity;missing_direct_parent;missing_ultimate_parent,SG,phase3_jurisdiction_model,E_model_predicted_jurisdiction,0.9567,SG,0.9567,0.9146,SG;US;GB,0.9567;0.0421;0.0006,,,,,0.0,,,,,,,Kuala Lumpur,1.3976854846715725,0,0,0,1,1,0,1
2549003KPI4F887CO693,AHAM Versa Portfolio - Conservative,0.3891,fund_product_vehicle_rule_applied,product_vehicle_rule_applied,fund_or_product_vehicle,,0.40907310484346526,shared_address_cluster;non_consolidating_entity;missing_direct_parent;missing_ultimate_parent,SG,phase3_jurisdiction_model,E_model_predicted_jurisdiction,0.892,SG,0.892,0.7845,SG;US;GB,0.892;0.1074;0.0003,,,,,0.0,,,,,,,Kuala Lumpur,1.3976854846715725,0,0,0,1,1,0,1
254900ADPOJ3GQCJWB85,AHAM Versa Portfolio - Growth,0.3891,fund_product_vehicle_rule_applied,product_vehicle_rule_applied,fund_or_product_vehicle,,0.40907310484346526,shared_address_cluster;non_consolidating_entity;missing_direct_parent;missing_ultimate_parent,US,phase3_jurisdiction_model,E_model_predicted_jurisdiction,0.5424,US,0.5424,0.0878,US;SG;EUROPE,0.5424;0.4546;0.0012,,,,,0.0,,,,,,,Kuala Lumpur,1.3976854846715725,0,0,0,1,1,0,1
254900NB190GT6MRKD43,AHAM Versa Portfolio - Moderate,0.3891,fund_product_vehicle_rule_applied,product_vehicle_rule_applied,fund_or_product_vehicle,,0.40907310484346526,shared_address_cluster;non_consolidating_entity;missing_direct_parent;missing_ultimate_parent,US,phase3_jurisdiction_model,E_model_predicted_jurisdiction,0.5655,US,0.5655,0.1341,US;SG;EUROPE,0.5655;0.4313;0.0017,,,,,0.0,,,,,,,Kuala Lumpur,1.3976854846715725,0,0,0,1,1,0,1
254900EPFQCDBRNYXH36,AHAM WORLD SERIES - US DOLLAR BOND FUND,0.3891,fund_product_vehicle_rule_applied,product_vehicle_rule_applied,fund_or_product_vehicle,,0.40907310484346526,shared_address_cluster;non_consolidating_entity;missing_direct_parent;missing_ultimate_parent,SG,phase3_jurisdiction_model,E_model_predicted_jurisdiction,0.4921,SG,0.4921,0.0053,SG;ASIA_OTHER;EUROPE,0.4921;0.4868;0.0119,,,,,0.0,,,,,,,Kuala Lumpur,1.3976854846715725,0,0,0,1,1,0,1
25490097RDEBYXI5UJ04,AHAM Wholesale Corporate Bond Fund,0.3891,fund_product_vehicle_rule_applied,product_vehicle_rule_applied,fund_or_product_vehicle,,0.40907310484346526,shared_address_cluster;non_consolidating_entity;missing_direct_parent;missing_ultimate_parent,SG,phase3_jurisdiction_model,E_model_predicted_jurisdiction,0.9615,SG,0.9615,0.9275,SG;US;EUROPE,0.9615;0.034;0.004,,,,,0.0,,,,,,,Kuala Lumpur,1.3976854846715725,0,0,0,1,1,0,1
254900TR2M97L2UL0S29,AHAM Wholesale Fund I,0.3891,fund_product_vehicle_rule_applied,product_vehicle_rule_applied,fund_or_product_vehicle,,0.40907310484346526,shared_address_cluster;non_consolidating_entity;missing_direct_parent;missing_ultimate_parent,SG,phase3_jurisdiction_model,E_model_predicted_jurisdiction,0.9627,SG,0.9627,0.9267,SG;US;GB,0.9627;0.036;0.0008,,,,,0.0,,,,,,,Kuala Lumpur,1.3976854846715725,0,0,0,1,1,0,1
2549000XTS88OS3FW318,AHAM Wholesale Government Bond Fund,0.3891,fund_product_vehicle_rule_applied,product_vehicle_rule_applied,fund_or_product_vehicle,,0.40907310484346526,shared_address_cluster;non_consolidating_entity;missing_direct_parent;missing_ultimate_parent,SG,phase3_jurisdiction_model,E_model_predicted_jurisdiction,0.9782,SG,0.9782,0.9575,SG;US;DE,0.9782;0.0207;0.0007,,,,,0.0,,,,,,,Kuala Lumpur,1.3976854846715725,0,0,0,1,1,0,1
254900LID0NMK0U4S105,AHAM Wholesale Income Fund,0.3891,fund_product_vehicle_rule_applied,product_vehicle_rule_applied,fund_or_product_vehicle,,0.40907310484346526,shared_address_cluster;non_consolidating_entity;missing_direct_parent;missing_ultimate_parent,US,phase3_jurisdiction_model,E_model_predicted_jurisdiction,0.4662,US,0.4662,0.1933,US;SG;OFFSHORE,0.4662;0.2729;0.2601,,,,,0.0,,,,,,,Kuala Lumpur,1.3976854846715725,0,0,0,1,1,0,1
2549009AUMHBLU1H0T72,AHAM World Series - All China Equity Fund,0.3891,fund_product_vehicle_rule_applied,product_vehicle_rule_applied,fund_or_product_vehicle,,0.40907310484346526,shared_address_cluster;non_consolidating_entity;missing_direct_parent;missing_ultimate_parent,SG,phase3_jurisdiction_model,E_model_predicted_jurisdiction,0.4958,SG,0.4958,0.0081,SG;ASIA_OTHER;EUROPE,0.4958;0.4877;0.0067,,,,,0.0,,,,,,,Kuala Lumpur,1.3976854846715725,0,0,0,1,1,0,1
254900WHZLAFKGVTDT34,AHAM World Series - America Equity Fund,0.3891,fund_product_vehicle_rule_applied,product_vehicle_rule_applied,fund_or_product_vehicle,,0.40907310484346526,shared_address_cluster;non_consolidating_entity;missing_direct_parent;missing_ultimate_parent,SG,phase3_jurisdiction_model,E_model_predicted_jurisdiction,0.6976,SG,0.6976,0.4006,SG;US;GB,0.6976;0.297;0.0019,,,,,0.0,,,,,,,Kuala Lumpur,1.3976854846715725,0,0,0,1,1,0,1
2549007RG3T2N39RJT86,AHAM World Series - Asia Ex China Equity Fund,0.3891,fund_product_vehicle_rule_applied,product_vehicle_rule_applied,fund_or_product_vehicle,,0.40907310484346526,shared_address_cluster;non_consolidating_entity;missing_direct_parent;missing_ultimate_parent,SG,phase3_jurisdiction_model,E_model_predicted_jurisdiction,0.8981,SG,0.8981,0.8032,SG;ASIA_OTHER;US,0.8981;0.0949;0.0057,,,,,0.0,,,,,,,Kuala Lumpur,1.3976854846715725,0,0,0,1,1,0,1
2549004EMBCZ9ULY0G38,AHAM World Series - Asian Bond Fund,0.3891,fund_product_vehicle_rule_applied,product_vehicle_rule_applied,fund_or_product_vehicle,,0.40907310484346526,shared_address_cluster;non_consolidating_entity;missing_direct_parent;missing_ultimate_parent,SG,phase3_jurisdiction_model,E_model_predicted_jurisdiction,0.9729,SG,0.9729,0.9485,SG;US;ASIA_OTHER,0.9729;0.0244;0.0011,,,,,0.0,,,,,,,Kuala Lumpur,1.3976854846715725,0,0,0,1,1,0,1
254900ZU2WVTNTZ87697,AHAM World Series - Asian High Yield Fund,0.3891,fund_product_vehicle_rule_applied,product_vehicle_rule_applied,fund_or_product_vehicle,,0.40907310484346526,shared_address_cluster;non_consolidating_entity;missing_direct_parent;missing_ultimate_parent,SG,phase3_jurisdiction_model,E_model_predicted_jurisdiction,0.8665,SG,0.8665,0.7934,SG;US;ASIA_OTHER,0.8665;0.0731;0.0554,,,,,0.0,,,,,,,Kuala Lumpur,1.3976854846715725,0,0,0,1,1,0,1
254900CA7JY8W7YPS376,AHAM World Series - China A Opportunity Fund,0.3891,fund_product_vehicle_rule_applied,product_vehicle_rule_applied,fund_or_product_vehicle,,0.40907310484346526,shared_address_cluster;non_consolidating_entity;missing_direct_parent;missing_ultimate_parent,SG,phase3_jurisdiction_model,E_model_predicted_jurisdiction,0.9578,SG,0.9578,0.9181,SG;US;ASIA_OTHER,0.9578;0.0398;0.0014,,,,,0.0,,,,,,,Kuala Lumpur,1.3976854846715725,0,0,0,1,1,0,1
254900ANHAAEUX0VQ806,AHAM World Series - China Allocation Opportunity Fund,0.3891,fund_product_vehicle_rule_applied,product_vehicle_rule_applied,fund_or_product_vehicle,,0.40907310484346526,shared_address_cluster;non_consolidating_entity;missing_direct_parent;missing_ultimate_parent,SG,phase3_jurisdiction_model,E_model_predicted_jurisdiction,0.568,SG,0.568,0.1451,SG;GB;US,0.568;0.4229;0.0088,,,,,0.0,,,,,,,Kuala Lumpur,1.3976854846715725,0,0,0,1,1,0,1
254900TO4OFT0517JK58,AHAM World Series - China Equity High Income Fund,0.3891,fund_product_vehicle_rule_applied,product_vehicle_rule_applied,fund_or_product_vehicle,,0.40907310484346526,shared_address_cluster;non_consolidating_entity;missing_direct_parent;missing_ultimate_parent,ASIA_OTHER,phase3_jurisdiction_model,E_model_predicted_jurisdiction,0.9936,ASIA_OTHER,0.9936,0.9886,ASIA_OTHER;SG;US,0.9936;0.005;0.0012,,,,,0.0,,,,,,,Kuala Lumpur,1.3976854846715725,0,0,0,1,1,0,1
254900AZMMGC1A8XEC19,AHAM World Series - China Growth Fund,0.3891,fund_product_vehicle_rule_applied,product_vehicle_rule_applied,fund_or_product_vehicle,,0.40907310484346526,shared_address_cluster;non_consolidating_entity;missing_direct_parent;missing_ultimate_parent,SG,phase3_jurisdiction_model,E_model_predicted_jurisdiction,0.732,SG,0.732,0.4729,SG;ASIA_OTHER;GB,0.732;0.2591;0.0076,,,,,0.0,,,,,,,Kuala Lumpur,1.3976854846715725,0,0,0,1,1,0,1
2549008HLNNOXONHTS78,AHAM World Series - Discovering New Alpha Fund,0.3891,fund_product_vehicle_rule_applied,product_vehicle_rule_applied,fund_or_product_vehicle,,0.40907310484346526,shared_address_cluster;non_consolidating_entity;missing_direct_parent;missing_ultimate_parent,ASIA_OTHER,phase3_jurisdiction_model,E_model_predicted_jurisdiction,0.9957,ASIA_OTHER,0.9957,0.9921,ASIA_OTHER;SG;US,0.9957;0.0036;0.0007,,,,,0.0,,,,,,,Kuala Lumpur,1.3976854846715725,0,0,0,1,1,0,1
254900WBU30SMX5A4Y65,AHAM World Series - Dividend Value Fund,0.3891,fund_product_vehicle_rule_applied,product_vehicle_rule_applied,fund_or_product_vehicle,,0.40907310484346526,shared_address_cluster;non_consolidating_entity;missing_direct_parent;missing_ultimate_parent,US,phase3_jurisdiction_model,E_model_predicted_jurisdiction,0.5748,US,0.5748,0.1548,US;SG;ASIA_OTHER,0.5748;0.42;0.0021,,,,,0.0,,,,,,,Kuala Lumpur,1.3976854846715725,0,0,0,1,1,0,1
254900MC6BQGUECQZO93,AHAM World Series - Emerging Markets Short Duration Fund,0.3891,fund_product_vehicle_rule_applied,product_vehicle_rule_applied,fund_or_product_vehicle,,0.40907310484346526,shared_address_cluster;non_consolidating_entity;missing_direct_parent;missing_ultimate_parent,SG,phase3_jurisdiction_model,E_model_predicted_jurisdiction,0.9854,SG,0.9854,0.9745,SG;US;GB,0.9854;0.0109;0.0035,,,,,0.0,,,,,,,Kuala Lumpur,1.3976854846715725,0,0,0,1,1,0,1
254900X3TEYAA45CZ623,AHAM World Series - European Unconstrained Fund,0.3891,fund_product_vehicle_rule_applied,product_vehicle_rule_applied,fund_or_product_vehicle,,0.40907310484346526,shared_address_cluster;non_consolidating_entity;missing_direct_parent;missing_ultimate_parent,SG,phase3_jurisdiction_model,E_model_predicted_jurisdiction,0.9807,SG,0.9807,0.9624,SG;US;ASIA_OTHER,0.9807;0.0183;0.0006,,,,,0.0,,,,,,,Kuala Lumpur,1.3976854846715725,0,0,0,1,1,0,1
2549003XFQ6HB9I19109,AHAM World Series - Global Balanced Fund,0.3891,fund_product_vehicle_rule_applied,product_vehicle_rule_applied,fund_or_product_vehicle,,0.40907310484346526,shared_address_cluster;non_consolidating_entity;missing_direct_parent;missing_ultimate_parent,US,phase3_jurisdiction_model,E_model_predicted_jurisdiction,0.5748,US,0.5748,0.1549,US;SG;ASIA_OTHER,0.5748;0.42;0.0021,,,,,0.0,,,,,,,Kuala Lumpur,1.3976854846715725,0,0,0,1,1,0,1
2549008YEEDB9VF57D11,AHAM World Series - Global Brands Fund,0.3891,fund_product_vehicle_rule_applied,product_vehicle_rule_applied,fund_or_product_vehicle,,0.40907310484346526,shared_address_cluster;non_consolidating_entity;missing_direct_parent;missing_ultimate_parent,SG,phase3_jurisdiction_model,E_model_predicted_jurisdiction,0.9436,SG,0.9436,0.9104,SG;US;ASIA_OTHER,0.9436;0.0332;0.0217,,,,,0.0,,,,,,,Kuala Lumpur,1.3976854846715725,0,0,0,1,1,0,1
254900ASS7QOHLRU0M60,AHAM World Series - Global Climate Change Fund,0.3891,fund_product_vehicle_rule_applied,product_vehicle_rule_applied,fund_or_product_vehicle,,0.40907310484346526,shared_address_cluster;non_consolidating_entity;missing_direct_parent;missing_ultimate_parent,SG,phase3_jurisdiction_model,E_model_predicted_jurisdiction,0.9363,SG,0.9363,0.8732,SG;US;ASIA_OTHER,0.9363;0.0631;0.0002,,,,,0.0,,,,,,,Kuala Lumpur,1.3976854846715725,0,0,0,1,1,0,1
254900HS9I496O689W38,AHAM World Series - Global Disruptive Innovation Fund,0.3891,fund_product_vehicle_rule_applied,product_vehicle_rule_applied,fund_or_product_vehicle,,0.40907310484346526,shared_address_cluster;non_consolidating_entity;missing_direct_parent;missing_ultimate_parent,GB,phase3_jurisdiction_model,E_model_predicted_jurisdiction,0.5515,GB,0.5515,0.1119,GB;SG;US,0.5515;0.4396;0.0088,,,,,0.0,,,,,,,Kuala Lumpur,1.3976854846715725,0,0,0,1,1,0,1
25490008NNNHQYKB0B22,AHAM World Series - Global Dividend Growth Fund,0.3891,fund_product_vehicle_rule_applied,product_vehicle_rule_applied,fund_or_product_vehicle,,0.40907310484346526,shared_address_cluster;non_consolidating_entity;missing_direct_parent;missing_ultimate_parent,SG,phase3_jurisdiction_model,E_model_predicted_jurisdiction,0.9055,SG,0.9055,0.8118,SG;US;ASIA_OTHER,0.9055;0.0937;0.0003,,,,,0.0,,,,,,,Kuala Lumpur,1.3976854846715725,0,0,0,1,1,0,1
25490093FO4JYWOWA940,AHAM World Series - Global Equity High Income Fund,0.3891,fund_product_vehicle_rule_applied,product_vehicle_rule_applied,fund_or_product_vehicle,,0.40907310484346526,shared_address_cluster;non_consolidating_entity;missing_direct_parent;missing_ultimate_parent,SG,phase3_jurisdiction_model,E_model_predicted_jurisdiction,0.9921,SG,0.9921,0.9887,SG;ASIA_OTHER;GB,0.9921;0.0034;0.0027,,,,,0.0,,,,,,,Kuala Lumpur,1.3976854846715725,0,0,0,1,1,0,1
254900Z0J8QSC8JH6908,AHAM World Series - Global Healthscience Fund,0.3891,fund_product_vehicle_rule_applied,product_vehicle_rule_applied,fund_or_product_vehicle,,0.40907310484346526,shared_address_cluster;non_consolidating_entity;missing_direct_parent;missing_ultimate_parent,SG,phase3_jurisdiction_model,E_model_predicted_jurisdiction,0.9853,SG,0.9853,0.9716,SG;US;ASIA_OTHER,0.9853;0.0136;0.0008,,,,,0.0,,,,,,,Kuala Lumpur,1.3976854846715725,0,0,0,1,1,0,1
254900GF3ZMGWBJVJD69,AHAM World Series - Global High Income Fund,0.3891,fund_product_vehicle_rule_applied,product_vehicle_rule_applied,fund_or_product_vehicle,,0.40907310484346526,shared_address_cluster;non_consolidating_entity;missing_direct_parent;missing_ultimate_parent,SG,phase3_jurisdiction_model,E_model_predicted_jurisdiction,0.8451,SG,0.8451,0.7289,SG;US;ASIA_OTHER,0.8451;0.1162;0.036,,,,,0.0,,,,,,,Kuala Lumpur,1.3976854846715725,0,0,0,1,1,0,1
254900XAFBM62TUNJJ12,AHAM World Series - Global Income Fund,0.3891,fund_product_vehicle_rule_applied,product_vehicle_rule_applied,fund_or_product_vehicle,,0.40907310484346526,shared_address_cluster;non_consolidating_entity;missing_direct_parent;missing_ultimate_parent,SG,phase3_jurisdiction_model,E_model_predicted_jurisdiction,0.9801,SG,0.9801,0.9625,SG;US;ASIA_OTHER,0.9801;0.0175;0.0012,,,,,0.0,,,,,,,Kuala Lumpur,1.3976854846715725,0,0,0,1,1,0,1
254900QRV9P4071HLJ33,AHAM World Series - Global Infrastructure Income Fund,0.3891,fund_product_vehicle_rule_applied,product_vehicle_rule_applied,fund_or_product_vehicle,,0.40907310484346526,shared_address_cluster;non_consolidating_entity;missing_direct_parent;missing_ultimate_parent,GB,phase3_jurisdiction_model,E_model_predicted_jurisdiction,0.5359,GB,0.5359,0.1087,GB;SG;US,0.5359;0.4271;0.0369,,,,,0.0,,,,,,,Kuala Lumpur,1.3976854846715725,0,0,0,1,1,0,1
254900OUUKF2RDLR5543,AHAM World Series - Global Quantum Fund,0.3891,fund_product_vehicle_rule_applied,product_vehicle_rule_applied,fund_or_product_vehicle,,0.40907310484346526,shared_address_cluster;non_consolidating_entity;missing_direct_parent;missing_ultimate_parent,SG,phase3_jurisdiction_model,E_model_predicted_jurisdiction,0.9225,SG,0.9225,0.8545,SG;US;ASIA_OTHER,0.9225;0.068;0.0046,,,,,0.0,,,,,,,Kuala Lumpur,1.3976854846715725,0,0,0,1,1,0,1
254900M4LT0YJF5GI118,AHAM World Series - Global Smart Value Fund,0.3891,fund_product_vehicle_rule_applied,product_vehicle_rule_applied,fund_or_product_vehicle,,0.40907310484346526,shared_address_cluster;non_consolidating_entity;missing_direct_parent;missing_ultimate_parent,ASIA_OTHER,phase3_jurisdiction_model,E_model_predicted_jurisdiction,0.9983,ASIA_OTHER,0.9983,0.9974,ASIA_OTHER;SG;US,0.9983;0.0009;0.0008,,,,,0.0,,,,,,,Kuala Lumpur,1.3976854846715725,0,0,0,1,1,0,1
254900SY62HC32V4X355,AHAM World Series - Global Sustainability Fund,0.3891,fund_product_vehicle_rule_applied,product_vehicle_rule_applied,fund_or_product_vehicle,,0.40907310484346526,shared_address_cluster;non_consolidating_entity;missing_direct_parent;missing_ultimate_parent,SG,phase3_jurisdiction_model,E_model_predicted_jurisdiction,0.9772,SG,0.9772,0.9603,SG;US;ASIA_OTHER,0.9772;0.0168;0.0056,,,,,0.0,,,,,,,Kuala Lumpur,1.3976854846715725,0,0,0,1,1,0,1
254900Q7045VQFGUWI41,AHAM World Series - Global Target Return Fund,0.3891,fund_product_vehicle_rule_applied,product_vehicle_rule_applied,fund_or_product_vehicle,,0.40907310484346526,shared_address_cluster;non_consolidating_entity;missing_direct_parent;missing_ultimate_parent,SG,phase3_jurisdiction_model,E_model_predicted_jurisdiction,0.9797,SG,0.9797,0.9607,SG;US;ASIA_OTHER,0.9797;0.0191;0.0006,,,,,0.0,,,,,,,Kuala Lumpur,1.3976854846715725,0,0,0,1,1,0,1
2549001I4A6IK6BQZ254,AHAM World Series - Income & Growth Fund,0.3891,fund_product_vehicle_rule_applied,product_vehicle_rule_applied,fund_or_product_vehicle,,0.40907310484346526,shared_address_cluster;non_consolidating_entity;missing_direct_parent;missing_ultimate_parent,ASIA_OTHER,phase3_jurisdiction_model,E_model_predicted_jurisdiction,0.9426,ASIA_OTHER,0.9426,0.8884,ASIA_OTHER;SG;GB,0.9426;0.0542;0.0028,,,,,0.0,,,,,,,Kuala Lumpur,1.3976854846715725,0,0,0,1,1,0,1
254900FPBN4MBHGPX212,AHAM World Series - Income Fund,0.3891,fund_product_vehicle_rule_applied,product_vehicle_rule_applied,fund_or_product_vehicle,,0.40907310484346526,shared_address_cluster;non_consolidating_entity;missing_direct_parent;missing_ultimate_parent,SG,phase3_jurisdiction_model,E_model_predicted_jurisdiction,0.9906,SG,0.9906,0.9818,SG;GB;EUROPE,0.9906;0.0087;0.0004,,,,,0.0,,,,,,,Kuala Lumpur,1.3976854846715725,0,0,0,1,1,0,1
254900HFYMUU7QMTGY16,AHAM World Series - India Equity Fund,0.3891,fund_product_vehicle_rule_applied,product_vehicle_rule_applied,fund_or_product_vehicle,,0.40907310484346526,shared_address_cluster;non_consolidating_entity;missing_direct_parent;missing_ultimate_parent,SG,phase3_jurisdiction_model,E_model_predicted_jurisdiction,0.7365,SG,0.7365,0.4758,SG;ASIA_OTHER;GB,0.7365;0.2607;0.0013,,,,,0.0,,,,,,,Kuala Lumpur,1.3976854846715725,0,0,0,1,1,0,1
254900X8YSTZRVWFKY28,AHAM World Series - Japan Growth Fund,0.3891,fund_product_vehicle_rule_applied,product_vehicle_rule_applied,fund_or_product_vehicle,,0.40907310484346526,shared_address_cluster;non_consolidating_entity;missing_direct_parent;missing_ultimate_parent,SG,phase3_jurisdiction_model,E_model_predicted_jurisdiction,0.9801,SG,0.9801,0.9626,SG;US;ASIA_OTHER,0.9801;0.0175;0.0012,,,,,0.0,,,,,,,Kuala Lumpur,1.3976854846715725,0,0,0,1,1,0,1
254900DQJU0K9IVCWR97,AHAM World Series - Long Term Global Growth Fund,0.3891,fund_product_vehicle_rule_applied,product_vehicle_rule_applied,fund_or_product_vehicle,,0.40907310484346526,shared_address_cluster;non_consolidating_entity;missing_direct_parent;missing_ultimate_parent,SG,phase3_jurisdiction_model,E_model_predicted_jurisdiction,0.969,SG,0.969,0.9458,SG;US;ASIA_OTHER,0.969;0.0232;0.0073,,,,,0.0,,,,,,,Kuala Lumpur,1.3976854846715725,0,0,0,1,1,0,1
254900PUK9AOJ38MUT28,AHAM World Series - Next Generation Technology Fund,0.3891,fund_product_vehicle_rule_applied,product_vehicle_rule_applied,fund_or_product_vehicle,,0.40907310484346526,shared_address_cluster;non_consolidating_entity;missing_direct_parent;missing_ultimate_parent,SG,phase3_jurisdiction_model,E_model_predicted_jurisdiction,0.9798,SG,0.9798,0.9602,SG;US;OFFSHORE,0.9798;0.0195;0.0002,,,,,0.0,,,,,,,Kuala Lumpur,1.3976854846715725,0,0,0,1,1,0,1
254900GQ2H5SJDHWC938,AHAM World Series - Strategic Bond Fund,0.3891,fund_product_vehicle_rule_applied,product_vehicle_rule_applied,fund_or_product_vehicle,,0.40907310484346526,shared_address_cluster;non_consolidating_entity;missing_direct_parent;missing_ultimate_parent,SG,phase3_jurisdiction_model,E_model_predicted_jurisdiction,0.6976,SG,0.6976,0.4006,SG;US;GB,0.6976;0.297;0.0019,,,,,0.0,,,,,,,Kuala Lumpur,1.3976854846715725,0,0,0,1,1,0,1
254900FD2BWQF3KBFN05,AHAM World Series - US Short Duration High Income Fund,0.3891,fund_product_vehicle_rule_applied,product_vehicle_rule_applied,fund_or_product_vehicle,,0.40907310484346526,shared_address_cluster;non_consolidating_entity;missing_direct_parent;missing_ultimate_parent,SG,phase3_jurisdiction_model,E_model_predicted_jurisdiction,0.568,SG,0.568,0.1451,SG;GB;US,0.568;0.4229;0.0088,,,,,0.0,,,,,,,Kuala Lumpur,1.3976854846715725,0,0,0,1,1,0,1
254900KFDY0Q6WN0VK77,AHAM World Series - US Technology Fund,0.3891,fund_product_vehicle_rule_applied,product_vehicle_rule_applied,fund_or_product_vehicle,,0.40907310484346526,shared_address_cluster;non_consolidating_entity;missing_direct_parent;missing_ultimate_parent,SG,phase3_jurisdiction_model,E_model_predicted_jurisdiction,0.7167,SG,0.7167,0.463,SG;ASIA_OTHER;GB,0.7167;0.2537;0.0238,,,,,0.0,,,,,,,Kuala Lumpur,1.3976854846715725,0,0,0,1,1,0,1
254900IQ3KP655DSRK74,AHAM World Series - World Technology Fund,0.3891,fund_product_vehicle_rule_applied,product_vehicle_rule_applied,fund_or_product_vehicle,,0.40907310484346526,shared_address_cluster;non_consolidating_entity;missing_direct_parent;missing_ultimate_parent,SG,phase3_jurisdiction_model,E_model_predicted_jurisdiction,0.4905,SG,0.4905,0.008,SG;ASIA_OTHER;GB,0.4905;0.4825;0.0208,,,,,0.0,,,,,,,Kuala Lumpur,1.3976854846715725,0,0,0,1,1,0,1
254900C3DTDRO1L43F08,AIA PAM - Dividend Income Fund,0.3891,fund_product_vehicle_rule_applied,product_vehicle_rule_applied,fund_or_product_vehicle,,0.40907310484346526,shared_address_cluster;non_consolidating_entity;missing_direct_parent;missing_ultimate_parent,SG,phase3_jurisdiction_model,E_model_predicted_jurisdiction,0.8306,SG,0.8306,0.7161,SG;US;ASIA_OTHER,0.8306;0.1145;0.0529,,,,,0.0,,,,,,,Kuala Lumpur,1.3976854846715725,0,0,0,1,1,0,1
254900AZAXW4RPNIP920,AIA PAM - Dynamic Asia Ex-Japan Fund,0.3891,fund_product_vehicle_rule_applied,product_vehicle_rule_applied,fund_or_product_vehicle,,0.40907310484346526,shared_address_cluster;non_consolidating_entity;missing_direct_parent;missing_ultimate_parent,ASIA_OTHER,phase3_jurisdiction_model,E_model_predicted_jurisdiction,0.9983,ASIA_OTHER,0.9983,0.9973,ASIA_OTHER;SG;US,0.9983;0.001;0.0008,,,,,0.0,,,,,,,Kuala Lumpur,1.3976854846715725,0,0,0,1,1,0,1
254900L9DQZ1OZG9YV92,AIIMAN GOVERNMENT SUKUK FUND,0.3891,fund_product_vehicle_rule_applied,product_vehicle_rule_applied,fund_or_product_vehicle,,0.40907310484346526,shared_address_cluster;non_consolidating_entity;missing_direct_parent;missing_ultimate_parent,SG,phase3_jurisdiction_model,E_model_predicted_jurisdiction,0.9856,SG,0.9856,0.9807,SG;DE;OFFSHORE,0.9856;0.0049;0.0045,,,,,0.0,,,,,,,Kuala Lumpur,1.3976854846715725,0,0,0,1,1,0,1
213800R79YZ2LN1LYC58,AMANAH SAHAM BUMIPUTERA,0.3891,fund_product_vehicle_rule_applied,product_vehicle_rule_applied,fund_or_product_vehicle,,0.40907310484346526,shared_address_cluster;non_consolidating_entity;missing_direct_parent;missing_ultimate_parent,US,phase3_jurisdiction_model,E_model_predicted_jurisdiction,0.6038,US,0.6038,0.3625,US;DE;GB,0.6038;0.2413;0.148,,,,,0.0,,,,,,,KUALA LUMPUR,1.3976854846715725,0,0,0,1,1,0,1
2138003LKNZW93331P02,AMANAH SAHAM BUMIPUTERA 2,0.3891,fund_product_vehicle_rule_applied,product_vehicle_rule_applied,fund_or_product_vehicle,,0.40907310484346526,shared_address_cluster;non_consolidating_entity;missing_direct_parent;missing_ultimate_parent,DE,phase3_jurisdiction_model,E_model_predicted_jurisdiction,0.8548,DE,0.8548,0.7268,DE;OFFSHORE;US,0.8548;0.1281;0.014,,,,,0.0,,,,,,,KUALA LUMPUR,1.3976854846715725,0,0,0,1,1,0,1
21380031S3SXPF9IBH98,AMANAH SAHAM BUMIPUTERA 3 - DIDIK,0.3891,fund_product_vehicle_rule_applied,product_vehicle_rule_applied,fund_or_product_vehicle,,0.40907310484346526,shared_address_cluster;non_consolidating_entity;missing_direct_parent;missing_ultimate_parent,SG,phase3_jurisdiction_model,E_model_predicted_jurisdiction,0.8823,SG,0.8823,0.7836,SG;DE;US,0.8823;0.0987;0.0138,,,,,0.0,,,,,,,KUALA LUMPUR,1.3976854846715725,0,0,0,1,1,0,1
213800ALLB5TWM7YKI16,AMANAH SAHAM MALAYSIA,0.3891,fund_product_vehicle_rule_applied,product_vehicle_rule_applied,fund_or_product_vehicle,,0.40907310484346526,shared_address_cluster;non_consolidating_entity;missing_direct_parent;missing_ultimate_parent,GB,phase3_jurisdiction_model,E_model_predicted_jurisdiction,0.7418,GB,0.7418,0.6137,GB;DE;OFFSHORE,0.7418;0.1282;0.0747,,,,,0.0,,,,,,,KUALA LUMPUR,1.3976854846715725,0,0,0,1,1,0,1
213800XBUPUSKR99RV92,AMANAH SAHAM MALAYSIA 2 - WAWASAN,0.3891,fund_product_vehicle_rule_applied,product_vehicle_rule_applied,fund_or_product_vehicle,,0.40907310484346526,shared_address_cluster;non_consolidating_entity;missing_direct_parent;missing_ultimate_parent,SG,phase3_jurisdiction_model,E_model_predicted_jurisdiction,0.8337,SG,0.8337,0.6992,SG;DE;US,0.8337;0.1344;0.0215,,,,,0.0,,,,,,,KUALA LUMPUR,1.3976854846715725,0,0,0,1,1,0,1
213800V18HUGYBBIO507,AMANAH SAHAM MALAYSIA 3,0.3891,fund_product_vehicle_rule_applied,product_vehicle_rule_applied,fund_or_product_vehicle,,0.40907310484346526,shared_address_cluster;non_consolidating_entity;missing_direct_parent;missing_ultimate_parent,US,phase3_jurisdiction_model,E_model_predicted_jurisdiction,0.7462,US,0.7462,0.5905,US;DE;OFFSHORE,0.7462;0.1558;0.0805,,,,,0.0,,,,,,,KUALA LUMPUR,1.3976854846715725,0,0,0,1,1,0,1
213800XJ3MD5POT81393,AMANAH SAHAM NASIONAL,0.3891,fund_product_vehicle_rule_applied,product_vehicle_rule_applied,fund_or_product_vehicle,,0.40907310484346526,shared_address_cluster;non_consolidating_entity;missing_direct_parent;missing_ultimate_parent,GB,phase3_jurisdiction_model,E_model_predicted_jurisdiction,0.7241,GB,0.7241,0.4981,GB;DE;US,0.7241;0.226;0.033,,,,,0.0,,,,,,,KUALA LUMPUR,1.3976854846715725,0,0,0,1,1,0,1
21380018KUJ2CCZWDR03,AMASIA PACIFIC EQUITY INCOME,0.3891,fund_product_vehicle_rule_applied,product_vehicle_rule_applied,fund_or_product_vehicle,,0.40907310484346526,shared_address_cluster;non_consolidating_entity;missing_direct_parent;missing_ultimate_parent,US,phase3_jurisdiction_model,E_model_predicted_jurisdiction,0.4671,US,0.4671,0.1255,US;DE;ASIA_OTHER,0.4671;0.3416;0.1821,,,,,0.0,,,,,,,KUALA LUMPUR,1.3976854846715725,0,0,0,1,1,0,1
213800O28IP7T4MGK231,AMCIO SERIES – GLOBAL TACTICAL,0.3891,fund_product_vehicle_rule_applied,product_vehicle_rule_applied,fund_or_product_vehicle,,0.40907310484346526,shared_address_cluster;non_consolidating_entity;missing_direct_parent;missing_ultimate_parent,US,phase3_jurisdiction_model,E_model_predicted_jurisdiction,0.4773,US,0.4773,0.2612,US;DE;ASIA_OTHER,0.4773;0.216;0.1738,,,,,0.0,,,,,,,KUALA LUMPUR,1.3976854846715725,0,0,0,1,1,0,1
213800CESEQBVY9HIN62,AMDYNAMIC ASIA EQUITIES,0.3891,fund_product_vehicle_rule_applied,product_vehicle_rule_applied,fund_or_product_vehicle,,0.40907310484346526,shared_address_cluster;non_consolidating_entity;missing_direct_parent;missing_ultimate_parent,US,phase3_jurisdiction_model,E_model_predicted_jurisdiction,0.8056,US,0.8056,0.7214,US;DE;ASIA_OTHER,0.8056;0.0842;0.0564,,,,,0.0,,,,,,,KUALA LUMPUR,1.3976854846715725,0,0,0,1,1,0,1
213800XDCXA7JF92XY43,AMGLOBAL ISLAMIC EQUITY,0.3891,fund_product_vehicle_rule_applied,product_vehicle_rule_applied,fund_or_product_vehicle,,0.40907310484346526,shared_address_cluster;non_consolidating_entity;missing_direct_parent;missing_ultimate_parent,US,phase3_jurisdiction_model,E_model_predicted_jurisdiction,0.8056,US,0.8056,0.7214,US;DE;ASIA_OTHER,0.8056;0.0842;0.0564,,,,,0.0,,,,,,,KUALA LUMPUR,1.3976854846715725,0,0,0,1,1,0,1
213800N86AISHMWJI724,AMGLOBAL MULTI ASSET,0.3891,fund_product_vehicle_rule_applied,product_vehicle_rule_applied,fund_or_product_vehicle,,0.40907310484346526,shared_address_cluster;non_consolidating_entity;missing_direct_parent;missing_ultimate_parent,GB,phase3_jurisdiction_model,E_model_predicted_jurisdiction,0.536,GB,0.536,0.3621,GB;US;DE,0.536;0.1739;0.1673,,,,,0.0,,,,,,,KUALA LUMPUR,1.3976854846715725,0,0,0,1,1,0,1
213800XML19Z57CC8210,ASN EQUITY 2,0.3891,fund_product_vehicle_rule_applied,product_vehicle_rule_applied,fund_or_product_vehicle,,0.40907310484346526,shared_address_cluster;non_consolidating_entity;missing_direct_parent;missing_ultimate_parent,DE,phase3_jurisdiction_model,E_model_predicted_jurisdiction,0.8057,DE,0.8057,0.7193,DE;GB;EUROPE,0.8057;0.0864;0.0521,,,,,0.0,,,,,,,KUALA LUMPUR,1.3976854846715725,0,0,0,1,1,0,1
213800F2I8K23GJ2CT66,ASN EQUITY 3,0.3891,fund_product_vehicle_rule_applied,product_vehicle_rule_applied,fund_or_product_vehicle,,0.40907310484346526,shared_address_cluster;non_consolidating_entity;missing_direct_parent;missing_ultimate_parent,DE,phase3_jurisdiction_model,E_model_predicted_jurisdiction,0.8057,DE,0.8057,0.7193,DE;GB;EUROPE,0.8057;0.0864;0.0521,,,,,0.0,,,,,,,KUALA LUMPUR,1.3976854846715725,0,0,0,1,1,0,1
213800TVV6V1TLYEZC72,ASN EQUITY 5,0.3891,fund_product_vehicle_rule_applied,product_vehicle_rule_applied,fund_or_product_vehicle,,0.40907310484346526,shared_address_cluster;non_consolidating_entity;missing_direct_parent;missing_ultimate_parent,DE,phase3_jurisdiction_model,E_model_predicted_jurisdiction,0.8057,DE,0.8057,0.7193,DE;GB;EUROPE,0.8057;0.0864;0.0521,,,,,0.0,,,,,,,KUALA LUMPUR,1.3976854846715725,0,0,0,1,1,0,1
213800L8W7Y5FWH3TB17,ASN EQUITY GLOBAL,0.3891,fund_product_vehicle_rule_applied,product_vehicle_rule_applied,fund_or_product_vehicle,,0.40907310484346526,shared_address_cluster;non_consolidating_entity;missing_direct_parent;missing_ultimate_parent,DE,phase3_jurisdiction_model,E_model_predicted_jurisdiction,0.5711,DE,0.5711,0.4104,DE;MIDEAST_AFRICA;GB,0.5711;0.1607;0.1312,,,,,0.0,,,,,,,KUALA LUMPUR,1.3976854846715725,0,0,0,1,1,0,1
213800PJKT64PWR7WF37,ASN IMBANG (MIXED ASSET BALANCED) 1,0.3891,fund_product_vehicle_rule_applied,product_vehicle_rule_applied,fund_or_product_vehicle,,0.40907310484346526,shared_address_cluster;non_consolidating_entity;missing_direct_parent;missing_ultimate_parent,DE,phase3_jurisdiction_model,E_model_predicted_jurisdiction,0.5343,DE,0.5343,0.144,DE;SG;US,0.5343;0.3903;0.0516,,,,,0.0,,,,,,,KUALA LUMPUR,1.3976854846715725,0,0,0,1,1,0,1
2138007EOTWJU2K98856,ASN IMBANG (MIXED ASSET BALANCED) 2,0.3891,fund_product_vehicle_rule_applied,product_vehicle_rule_applied,fund_or_product_vehicle,,0.40907310484346526,shared_address_cluster;non_consolidating_entity;missing_direct_parent;missing_ultimate_parent,DE,phase3_jurisdiction_model,E_model_predicted_jurisdiction,0.5343,DE,0.5343,0.144,DE;SG;US,0.5343;0.3903;0.0516,,,,,0.0,,,,,,,KUALA LUMPUR,1.3976854846715725,0,0,0,1,1,0,1
213800GJ5G6T3KUIDW34,ASN IMBANG (MIXED ASSET BALANCED) 3 GLOBAL,0.3891,fund_product_vehicle_rule_applied,product_vehicle_rule_applied,fund_or_product_vehicle,,0.40907310484346526,shared_address_cluster;non_consolidating_entity;missing_direct_parent;missing_ultimate_parent,ASIA_OTHER,phase3_jurisdiction_model,E_model_predicted_jurisdiction,0.9297,ASIA_OTHER,0.9297,0.9013,ASIA_OTHER;SG;DE,0.9297;0.0285;0.0216,,,,,0.0,,,,,,,KUALA LUMPUR,1.3976854846715725,0,0,0,1,1,0,1
2138005VD93FLXT78L50,ASN SARA (MIXED ASSET CONSERVATIVE) 1,0.3891,fund_product_vehicle_rule_applied,product_vehicle_rule_applied,fund_or_product_vehicle,,0.40907310484346526,shared_address_cluster;non_consolidating_entity;missing_direct_parent;missing_ultimate_parent,DE,phase3_jurisdiction_model,E_model_predicted_jurisdiction,0.5377,DE,0.5377,0.1439,DE;SG;US,0.5377;0.3938;0.0471,,,,,0.0,,,,,,,KUALA LUMPUR,1.3976854846715725,0,0,0,1,1,0,1
213800VKNHCTYI65X339,ASN SARA (MIXED ASSET CONSERVATIVE) 2,0.3891,fund_product_vehicle_rule_applied,product_vehicle_rule_applied,fund_or_product_vehicle,,0.40907310484346526,shared_address_cluster;non_consolidating_entity;missing_direct_parent;missing_ultimate_parent,DE,phase3_jurisdiction_model,E_model_predicted_jurisdiction,0.5377,DE,0.5377,0.1439,DE;SG;US,0.5377;0.3938;0.0471,,,,,0.0,,,,,,,KUALA LUMPUR,1.3976854846715725,0,0,0,1,1,0,1
213800VUV4PMJWG33V03,ASN SUKUK,0.3891,fund_product_vehicle_rule_applied,product_vehicle_rule_applied,fund_or_product_vehicle,,0.40907310484346526,shared_address_cluster;non_consolidating_entity;missing_direct_parent;missing_ultimate_parent,OFFSHORE,phase3_jurisdiction_model,E_model_predicted_jurisdiction,0.8948,OFFSHORE,0.8948,0.8086,OFFSHORE;DE;GB,0.8948;0.0861;0.0092,,,,,0.0,,,,,,,KUALA LUMPUR,1.3976854846715725,0,0,0,1,1,0,1
254900W5XPESY7AI8422,Affin Hwang 18M Enhanced Income Fund 2,0.3891,fund_product_vehicle_rule_applied,product_vehicle_rule_applied,fund_or_product_vehicle,,0.40907310484346526,shared_address_cluster;non_consolidating_entity;missing_direct_parent;missing_ultimate_parent,SG,phase3_jurisdiction_model,E_model_predicted_jurisdiction,0.9436,SG,0.9436,0.9104,SG;US;ASIA_OTHER,0.9436;0.0332;0.0217,,,,,0.0,,,,,,,Kuala Lumpur,1.3976854846715725,0,0,0,1,1,0,1
254900UTBDNSZSOBHQ56,Affin Hwang Aiiman Fixed Maturity Fund,0.3891,fund_product_vehicle_rule_applied,product_vehicle_rule_applied,fund_or_product_vehicle,,0.40907310484346526,shared_address_cluster;non_consolidating_entity;missing_direct_parent;missing_ultimate_parent,SG,phase3_jurisdiction_model,E_model_predicted_jurisdiction,0.8666,SG,0.8666,0.7345,SG;US;OFFSHORE,0.8666;0.132;0.0005,,,,,0.0,,,,,,,Kuala Lumpur,1.3976854846715725,0,0,0,1,1,0,1
254900BCF3NYQJ0H3975,Affin Hwang Dana Malaysia,0.3891,fund_product_vehicle_rule_applied,product_vehicle_rule_applied,fund_or_product_vehicle,,0.40907310484346526,shared_address_cluster;non_consolidating_entity;missing_direct_parent;missing_ultimate_parent,SG,phase3_jurisdiction_model,E_model_predicted_jurisdiction,0.7325,SG,0.7325,0.5834,SG;US;DE,0.7325;0.1492;0.1087,,,,,0.0,,,,,,,Kuala Lumpur,1.3976854846715725,0,0,0,1,1,0,1
254900URM5VW4IUJWN66,Affin Hwang Fixed Maturity Income Fund XIII,0.3891,fund_product_vehicle_rule_applied,product_vehicle_rule_applied,fund_or_product_vehicle,,0.40907310484346526,shared_address_cluster;non_consolidating_entity;missing_direct_parent;missing_ultimate_parent,US,phase3_jurisdiction_model,E_model_predicted_jurisdiction,0.681,US,0.681,0.3651,US;SG;ASIA_OTHER,0.681;0.3159;0.0016,,,,,0.0,,,,,,,Kuala Lumpur,1.3976854846715725,0,0,0,1,1,0,1
254900OKZ1WZ1SYO3Y14,Affin Hwang Fixed Maturity Income Fund XIV,0.3891,fund_product_vehicle_rule_applied,product_vehicle_rule_applied,fund_or_product_vehicle,,0.40907310484346526,shared_address_cluster;non_consolidating_entity;missing_direct_parent;missing_ultimate_parent,US,phase3_jurisdiction_model,E_model_predicted_jurisdiction,0.6882,US,0.6882,0.3795,US;SG;ASIA_OTHER,0.6882;0.3088;0.0015,,,,,0.0,,,,,,,Kuala Lumpur,1.3976854846715725,0,0,0,1,1,0,1
254900MAP3SZJKFATX67,Affin Hwang Flexible Maturity Income Fund 10,0.3891,fund_product_vehicle_rule_applied,product_vehicle_rule_applied,fund_or_product_vehicle,,0.40907310484346526,shared_address_cluster;non_consolidating_entity;missing_direct_parent;missing_ultimate_parent,SG,phase3_jurisdiction_model,E_model_predicted_jurisdiction,0.9578,SG,0.9578,0.9181,SG;US;ASIA_OTHER,0.9578;0.0398;0.0014,,,,,0.0,,,,,,,Kuala Lumpur,1.3976854846715725,0,0,0,1,1,0,1
254900U67L2J6DLOOC31,Affin Hwang Flexible Maturity Income Fund 11,0.3891,fund_product_vehicle_rule_applied,product_vehicle_rule_applied,fund_or_product_vehicle,,0.40907310484346526,shared_address_cluster;non_consolidating_entity;missing_direct_parent;missing_ultimate_parent,SG,phase3_jurisdiction_model,E_model_predicted_jurisdiction,0.9691,SG,0.9691,0.9406,SG;US;ASIA_OTHER,0.9691;0.0286;0.0017,,,,,0.0,,,,,,,Kuala Lumpur,1.3976854846715725,0,0,0,1,1,0,1
254900IWPFOPXA818Y07,Affin Hwang Flexible Maturity Income Fund 12,0.3891,fund_product_vehicle_rule_applied,product_vehicle_rule_applied,fund_or_product_vehicle,,0.40907310484346526,shared_address_cluster;non_consolidating_entity;missing_direct_parent;missing_ultimate_parent,SG,phase3_jurisdiction_model,E_model_predicted_jurisdiction,0.9691,SG,0.9691,0.9406,SG;US;ASIA_OTHER,0.9691;0.0286;0.0017,,,,,0.0,,,,,,,Kuala Lumpur,1.3976854846715725,0,0,0,1,1,0,1
254900DL532T754MJT51,Affin Hwang Flexible Maturity Income Fund 13,0.3891,fund_product_vehicle_rule_applied,product_vehicle_rule_applied,fund_or_product_vehicle,,0.40907310484346526,shared_address_cluster;non_consolidating_entity;missing_direct_parent;missing_ultimate_parent,SG,phase3_jurisdiction_model,E_model_predicted_jurisdiction,0.9691,SG,0.9691,0.9406,SG;US;ASIA_OTHER,0.9691;0.0286;0.0017,,,,,0.0,,,,,,,Kuala Lumpur,1.3976854846715725,0,0,0,1,1,0,1
254900U800QXJ4QOG972,Affin Hwang Flexible Maturity Income Fund 14,0.3891,fund_product_vehicle_rule_applied,product_vehicle_rule_applied,fund_or_product_vehicle,,0.40907310484346526,shared_address_cluster;non_consolidating_entity;missing_direct_parent;missing_ultimate_parent,SG,phase3_jurisdiction_model,E_model_predicted_jurisdiction,0.9691,SG,0.9691,0.9406,SG;US;ASIA_OTHER,0.9691;0.0286;0.0017,,,,,0.0,,,,,,,Kuala Lumpur,1.3976854846715725,0,0,0,1,1,0,1
254900YU9M6VE8NGWL17,Affin Hwang Flexible Maturity Income Fund 22,0.3891,fund_product_vehicle_rule_applied,product_vehicle_rule_applied,fund_or_product_vehicle,,0.40907310484346526,shared_address_cluster;non_consolidating_entity;missing_direct_parent;missing_ultimate_parent,SG,phase3_jurisdiction_model,E_model_predicted_jurisdiction,0.9524,SG,0.9524,0.9172,SG;US;ASIA_OTHER,0.9524;0.0351;0.0116,,,,,0.0,,,,,,,Kuala Lumpur,1.3976854846715725,0,0,0,1,1,0,1
254900HBXMMGCJ2D0695,Affin Hwang Flexible Maturity Income Fund 23,0.3891,fund_product_vehicle_rule_applied,product_vehicle_rule_applied,fund_or_product_vehicle,,0.40907310484346526,shared_address_cluster;non_consolidating_entity;missing_direct_parent;missing_ultimate_parent,ASIA_OTHER,phase3_jurisdiction_model,E_model_predicted_jurisdiction,0.5413,ASIA_OTHER,0.5413,0.0845,ASIA_OTHER;SG;GB,0.5413;0.4569;0.0016,,,,,0.0,,,,,,,Kuala Lumpur,1.3976854846715725,0,0,0,1,1,0,1
254900Q4SWMMAAY33138,Affin Hwang Flexible Maturity Income Fund 24,0.3891,fund_product_vehicle_rule_applied,product_vehicle_rule_applied,fund_or_product_vehicle,,0.40907310484346526,shared_address_cluster;non_consolidating_entity;missing_direct_parent;missing_ultimate_parent,ASIA_OTHER,phase3_jurisdiction_model,E_model_predicted_jurisdiction,0.5413,ASIA_OTHER,0.5413,0.0845,ASIA_OTHER;SG;GB,0.5413;0.4569;0.0016,,,,,0.0,,,,,,,Kuala Lumpur,1.3976854846715725,0,0,0,1,1,0,1
254900HRI67MUL5WRG05,Affin Hwang Flexible Maturity Income Fund 5,0.3891,fund_product_vehicle_rule_applied,product_vehicle_rule_applied,fund_or_product_vehicle,,0.40907310484346526,shared_address_cluster;non_consolidating_entity;missing_direct_parent;missing_ultimate_parent,US,phase3_jurisdiction_model,E_model_predicted_jurisdiction,0.681,US,0.681,0.3651,US;SG;ASIA_OTHER,0.681;0.3159;0.0016,,,,,0.0,,,,,,,Kuala Lumpur,1.3976854846715725,0,0,0,1,1,0,1
254900C5VV5C7BH69784,Affin Hwang Flexible Maturity Income Fund 6,0.3891,fund_product_vehicle_rule_applied,product_vehicle_rule_applied,fund_or_product_vehicle,,0.40907310484346526,shared_address_cluster;non_consolidating_entity;missing_direct_parent;missing_ultimate_parent,US,phase3_jurisdiction_model,E_model_predicted_jurisdiction,0.681,US,0.681,0.3651,US;SG;ASIA_OTHER,0.681;0.3159;0.0016,,,,,0.0,,,,,,,Kuala Lumpur,1.3976854846715725,0,0,0,1,1,0,1
254900DA09GFG7TIK369,Affin Hwang Flexible Maturity Income Fund 7,0.3891,fund_product_vehicle_rule_applied,product_vehicle_rule_applied,fund_or_product_vehicle,,0.40907310484346526,shared_address_cluster;non_consolidating_entity;missing_direct_parent;missing_ultimate_parent,US,phase3_jurisdiction_model,E_model_predicted_jurisdiction,0.681,US,0.681,0.3651,US;SG;ASIA_OTHER,0.681;0.3159;0.0016,,,,,0.0,,,,,,,Kuala Lumpur,1.3976854846715725,0,0,0,1,1,0,1
254900HTCGR24BJMIB25,Affin Hwang Flexible Maturity Income Fund 9,0.3891,fund_product_vehicle_rule_applied,product_vehicle_rule_applied,fund_or_product_vehicle,,0.40907310484346526,shared_address_cluster;non_consolidating_entity;missing_direct_parent;missing_ultimate_parent,SG,phase3_jurisdiction_model,E_model_predicted_jurisdiction,0.8594,SG,0.8594,0.7265,SG;US;ASIA_OTHER,0.8594;0.1329;0.0042,,,,,0.0,,,,,,,Kuala Lumpur,1.3976854846715725,0,0,0,1,1,0,1
254900XCHOCHAHZYK985,Affin Hwang Flexible Maturity Income Fund III,0.3891,fund_product_vehicle_rule_applied,product_vehicle_rule_applied,fund_or_product_vehicle,,0.40907310484346526,shared_address_cluster;non_consolidating_entity;missing_direct_parent;missing_ultimate_parent,SG,phase3_jurisdiction_model,E_model_predicted_jurisdiction,0.7854,SG,0.7854,0.5718,SG;US;ASIA_OTHER,0.7854;0.2136;0.0005,,,,,0.0,,,,,,,Kuala Lumpur,1.3976854846715725,0,0,0,1,1,0,1
254900BJSKAD457TNQ04,Affin Hwang Flexible Maturity Income Fund IV,0.3891,fund_product_vehicle_rule_applied,product_vehicle_rule_applied,fund_or_product_vehicle,,0.40907310484346526,shared_address_cluster;non_consolidating_entity;missing_direct_parent;missing_ultimate_parent,SG,phase3_jurisdiction_model,E_model_predicted_jurisdiction,0.6319,SG,0.6319,0.2655,SG;US;ASIA_OTHER,0.6319;0.3663;0.0009,,,,,0.0,,,,,,,Kuala Lumpur,1.3976854846715725,0,0,0,1,1,0,1
2549003K3LD9EAHMDG42,Affin Hwang Single Bond Series 6,0.3891,fund_product_vehicle_rule_applied,product_vehicle_rule_applied,fund_or_product_vehicle,,0.40907310484346526,shared_address_cluster;non_consolidating_entity;missing_direct_parent;missing_ultimate_parent,SG,phase3_jurisdiction_model,E_model_predicted_jurisdiction,0.9917,SG,0.9917,0.9841,SG;GB;EUROPE,0.9917;0.0077;0.0003,,,,,0.0,,,,,,,Kuala Lumpur,1.3976854846715725,0,0,0,1,1,0,1
25490070BG760EJOI412,Affin Hwang Strategic Income Fund 1,0.3891,fund_product_vehicle_rule_applied,product_vehicle_rule_applied,fund_or_product_vehicle,,0.40907310484346526,shared_address_cluster;non_consolidating_entity;missing_direct_parent;missing_ultimate_parent,SG,phase3_jurisdiction_model,E_model_predicted_jurisdiction,0.981,SG,0.981,0.9648,SG;GB;DE,0.981;0.0162;0.0012,,,,,0.0,,,,,,,Kuala Lumpur,1.3976854846715725,0,0,0,1,1,0,1
254900KY92QMEOFGOO29,Affin Hwang Strategic Opportunity Fund 1,0.3891,fund_product_vehicle_rule_applied,product_vehicle_rule_applied,fund_or_product_vehicle,,0.40907310484346526,shared_address_cluster;non_consolidating_entity;missing_direct_parent;missing_ultimate_parent,SG,phase3_jurisdiction_model,E_model_predicted_jurisdiction,0.8533,SG,0.8533,0.7694,SG;US;ASIA_OTHER,0.8533;0.0839;0.0588,,,,,0.0,,,,,,,Kuala Lumpur,1.3976854846715725,0,0,0,1,1,0,1
254900NXLH373VK9DB02,Affin Hwang Strategic Opportunity Fund 2,0.3891,fund_product_vehicle_rule_applied,product_vehicle_rule_applied,fund_or_product_vehicle,,0.40907310484346526,shared_address_cluster;non_consolidating_entity;missing_direct_parent;missing_ultimate_parent,SG,phase3_jurisdiction_model,E_model_predicted_jurisdiction,0.9444,SG,0.9444,0.896,SG;GB;DE,0.9444;0.0484;0.0032,,,,,0.0,,,,,,,Kuala Lumpur,1.3976854846715725,0,0,0,1,1,0,1
254900TKP5E1FDBIHU89,Aiiman Asia Pacific (ex Japan) Dividend Fund,0.3891,fund_product_vehicle_rule_applied,product_vehicle_rule_applied,fund_or_product_vehicle,,0.40907310484346526,shared_address_cluster;non_consolidating_entity;missing_direct_parent;missing_ultimate_parent,US,phase3_jurisdiction_model,E_model_predicted_jurisdiction,0.5208,US,0.5208,0.0501,US;SG;GB,0.5208;0.4708;0.0031,,,,,0.0,,,,,,,KUALA LUMPUR,1.3976854846715725,0,0,0,1,1,0,1
254900SA3TVU7CNNB364,AmDynamic Allocator,0.3891,fund_product_vehicle_rule_applied,product_vehicle_rule_applied,fund_or_product_vehicle,,0.40907310484346526,shared_address_cluster;non_consolidating_entity;missing_direct_parent;missing_ultimate_parent,OFFSHORE,phase3_jurisdiction_model,E_model_predicted_jurisdiction,0.8304,OFFSHORE,0.8304,0.6642,OFFSHORE;SG;US,0.8304;0.1662;0.0017,,,,,0.0,,,,,,,Kuala Lumpur,1.3976854846715725,0,0,0,1,1,0,1
2549005WBI113BDM5R83,AmDynamic Bond,0.3891,fund_product_vehicle_rule_applied,product_vehicle_rule_applied,fund_or_product_vehicle,,0.40907310484346526,shared_address_cluster;non_consolidating_entity;missing_direct_parent;missing_ultimate_parent,OFFSHORE,phase3_jurisdiction_model,E_model_predicted_jurisdiction,0.8476,OFFSHORE,0.8476,0.6972,OFFSHORE;SG;US,0.8476;0.1503;0.0017,,,,,0.0,,,,,,,Kuala Lumpur,1.3976854846715725,0,0,0,1,1,0,1
2549009Z6TZPK1TF8W38,AmDynamic Sukuk,0.3891,fund_product_vehicle_rule_applied,product_vehicle_rule_applied,fund_or_product_vehicle,,0.40907310484346526,shared_address_cluster;non_consolidating_entity;missing_direct_parent;missing_ultimate_parent,OFFSHORE,phase3_jurisdiction_model,E_model_predicted_jurisdiction,0.8314,OFFSHORE,0.8314,0.665,OFFSHORE;SG;US,0.8314;0.1664;0.0017,,,,,0.0,,,,,,,Kuala Lumpur,1.3976854846715725,0,0,0,1,1,0,1
2549005A9KQ1EIIZ5J67,AmTactical Bond,0.3891,fund_product_vehicle_rule_applied,product_vehicle_rule_applied,fund_or_product_vehicle,,0.40907310484346526,shared_address_cluster;non_consolidating_entity;missing_direct_parent;missing_ultimate_parent,OFFSHORE,phase3_jurisdiction_model,E_model_predicted_jurisdiction,0.8314,OFFSHORE,0.8314,0.665,OFFSHORE;SG;US,0.8314;0.1664;0.0017,,,,,0.0,,,,,,,Kuala Lumpur,1.3976854846715725,0,0,0,1,1,0,1
2549002CF2VXGJQ4RW20,CIMB Islamic Greater China Equity Fund,0.3891,fund_product_vehicle_rule_applied,product_vehicle_rule_applied,fund_or_product_vehicle,,0.40907310484346526,shared_address_cluster;non_consolidating_entity;missing_direct_parent;missing_ultimate_parent,SG,phase3_jurisdiction_model,E_model_predicted_jurisdiction,0.5094,SG,0.5094,0.2066,SG;US;DE,0.5094;0.3028;0.1847,,,,,0.0,,,,,,,KUALA LUMPUR,1.3976854846715725,0,0,0,1,1,0,1
549300TP4R23F7H4IO85,EASTSPRING INVESTMENTS GLOBAL TARGET INCOME FUND,0.3891,fund_product_vehicle_rule_applied,product_vehicle_rule_applied,fund_or_product_vehicle,,0.40907310484346526,shared_address_cluster;non_consolidating_entity;missing_direct_parent;missing_ultimate_parent,US,phase3_jurisdiction_model,E_model_predicted_jurisdiction,0.8194,US,0.8194,0.6474,US;SG;DE,0.8194;0.1719;0.0036,,,,,0.0,,,,,,,KUALA LUMPUR,1.3976854846715725,0,0,0,1,1,0,1
5493005C4M06TN3RNF14,EASTSPRING INVESTMENTS TARGET INCOME FUND 10,0.3891,fund_product_vehicle_rule_applied,product_vehicle_rule_applied,fund_or_product_vehicle,,0.40907310484346526,shared_address_cluster;non_consolidating_entity;missing_direct_parent;missing_ultimate_parent,US,phase3_jurisdiction_model,E_model_predicted_jurisdiction,0.6094,US,0.6094,0.2276,US;SG;GB,0.6094;0.3819;0.0037,,,,,0.0,,,,,,,KUALA LUMPUR,1.3976854846715725,0,0,0,1,1,0,1
549300796O0ZR08VQ844,EASTSPRING INVESTMENTS TARGET INCOME FUND 4,0.3891,fund_product_vehicle_rule_applied,product_vehicle_rule_applied,fund_or_product_vehicle,,0.40907310484346526,shared_address_cluster;non_consolidating_entity;missing_direct_parent;missing_ultimate_parent,US,phase3_jurisdiction_model,E_model_predicted_jurisdiction,0.7266,US,0.7266,0.4808,US;SG;DE,0.7266;0.2458;0.0231,,,,,0.0,,,,,,,KUALA LUMPUR,1.3976854846715725,0,0,0,1,1,0,1
549300T8DTJPDLFUN464,EASTSPRING INVESTMENTS TARGET INCOME FUND 5,0.3891,fund_product_vehicle_rule_applied,product_vehicle_rule_applied,fund_or_product_vehicle,,0.40907310484346526,shared_address_cluster;non_consolidating_entity;missing_direct_parent;missing_ultimate_parent,US,phase3_jurisdiction_model,E_model_predicted_jurisdiction,0.7266,US,0.7266,0.4808,US;SG;DE,0.7266;0.2458;0.0231,,,,,0.0,,,,,,,KUALA LUMPUR,1.3976854846715725,0,0,0,1,1,0,1
549300EQKU8OD0NU5W07,EASTSPRING INVESTMENTS TARGET INCOME FUND 6,0.3891,fund_product_vehicle_rule_applied,product_vehicle_rule_applied,fund_or_product_vehicle,,0.40907310484346526,shared_address_cluster;non_consolidating_entity;missing_direct_parent;missing_ultimate_parent,US,phase3_jurisdiction_model,E_model_predicted_jurisdiction,0.7266,US,0.7266,0.4808,US;SG;DE,0.7266;0.2458;0.0231,,,,,0.0,,,,,,,KUALA LUMPUR,1.3976854846715725,0,0,0,1,1,0,1
2549009RSS6RYYQOYO52,EPF Global Sukuk,0.3891,fund_product_vehicle_rule_applied,product_vehicle_rule_applied,fund_or_product_vehicle,,0.40907310484346526,shared_address_cluster;non_consolidating_entity;missing_direct_parent;missing_ultimate_parent,SG,phase3_jurisdiction_model,E_model_predicted_jurisdiction,0.9691,SG,0.9691,0.9487,SG;US;GB,0.9691;0.0204;0.0099,,,,,0.0,,,,,,,Kuala Lumpur,1.3976854846715725,0,0,0,1,1,0,1
254900PODE4JTTZA1D34,Hong Leong Asia Pacific Equity Fund,0.3891,fund_product_vehicle_rule_applied,product_vehicle_rule_applied,fund_or_product_vehicle,,0.40907310484346526,shared_address_cluster;non_consolidating_entity;missing_direct_parent;missing_ultimate_parent,SG,phase3_jurisdiction_model,E_model_predicted_jurisdiction,0.9357,SG,0.9357,0.8924,SG;US;ASIA_OTHER,0.9357;0.0432;0.0197,,,,,0.0,,,,,,,Kuala Lumpur,1.3976854846715725,0,0,0,1,1,0,1
254900NPKXMCQ67RYP45,Hong Leong Asia-Pacific Dividend Fund,0.3891,fund_product_vehicle_rule_applied,product_vehicle_rule_applied,fund_or_product_vehicle,,0.40907310484346526,shared_address_cluster;non_consolidating_entity;missing_direct_parent;missing_ultimate_parent,SG,phase3_jurisdiction_model,E_model_predicted_jurisdiction,0.8373,SG,0.8373,0.6752,SG;US;GB,0.8373;0.1621;0.0003,,,,,0.0,,,,,,,Kuala Lumpur,1.3976854846715725,0,0,0,1,1,0,1
254900L8Q380V2YG5N67,Hong Leong Global ESG Fund,0.3891,fund_product_vehicle_rule_applied,product_vehicle_rule_applied,fund_or_product_vehicle,,0.40907310484346526,shared_address_cluster;non_consolidating_entity;missing_direct_parent;missing_ultimate_parent,SG,phase3_jurisdiction_model,E_model_predicted_jurisdiction,0.8182,SG,0.8182,0.7249,SG;OFFSHORE;GB,0.8182;0.0933;0.0669,,,,,0.0,,,,,,,Kuala Lumpur,1.3976854846715725,0,0,0,1,1,0,1
2549003O8604BKHTLK37,Hong Leong Global Equity Fund,0.3891,fund_product_vehicle_rule_applied,product_vehicle_rule_applied,fund_or_product_vehicle,,0.40907310484346526,shared_address_cluster;non_consolidating_entity;missing_direct_parent;missing_ultimate_parent,SG,phase3_jurisdiction_model,E_model_predicted_jurisdiction,0.9583,SG,0.9583,0.9297,SG;US;OFFSHORE,0.9583;0.0286;0.0079,,,,,0.0,,,,,,,Kuala Lumpur,1.3976854846715725,0,0,0,1,1,0,1
254900728C3X11V0R458,Hong Leong Growth Fund,0.3891,fund_product_vehicle_rule_applied,product_vehicle_rule_applied,fund_or_product_vehicle,,0.40907310484346526,shared_address_cluster;non_consolidating_entity;missing_direct_parent;missing_ultimate_parent,SG,phase3_jurisdiction_model,E_model_predicted_jurisdiction,0.5586,SG,0.5586,0.124,SG;US;GB,0.5586;0.4346;0.0062,,,,,0.0,,,,,,,Kuala Lumpur,1.3976854846715725,0,0,0,1,1,0,1
254900S4KQV0I34ABM68,KSC Demeter Fund,0.3891,fund_product_vehicle_rule_applied,product_vehicle_rule_applied,fund_or_product_vehicle,,0.40907310484346526,shared_address_cluster;non_consolidating_entity;missing_direct_parent;missing_ultimate_parent,SG,phase3_jurisdiction_model,E_model_predicted_jurisdiction,0.9756,SG,0.9756,0.953,SG;GB;DE,0.9756;0.0226;0.0006,,,,,0.0,,,,,,,Kuala Lumpur,1.3976854846715725,0,0,0,1,1,0,1
254900RYAIU1CI3YZK82,KSC High Yield Fund,0.3891,fund_product_vehicle_rule_applied,product_vehicle_rule_applied,fund_or_product_vehicle,,0.40907310484346526,shared_address_cluster;non_consolidating_entity;missing_direct_parent;missing_ultimate_parent,SG,phase3_jurisdiction_model,E_model_predicted_jurisdiction,0.9942,SG,0.9942,0.9916,SG;EUROPE;GB,0.9942;0.0026;0.0017,,,,,0.0,,,,,,,Kuala Lumpur,1.3976854846715725,0,0,0,1,1,0,1
254900XKQAKRWJCNGZ09,KSC Incrementum Fund,0.3891,fund_product_vehicle_rule_applied,product_vehicle_rule_applied,fund_or_product_vehicle,,0.40907310484346526,shared_address_cluster;non_consolidating_entity;missing_direct_parent;missing_ultimate_parent,SG,phase3_jurisdiction_model,E_model_predicted_jurisdiction,0.963,SG,0.963,0.9279,SG;GB;DE,0.963;0.035;0.0006,,,,,0.0,,,,,,,Kuala Lumpur,1.3976854846715725,0,0,0,1,1,0,1
254900QOGRD10AMUU407,KSC Strategic Fund 3,0.3891,fund_product_vehicle_rule_applied,product_vehicle_rule_applied,fund_or_product_vehicle,,0.40907310484346526,shared_address_cluster;non_consolidating_entity;missing_direct_parent;missing_ultimate_parent,SG,phase3_jurisdiction_model,E_model_predicted_jurisdiction,0.995,SG,0.995,0.9924,SG;GB;DE,0.995;0.0026;0.0008,,,,,0.0,,,,,,,Kuala Lumpur,1.3976854846715725,0,0,0,1,1,0,1
25490023LG6QKWCM9T71,KWAP Global Sukuk,0.3891,fund_product_vehicle_rule_applied,product_vehicle_rule_applied,fund_or_product_vehicle,,0.40907310484346526,shared_address_cluster;non_consolidating_entity;missing_direct_parent;missing_ultimate_parent,SG,phase3_jurisdiction_model,E_model_predicted_jurisdiction,0.9691,SG,0.9691,0.9487,SG;US;GB,0.9691;0.0204;0.0099,,,,,0.0,,,,,,,Kuala Lumpur,1.3976854846715725,0,0,0,1,1,0,1
9845000130FAA54LK790,MAMG GLOBAL PRIVATE CREDIT FUND,0.3891,fund_product_vehicle_rule_applied,product_vehicle_rule_applied,fund_or_product_vehicle,,0.40907310484346526,shared_address_cluster;non_consolidating_entity;missing_direct_parent;missing_ultimate_parent,US,phase3_jurisdiction_model,E_model_predicted_jurisdiction,0.5581,US,0.5581,0.3711,US;DE;ASIA_OTHER,0.5581;0.187;0.1504,,,,,0.0,,,,,,,KUALA LUMPUR,1.3976854846715725,0,0,0,1,1,0,1
549300ZIIQ3PJL1YWA62,MANULIFE PRS - CONSERVATIVE FUND,0.3891,fund_product_vehicle_rule_applied,product_vehicle_rule_applied,fund_or_product_vehicle,,0.40907310484346526,shared_address_cluster;non_consolidating_entity;missing_direct_parent;missing_ultimate_parent,DE,phase3_jurisdiction_model,E_model_predicted_jurisdiction,0.5814,DE,0.5814,0.4299,DE;EUROPE;GB,0.5814;0.1515;0.1338,,,,,0.0,,,,,,,KUALA LUMPUR,1.3976854846715725,0,0,0,1,1,0,1
549300CXDGF40SM0MG76,MANULIFE PRS - GROWTH FUND,0.3891,fund_product_vehicle_rule_applied,product_vehicle_rule_applied,fund_or_product_vehicle,,0.40907310484346526,shared_address_cluster;non_consolidating_entity;missing_direct_parent;missing_ultimate_parent,DE,phase3_jurisdiction_model,E_model_predicted_jurisdiction,0.8231,DE,0.8231,0.7116,DE;GB;OFFSHORE,0.8231;0.1115;0.0291,,,,,0.0,,,,,,,KUALA LUMPUR,1.3976854846715725,0,0,0,1,1,0,1
5493002FY7LZT5UWXN69,MANULIFE PRS - MODERATE FUND,0.3891,fund_product_vehicle_rule_applied,product_vehicle_rule_applied,fund_or_product_vehicle,,0.40907310484346526,shared_address_cluster;non_consolidating_entity;missing_direct_parent;missing_ultimate_parent,SG,phase3_jurisdiction_model,E_model_predicted_jurisdiction,0.8404,SG,0.8404,0.7152,SG;GB;ASIA_OTHER,0.8404;0.1252;0.0299,,,,,0.0,,,,,,,Kuala Lumpur,1.3976854846715725,0,0,0,1,1,0,1
25490091RJAY2344O873,MANULIFE PRS NESTEGG SERIES,0.3891,fund_product_vehicle_rule_applied,product_vehicle_rule_applied,fund_or_product_vehicle,,0.40907310484346526,shared_address_cluster;non_consolidating_entity;missing_direct_parent;missing_ultimate_parent,SG,phase3_jurisdiction_model,E_model_predicted_jurisdiction,0.9771,SG,0.9771,0.9613,SG;DE;OFFSHORE,0.9771;0.0158;0.0045,,,,,0.0,,,,,,,Kuala Lumpur,1.3976854846715725,0,0,0,1,1,0,1
5493001Y4XMS8E7CP392,MANULIFE SHARIAH GLOBAL REIT FUND,0.3891,fund_product_vehicle_rule_applied,product_vehicle_rule_applied,fund_or_product_vehicle,,0.40907310484346526,shared_address_cluster;non_consolidating_entity;missing_direct_parent;missing_ultimate_parent,US,phase3_jurisdiction_model,E_model_predicted_jurisdiction,0.6286,US,0.6286,0.3858,US;SG;DE,0.6286;0.2428;0.0893,,,,,0.0,,,,,,,KUALA LUMPUR,1.3976854846715725,0,0,0,1,1,0,1
549300EGL737OGUUNM59,MANULIFE SHARIAH PRS - CONSERVATIVE FUND,0.3891,fund_product_vehicle_rule_applied,product_vehicle_rule_applied,fund_or_product_vehicle,,0.40907310484346526,shared_address_cluster;non_consolidating_entity;missing_direct_parent;missing_ultimate_parent,DE,phase3_jurisdiction_model,E_model_predicted_jurisdiction,0.6107,DE,0.6107,0.3841,DE;SG;GB,0.6107;0.2266;0.1467,,,,,0.0,,,,,,,KUALA LUMPUR,1.3976854846715725,0,0,0,1,1,0,1
549300IJ4FQVGG3OE944,MANULIFE SHARIAH PRS - GROWTH FUND,0.3891,fund_product_vehicle_rule_applied,product_vehicle_rule_applied,fund_or_product_vehicle,,0.40907310484346526,shared_address_cluster;non_consolidating_entity;missing_direct_parent;missing_ultimate_parent,SG,phase3_jurisdiction_model,E_model_predicted_jurisdiction,0.9499,SG,0.9499,0.9022,SG;GB;OFFSHORE,0.9499;0.0477;0.0008,,,,,0.0,,,,,,,Kuala Lumpur,1.3976854846715725,0,0,0,1,1,0,1
549300GMOHTUUPIUF525,MANULIFE SHARIAH PRS - MODERATE FUND,0.3891,fund_product_vehicle_rule_applied,product_vehicle_rule_applied,fund_or_product_vehicle,,0.40907310484346526,shared_address_cluster;non_consolidating_entity;missing_direct_parent;missing_ultimate_parent,SG,phase3_jurisdiction_model,E_model_predicted_jurisdiction,0.9858,SG,0.9858,0.9742,SG;GB;DE,0.9858;0.0116;0.0011,,,,,0.0,,,,,,,Kuala Lumpur,1.3976854846715725,0,0,0,1,1,0,1
2549003BP8563VCZU117,Manulife Shariah PRS NESTEGG Series,0.3891,fund_product_vehicle_rule_applied,product_vehicle_rule_applied,fund_or_product_vehicle,,0.40907310484346526,shared_address_cluster;non_consolidating_entity;missing_direct_parent;missing_ultimate_parent,SG,phase3_jurisdiction_model,E_model_predicted_jurisdiction,0.9988,SG,0.9988,0.998,SG;GB;DE,0.9988;0.0007;0.0003,,,,,0.0,,,,,,,Kuala Lumpur,1.3976854846715725,0,0,0,1,1,0,1
2138002J38FT9L9O7X65,PB ASEAN DIVIDEND SEQUEL FUND,0.3891,fund_product_vehicle_rule_applied,product_vehicle_rule_applied,fund_or_product_vehicle,,0.40907310484346526,shared_address_cluster;non_consolidating_entity;missing_direct_parent;missing_ultimate_parent,DE,phase3_jurisdiction_model,E_model_predicted_jurisdiction,0.5031,DE,0.5031,0.3132,DE;EUROPE;GB,0.5031;0.1899;0.1528,,,,,0.0,,,,,,,KUALA LUMPUR,1.3976854846715725,0,0,0,1,1,0,1
213800XTKC7PUOS3NJ79,PB ASIA EQUITY FUND,0.3891,fund_product_vehicle_rule_applied,product_vehicle_rule_applied,fund_or_product_vehicle,,0.40907310484346526,shared_address_cluster;non_consolidating_entity;missing_direct_parent;missing_ultimate_parent,DE,phase3_jurisdiction_model,E_model_predicted_jurisdiction,0.7929,DE,0.7929,0.616,DE;EUROPE;GB,0.7929;0.1769;0.0151,,,,,0.0,,,,,,,KUALA LUMPUR,1.3976854846715725,0,0,0,1,1,0,1
213800ML3WQ316LH4985,PB ASIA-30 EQUITY FUND,0.3891,fund_product_vehicle_rule_applied,product_vehicle_rule_applied,fund_or_product_vehicle,,0.40907310484346526,shared_address_cluster;non_consolidating_entity;missing_direct_parent;missing_ultimate_parent,DE,phase3_jurisdiction_model,E_model_predicted_jurisdiction,0.8808,DE,0.8808,0.8345,DE;US;GB,0.8808;0.0463;0.0308,,,,,0.0,,,,,,,KUALA LUMPUR,1.3976854846715725,0,0,0,1,1,0,1
213800CD5GJHA1XEBD36,PB BOND FUND,0.3891,fund_product_vehicle_rule_applied,product_vehicle_rule_applied,fund_or_product_vehicle,,0.40907310484346526,shared_address_cluster;non_consolidating_entity;missing_direct_parent;missing_ultimate_parent,DE,phase3_jurisdiction_model,E_model_predicted_jurisdiction,0.8057,DE,0.8057,0.7193,DE;GB;EUROPE,0.8057;0.0864;0.0521,,,,,0.0,,,,,,,KUALA LUMPUR,1.3976854846715725,0,0,0,1,1,0,1
213800U7WRHJVU9UKD07,PB CHINA AUSTRALIA EQUITY FUND,0.3891,fund_product_vehicle_rule_applied,product_vehicle_rule_applied,fund_or_product_vehicle,,0.40907310484346526,shared_address_cluster;non_consolidating_entity;missing_direct_parent;missing_ultimate_parent,DE,phase3_jurisdiction_model,E_model_predicted_jurisdiction,0.5726,DE,0.5726,0.4,DE;SG;EUROPE,0.5726;0.1726;0.1611,,,,,0.0,,,,,,,KUALA LUMPUR,1.3976854846715725,0,0,0,1,1,0,1
213800FX3YYJOGVUHP59,PB DIVIDEND BUILDER EQUITY FUND,0.3891,fund_product_vehicle_rule_applied,product_vehicle_rule_applied,fund_or_product_vehicle,,0.40907310484346526,shared_address_cluster;non_consolidating_entity;missing_direct_parent;missing_ultimate_parent,DE,phase3_jurisdiction_model,E_model_predicted_jurisdiction,0.5304,DE,0.5304,0.2559,DE;EUROPE;SG,0.5304;0.2745;0.1599,,,,,0.0,,,,,,,KUALA LUMPUR,1.3976854846715725,0,0,0,1,1,0,1
2138008K5D2431P83E05,PB DYNAMIC ALLOCATION FUND,0.3891,fund_product_vehicle_rule_applied,product_vehicle_rule_applied,fund_or_product_vehicle,,0.40907310484346526,shared_address_cluster;non_consolidating_entity;missing_direct_parent;missing_ultimate_parent,DE,phase3_jurisdiction_model,E_model_predicted_jurisdiction,0.9841,DE,0.9841,0.9721,DE;OFFSHORE;SG,0.9841;0.012;0.0015,,,,,0.0,,,,,,,KUALA LUMPUR,1.3976854846715725,0,0,0,1,1,0,1
213800OZLN65ZCMV2K55,PB FIXED INCOME FUND,0.3891,fund_product_vehicle_rule_applied,product_vehicle_rule_applied,fund_or_product_vehicle,,0.40907310484346526,shared_address_cluster;non_consolidating_entity;missing_direct_parent;missing_ultimate_parent,DE,phase3_jurisdiction_model,E_model_predicted_jurisdiction,0.7489,DE,0.7489,0.6274,DE;EUROPE;US,0.7489;0.1215;0.1052,,,,,0.0,,,,,,,KUALA LUMPUR,1.3976854846715725,0,0,0,1,1,0,1
213800R3O3UR3QIL9Y68,PB GLOBAL OPPORTUNITIES FUND,0.3891,fund_product_vehicle_rule_applied,product_vehicle_rule_applied,fund_or_product_vehicle,,0.40907310484346526,shared_address_cluster;non_consolidating_entity;missing_direct_parent;missing_ultimate_parent,DE,phase3_jurisdiction_model,E_model_predicted_jurisdiction,0.9287,DE,0.9287,0.8828,DE;US;OFFSHORE,0.9287;0.0459;0.0154,,,,,0.0,,,,,,,KUALA LUMPUR,1.3976854846715725,0,0,0,1,1,0,1
213800I3NKGIDYAYWP88,PB GROWTH SEQUEL FUND,0.3891,fund_product_vehicle_rule_applied,product_vehicle_rule_applied,fund_or_product_vehicle,,0.40907310484346526,shared_address_cluster;non_consolidating_entity;missing_direct_parent;missing_ultimate_parent,DE,phase3_jurisdiction_model,E_model_predicted_jurisdiction,0.9087,DE,0.9087,0.8721,DE;EUROPE;GB,0.9087;0.0366;0.0335,,,,,0.0,,,,,,,KUALA LUMPUR,1.3976854846715725,0,0,0,1,1,0,1
213800132H8FH269I396,PB INFRASTRUCTURE BOND FUND,0.3891,fund_product_vehicle_rule_applied,product_vehicle_rule_applied,fund_or_product_vehicle,,0.40907310484346526,shared_address_cluster;non_consolidating_entity;missing_direct_parent;missing_ultimate_parent,DE,phase3_jurisdiction_model,E_model_predicted_jurisdiction,0.9632,DE,0.9632,0.9388,DE;US;OFFSHORE,0.9632;0.0244;0.0082,,,,,0.0,,,,,,,KUALA LUMPUR,1.3976854846715725,0,0,0,1,1,0,1
213800LH2YECME1EF140,PB ISLAMIC ASIA EQUITY FUND,0.3891,fund_product_vehicle_rule_applied,product_vehicle_rule_applied,fund_or_product_vehicle,,0.40907310484346526,shared_address_cluster;non_consolidating_entity;missing_direct_parent;missing_ultimate_parent,DE,phase3_jurisdiction_model,E_model_predicted_jurisdiction,0.8901,DE,0.8901,0.8251,DE;GB;SG,0.8901;0.065;0.0232,,,,,0.0,,,,,,,KUALA LUMPUR,1.3976854846715725,0,0,0,1,1,0,1
213800XDX4ALFRQNPQ40,PB ISLAMIC ASIA STRATEGIC SECTOR FUND,0.3891,fund_product_vehicle_rule_applied,product_vehicle_rule_applied,fund_or_product_vehicle,,0.40907310484346526,shared_address_cluster;non_consolidating_entity;missing_direct_parent;missing_ultimate_parent,SG,phase3_jurisdiction_model,E_model_predicted_jurisdiction,0.5764,SG,0.5764,0.1813,SG;DE;GB,0.5764;0.3951;0.015,,,,,0.0,,,,,,,KUALA LUMPUR,1.3976854846715725,0,0,0,1,1,0,1
2138002ZAEIWU4KEV288,PB ISLAMIC DYNAMIC ALLOCATION FUND,0.3891,fund_product_vehicle_rule_applied,product_vehicle_rule_applied,fund_or_product_vehicle,,0.40907310484346526,shared_address_cluster;non_consolidating_entity;missing_direct_parent;missing_ultimate_parent,SG,phase3_jurisdiction_model,E_model_predicted_jurisdiction,0.7246,SG,0.7246,0.4781,SG;DE;EUROPE,0.7246;0.2465;0.015,,,,,0.0,,,,,,,KUALA LUMPUR,1.3976854846715725,0,0,0,1,1,0,1
213800SDX8J5RKTFPE59,PB ISLAMIC SMALLCAP FUND,0.3891,fund_product_vehicle_rule_applied,product_vehicle_rule_applied,fund_or_product_vehicle,,0.40907310484346526,shared_address_cluster;non_consolidating_entity;missing_direct_parent;missing_ultimate_parent,DE,phase3_jurisdiction_model,E_model_predicted_jurisdiction,0.9748,DE,0.9748,0.963,DE;US;OFFSHORE,0.9748;0.0119;0.0102,,,,,0.0,,,,,,,KUALA LUMPUR,1.3976854846715725,0,0,0,1,1,0,1
213800ZTMJEZVHZV6537,PB SINGAPORE ADVANTAGE-30 EQUITY FUND,0.3891,fund_product_vehicle_rule_applied,product_vehicle_rule_applied,fund_or_product_vehicle,,0.40907310484346526,shared_address_cluster;non_consolidating_entity;missing_direct_parent;missing_ultimate_parent,SG,phase3_jurisdiction_model,E_model_predicted_jurisdiction,0.7339,SG,0.7339,0.4849,SG;DE;US,0.7339;0.2491;0.0104,,,,,0.0,,,,,,,KUALA LUMPUR,1.3976854846715725,0,0,0,1,1,0,1
213800G2HW553PEH8F48,PB SMALLCAP GROWTH FUND,0.3891,fund_product_vehicle_rule_applied,product_vehicle_rule_applied,fund_or_product_vehicle,,0.40907310484346526,shared_address_cluster;non_consolidating_entity;missing_direct_parent;missing_ultimate_parent,US,phase3_jurisdiction_model,E_model_predicted_jurisdiction,0.699,US,0.699,0.4084,US;DE;SG,0.699;0.2907;0.004,,,,,0.0,,,,,,,KUALA LUMPUR,1.3976854846715725,0,0,0,1,1,0,1
254900HYLFMTQ0Q29944,PRINCIPAL DALI OPPORTUNITIES FUND,0.3891,fund_product_vehicle_rule_applied,product_vehicle_rule_applied,fund_or_product_vehicle,,0.40907310484346526,shared_address_cluster;non_consolidating_entity;missing_direct_parent;missing_ultimate_parent,DE,phase3_jurisdiction_model,E_model_predicted_jurisdiction,0.8899,DE,0.8899,0.8088,DE;SG;GB,0.8899;0.0811;0.0246,,,,,0.0,,,,,,,KUALA LUMPUR,1.3976854846715725,0,0,0,1,1,0,1
2549008TNTDJL97BQA42,PRINCIPAL GLOBAL DYNAMIC INNOVATION FUND,0.3891,fund_product_vehicle_rule_applied,product_vehicle_rule_applied,fund_or_product_vehicle,,0.40907310484346526,shared_address_cluster;non_consolidating_entity;missing_direct_parent;missing_ultimate_parent,SG,phase3_jurisdiction_model,E_model_predicted_jurisdiction,0.9662,SG,0.9662,0.9359,SG;GB;DE,0.9662;0.0302;0.0019,,,,,0.0,,,,,,,Kuala Lumpur,1.3976854846715725,0,0,0,1,1,0,1
254900XHAQWSKHDAI058,PRINCIPAL ICORE - GLOBAL INCOME & GROWTH FUND,0.3891,fund_product_vehicle_rule_applied,product_vehicle_rule_applied,fund_or_product_vehicle,,0.40907310484346526,shared_address_cluster;non_consolidating_entity;missing_direct_parent;missing_ultimate_parent,ASIA_OTHER,phase3_jurisdiction_model,E_model_predicted_jurisdiction,0.9994,ASIA_OTHER,0.9994,0.999,ASIA_OTHER;US;SG,0.9994;0.0004;0.0002,,,,,0.0,,,,,,,KUALA LUMPUR,1.3976854846715725,0,0,0,1,1,0,1
2549007H7O7S0KMBIC54,PRINCIPAL ISLAMIC GREATER CHINA GROWTH FUND,0.3891,fund_product_vehicle_rule_applied,product_vehicle_rule_applied,fund_or_product_vehicle,,0.40907310484346526,shared_address_cluster;non_consolidating_entity;missing_direct_parent;missing_ultimate_parent,SG,phase3_jurisdiction_model,E_model_predicted_jurisdiction,0.519,SG,0.519,0.1759,SG;DE;GB,0.519;0.3431;0.1233,,,,,0.0,,,,,,,KUALA LUMPUR,1.3976854846715725,0,0,0,1,1,0,1
254900WMFCSE85ZQ3209,PRINCIPAL ISLAMIC PRS PLUS CONSERVATIVE,0.3891,fund_product_vehicle_rule_applied,product_vehicle_rule_applied,fund_or_product_vehicle,,0.40907310484346526,shared_address_cluster;non_consolidating_entity;missing_direct_parent;missing_ultimate_parent,US,phase3_jurisdiction_model,E_model_predicted_jurisdiction,0.2843,US,0.2843,0.0258,US;SG;DE,0.2843;0.2585;0.2473,,,,,0.0,,,,,,,KUALA LUMPUR,1.3976854846715725,0,0,0,1,1,0,1
254900A6TKK77T4U9345,PRINCIPAL MALAYSIA TITANS PLUS FUND,0.3891,fund_product_vehicle_rule_applied,product_vehicle_rule_applied,fund_or_product_vehicle,,0.40907310484346526,shared_address_cluster;non_consolidating_entity;missing_direct_parent;missing_ultimate_parent,DE,phase3_jurisdiction_model,E_model_predicted_jurisdiction,0.4985,DE,0.4985,0.0678,DE;SG;GB,0.4985;0.4308;0.062,,,,,0.0,,,,,,,KUALA LUMPUR,1.3976854846715725,0,0,0,1,1,0,1
254900VPHRNPTQ2ZN364,PRINCIPAL PRS PLUS CONSERVATIVE,0.3891,fund_product_vehicle_rule_applied,product_vehicle_rule_applied,fund_or_product_vehicle,,0.40907310484346526,shared_address_cluster;non_consolidating_entity;missing_direct_parent;missing_ultimate_parent,US,phase3_jurisdiction_model,E_model_predicted_jurisdiction,0.4868,US,0.4868,0.1105,US;DE;ASIA_OTHER,0.4868;0.3762;0.1132,,,,,0.0,,,,,,,KUALA LUMPUR,1.3976854846715725,0,0,0,1,1,0,1
254900XX9XWVZE0GDK88,PRINCIPAL SUSTAINABLE DYNAMIC BOND FUND,0.3891,fund_product_vehicle_rule_applied,product_vehicle_rule_applied,fund_or_product_vehicle,,0.40907310484346526,shared_address_cluster;non_consolidating_entity;missing_direct_parent;missing_ultimate_parent,SG,phase3_jurisdiction_model,E_model_predicted_jurisdiction,0.4672,SG,0.4672,0.0202,SG;DE;GB,0.4672;0.4471;0.0616,,,,,0.0,,,,,,,KUALA LUMPUR,1.3976854846715725,0,0,0,1,1,0,1
213800FSRQRRS1LSOV74,PUBLIC ASIA ITTIKAL FUND,0.3891,fund_product_vehicle_rule_applied,product_vehicle_rule_applied,fund_or_product_vehicle,,0.40907310484346526,shared_address_cluster;non_consolidating_entity;missing_direct_parent;missing_ultimate_parent,DE,phase3_jurisdiction_model,E_model_predicted_jurisdiction,0.9837,DE,0.9837,0.9722,DE;OFFSHORE;GB,0.9837;0.0115;0.0016,,,,,0.0,,,,,,,KUALA LUMPUR,1.3976854846715725,0,0,0,1,1,0,1
213800UXQ2C4Z7J7NA18,PUBLIC ASIA PACIFIC FOCUS FUND,0.3891,fund_product_vehicle_rule_applied,product_vehicle_rule_applied,fund_or_product_vehicle,,0.40907310484346526,shared_address_cluster;non_consolidating_entity;missing_direct_parent;missing_ultimate_parent,DE,phase3_jurisdiction_model,E_model_predicted_jurisdiction,0.4251,DE,0.4251,0.2003,DE;GB;EUROPE,0.4251;0.2249;0.22,,,,,0.0,,,,,,,KUALA LUMPUR,1.3976854846715725,0,0,0,1,1,0,1
213800ZG2YHHDSJXQS56,PUBLIC AUSTRALIA EQUITY FUND,0.3891,fund_product_vehicle_rule_applied,product_vehicle_rule_applied,fund_or_product_vehicle,,0.40907310484346526,shared_address_cluster;non_consolidating_entity;missing_direct_parent;missing_ultimate_parent,DE,phase3_jurisdiction_model,E_model_predicted_jurisdiction,0.9287,DE,0.9287,0.8828,DE;US;OFFSHORE,0.9287;0.0459;0.0154,,,,,0.0,,,,,,,KUALA LUMPUR,1.3976854846715725,0,0,0,1,1,0,1
213800D8V8U7VD3JMU08,PUBLIC CHINA ITTIKAL FUND,0.3891,fund_product_vehicle_rule_applied,product_vehicle_rule_applied,fund_or_product_vehicle,,0.40907310484346526,shared_address_cluster;non_consolidating_entity;missing_direct_parent;missing_ultimate_parent,DE,phase3_jurisdiction_model,E_model_predicted_jurisdiction,0.8548,DE,0.8548,0.7268,DE;OFFSHORE;US,0.8548;0.1281;0.014,,,,,0.0,,,,,,,KUALA LUMPUR,1.3976854846715725,0,0,0,1,1,0,1
213800GYWNRHKN1WK628,PUBLIC CHINA SELECT FUND,0.3891,fund_product_vehicle_rule_applied,product_vehicle_rule_applied,fund_or_product_vehicle,,0.40907310484346526,shared_address_cluster;non_consolidating_entity;missing_direct_parent;missing_ultimate_parent,DE,phase3_jurisdiction_model,E_model_predicted_jurisdiction,0.9748,DE,0.9748,0.963,DE;US;OFFSHORE,0.9748;0.0119;0.0102,,,,,0.0,,,,,,,KUALA LUMPUR,1.3976854846715725,0,0,0,1,1,0,1
213800VMGSW76X1RF190,PUBLIC CHINA TITANS FUND,0.3891,fund_product_vehicle_rule_applied,product_vehicle_rule_applied,fund_or_product_vehicle,,0.40907310484346526,shared_address_cluster;non_consolidating_entity;missing_direct_parent;missing_ultimate_parent,DE,phase3_jurisdiction_model,E_model_predicted_jurisdiction,0.9748,DE,0.9748,0.963,DE;US;OFFSHORE,0.9748;0.0119;0.0102,,,,,0.0,,,,,,,KUALA LUMPUR,1.3976854846715725,0,0,0,1,1,0,1
213800KS7FQ8X487NL81,PUBLIC E-AL-MUTAWAZAN STRATEGY FUND,0.3891,fund_product_vehicle_rule_applied,product_vehicle_rule_applied,fund_or_product_vehicle,,0.40907310484346526,shared_address_cluster;non_consolidating_entity;missing_direct_parent;missing_ultimate_parent,DE,phase3_jurisdiction_model,E_model_predicted_jurisdiction,0.7129,DE,0.7129,0.4322,DE;SG;EUROPE,0.7129;0.2806;0.003,,,,,0.0,,,,,,,KUALA LUMPUR,1.3976854846715725,0,0,0,1,1,0,1
213800TQ599NVBTK8P53,PUBLIC E-ASIA EVOLVING GROWTH FUND,0.3891,fund_product_vehicle_rule_applied,product_vehicle_rule_applied,fund_or_product_vehicle,,0.40907310484346526,shared_address_cluster;non_consolidating_entity;missing_direct_parent;missing_ultimate_parent,SG,phase3_jurisdiction_model,E_model_predicted_jurisdiction,0.7246,SG,0.7246,0.4781,SG;DE;EUROPE,0.7246;0.2465;0.015,,,,,0.0,,,,,,,KUALA LUMPUR,1.3976854846715725,0,0,0,1,1,0,1
213800X2LHKQWO12DU08,PUBLIC E-ISLAMIC ASIA THEMATIC GROWTH FUND,0.3891,fund_product_vehicle_rule_applied,product_vehicle_rule_applied,fund_or_product_vehicle,,0.40907310484346526,shared_address_cluster;non_consolidating_entity;missing_direct_parent;missing_ultimate_parent,SG,phase3_jurisdiction_model,E_model_predicted_jurisdiction,0.4443,SG,0.4443,0.0164,SG;DE;GB,0.4443;0.4279;0.0932,,,,,0.0,,,,,,,KUALA LUMPUR,1.3976854846715725,0,0,0,1,1,0,1
213800CHSXPP5DF9LZ40,PUBLIC E-ISLAMIC FLEXI ALLOCATION FUND,0.3891,fund_product_vehicle_rule_applied,product_vehicle_rule_applied,fund_or_product_vehicle,,0.40907310484346526,shared_address_cluster;non_consolidating_entity;missing_direct_parent;missing_ultimate_parent,SG,phase3_jurisdiction_model,E_model_predicted_jurisdiction,0.6352,SG,0.6352,0.4196,SG;DE;GB,0.6352;0.2156;0.1441,,,,,0.0,,,,,,,KUALA LUMPUR,1.3976854846715725,0,0,0,1,1,0,1
213800L2NMHZYALIEG18,PUBLIC E-ISLAMIC INDIA GLOBAL EQUITY FUND,0.3891,fund_product_vehicle_rule_applied,product_vehicle_rule_applied,fund_or_product_vehicle,,0.40907310484346526,shared_address_cluster;non_consolidating_entity;missing_direct_parent;missing_ultimate_parent,DE,phase3_jurisdiction_model,E_model_predicted_jurisdiction,0.8578,DE,0.8578,0.7493,DE;SG;GB,0.8578;0.1085;0.0247,,,,,0.0,,,,,,,KUALA LUMPUR,1.3976854846715725,0,0,0,1,1,0,1
213800VC2S3ENPWQH290,PUBLIC E-ISLAMIC SUSTAINABLE MILLENNIAL FUND,0.3891,fund_product_vehicle_rule_applied,product_vehicle_rule_applied,fund_or_product_vehicle,,0.40907310484346526,shared_address_cluster;non_consolidating_entity;missing_direct_parent;missing_ultimate_parent,SG,phase3_jurisdiction_model,E_model_predicted_jurisdiction,0.9802,SG,0.9802,0.9694,SG;GB;DE,0.9802;0.0107;0.0074,,,,,0.0,,,,,,,KUALA LUMPUR,1.3976854846715725,0,0,0,1,1,0,1
213800EHN5V8726O2U08,PUBLIC E-WHOLESALE SUSTAINABLE 20 FUND,0.3891,fund_product_vehicle_rule_applied,product_vehicle_rule_applied,fund_or_product_vehicle,,0.40907310484346526,shared_address_cluster;non_consolidating_entity;missing_direct_parent;missing_ultimate_parent,SG,phase3_jurisdiction_model,E_model_predicted_jurisdiction,0.6352,SG,0.6352,0.4196,SG;DE;GB,0.6352;0.2156;0.1441,,,,,0.0,,,,,,,KUALA LUMPUR,1.3976854846715725,0,0,0,1,1,0,1
213800QM7TS7JIFS1516,PUBLIC E-WORLDWIDE THEMATIC GROWTH BALANCED FUND,0.3891,fund_product_vehicle_rule_applied,product_vehicle_rule_applied,fund_or_product_vehicle,,0.40907310484346526,shared_address_cluster;non_consolidating_entity;missing_direct_parent;missing_ultimate_parent,SG,phase3_jurisdiction_model,E_model_predicted_jurisdiction,0.6045,SG,0.6045,0.3897,SG;GB;DE,0.6045;0.2148;0.1352,,,,,0.0,,,,,,,KUALA LUMPUR,1.3976854846715725,0,0,0,1,1,0,1
213800RELQGDSMJX3593,PUBLIC ENHANCED BOND FUND,0.3891,fund_product_vehicle_rule_applied,product_vehicle_rule_applied,fund_or_product_vehicle,,0.40907310484346526,shared_address_cluster;non_consolidating_entity;missing_direct_parent;missing_ultimate_parent,DE,phase3_jurisdiction_model,E_model_predicted_jurisdiction,0.8548,DE,0.8548,0.7268,DE;OFFSHORE;US,0.8548;0.1281;0.014,,,,,0.0,,,,,,,KUALA LUMPUR,1.3976854846715725,0,0,0,1,1,0,1
213800B356B8UYE5VH73,PUBLIC ENTERPRISES BOND FUND,0.3891,fund_product_vehicle_rule_applied,product_vehicle_rule_applied,fund_or_product_vehicle,,0.40907310484346526,shared_address_cluster;non_consolidating_entity;missing_direct_parent;missing_ultimate_parent,DE,phase3_jurisdiction_model,E_model_predicted_jurisdiction,0.9287,DE,0.9287,0.8828,DE;US;OFFSHORE,0.9287;0.0459;0.0154,,,,,0.0,,,,,,,KUALA LUMPUR,1.3976854846715725,0,0,0,1,1,0,1
21380011EKYM3T9VIS09,PUBLIC EQUITY FUND,0.3891,fund_product_vehicle_rule_applied,product_vehicle_rule_applied,fund_or_product_vehicle,,0.40907310484346526,shared_address_cluster;non_consolidating_entity;missing_direct_parent;missing_ultimate_parent,DE,phase3_jurisdiction_model,E_model_predicted_jurisdiction,0.5061,DE,0.5061,0.0469,DE;GB;EUROPE,0.5061;0.4593;0.0246,,,,,0.0,,,,,,,KUALA LUMPUR,1.3976854846715725,0,0,0,1,1,0,1
213800TTH63SDPP78J52,PUBLIC FAR-EAST ALPHA-30 FUND,0.3891,fund_product_vehicle_rule_applied,product_vehicle_rule_applied,fund_or_product_vehicle,,0.40907310484346526,shared_address_cluster;non_consolidating_entity;missing_direct_parent;missing_ultimate_parent,DE,phase3_jurisdiction_model,E_model_predicted_jurisdiction,0.8991,DE,0.8991,0.8598,DE;US;SG,0.8991;0.0392;0.034,,,,,0.0,,,,,,,KUALA LUMPUR,1.3976854846715725,0,0,0,1,1,0,1
213800VF6I6PTXNUFF80,PUBLIC FAR-EAST BALANCED FUND,0.3891,fund_product_vehicle_rule_applied,product_vehicle_rule_applied,fund_or_product_vehicle,,0.40907310484346526,shared_address_cluster;non_consolidating_entity;missing_direct_parent;missing_ultimate_parent,DE,phase3_jurisdiction_model,E_model_predicted_jurisdiction,0.9379,DE,0.9379,0.9024,DE;SG;EUROPE,0.9379;0.0355;0.0123,,,,,0.0,,,,,,,KUALA LUMPUR,1.3976854846715725,0,0,0,1,1,0,1
213800GIOZ1NCB7B7G38,PUBLIC FAR-EAST CONSUMER THEMES FUND,0.3891,fund_product_vehicle_rule_applied,product_vehicle_rule_applied,fund_or_product_vehicle,,0.40907310484346526,shared_address_cluster;non_consolidating_entity;missing_direct_parent;missing_ultimate_parent,SG,phase3_jurisdiction_model,E_model_predicted_jurisdiction,0.7461,SG,0.7461,0.5088,SG;DE;US,0.7461;0.2374;0.0099,,,,,0.0,,,,,,,KUALA LUMPUR,1.3976854846715725,0,0,0,1,1,0,1
213800PZZRNBBAHTDB45,PUBLIC FAR-EAST DIVIDEND FUND,0.3891,fund_product_vehicle_rule_applied,product_vehicle_rule_applied,fund_or_product_vehicle,,0.40907310484346526,shared_address_cluster;non_consolidating_entity;missing_direct_parent;missing_ultimate_parent,DE,phase3_jurisdiction_model,E_model_predicted_jurisdiction,0.8991,DE,0.8991,0.8598,DE;US;SG,0.8991;0.0392;0.034,,,,,0.0,,,,,,,KUALA LUMPUR,1.3976854846715725,0,0,0,1,1,0,1
213800MNPIEQNQL4KK14,PUBLIC FAR-EAST SELECT FUND,0.3891,fund_product_vehicle_rule_applied,product_vehicle_rule_applied,fund_or_product_vehicle,,0.40907310484346526,shared_address_cluster;non_consolidating_entity;missing_direct_parent;missing_ultimate_parent,DE,phase3_jurisdiction_model,E_model_predicted_jurisdiction,0.9925,DE,0.9925,0.9897,DE;SG;GB,0.9925;0.0027;0.0026,,,,,0.0,,,,,,,KUALA LUMPUR,1.3976854846715725,0,0,0,1,1,0,1
213800APRL7CJXSMOP34,PUBLIC FAR-EAST TELCO & INFRASTRUCTURE FUND,0.3891,fund_product_vehicle_rule_applied,product_vehicle_rule_applied,fund_or_product_vehicle,,0.40907310484346526,shared_address_cluster;non_consolidating_entity;missing_direct_parent;missing_ultimate_parent,SG,phase3_jurisdiction_model,E_model_predicted_jurisdiction,0.5318,SG,0.5318,0.1615,SG;DE;GB,0.5318;0.3703;0.0807,,,,,0.0,,,,,,,KUALA LUMPUR,1.3976854846715725,0,0,0,1,1,0,1
213800CQIIQ9N4JLKX64,PUBLIC GLOBAL SELECT FUND,0.3891,fund_product_vehicle_rule_applied,product_vehicle_rule_applied,fund_or_product_vehicle,,0.40907310484346526,shared_address_cluster;non_consolidating_entity;missing_direct_parent;missing_ultimate_parent,DE,phase3_jurisdiction_model,E_model_predicted_jurisdiction,0.8548,DE,0.8548,0.7268,DE;OFFSHORE;US,0.8548;0.1281;0.014,,,,,0.0,,,,,,,KUALA LUMPUR,1.3976854846715725,0,0,0,1,1,0,1
213800U1U6B87CXHQC57,PUBLIC GREATER CHINA FUND,0.3891,fund_product_vehicle_rule_applied,product_vehicle_rule_applied,fund_or_product_vehicle,,0.40907310484346526,shared_address_cluster;non_consolidating_entity;missing_direct_parent;missing_ultimate_parent,DE,phase3_jurisdiction_model,E_model_predicted_jurisdiction,0.9553,DE,0.9553,0.9162,DE;OFFSHORE;SG,0.9553;0.0391;0.0021,,,,,0.0,,,,,,,KUALA LUMPUR,1.3976854846715725,0,0,0,1,1,0,1
213800BBDJAX57F24N31,PUBLIC HEALTHCARE-GLOBAL EQUITY FUND,0.3891,fund_product_vehicle_rule_applied,product_vehicle_rule_applied,fund_or_product_vehicle,,0.40907310484346526,shared_address_cluster;non_consolidating_entity;missing_direct_parent;missing_ultimate_parent,DE,phase3_jurisdiction_model,E_model_predicted_jurisdiction,0.6984,DE,0.6984,0.4044,DE;SG;EUROPE,0.6984;0.294;0.0039,,,,,0.0,,,,,,,KUALA LUMPUR,1.3976854846715725,0,0,0,1,1,0,1
213800C453ZHNB2W1F53,PUBLIC INDONESIA SELECT FUND,0.3891,fund_product_vehicle_rule_applied,product_vehicle_rule_applied,fund_or_product_vehicle,,0.40907310484346526,shared_address_cluster;non_consolidating_entity;missing_direct_parent;missing_ultimate_parent,DE,phase3_jurisdiction_model,E_model_predicted_jurisdiction,0.9287,DE,0.9287,0.8828,DE;US;OFFSHORE,0.9287;0.0459;0.0154,,,,,0.0,,,,,,,KUALA LUMPUR,1.3976854846715725,0,0,0,1,1,0,1
213800F9LWWIYXVQWV53,PUBLIC ISLAMIC ASEAN GROWTH FUND,0.3891,fund_product_vehicle_rule_applied,product_vehicle_rule_applied,fund_or_product_vehicle,,0.40907310484346526,shared_address_cluster;non_consolidating_entity;missing_direct_parent;missing_ultimate_parent,DE,phase3_jurisdiction_model,E_model_predicted_jurisdiction,0.5618,DE,0.5618,0.2975,DE;SG;EUROPE,0.5618;0.2643;0.1568,,,,,0.0,,,,,,,KUALA LUMPUR,1.3976854846715725,0,0,0,1,1,0,1
213800LY14PT5XNVOX18,PUBLIC ISLAMIC ASIA TACTICAL ALLOCATION FUND,0.3891,fund_product_vehicle_rule_applied,product_vehicle_rule_applied,fund_or_product_vehicle,,0.40907310484346526,shared_address_cluster;non_consolidating_entity;missing_direct_parent;missing_ultimate_parent,SG,phase3_jurisdiction_model,E_model_predicted_jurisdiction,0.963,SG,0.963,0.9429,SG;GB;DE,0.963;0.0201;0.0127,,,,,0.0,,,,,,,KUALA LUMPUR,1.3976854846715725,0,0,0,1,1,0,1
213800IQER3EFFURT224,PUBLIC ISLAMIC GLOBAL SUSTAINABLE GROWTH FUND,0.3891,fund_product_vehicle_rule_applied,product_vehicle_rule_applied,fund_or_product_vehicle,,0.40907310484346526,shared_address_cluster;non_consolidating_entity;missing_direct_parent;missing_ultimate_parent,SG,phase3_jurisdiction_model,E_model_predicted_jurisdiction,0.9272,SG,0.9272,0.8877,SG;GB;DE,0.9272;0.0395;0.0249,,,,,0.0,,,,,,,KUALA LUMPUR,1.3976854846715725,0,0,0,1,1,0,1
213800IVEEOJLB8GI542,PUBLIC ISLAMIC GROWTH BALANCED FUND,0.3891,fund_product_vehicle_rule_applied,product_vehicle_rule_applied,fund_or_product_vehicle,,0.40907310484346526,shared_address_cluster;non_consolidating_entity;missing_direct_parent;missing_ultimate_parent,SG,phase3_jurisdiction_model,E_model_predicted_jurisdiction,0.7321,SG,0.7321,0.483,SG;DE;EUROPE,0.7321;0.2491;0.01,,,,,0.0,,,,,,,KUALA LUMPUR,1.3976854846715725,0,0,0,1,1,0,1
2138005HJ3JY3AEQC832,PUBLIC ISLAMIC OPTIMAL EQUITY FUND,0.3891,fund_product_vehicle_rule_applied,product_vehicle_rule_applied,fund_or_product_vehicle,,0.40907310484346526,shared_address_cluster;non_consolidating_entity;missing_direct_parent;missing_ultimate_parent,SG,phase3_jurisdiction_model,E_model_predicted_jurisdiction,0.7246,SG,0.7246,0.4781,SG;DE;EUROPE,0.7246;0.2465;0.015,,,,,0.0,,,,,,,KUALA LUMPUR,1.3976854846715725,0,0,0,1,1,0,1
213800HOG4D9QBZQH545,PUBLIC ISLAMIC REGIONAL ESG FUND,0.3891,fund_product_vehicle_rule_applied,product_vehicle_rule_applied,fund_or_product_vehicle,,0.40907310484346526,shared_address_cluster;non_consolidating_entity;missing_direct_parent;missing_ultimate_parent,DE,phase3_jurisdiction_model,E_model_predicted_jurisdiction,0.4948,DE,0.4948,0.2408,DE;EUROPE;SG,0.4948;0.254;0.2328,,,,,0.0,,,,,,,KUALA LUMPUR,1.3976854846715725,0,0,0,1,1,0,1
21380057FXPN8J5MOG54,PUBLIC ISLAMIC SUSTAINABLE GROWTH FUND,0.3891,fund_product_vehicle_rule_applied,product_vehicle_rule_applied,fund_or_product_vehicle,,0.40907310484346526,shared_address_cluster;non_consolidating_entity;missing_direct_parent;missing_ultimate_parent,SG,phase3_jurisdiction_model,E_model_predicted_jurisdiction,0.6352,SG,0.6352,0.4196,SG;DE;GB,0.6352;0.2156;0.1441,,,,,0.0,,,,,,,KUALA LUMPUR,1.3976854846715725,0,0,0,1,1,0,1
213800P2JZEGKJ2GBP60,PUBLIC ITTIKAL SEQUEL FUND,0.3891,fund_product_vehicle_rule_applied,product_vehicle_rule_applied,fund_or_product_vehicle,,0.40907310484346526,shared_address_cluster;non_consolidating_entity;missing_direct_parent;missing_ultimate_parent,DE,phase3_jurisdiction_model,E_model_predicted_jurisdiction,0.9841,DE,0.9841,0.9721,DE;OFFSHORE;SG,0.9841;0.012;0.0015,,,,,0.0,,,,,,,KUALA LUMPUR,1.3976854846715725,0,0,0,1,1,0,1
213800XHNCRZX7GRQF56,PUBLIC LIFESTYLE & TECHNOLOGY FUND,0.3891,fund_product_vehicle_rule_applied,product_vehicle_rule_applied,fund_or_product_vehicle,,0.40907310484346526,shared_address_cluster;non_consolidating_entity;missing_direct_parent;missing_ultimate_parent,SG,phase3_jurisdiction_model,E_model_predicted_jurisdiction,0.7246,SG,0.7246,0.4781,SG;DE;EUROPE,0.7246;0.2465;0.015,,,,,0.0,,,,,,,KUALA LUMPUR,1.3976854846715725,0,0,0,1,1,0,1
213800KRK2T4APJJKF22,PUBLIC MUTUAL PRS GROWTH FUND,0.3891,fund_product_vehicle_rule_applied,product_vehicle_rule_applied,fund_or_product_vehicle,,0.40907310484346526,shared_address_cluster;non_consolidating_entity;missing_direct_parent;missing_ultimate_parent,DE,phase3_jurisdiction_model,E_model_predicted_jurisdiction,0.5031,DE,0.5031,0.3132,DE;EUROPE;GB,0.5031;0.1899;0.1528,,,,,0.0,,,,,,,KUALA LUMPUR,1.3976854846715725,0,0,0,1,1,0,1
213800E3GUWQ6NBG9176,PUBLIC MUTUAL PRS ISLAMIC GROWTH FUND,0.3891,fund_product_vehicle_rule_applied,product_vehicle_rule_applied,fund_or_product_vehicle,,0.40907310484346526,shared_address_cluster;non_consolidating_entity;missing_direct_parent;missing_ultimate_parent,SG,phase3_jurisdiction_model,E_model_predicted_jurisdiction,0.5764,SG,0.5764,0.1813,SG;DE;GB,0.5764;0.3951;0.015,,,,,0.0,,,,,,,KUALA LUMPUR,1.3976854846715725,0,0,0,1,1,0,1
213800UFFKPPX35FUK14,PUBLIC MUTUAL PRS ISLAMIC MODERATE FUND,0.3891,fund_product_vehicle_rule_applied,product_vehicle_rule_applied,fund_or_product_vehicle,,0.40907310484346526,shared_address_cluster;non_consolidating_entity;missing_direct_parent;missing_ultimate_parent,DE,phase3_jurisdiction_model,E_model_predicted_jurisdiction,0.6938,DE,0.6938,0.5089,DE;SG;US,0.6938;0.1849;0.0608,,,,,0.0,,,,,,,KUALA LUMPUR,1.3976854846715725,0,0,0,1,1,0,1
213800D1J6YM6JJM8B40,PUBLIC MUTUAL PRS STRATEGIC EQUITY FUND,0.3891,fund_product_vehicle_rule_applied,product_vehicle_rule_applied,fund_or_product_vehicle,,0.40907310484346526,shared_address_cluster;non_consolidating_entity;missing_direct_parent;missing_ultimate_parent,DE,phase3_jurisdiction_model,E_model_predicted_jurisdiction,0.5694,DE,0.5694,0.2671,DE;SG;GB,0.5694;0.3023;0.0859,,,,,0.0,,,,,,,KUALA LUMPUR,1.3976854846715725,0,0,0,1,1,0,1
213800XD141GKJLJBF36,PUBLIC NAVIGATOR GROWTH FUND,0.3891,fund_product_vehicle_rule_applied,product_vehicle_rule_applied,fund_or_product_vehicle,,0.40907310484346526,shared_address_cluster;non_consolidating_entity;missing_direct_parent;missing_ultimate_parent,DE,phase3_jurisdiction_model,E_model_predicted_jurisdiction,0.9791,DE,0.9791,0.9676,DE;GB;SG,0.9791;0.0114;0.0053,,,,,0.0,,,,,,,KUALA LUMPUR,1.3976854846715725,0,0,0,1,1,0,1
213800HOL5NE1FPOOM65,PUBLIC OPTIMAL EQUITY FUND,0.3891,fund_product_vehicle_rule_applied,product_vehicle_rule_applied,fund_or_product_vehicle,,0.40907310484346526,shared_address_cluster;non_consolidating_entity;missing_direct_parent;missing_ultimate_parent,DE,phase3_jurisdiction_model,E_model_predicted_jurisdiction,0.9841,DE,0.9841,0.9721,DE;OFFSHORE;SG,0.9841;0.012;0.0015,,,,,0.0,,,,,,,KUALA LUMPUR,1.3976854846715725,0,0,0,1,1,0,1
2138002BEI6OQQNY9L91,PUBLIC OPTIMAL GROWTH FUND,0.3891,fund_product_vehicle_rule_applied,product_vehicle_rule_applied,fund_or_product_vehicle,,0.40907310484346526,shared_address_cluster;non_consolidating_entity;missing_direct_parent;missing_ultimate_parent,DE,phase3_jurisdiction_model,E_model_predicted_jurisdiction,0.9841,DE,0.9841,0.9721,DE;OFFSHORE;SG,0.9841;0.012;0.0015,,,,,0.0,,,,,,,KUALA LUMPUR,1.3976854846715725,0,0,0,1,1,0,1
213800996RQVKH6VDT19,PUBLIC REGULAR SAVINGS SEQUEL FUND,0.3891,fund_product_vehicle_rule_applied,product_vehicle_rule_applied,fund_or_product_vehicle,,0.40907310484346526,shared_address_cluster;non_consolidating_entity;missing_direct_parent;missing_ultimate_parent,SG,phase3_jurisdiction_model,E_model_predicted_jurisdiction,0.7246,SG,0.7246,0.4781,SG;DE;EUROPE,0.7246;0.2465;0.015,,,,,0.0,,,,,,,KUALA LUMPUR,1.3976854846715725,0,0,0,1,1,0,1
213800YV1QP6X2FM1R98,PUBLIC SAVINGS FUND,0.3891,fund_product_vehicle_rule_applied,product_vehicle_rule_applied,fund_or_product_vehicle,,0.40907310484346526,shared_address_cluster;non_consolidating_entity;missing_direct_parent;missing_ultimate_parent,DE,phase3_jurisdiction_model,E_model_predicted_jurisdiction,0.5061,DE,0.5061,0.0469,DE;GB;EUROPE,0.5061;0.4593;0.0246,,,,,0.0,,,,,,,KUALA LUMPUR,1.3976854846715725,0,0,0,1,1,0,1
213800A6LQAIUD13AX10,PUBLIC SECTOR SELECT FUND,0.3891,fund_product_vehicle_rule_applied,product_vehicle_rule_applied,fund_or_product_vehicle,,0.40907310484346526,shared_address_cluster;non_consolidating_entity;missing_direct_parent;missing_ultimate_parent,DE,phase3_jurisdiction_model,E_model_predicted_jurisdiction,0.9553,DE,0.9553,0.9162,DE;OFFSHORE;SG,0.9553;0.0391;0.0021,,,,,0.0,,,,,,,KUALA LUMPUR,1.3976854846715725,0,0,0,1,1,0,1
213800NSA7DKBQQKJP19,PUBLIC SELECT MIXED ASSET CONSERVATIVE FUND,0.3891,fund_product_vehicle_rule_applied,product_vehicle_rule_applied,fund_or_product_vehicle,,0.40907310484346526,shared_address_cluster;non_consolidating_entity;missing_direct_parent;missing_ultimate_parent,SG,phase3_jurisdiction_model,E_model_predicted_jurisdiction,0.5318,SG,0.5318,0.1615,SG;DE;GB,0.5318;0.3703;0.0807,,,,,0.0,,,,,,,KUALA LUMPUR,1.3976854846715725,0,0,0,1,1,0,1
213800V879SYTKIC3R13,PUBLIC SINGAPORE EQUITY FUND,0.3891,fund_product_vehicle_rule_applied,product_vehicle_rule_applied,fund_or_product_vehicle,,0.40907310484346526,shared_address_cluster;non_consolidating_entity;missing_direct_parent;missing_ultimate_parent,DE,phase3_jurisdiction_model,E_model_predicted_jurisdiction,0.9791,DE,0.9791,0.9676,DE;GB;SG,0.9791;0.0114;0.0053,,,,,0.0,,,,,,,KUALA LUMPUR,1.3976854846715725,0,0,0,1,1,0,1
213800H85IZ3JJLWJL07,PUBLIC SOUTH-EAST ASIA SELECT FUND,0.3891,fund_product_vehicle_rule_applied,product_vehicle_rule_applied,fund_or_product_vehicle,,0.40907310484346526,shared_address_cluster;non_consolidating_entity;missing_direct_parent;missing_ultimate_parent,SG,phase3_jurisdiction_model,E_model_predicted_jurisdiction,0.7173,SG,0.7173,0.4733,SG;DE;US,0.7173;0.2441;0.028,,,,,0.0,,,,,,,KUALA LUMPUR,1.3976854846715725,0,0,0,1,1,0,1
213800A8KHUFYKYQ5Q73,PUBLIC STRATEGIC BOND FUND,0.3891,fund_product_vehicle_rule_applied,product_vehicle_rule_applied,fund_or_product_vehicle,,0.40907310484346526,shared_address_cluster;non_consolidating_entity;missing_direct_parent;missing_ultimate_parent,DE,phase3_jurisdiction_model,E_model_predicted_jurisdiction,0.9682,DE,0.9682,0.9498,DE;OFFSHORE;US,0.9682;0.0184;0.011,,,,,0.0,,,,,,,KUALA LUMPUR,1.3976854846715725,0,0,0,1,1,0,1
213800KUXHTKN5N4X526,PUBLIC STRATEGIC GROWTH FUND,0.3891,fund_product_vehicle_rule_applied,product_vehicle_rule_applied,fund_or_product_vehicle,,0.40907310484346526,shared_address_cluster;non_consolidating_entity;missing_direct_parent;missing_ultimate_parent,DE,phase3_jurisdiction_model,E_model_predicted_jurisdiction,0.9791,DE,0.9791,0.9676,DE;GB;SG,0.9791;0.0114;0.0053,,,,,0.0,,,,,,,KUALA LUMPUR,1.3976854846715725,0,0,0,1,1,0,1
213800EC7PRANHFMQK76,PUBLIC TACTICAL ALLOCATION FUND,0.3891,fund_product_vehicle_rule_applied,product_vehicle_rule_applied,fund_or_product_vehicle,,0.40907310484346526,shared_address_cluster;non_consolidating_entity;missing_direct_parent;missing_ultimate_parent,DE,phase3_jurisdiction_model,E_model_predicted_jurisdiction,0.9464,DE,0.9464,0.9106,DE;SG;EUROPE,0.9464;0.0358;0.0118,,,,,0.0,,,,,,,KUALA LUMPUR,1.3976854846715725,0,0,0,1,1,0,1
2138008ZSJOEYY8QUB34,PUBLIC VIETNAM-GLOBAL EQUITY FUND,0.3891,fund_product_vehicle_rule_applied,product_vehicle_rule_applied,fund_or_product_vehicle,,0.40907310484346526,shared_address_cluster;non_consolidating_entity;missing_direct_parent;missing_ultimate_parent,DE,phase3_jurisdiction_model,E_model_predicted_jurisdiction,0.8734,DE,0.8734,0.7573,DE;SG;GB,0.8734;0.1161;0.0046,,,,,0.0,,,,,,,KUALA LUMPUR,1.3976854846715725,0,0,0,1,1,0,1
2549001P5025J2UKMH82,Pacific Focus China Fund,0.3891,fund_product_vehicle_rule_applied,product_vehicle_rule_applied,fund_or_product_vehicle,,0.40907310484346526,shared_address_cluster;non_consolidating_entity;missing_direct_parent;missing_ultimate_parent,US,phase3_jurisdiction_model,E_model_predicted_jurisdiction,0.5284,US,0.5284,0.058,US;DE;OFFSHORE,0.5284;0.4703;0.0005,,,,,0.0,,,,,,,Petaling Jaya,1.3976854846715725,0,0,0,1,1,0,1
2549008VXTL2HOZ55B02,Principal ASEAN Dynamic Fund,0.3891,fund_product_vehicle_rule_applied,product_vehicle_rule_applied,fund_or_product_vehicle,,0.40907310484346526,shared_address_cluster;non_consolidating_entity;missing_direct_parent;missing_ultimate_parent,SG,phase3_jurisdiction_model,E_model_predicted_jurisdiction,0.955,SG,0.955,0.929,SG;GB;OFFSHORE,0.955;0.026;0.0118,,,,,0.0,,,,,,,Kuala Lumpur,1.3976854846715725,0,0,0,1,1,0,1
2549005WDYJWGELJH605,Principal Asia Pacific Dynamic Growth Fund,0.3891,fund_product_vehicle_rule_applied,product_vehicle_rule_applied,fund_or_product_vehicle,,0.40907310484346526,shared_address_cluster;non_consolidating_entity;missing_direct_parent;missing_ultimate_parent,SG,phase3_jurisdiction_model,E_model_predicted_jurisdiction,0.8592,SG,0.8592,0.7217,SG;US;OFFSHORE,0.8592;0.1374;0.0011,,,,,0.0,,,,,,,Kuala Lumpur,1.3976854846715725,0,0,0,1,1,0,1
254900Q05S2WPP3NSR79,Principal Asia Pacific Dynamic Income Fund,0.3891,fund_product_vehicle_rule_applied,product_vehicle_rule_applied,fund_or_product_vehicle,,0.40907310484346526,shared_address_cluster;non_consolidating_entity;missing_direct_parent;missing_ultimate_parent,SG,phase3_jurisdiction_model,E_model_predicted_jurisdiction,0.8962,SG,0.8962,0.7944,SG;US;OFFSHORE,0.8962;0.1018;0.0008,,,,,0.0,,,,,,,Kuala Lumpur,1.3976854846715725,0,0,0,1,1,0,1
254900ZIW1H62JEXNG16,Principal Asia Pacific Dynamic Mixed Asset Fund,0.3891,fund_product_vehicle_rule_applied,product_vehicle_rule_applied,fund_or_product_vehicle,,0.40907310484346526,shared_address_cluster;non_consolidating_entity;missing_direct_parent;missing_ultimate_parent,SG,phase3_jurisdiction_model,E_model_predicted_jurisdiction,0.9807,SG,0.9807,0.9624,SG;US;ASIA_OTHER,0.9807;0.0183;0.0006,,,,,0.0,,,,,,,Kuala Lumpur,1.3976854846715725,0,0,0,1,1,0,1
254900NQQPU503FJMV26,Principal Asia Pacific Renewables Fund,0.3891,fund_product_vehicle_rule_applied,product_vehicle_rule_applied,fund_or_product_vehicle,,0.40907310484346526,shared_address_cluster;non_consolidating_entity;missing_direct_parent;missing_ultimate_parent,SG,phase3_jurisdiction_model,E_model_predicted_jurisdiction,0.9209,SG,0.9209,0.843,SG;GB;DE,0.9209;0.0779;0.0006,,,,,0.0,,,,,,,Kuala Lumpur,1.3976854846715725,0,0,0,1,1,0,1
254900KL3HEWB9Y1DF96,Principal China-India-Indonesia Opportunities Fund,0.3891,fund_product_vehicle_rule_applied,product_vehicle_rule_applied,fund_or_product_vehicle,,0.40907310484346526,shared_address_cluster;non_consolidating_entity;missing_direct_parent;missing_ultimate_parent,SG,phase3_jurisdiction_model,E_model_predicted_jurisdiction,0.9912,SG,0.9912,0.9829,SG;US;OFFSHORE,0.9912;0.0083;0.0003,,,,,0.0,,,,,,,Kuala Lumpur,1.3976854846715725,0,0,0,1,1,0,1
2549007UYL2M9LKIY969,Principal DALI Asia Pacific Equity Growth Fund,0.3891,fund_product_vehicle_rule_applied,product_vehicle_rule_applied,fund_or_product_vehicle,,0.40907310484346526,shared_address_cluster;non_consolidating_entity;missing_direct_parent;missing_ultimate_parent,SG,phase3_jurisdiction_model,E_model_predicted_jurisdiction,0.9859,SG,0.9859,0.9727,SG;US;ASIA_OTHER,0.9859;0.0133;0.0005,,,,,0.0,,,,,,,Kuala Lumpur,1.3976854846715725,0,0,0,1,1,0,1
254900PDJM4UVO0M9G08,Principal DALI Equity Fund,0.3891,fund_product_vehicle_rule_applied,product_vehicle_rule_applied,fund_or_product_vehicle,,0.40907310484346526,shared_address_cluster;non_consolidating_entity;missing_direct_parent;missing_ultimate_parent,SG,phase3_jurisdiction_model,E_model_predicted_jurisdiction,0.5841,SG,0.5841,0.1988,SG;OFFSHORE;US,0.5841;0.3853;0.0297,,,,,0.0,,,,,,,Kuala Lumpur,1.3976854846715725,0,0,0,1,1,0,1
254900AYOE8DWCV0A888,Principal DALI Equity Growth fund,0.3891,fund_product_vehicle_rule_applied,product_vehicle_rule_applied,fund_or_product_vehicle,,0.40907310484346526,shared_address_cluster;non_consolidating_entity;missing_direct_parent;missing_ultimate_parent,DE,phase3_jurisdiction_model,E_model_predicted_jurisdiction,0.5069,DE,0.5069,0.1619,DE;SG;GB,0.5069;0.3449;0.1332,,,,,0.0,,,,,,,KUALA LUMPUR,1.3976854846715725,0,0,0,1,1,0,1
254900GSUCG0IFAZY314,Principal DALI Global Equity Fund,0.3891,fund_product_vehicle_rule_applied,product_vehicle_rule_applied,fund_or_product_vehicle,,0.40907310484346526,shared_address_cluster;non_consolidating_entity;missing_direct_parent;missing_ultimate_parent,SG,phase3_jurisdiction_model,E_model_predicted_jurisdiction,0.9348,SG,0.9348,0.8723,SG;GB;DE,0.9348;0.0625;0.0011,,,,,0.0,,,,,,,Kuala Lumpur,1.3976854846715725,0,0,0,1,1,0,1
254900EOAPCM664UH183,Principal Dynamic Enhanced Malaysia Income Fund,0.3891,fund_product_vehicle_rule_applied,product_vehicle_rule_applied,fund_or_product_vehicle,,0.40907310484346526,shared_address_cluster;non_consolidating_entity;missing_direct_parent;missing_ultimate_parent,SG,phase3_jurisdiction_model,E_model_predicted_jurisdiction,0.9784,SG,0.9784,0.9635,SG;GB;DE,0.9784;0.0149;0.0056,,,,,0.0,,,,,,,Kuala Lumpur,1.3976854846715725,0,0,0,1,1,0,1
254900TFXJDBQXW7Z243,Principal Dynamic Growth Fund,0.3891,fund_product_vehicle_rule_applied,product_vehicle_rule_applied,fund_or_product_vehicle,,0.40907310484346526,shared_address_cluster;non_consolidating_entity;missing_direct_parent;missing_ultimate_parent,SG,phase3_jurisdiction_model,E_model_predicted_jurisdiction,0.881,SG,0.881,0.7692,SG;US;OFFSHORE,0.881;0.1118;0.005,,,,,0.0,,,,,,,Kuala Lumpur,1.3976854846715725,0,0,0,1,1,0,1
254900BUO4JN6K62N834,Principal Global Titans Fund,0.3891,fund_product_vehicle_rule_applied,product_vehicle_rule_applied,fund_or_product_vehicle,,0.40907310484346526,shared_address_cluster;non_consolidating_entity;missing_direct_parent;missing_ultimate_parent,SG,phase3_jurisdiction_model,E_model_predicted_jurisdiction,0.8859,SG,0.8859,0.7792,SG;US;OFFSHORE,0.8859;0.1067;0.0045,,,,,0.0,,,,,,,Kuala Lumpur,1.3976854846715725,0,0,0,1,1,0,1
254900ZXPGXBO5RX2G32,Principal Islamic Asia Pacific Dynamic Equity Fund,0.3891,fund_product_vehicle_rule_applied,product_vehicle_rule_applied,fund_or_product_vehicle,,0.40907310484346526,shared_address_cluster;non_consolidating_entity;missing_direct_parent;missing_ultimate_parent,SG,phase3_jurisdiction_model,E_model_predicted_jurisdiction,0.9811,SG,0.9811,0.9628,SG;US;GB,0.9811;0.0183;0.0002,,,,,0.0,,,,,,,Kuala Lumpur,1.3976854846715725,0,0,0,1,1,0,1
254900QLV6IIW2CA5I23,Principal Islamic Lifetime Balanced Fund,0.3891,fund_product_vehicle_rule_applied,product_vehicle_rule_applied,fund_or_product_vehicle,,0.40907310484346526,shared_address_cluster;non_consolidating_entity;missing_direct_parent;missing_ultimate_parent,SG,phase3_jurisdiction_model,E_model_predicted_jurisdiction,0.9054,SG,0.9054,0.8134,SG;US;DE,0.9054;0.0921;0.0012,,,,,0.0,,,,,,,Kuala Lumpur,1.3976854846715725,0,0,0,1,1,0,1
254900UTRGY7KGM9LF36,Principal Islamic Lifetime Balanced Growth fund,0.3891,fund_product_vehicle_rule_applied,product_vehicle_rule_applied,fund_or_product_vehicle,,0.40907310484346526,shared_address_cluster;non_consolidating_entity;missing_direct_parent;missing_ultimate_parent,DE,phase3_jurisdiction_model,E_model_predicted_jurisdiction,0.8266,DE,0.8266,0.6707,DE;GB;EUROPE,0.8266;0.1559;0.0111,,,,,0.0,,,,,,,KUALA LUMPUR,1.3976854846715725,0,0,0,1,1,0,1
254900JI07HHKCH9GD87,Principal Islamic PRS Plus Growth,0.3891,fund_product_vehicle_rule_applied,product_vehicle_rule_applied,fund_or_product_vehicle,,0.40907310484346526,shared_address_cluster;non_consolidating_entity;missing_direct_parent;missing_ultimate_parent,SG,phase3_jurisdiction_model,E_model_predicted_jurisdiction,0.9348,SG,0.9348,0.8723,SG;GB;DE,0.9348;0.0625;0.0011,,,,,0.0,,,,,,,Kuala Lumpur,1.3976854846715725,0,0,0,1,1,0,1
254900OFWHXF34LZHU93,Principal Islamic PRS Plus Moderate,0.3891,fund_product_vehicle_rule_applied,product_vehicle_rule_applied,fund_or_product_vehicle,,0.40907310484346526,shared_address_cluster;non_consolidating_entity;missing_direct_parent;missing_ultimate_parent,SG,phase3_jurisdiction_model,E_model_predicted_jurisdiction,0.9896,SG,0.9896,0.9804,SG;GB;DE,0.9896;0.0092;0.0006,,,,,0.0,,,,,,,Kuala Lumpur,1.3976854846715725,0,0,0,1,1,0,1
2549002I4KWWTDY6ZD82,Principal Islamic RetireEasy Income,0.3891,fund_product_vehicle_rule_applied,product_vehicle_rule_applied,fund_or_product_vehicle,,0.40907310484346526,shared_address_cluster;non_consolidating_entity;missing_direct_parent;missing_ultimate_parent,DE,phase3_jurisdiction_model,E_model_predicted_jurisdiction,0.7129,DE,0.7129,0.4322,DE;SG;EUROPE,0.7129;0.2806;0.003,,,,,0.0,,,,,,,KUALA LUMPUR,1.3976854846715725,0,0,0,1,1,0,1
254900K9829RR5HRCK52,Principal Islamic Small Cap Opportunities Fund,0.3891,fund_product_vehicle_rule_applied,product_vehicle_rule_applied,fund_or_product_vehicle,,0.40907310484346526,shared_address_cluster;non_consolidating_entity;missing_direct_parent;missing_ultimate_parent,SG,phase3_jurisdiction_model,E_model_predicted_jurisdiction,0.8738,SG,0.8738,0.7897,SG;GB;DE,0.8738;0.0842;0.0321,,,,,0.0,,,,,,,KUALA LUMPUR,1.3976854846715725,0,0,0,1,1,0,1
2549002R6DC1LPPKLO55,Principal Lifetime Balanced Fund,0.3891,fund_product_vehicle_rule_applied,product_vehicle_rule_applied,fund_or_product_vehicle,,0.40907310484346526,shared_address_cluster;non_consolidating_entity;missing_direct_parent;missing_ultimate_parent,DE,phase3_jurisdiction_model,E_model_predicted_jurisdiction,0.9347,DE,0.9347,0.8969,DE;SG;GB,0.9347;0.0378;0.0202,,,,,0.0,,,,,,,KUALA LUMPUR,1.3976854846715725,0,0,0,1,1,0,1
25490025UBNV39QQE537,Principal Lifetime Balanced Income Fund,0.3891,fund_product_vehicle_rule_applied,product_vehicle_rule_applied,fund_or_product_vehicle,,0.40907310484346526,shared_address_cluster;non_consolidating_entity;missing_direct_parent;missing_ultimate_parent,SG,phase3_jurisdiction_model,E_model_predicted_jurisdiction,0.9589,SG,0.9589,0.9215,SG;GB;DE,0.9589;0.0375;0.0019,,,,,0.0,,,,,,,Kuala Lumpur,1.3976854846715725,0,0,0,1,1,0,1
254900RXLTARZE7FS676,Principal Lifetime Enhanced Bond Fund,0.3891,fund_product_vehicle_rule_applied,product_vehicle_rule_applied,fund_or_product_vehicle,,0.40907310484346526,shared_address_cluster;non_consolidating_entity;missing_direct_parent;missing_ultimate_parent,SG,phase3_jurisdiction_model,E_model_predicted_jurisdiction,0.6478,SG,0.6478,0.3271,SG;DE;GB,0.6478;0.3207;0.0264,,,,,0.0,,,,,,,KUALA LUMPUR,1.3976854846715725,0,0,0,1,1,0,1
254900U7KK5ATI64FT53,Principal Malaysia Enhanced Opportunities Fund,0.3891,fund_product_vehicle_rule_applied,product_vehicle_rule_applied,fund_or_product_vehicle,,0.40907310484346526,shared_address_cluster;non_consolidating_entity;missing_direct_parent;missing_ultimate_parent,SG,phase3_jurisdiction_model,E_model_predicted_jurisdiction,0.7899,SG,0.7899,0.6413,SG;GB;DE,0.7899;0.1486;0.0543,,,,,0.0,,,,,,,KUALA LUMPUR,1.3976854846715725,0,0,0,1,1,0,1
254900QXTT8J5MPW0C19,Principal Malaysia Opportunities Fund,0.3891,fund_product_vehicle_rule_applied,product_vehicle_rule_applied,fund_or_product_vehicle,,0.40907310484346526,shared_address_cluster;non_consolidating_entity;missing_direct_parent;missing_ultimate_parent,DE,phase3_jurisdiction_model,E_model_predicted_jurisdiction,0.8042,DE,0.8042,0.6356,DE;SG;EUROPE,0.8042;0.1687;0.0129,,,,,0.0,,,,,,,KUALA LUMPUR,1.3976854846715725,0,0,0,1,1,0,1
254900CY9OHXFXG4MA38,Principal Malaysia Titans Fund,0.3891,fund_product_vehicle_rule_applied,product_vehicle_rule_applied,fund_or_product_vehicle,,0.40907310484346526,shared_address_cluster;non_consolidating_entity;missing_direct_parent;missing_ultimate_parent,DE,phase3_jurisdiction_model,E_model_predicted_jurisdiction,0.8559,DE,0.8559,0.7405,DE;GB;SG,0.8559;0.1154;0.018,,,,,0.0,,,,,,,KUALA LUMPUR,1.3976854846715725,0,0,0,1,1,0,1
25490020UKM4U7IVVY45,Principal Nasdaq Equity Premium Income Fund,0.3891,fund_product_vehicle_rule_applied,product_vehicle_rule_applied,fund_or_product_vehicle,,0.40907310484346526,shared_address_cluster;non_consolidating_entity;missing_direct_parent;missing_ultimate_parent,DE,phase3_jurisdiction_model,E_model_predicted_jurisdiction,0.5054,DE,0.5054,0.141,DE;SG;US,0.5054;0.3644;0.0901,,,,,0.0,,,,,,,KUALA LUMPUR,1.3976854846715725,0,0,0,1,1,0,1
254900BU8X2DEVWEWE35,Principal PRS Plus Growth,0.3891,fund_product_vehicle_rule_applied,product_vehicle_rule_applied,fund_or_product_vehicle,,0.40907310484346526,shared_address_cluster;non_consolidating_entity;missing_direct_parent;missing_ultimate_parent,SG,phase3_jurisdiction_model,E_model_predicted_jurisdiction,0.9112,SG,0.9112,0.8501,SG;OFFSHORE;DE,0.9112;0.061;0.0156,,,,,0.0,,,,,,,Kuala Lumpur,1.3976854846715725,0,0,0,1,1,0,1
254900G7MAXLV16HDS30,Principal PRS Plus Moderate,0.3891,fund_product_vehicle_rule_applied,product_vehicle_rule_applied,fund_or_product_vehicle,,0.40907310484346526,shared_address_cluster;non_consolidating_entity;missing_direct_parent;missing_ultimate_parent,SG,phase3_jurisdiction_model,E_model_predicted_jurisdiction,0.9612,SG,0.9612,0.9469,SG;GB;OFFSHORE,0.9612;0.0143;0.0119,,,,,0.0,,,,,,,Kuala Lumpur,1.3976854846715725,0,0,0,1,1,0,1
2549006Y747F8I6NH671,Principal RetireEasy Income,0.3891,fund_product_vehicle_rule_applied,product_vehicle_rule_applied,fund_or_product_vehicle,,0.40907310484346526,shared_address_cluster;non_consolidating_entity;missing_direct_parent;missing_ultimate_parent,DE,phase3_jurisdiction_model,E_model_predicted_jurisdiction,0.9925,DE,0.9925,0.9883,DE;GB;SG,0.9925;0.0042;0.0019,,,,,0.0,,,,,,,KUALA LUMPUR,1.3976854846715725,0,0,0,1,1,0,1
254900VK256HLX95CC41,Principal S&P Ethical Asia Pacific Dividend ETF,0.3891,fund_product_vehicle_rule_applied,product_vehicle_rule_applied,fund_or_product_vehicle,,0.40907310484346526,shared_address_cluster;non_consolidating_entity;missing_direct_parent;missing_ultimate_parent,ASIA_OTHER,phase3_jurisdiction_model,E_model_predicted_jurisdiction,0.9639,ASIA_OTHER,0.9639,0.9434,ASIA_OTHER;SG;GB,0.9639;0.0206;0.0114,,,,,0.0,,,,,,,KUALA LUMPUR,1.3976854846715725,0,0,0,1,1,0,1
254900E1X928SFWMHB65,Principal Small Cap Opportunities Fund,0.3891,fund_product_vehicle_rule_applied,product_vehicle_rule_applied,fund_or_product_vehicle,,0.40907310484346526,shared_address_cluster;non_consolidating_entity;missing_direct_parent;missing_ultimate_parent,SG,phase3_jurisdiction_model,E_model_predicted_jurisdiction,0.4881,SG,0.4881,0.2216,SG;GB;DE,0.4881;0.2665;0.2416,,,,,0.0,,,,,,,KUALA LUMPUR,1.3976854846715725,0,0,0,1,1,0,1
254900FQD8OFFVY11L15,Principal Strategic Global Growth Fund,0.3891,fund_product_vehicle_rule_applied,product_vehicle_rule_applied,fund_or_product_vehicle,,0.40907310484346526,shared_address_cluster;non_consolidating_entity;missing_direct_parent;missing_ultimate_parent,SG,phase3_jurisdiction_model,E_model_predicted_jurisdiction,0.9846,SG,0.9846,0.9701,SG;GB;EUROPE,0.9846;0.0145;0.0005,,,,,0.0,,,,,,,Kuala Lumpur,1.3976854846715725,0,0,0,1,1,0,1
254900NEJ2V7QUK6MY65,Principal Titans Growth & Income Fund,0.3891,fund_product_vehicle_rule_applied,product_vehicle_rule_applied,fund_or_product_vehicle,,0.40907310484346526,shared_address_cluster;non_consolidating_entity;missing_direct_parent;missing_ultimate_parent,SG,phase3_jurisdiction_model,E_model_predicted_jurisdiction,0.9813,SG,0.9813,0.9637,SG;US;DE,0.9813;0.0176;0.0005,,,,,0.0,,,,,,,Kuala Lumpur,1.3976854846715725,0,0,0,1,1,0,1
254900ICU9SICU9CCR92,Principal Titans Income Plus Fund,0.3891,fund_product_vehicle_rule_applied,product_vehicle_rule_applied,fund_or_product_vehicle,,0.40907310484346526,shared_address_cluster;non_consolidating_entity;missing_direct_parent;missing_ultimate_parent,SG,phase3_jurisdiction_model,E_model_predicted_jurisdiction,0.9366,SG,0.9366,0.88,SG;US;EUROPE,0.9366;0.0566;0.0055,,,,,0.0,,,,,,,Kuala Lumpur,1.3976854846715725,0,0,0,1,1,0,1
254900BEFOMBG0O3N664,Principal US High Conviction Equity Fund,0.3891,fund_product_vehicle_rule_applied,product_vehicle_rule_applied,fund_or_product_vehicle,,0.40907310484346526,shared_address_cluster;non_consolidating_entity;missing_direct_parent;missing_ultimate_parent,SG,phase3_jurisdiction_model,E_model_predicted_jurisdiction,0.9444,SG,0.9444,0.896,SG;GB;DE,0.9444;0.0484;0.0032,,,,,0.0,,,,,,,Kuala Lumpur,1.3976854846715725,0,0,0,1,1,0,1
2549007UYTP08H0O3H83,Principal Wholesale Equity Fund,0.3891,fund_product_vehicle_rule_applied,product_vehicle_rule_applied,fund_or_product_vehicle,,0.40907310484346526,shared_address_cluster;non_consolidating_entity;missing_direct_parent;missing_ultimate_parent,SG,phase3_jurisdiction_model,E_model_predicted_jurisdiction,0.9558,SG,0.9558,0.9297,SG;GB;OFFSHORE,0.9558;0.0261;0.0097,,,,,0.0,,,,,,,Kuala Lumpur,1.3976854846715725,0,0,0,1,1,0,1
2549009LC8IG4QXKNG20,RHB Asia Sustainable Leaders Fund,0.3891,fund_product_vehicle_rule_applied,product_vehicle_rule_applied,fund_or_product_vehicle,,0.40907310484346526,shared_address_cluster;non_consolidating_entity;missing_direct_parent;missing_ultimate_parent,SG,phase3_jurisdiction_model,E_model_predicted_jurisdiction,0.6953,SG,0.6953,0.3928,SG;US;GB,0.6953;0.3025;0.0015,,,,,0.0,,,,,,,Kuala Lumpur,1.3976854846715725,0,0,0,1,1,0,1
254900MXKMWVUK2RV188,RHB STRATEGIC INCOME FUND - SERIES 12,0.3891,fund_product_vehicle_rule_applied,product_vehicle_rule_applied,fund_or_product_vehicle,,0.40907310484346526,shared_address_cluster;non_consolidating_entity;missing_direct_parent;missing_ultimate_parent,SG,phase3_jurisdiction_model,E_model_predicted_jurisdiction,0.732,SG,0.732,0.4729,SG;ASIA_OTHER;GB,0.732;0.2591;0.0076,,,,,0.0,,,,,,,Kuala Lumpur,1.3976854846715725,0,0,0,1,1,0,1
984500M598A2FDCBJD77,Red Cap Funding Ltd,0.3891,fund_product_vehicle_rule_applied,product_vehicle_rule_applied,fund_or_product_vehicle,,0.40907310484346526,shared_address_cluster;non_consolidating_entity;missing_direct_parent;missing_ultimate_parent,DE,phase3_jurisdiction_model,E_model_predicted_jurisdiction,0.5257,DE,0.5257,0.1698,DE;US;EUROPE,0.5257;0.3559;0.0536,,,,,0.0,,,,,,,Jalan Merdeka,1.3976854846715725,0,0,0,1,1,0,1
254900NV9PDIFA2UUL20,SIGNATURE DYNAMIC INCOME AND GROWTH FUND,0.3891,fund_product_vehicle_rule_applied,product_vehicle_rule_applied,fund_or_product_vehicle,,0.40907310484346526,shared_address_cluster;non_consolidating_entity;missing_direct_parent;missing_ultimate_parent,SG,phase3_jurisdiction_model,E_model_predicted_jurisdiction,0.8713,SG,0.8713,0.7718,SG;US;EUROPE,0.8713;0.0995;0.0198,,,,,0.0,,,,,,,Kuala Lumpur,1.3976854846715725,0,0,0,1,1,0,1
254900DVY2XNDUNTPR17,SIGNATURE DYNAMIC INCOME FUND,0.3891,fund_product_vehicle_rule_applied,product_vehicle_rule_applied,fund_or_product_vehicle,,0.40907310484346526,shared_address_cluster;non_consolidating_entity;missing_direct_parent;missing_ultimate_parent,SG,phase3_jurisdiction_model,E_model_predicted_jurisdiction,0.9828,SG,0.9828,0.9756,SG;OFFSHORE;DE,0.9828;0.0072;0.0045,,,,,0.0,,,,,,,Kuala Lumpur,1.3976854846715725,0,0,0,1,1,0,1
2549002IOXL4ISRU8J89,TA All Weather Income Fund,0.3891,fund_product_vehicle_rule_applied,product_vehicle_rule_applied,fund_or_product_vehicle,,0.40907310484346526,shared_address_cluster;non_consolidating_entity;missing_direct_parent;missing_ultimate_parent,SG,phase3_jurisdiction_model,E_model_predicted_jurisdiction,0.8182,SG,0.8182,0.7249,SG;OFFSHORE;GB,0.8182;0.0933;0.0669,,,,,0.0,,,,,,,Kuala Lumpur,1.3976854846715725,0,0,0,1,1,0,1
549300SWITJXG6ZWJV90,TA Asia Absolute Alpha Fund,0.3891,fund_product_vehicle_rule_applied,product_vehicle_rule_applied,fund_or_product_vehicle,,0.40907310484346526,shared_address_cluster;non_consolidating_entity;missing_direct_parent;missing_ultimate_parent,ASIA_OTHER,phase3_jurisdiction_model,E_model_predicted_jurisdiction,0.5588,ASIA_OTHER,0.5588,0.2132,ASIA_OTHER;SG;US,0.5588;0.3456;0.0944,,,,,0.0,,,,,,,Kuala Lumpur,1.3976854846715725,0,0,0,1,1,0,1
549300R7NM47VR5EXS73,TA DANA GLOBAL 50,0.3891,fund_product_vehicle_rule_applied,product_vehicle_rule_applied,fund_or_product_vehicle,,0.40907310484346526,shared_address_cluster;non_consolidating_entity;missing_direct_parent;missing_ultimate_parent,US,phase3_jurisdiction_model,E_model_predicted_jurisdiction,0.9384,US,0.9384,0.8798,US;DE;SG,0.9384;0.0586;0.002,,,,,0.0,,,,,,,KUALA LUMPUR,1.3976854846715725,0,0,0,1,1,0,1
549300NVF81UFBCAYM39,TA Global Absolute Alpha Fund,0.3891,fund_product_vehicle_rule_applied,product_vehicle_rule_applied,fund_or_product_vehicle,,0.40907310484346526,shared_address_cluster;non_consolidating_entity;missing_direct_parent;missing_ultimate_parent,SG,phase3_jurisdiction_model,E_model_predicted_jurisdiction,0.8937,SG,0.8937,0.7933,SG;US;EUROPE,0.8937;0.1004;0.0046,,,,,0.0,,,,,,,Kuala Lumpur,1.3976854846715725,0,0,0,1,1,0,1
549300PHMY878EXB2V41,TA Global Absolute Alpha-i Fund,0.3891,fund_product_vehicle_rule_applied,product_vehicle_rule_applied,fund_or_product_vehicle,,0.40907310484346526,shared_address_cluster;non_consolidating_entity;missing_direct_parent;missing_ultimate_parent,SG,phase3_jurisdiction_model,E_model_predicted_jurisdiction,0.9005,SG,0.9005,0.8111,SG;GB;EUROPE,0.9005;0.0894;0.0053,,,,,0.0,,,,,,,Kuala Lumpur,1.3976854846715725,0,0,0,1,1,0,1
549300EYWISEQLMD7754,TA Global Absolute ESG Alpha Fund,0.3891,fund_product_vehicle_rule_applied,product_vehicle_rule_applied,fund_or_product_vehicle,,0.40907310484346526,shared_address_cluster;non_consolidating_entity;missing_direct_parent;missing_ultimate_parent,SG,phase3_jurisdiction_model,E_model_predicted_jurisdiction,0.9676,SG,0.9676,0.9357,SG;US;GB,0.9676;0.032;0.0003,,,,,0.0,,,,,,,Kuala Lumpur,1.3976854846715725,0,0,0,1,1,0,1
549300TGW4KJ82WQWB78,TA RAINBOW INCOME FUND 10,0.3891,fund_product_vehicle_rule_applied,product_vehicle_rule_applied,fund_or_product_vehicle,,0.40907310484346526,shared_address_cluster;non_consolidating_entity;missing_direct_parent;missing_ultimate_parent,US,phase3_jurisdiction_model,E_model_predicted_jurisdiction,0.8999,US,0.8999,0.825,US;DE;SG,0.8999;0.075;0.0126,,,,,0.0,,,,,,,KUALA LUMPUR,1.3976854846715725,0,0,0,1,1,0,1
549300HSG8HT3Y8SSR89,TA RAINBOW INCOME FUND 2,0.3891,fund_product_vehicle_rule_applied,product_vehicle_rule_applied,fund_or_product_vehicle,,0.40907310484346526,shared_address_cluster;non_consolidating_entity;missing_direct_parent;missing_ultimate_parent,US,phase3_jurisdiction_model,E_model_predicted_jurisdiction,0.7964,US,0.7964,0.6136,US;DE;SG,0.7964;0.1828;0.0168,,,,,0.0,,,,,,,KUALA LUMPUR,1.3976854846715725,0,0,0,1,1,0,1
549300T26ZBBMOBSIB84,TA RAINBOW INCOME FUND 3,0.3891,fund_product_vehicle_rule_applied,product_vehicle_rule_applied,fund_or_product_vehicle,,0.40907310484346526,shared_address_cluster;non_consolidating_entity;missing_direct_parent;missing_ultimate_parent,US,phase3_jurisdiction_model,E_model_predicted_jurisdiction,0.7964,US,0.7964,0.6136,US;DE;SG,0.7964;0.1828;0.0168,,,,,0.0,,,,,,,KUALA LUMPUR,1.3976854846715725,0,0,0,1,1,0,1
549300KR5HQBWB1JWJ54,TA RAINBOW INCOME FUND 7,0.3891,fund_product_vehicle_rule_applied,product_vehicle_rule_applied,fund_or_product_vehicle,,0.40907310484346526,shared_address_cluster;non_consolidating_entity;missing_direct_parent;missing_ultimate_parent,US,phase3_jurisdiction_model,E_model_predicted_jurisdiction,0.7964,US,0.7964,0.6136,US;DE;SG,0.7964;0.1828;0.0168,,,,,0.0,,,,,,,KUALA LUMPUR,1.3976854846715725,0,0,0,1,1,0,1
549300JVJFOQ5H16S163,TA RAINBOW INCOME FUND 8,0.3891,fund_product_vehicle_rule_applied,product_vehicle_rule_applied,fund_or_product_vehicle,,0.40907310484346526,shared_address_cluster;non_consolidating_entity;missing_direct_parent;missing_ultimate_parent,US,phase3_jurisdiction_model,E_model_predicted_jurisdiction,0.7964,US,0.7964,0.6136,US;DE;SG,0.7964;0.1828;0.0168,,,,,0.0,,,,,,,KUALA LUMPUR,1.3976854846715725,0,0,0,1,1,0,1
5493002FWW4YS8O5UU21,TA RAINBOW INCOME FUND 9,0.3891,fund_product_vehicle_rule_applied,product_vehicle_rule_applied,fund_or_product_vehicle,,0.40907310484346526,shared_address_cluster;non_consolidating_entity;missing_direct_parent;missing_ultimate_parent,US,phase3_jurisdiction_model,E_model_predicted_jurisdiction,0.8831,US,0.8831,0.7863,US;DE;SG,0.8831;0.0968;0.0108,,,,,0.0,,,,,,,KUALA LUMPUR,1.3976854846715725,0,0,0,1,1,0,1
254900OLCNXWO2L5A695,TA Rainbow Income Fund 12,0.3891,fund_product_vehicle_rule_applied,product_vehicle_rule_applied,fund_or_product_vehicle,,0.40907310484346526,shared_address_cluster;non_consolidating_entity;missing_direct_parent;missing_ultimate_parent,SG,phase3_jurisdiction_model,E_model_predicted_jurisdiction,0.9276,SG,0.9276,0.8702,SG;GB;OFFSHORE,0.9276;0.0574;0.0063,,,,,0.0,,,,,,,Kuala Lumpur,1.3976854846715725,0,0,0,1,1,0,1
254900AU6HBUGKO29A41,TA Rainbow Income Fund 15,0.3891,fund_product_vehicle_rule_applied,product_vehicle_rule_applied,fund_or_product_vehicle,,0.40907310484346526,shared_address_cluster;non_consolidating_entity;missing_direct_parent;missing_ultimate_parent,SG,phase3_jurisdiction_model,E_model_predicted_jurisdiction,0.9276,SG,0.9276,0.8702,SG;GB;OFFSHORE,0.9276;0.0574;0.0063,,,,,0.0,,,,,,,Kuala Lumpur,1.3976854846715725,0,0,0,1,1,0,1
2549007TN5BO66WKNI45,TA Rainbow Income Fund 16,0.3891,fund_product_vehicle_rule_applied,product_vehicle_rule_applied,fund_or_product_vehicle,,0.40907310484346526,shared_address_cluster;non_consolidating_entity;missing_direct_parent;missing_ultimate_parent,SG,phase3_jurisdiction_model,E_model_predicted_jurisdiction,0.9276,SG,0.9276,0.8702,SG;GB;OFFSHORE,0.9276;0.0574;0.0063,,,,,0.0,,,,,,,Kuala Lumpur,1.3976854846715725,0,0,0,1,1,0,1
254900DWDMXNNMIDHV04,TA Rainbow Income Fund 18,0.3891,fund_product_vehicle_rule_applied,product_vehicle_rule_applied,fund_or_product_vehicle,,0.40907310484346526,shared_address_cluster;non_consolidating_entity;missing_direct_parent;missing_ultimate_parent,SG,phase3_jurisdiction_model,E_model_predicted_jurisdiction,0.935,SG,0.935,0.8767,SG;GB;OFFSHORE,0.935;0.0583;0.0039,,,,,0.0,,,,,,,Kuala Lumpur,1.3976854846715725,0,0,0,1,1,0,1
549300TVU4VDEFEAMI30,TA SPECTRUM FUND,0.3891,fund_product_vehicle_rule_applied,product_vehicle_rule_applied,fund_or_product_vehicle,,0.40907310484346526,shared_address_cluster;non_consolidating_entity;missing_direct_parent;missing_ultimate_parent,US,phase3_jurisdiction_model,E_model_predicted_jurisdiction,0.9363,US,0.9363,0.8838,US;DE;GB,0.9363;0.0524;0.0066,,,,,0.0,,,,,,,KUALA LUMPUR,1.3976854846715725,0,0,0,1,1,0,1
254900UM6L8GKUAPR153,TA T-STRIPS Fund,0.3891,fund_product_vehicle_rule_applied,product_vehicle_rule_applied,fund_or_product_vehicle,,0.40907310484346526,shared_address_cluster;non_consolidating_entity;missing_direct_parent;missing_ultimate_parent,SG,phase3_jurisdiction_model,E_model_predicted_jurisdiction,0.9756,SG,0.9756,0.953,SG;GB;DE,0.9756;0.0226;0.0006,,,,,0.0,,,,,,,Kuala Lumpur,1.3976854846715725,0,0,0,1,1,0,1
254900HZ4ONXJEVSXB77,TA Total Return Income-i Fund,0.3891,fund_product_vehicle_rule_applied,product_vehicle_rule_applied,fund_or_product_vehicle,,0.40907310484346526,shared_address_cluster;non_consolidating_entity;missing_direct_parent;missing_ultimate_parent,SG,phase3_jurisdiction_model,E_model_predicted_jurisdiction,0.9583,SG,0.9583,0.9297,SG;US;OFFSHORE,0.9583;0.0286;0.0079,,,,,0.0,,,,,,,Kuala Lumpur,1.3976854846715725,0,0,0,1,1,0,1
254900P75N6A02OIE837,The Affin Hwang Flexible Maturity Income Fund 8,0.3891,fund_product_vehicle_rule_applied,product_vehicle_rule_applied,fund_or_product_vehicle,,0.40907310484346526,shared_address_cluster;non_consolidating_entity;missing_direct_parent;missing_ultimate_parent,SG,phase3_jurisdiction_model,E_model_predicted_jurisdiction,0.9807,SG,0.9807,0.9624,SG;US;ASIA_OTHER,0.9807;0.0183;0.0006,,,,,0.0,,,,,,,Kuala Lumpur,1.3976854846715725,0,0,0,1,1,0,1
254900XXXHKGKWOM1A25,AHAM ALTERNATIVES - GOLD INCOME FUND,0.3591,fund_product_vehicle_rule_applied,product_vehicle_rule_applied,fund_or_product_vehicle,,0.30907310484346523,missing_direct_parent;missing_ultimate_parent,,unassigned,U_unassigned,0.0,,,,,,,,,,0.0,,,,,,,Kuala Lumpur,1.3976854846715725,0,0,0,0,0,0,0
254900AOFUSKVGIR3168,KAF Global Islamic Equity Fund,0.3591,fund_product_vehicle_rule_applied,product_vehicle_rule_applied,fund_or_product_vehicle,,0.30907310484346523,missing_direct_parent;missing_ultimate_parent,,unassigned,U_unassigned,0.0,,,,,,,,,,0.0,,,,,,,Kuala Lumpur,1.3976854846715725,0,0,0,0,0,0,0
254900A28JXFEVWJT461,Kenanga Shariah US Titans 50 Fund,0.3591,fund_product_vehicle_rule_applied,product_vehicle_rule_applied,fund_or_product_vehicle,,0.30907310484346523,missing_direct_parent;missing_ultimate_parent,,unassigned,U_unassigned,0.0,,,,,,,,,,0.0,,,,,,,Kuala Lumpur,1.3976854846715725,0,0,0,0,0,0,0
254900X8HJYKIC8QFC55,MALAYSIA SOVEREIGN SUKUK BERHAD,0.3591,fund_product_vehicle_rule_applied,product_vehicle_rule_applied,fund_or_product_vehicle,,0.30907310484346523,missing_direct_parent;missing_ultimate_parent,,unassigned,U_unassigned,0.0,,,,,,,,,,0.0,,,,,,,Kuala Lumpur,1.3976854846715725,0,0,0,0,0,0,0
984500B80S0E6DCE0F10,MAYBANK GLOBAL MIXED ASSETS-I FUND,0.3591,fund_product_vehicle_rule_applied,product_vehicle_rule_applied,fund_or_product_vehicle,,0.30907310484346523,missing_direct_parent;missing_ultimate_parent,,unassigned,U_unassigned,0.0,,,,,,,,,,0.0,,,,,,,KUALA LUMPUR,1.3976854846715725,0,0,0,0,0,0,0
984500B1F583QFD2CB89,MAYBANK MALAYSIA DIVIDEND FUND,0.3591,fund_product_vehicle_rule_applied,product_vehicle_rule_applied,fund_or_product_vehicle,,0.30907310484346523,missing_direct_parent;missing_ultimate_parent,,unassigned,U_unassigned,0.0,,,,,,,,,,0.0,,,,,,,KUALA LUMPUR,1.3976854846715725,0,0,0,0,0,0,0
254900PTWEPNYFT2FT21,OPUS ALLOCATION FUND,0.3591,fund_product_vehicle_rule_applied,product_vehicle_rule_applied,fund_or_product_vehicle,,0.30907310484346523,missing_direct_parent;missing_ultimate_parent,,unassigned,U_unassigned,0.0,,,,,,,,,,0.0,,,,,,,Kuala Lumpur,1.3976854846715725,0,0,0,0,0,0,0
254900ZTLW77DB6C0H46,OPUS DYNAMIC FUND,0.3591,fund_product_vehicle_rule_applied,product_vehicle_rule_applied,fund_or_product_vehicle,,0.30907310484346523,missing_direct_parent;missing_ultimate_parent,,unassigned,U_unassigned,0.0,,,,,,,,,,0.0,,,,,,,Kuala Lumpur,1.3976854846715725,0,0,0,0,0,0,0
9845008D04F559D2D974,Prime Landmark Fund Ltd.,0.3591,fund_product_vehicle_rule_applied,product_vehicle_rule_applied,fund_or_product_vehicle,,0.30907310484346523,missing_direct_parent;missing_ultimate_parent,,unassigned,U_unassigned,0.0,,,,,,,,,,0.0,,,,,,,Labuan,1.3976854846715725,0,0,0,0,0,0,0
2549005VGBIKK894YX83,SIGNATURE DYNAMIC INCOME FOCUS-i FUND,0.3591,fund_product_vehicle_rule_applied,product_vehicle_rule_applied,fund_or_product_vehicle,,0.30907310484346523,missing_direct_parent;missing_ultimate_parent,,unassigned,U_unassigned,0.0,,,,,,,,,,0.0,,,,,,,KUALA LUMPUR,1.3976854846715725,0,0,0,0,0,0,0
2138009O3234U2K4XQ77,ABRDN ISLAMIC HEALTHCARE & TECHNOLOGY FUND,0.3391,fund_product_vehicle_rule_applied,product_vehicle_rule_applied,fund_or_product_vehicle,,0.3590731048434652,non_consolidating_entity;missing_direct_parent;missing_ultimate_parent,DE,phase3_jurisdiction_model,E_model_predicted_jurisdiction,0.5512,DE,0.5512,0.2639,DE;SG;US,0.5512;0.2873;0.1017,,,,,0.0,,,,,,,KUALA LUMPUR,1.3976854846715725,0,0,0,1,1,0,0
549300M91W2GE6MJ3833,ABRDN ISLAMIC WORLD EQUITY FUND,0.3391,fund_product_vehicle_rule_applied,product_vehicle_rule_applied,fund_or_product_vehicle,,0.3590731048434652,non_consolidating_entity;missing_direct_parent;missing_ultimate_parent,US,phase3_jurisdiction_model,E_model_predicted_jurisdiction,0.9679,US,0.9679,0.9456,US;DE;SG,0.9679;0.0223;0.0068,,,,,0.0,,,,,,,KUALA LUMPUR,1.3976854846715725,0,0,0,1,1,0,0
254900D5W2QH435MV622,AHAM WORLD SERIES - GLOBAL CORPORATE BOND FUND,0.3391,fund_product_vehicle_rule_applied,product_vehicle_rule_applied,fund_or_product_vehicle,,0.3590731048434652,non_consolidating_entity;missing_direct_parent;missing_ultimate_parent,SG,phase3_jurisdiction_model,E_model_predicted_jurisdiction,0.915,SG,0.915,0.8334,SG;ASIA_OTHER;GB,0.915;0.0816;0.0029,,,,,0.0,,,,,,,Kuala Lumpur,1.3976854846715725,0,0,0,1,1,0,0
254900SXSA4B7QEA0T64,AHAM WORLD SERIES - SGD LIQUIDITY FUND,0.3391,fund_product_vehicle_rule_applied,product_vehicle_rule_applied,fund_or_product_vehicle,,0.3590731048434652,non_consolidating_entity;missing_direct_parent;missing_ultimate_parent,SG,phase3_jurisdiction_model,E_model_predicted_jurisdiction,0.6747,SG,0.6747,0.4359,SG;ASIA_OTHER;GB,0.6747;0.2388;0.0844,,,,,0.0,,,,,,,Kuala Lumpur,1.3976854846715725,0,0,0,1,1,0,0
25490086B7FEL8S03L06,AHAM World Series -Biotechnology Fund,0.3391,fund_product_vehicle_rule_applied,product_vehicle_rule_applied,fund_or_product_vehicle,,0.3590731048434652,non_consolidating_entity;missing_direct_parent;missing_ultimate_parent,SG,phase3_jurisdiction_model,E_model_predicted_jurisdiction,0.9987,SG,0.9987,0.998,SG;GB;DE,0.9987;0.0008;0.0003,,,,,0.0,,,,,,,Kuala Lumpur,1.3976854846715725,0,0,0,1,1,0,0
549300GP5U9XIZIVXB14,AMB GLOBAL INCOME TRUST FUND,0.3391,fund_product_vehicle_rule_applied,product_vehicle_rule_applied,fund_or_product_vehicle,,0.3590731048434652,non_consolidating_entity;missing_direct_parent;missing_ultimate_parent,US,phase3_jurisdiction_model,E_model_predicted_jurisdiction,0.9679,US,0.9679,0.9387,US;DE;SG,0.9679;0.0292;0.0014,,,,,0.0,,,,,,,KUALA LUMPUR,1.3976854846715725,0,0,0,1,1,0,0
549300PF24B8UG4MY388,AMUNDI BOND GLOBAL AGGREGATE FUND,0.3391,fund_product_vehicle_rule_applied,product_vehicle_rule_applied,fund_or_product_vehicle,,0.3590731048434652,non_consolidating_entity;missing_direct_parent;missing_ultimate_parent,US,phase3_jurisdiction_model,E_model_predicted_jurisdiction,0.8821,US,0.8821,0.8186,US;SG;DE,0.8821;0.0635;0.0533,,,,,0.0,,,,,,,KUALA LUMPUR,1.3976854846715725,0,0,0,1,1,0,0
54930071L641UBCTNZ54,AMUNDI BOND GLOBAL EMERGING BLENDED FUND,0.3391,fund_product_vehicle_rule_applied,product_vehicle_rule_applied,fund_or_product_vehicle,,0.3590731048434652,non_consolidating_entity;missing_direct_parent;missing_ultimate_parent,US,phase3_jurisdiction_model,E_model_predicted_jurisdiction,0.8736,US,0.8736,0.7813,US;DE;SG,0.8736;0.0923;0.0329,,,,,0.0,,,,,,,KUALA LUMPUR,1.3976854846715725,0,0,0,1,1,0,0
5493002T056YRFM2RG97,AMUNDI EQUITY EMERGING FOCUS FUND,0.3391,fund_product_vehicle_rule_applied,product_vehicle_rule_applied,fund_or_product_vehicle,,0.3590731048434652,non_consolidating_entity;missing_direct_parent;missing_ultimate_parent,US,phase3_jurisdiction_model,E_model_predicted_jurisdiction,0.8821,US,0.8821,0.8186,US;SG;DE,0.8821;0.0635;0.0533,,,,,0.0,,,,,,,KUALA LUMPUR,1.3976854846715725,0,0,0,1,1,0,0
5493001QK0GK97P1C068,AMUNDI INTERNATIONAL FUND,0.3391,fund_product_vehicle_rule_applied,product_vehicle_rule_applied,fund_or_product_vehicle,,0.3590731048434652,non_consolidating_entity;missing_direct_parent;missing_ultimate_parent,DE,phase3_jurisdiction_model,E_model_predicted_jurisdiction,0.6561,DE,0.6561,0.3139,DE;US;OFFSHORE,0.6561;0.3423;0.001,,,,,0.0,,,,,,,KUALA LUMPUR,1.3976854846715725,0,0,0,1,1,0,0
254900Y606LJL4FFLH18,ASTUTE FUND MANAGEMENT BERHAD,0.3391,fund_product_vehicle_rule_applied,product_vehicle_rule_applied,fund_or_product_vehicle,,0.3590731048434652,non_consolidating_entity;missing_direct_parent;missing_ultimate_parent,US,phase3_jurisdiction_model,E_model_predicted_jurisdiction,0.9692,US,0.9692,0.9502,US;GB;DE,0.9692;0.0191;0.0062,,,,,0.0,,,,,,,SUBANG JAYA,1.3976854846715725,0,0,0,1,1,0,0
254900OTE5EZU87YJM45,AVIAN DIVIDEND FUND,0.3391,fund_product_vehicle_rule_applied,product_vehicle_rule_applied,fund_or_product_vehicle,,0.3590731048434652,non_consolidating_entity;missing_direct_parent;missing_ultimate_parent,SG,phase3_jurisdiction_model,E_model_predicted_jurisdiction,0.7615,SG,0.7615,0.5266,SG;GB;US,0.7615;0.2349;0.0013,,,,,0.0,,,,,,,Kuala Lumpur,1.3976854846715725,0,0,0,1,1,0,0
254900V0BYM4VV8QK983,Affin Hwang Asia Equity ESG Fund,0.3391,fund_product_vehicle_rule_applied,product_vehicle_rule_applied,fund_or_product_vehicle,,0.3590731048434652,non_consolidating_entity;missing_direct_parent;missing_ultimate_parent,SG,phase3_jurisdiction_model,E_model_predicted_jurisdiction,0.9846,SG,0.9846,0.9699,SG;US;GB,0.9846;0.0148;0.0003,,,,,0.0,,,,,,,Kuala Lumpur,1.3976854846715725,0,0,0,1,1,0,0
254900N9GWBJJBVH7Q96,Affin Hwang Income Focus Fund 4,0.3391,fund_product_vehicle_rule_applied,product_vehicle_rule_applied,fund_or_product_vehicle,,0.3590731048434652,non_consolidating_entity;missing_direct_parent;missing_ultimate_parent,SG,phase3_jurisdiction_model,E_model_predicted_jurisdiction,0.9836,SG,0.9836,0.9737,SG;EUROPE;US,0.9836;0.0099;0.0064,,,,,0.0,,,,,,,Kuala Lumpur,1.3976854846715725,0,0,0,1,1,0,0
254900FEPHAOVEMH9X91,Aiiman Global Equity Fund,0.3391,fund_product_vehicle_rule_applied,product_vehicle_rule_applied,fund_or_product_vehicle,,0.3590731048434652,non_consolidating_entity;missing_direct_parent;missing_ultimate_parent,SG,phase3_jurisdiction_model,E_model_predicted_jurisdiction,0.9112,SG,0.9112,0.8501,SG;OFFSHORE;DE,0.9112;0.061;0.0156,,,,,0.0,,,,,,,Kuala Lumpur,1.3976854846715725,0,0,0,1,1,0,0
254900SJDH4HHELZAK12,AmIslamic Funds Management Sdn. Bhd.,0.3391,fund_product_vehicle_rule_applied,product_vehicle_rule_applied,fund_or_product_vehicle,,0.3590731048434652,shared_address_cluster;missing_direct_parent;missing_ultimate_parent,SG,phase3_jurisdiction_model,E_model_predicted_jurisdiction,0.4974,SG,0.4974,0.1019,SG;US;DE,0.4974;0.3955;0.0884,,,,,0.0,,,,,,,Kuala Lumpur,1.3976854846715725,0,0,0,0,1,0,1
894500GNQ7F3F8QQ3367,BLUE PACIFIC INVESTMENT FUND LTD,0.3391,fund_product_vehicle_rule_applied,product_vehicle_rule_applied,fund_or_product_vehicle,,0.3590731048434652,shared_address_cluster;missing_direct_parent;missing_ultimate_parent,DE,phase3_jurisdiction_model,E_model_predicted_jurisdiction,0.5431,DE,0.5431,0.2517,DE;SG;US,0.5431;0.2914;0.1158,,,,,0.0,,,,,,,LABUAN,1.3976854846715725,0,0,0,0,1,0,1
254900DUHCR2ZPP20V38,Berjaya Mutual Global Momentum Equity Fund,0.3391,fund_product_vehicle_rule_applied,product_vehicle_rule_applied,fund_or_product_vehicle,,0.3590731048434652,non_consolidating_entity;missing_direct_parent;missing_ultimate_parent,SG,phase3_jurisdiction_model,E_model_predicted_jurisdiction,0.9825,SG,0.9825,0.9723,SG;GB;EUROPE,0.9825;0.0102;0.0045,,,,,0.0,,,,,,,Kuala Lumpur,1.3976854846715725,0,0,0,1,1,0,0
254900I17ALBY977K655,CAGAMAS GLOBAL SUKUK BERHAD,0.3391,fund_product_vehicle_rule_applied,product_vehicle_rule_applied,fund_or_product_vehicle,,0.3590731048434652,shared_address_cluster;missing_direct_parent;missing_ultimate_parent,SG,phase3_jurisdiction_model,E_model_predicted_jurisdiction,0.9501,SG,0.9501,0.9251,SG;US;OFFSHORE,0.9501;0.0251;0.0154,,,,,0.0,,,,,,,Kuala Lumpur,1.3976854846715725,0,0,0,0,1,0,1
549300RSSUDUNCDWC916,Catalyst Private Fund Limited,0.3391,fund_product_vehicle_rule_applied,product_vehicle_rule_applied,fund_or_product_vehicle,,0.3590731048434652,shared_address_cluster;missing_direct_parent;missing_ultimate_parent,US,phase3_jurisdiction_model,E_model_predicted_jurisdiction,0.933,US,0.933,0.9086,US;EUROPE;GB,0.933;0.0244;0.0235,,,,,0.0,,,,,,,Labuan,1.3976854846715725,0,0,0,0,1,0,1
54930070YIXIQDO7BC40,EASTSPRING INVESTMENTS TARGET INCOME FUND 7,0.3391,fund_product_vehicle_rule_applied,product_vehicle_rule_applied,fund_or_product_vehicle,,0.3590731048434652,non_consolidating_entity;missing_direct_parent;missing_ultimate_parent,US,phase3_jurisdiction_model,E_model_predicted_jurisdiction,0.7266,US,0.7266,0.4808,US;SG;DE,0.7266;0.2458;0.0231,,,,,0.0,,,,,,,KUALA LUMPUR,1.3976854846715725,0,0,0,1,1,0,0
549300LEHEHZ8ZG6D191,EASTSPRING INVESTMENTS TARGET INCOME FUND 8,0.3391,fund_product_vehicle_rule_applied,product_vehicle_rule_applied,fund_or_product_vehicle,,0.3590731048434652,non_consolidating_entity;missing_direct_parent;missing_ultimate_parent,US,phase3_jurisdiction_model,E_model_predicted_jurisdiction,0.7266,US,0.7266,0.4808,US;SG;DE,0.7266;0.2458;0.0231,,,,,0.0,,,,,,,KUALA LUMPUR,1.3976854846715725,0,0,0,1,1,0,0
549300LN5S13FCY06J68,EASTSPRING INVESTMENTS TARGET INCOME FUND 9,0.3391,fund_product_vehicle_rule_applied,product_vehicle_rule_applied,fund_or_product_vehicle,,0.3590731048434652,non_consolidating_entity;missing_direct_parent;missing_ultimate_parent,SG,phase3_jurisdiction_model,E_model_predicted_jurisdiction,0.8992,SG,0.8992,0.8004,SG;US;OFFSHORE,0.8992;0.0987;0.0008,,,,,0.0,,,,,,,Kuala Lumpur,1.3976854846715725,0,0,0,1,1,0,0
5493008DN1YDLZTFV743,EMPLOYEES PROVIDENT FUND BOARD - FTSE ASEAN 40 EX MALAYSIA E,0.3391,fund_product_vehicle_rule_applied,product_vehicle_rule_applied,fund_or_product_vehicle,,0.3590731048434652,shared_address_cluster;missing_direct_parent;missing_ultimate_parent,US,phase3_jurisdiction_model,E_model_predicted_jurisdiction,0.9291,US,0.9291,0.8776,US;SG;DE,0.9291;0.0514;0.0116,,,,,0.0,,,,,,,KUALA LUMPUR,1.3976854846715725,0,0,0,0,0,0,1
549300KW7RDIXIMB7C18,Eastspring Investments Target Income Fund 12,0.3391,fund_product_vehicle_rule_applied,product_vehicle_rule_applied,fund_or_product_vehicle,,0.3590731048434652,non_consolidating_entity;missing_direct_parent;missing_ultimate_parent,SG,phase3_jurisdiction_model,E_model_predicted_jurisdiction,0.9317,SG,0.9317,0.882,SG;US;ASIA_OTHER,0.9317;0.0496;0.0176,,,,,0.0,,,,,,,Kuala Lumpur,1.3976854846715725,0,0,0,1,1,0,0
254900U0D622H1TIOS94,Eq8 Dow Jones US Titans 50 ETF,0.3391,fund_product_vehicle_rule_applied,product_vehicle_rule_applied,fund_or_product_vehicle,,0.3590731048434652,non_consolidating_entity;missing_direct_parent;missing_ultimate_parent,SG,phase3_jurisdiction_model,E_model_predicted_jurisdiction,0.9291,SG,0.9291,0.866,SG;ASIA_OTHER;US,0.9291;0.0631;0.0049,,,,,0.0,,,,,,,Kuala Lumpur,1.3976854846715725,0,0,0,1,1,0,0
5493002F8FOLFD56VB06,Franklin Malaysia Sukuk Fund,0.3391,fund_product_vehicle_rule_applied,product_vehicle_rule_applied,fund_or_product_vehicle,,0.3590731048434652,non_consolidating_entity;missing_direct_parent;missing_ultimate_parent,SG,phase3_jurisdiction_model,E_model_predicted_jurisdiction,0.5708,SG,0.5708,0.2128,SG;US;OTHER,0.5708;0.3581;0.0511,,,,,0.0,,,,,,,Kuala Lumpur,1.3976854846715725,0,0,0,1,1,0,0
254900ZLNJME9U53AF46,HONG LEONG GLOBAL SHARIAH ESG FUND,0.3391,fund_product_vehicle_rule_applied,product_vehicle_rule_applied,fund_or_product_vehicle,,0.3590731048434652,non_consolidating_entity;missing_direct_parent;missing_ultimate_parent,SG,phase3_jurisdiction_model,E_model_predicted_jurisdiction,0.9585,SG,0.9585,0.9184,SG;GB;DE,0.9585;0.04;0.0005,,,,,0.0,,,,,,,Kuala Lumpur,1.3976854846715725,0,0,0,1,1,0,0
254900D9VWS492DWXX07,Halogen Shariah Ringgit Income Fund,0.3391,fund_product_vehicle_rule_applied,product_vehicle_rule_applied,fund_or_product_vehicle,,0.3590731048434652,non_consolidating_entity;missing_direct_parent;missing_ultimate_parent,SG,phase3_jurisdiction_model,E_model_predicted_jurisdiction,0.9988,SG,0.9988,0.998,SG;GB;DE,0.9988;0.0007;0.0003,,,,,0.0,,,,,,,Kuala Lumpur,1.3976854846715725,0,0,0,1,1,0,0
254900B2OAZMPZXIXQ22,KAF INVESTMENT FUNDS BERHAD,0.3391,fund_product_vehicle_rule_applied,product_vehicle_rule_applied,fund_or_product_vehicle,,0.3590731048434652,shared_address_cluster;missing_direct_parent;missing_ultimate_parent,SG,phase3_jurisdiction_model,E_model_predicted_jurisdiction,0.9501,SG,0.9501,0.9251,SG;US;OFFSHORE,0.9501;0.0251;0.0154,,,,,0.0,,,,,,,Kuala Lumpur,1.3976854846715725,0,0,0,0,1,0,1
254900MI65ADQSSIUO55,KENANGA ALTERNATIVE SERIES: DIGITAL ASSET OPPORTUNITIES FUND,0.3391,fund_product_vehicle_rule_applied,product_vehicle_rule_applied,fund_or_product_vehicle,,0.3590731048434652,non_consolidating_entity;missing_direct_parent;missing_ultimate_parent,ASIA_OTHER,phase3_jurisdiction_model,E_model_predicted_jurisdiction,0.9879,ASIA_OTHER,0.9879,0.9824,ASIA_OTHER;GB;SG,0.9879;0.0055;0.005,,,,,0.0,,,,,,,Kuala Lumpur,1.3976854846715725,0,0,0,1,1,0,0
254900FC9QA6ZZ3J0134,Kenanga Growth Fund Series 3,0.3391,fund_product_vehicle_rule_applied,product_vehicle_rule_applied,fund_or_product_vehicle,,0.3590731048434652,non_consolidating_entity;missing_direct_parent;missing_ultimate_parent,ASIA_OTHER,phase3_jurisdiction_model,E_model_predicted_jurisdiction,0.9611,ASIA_OTHER,0.9611,0.9392,ASIA_OTHER;SG;US,0.9611;0.0219;0.0169,,,,,0.0,,,,,,,Kuala Lumpur,1.3976854846715725,0,0,0,1,1,0,0
254900XY0KS5TH562D65,Lim Enterprises Sdn Bhd Senior Staff Provident Fund,0.3391,fund_product_vehicle_rule_applied,product_vehicle_rule_applied,fund_or_product_vehicle,,0.3590731048434652,non_consolidating_entity;missing_direct_parent;missing_ultimate_parent,SG,phase3_jurisdiction_model,E_model_predicted_jurisdiction,0.9506,SG,0.9506,0.9026,SG;US;DE,0.9506;0.0481;0.0006,,,,,0.0,,,,,,,Kuala Lumpur,1.3976854846715725,0,0,0,1,1,0,0
984500F866DFB9776F72,MAMG GLOBAL ENVIRONMENT FUND,0.3391,fund_product_vehicle_rule_applied,product_vehicle_rule_applied,fund_or_product_vehicle,,0.3590731048434652,non_consolidating_entity;missing_direct_parent;missing_ultimate_parent,SG,phase3_jurisdiction_model,E_model_predicted_jurisdiction,0.955,SG,0.955,0.929,SG;GB;OFFSHORE,0.955;0.026;0.0118,,,,,0.0,,,,,,,Kuala Lumpur,1.3976854846715725,0,0,0,1,1,0,0
984500D5F4A58BBCE535,MAMG GROWTH AND INCOME-I FUND,0.3391,fund_product_vehicle_rule_applied,product_vehicle_rule_applied,fund_or_product_vehicle,,0.3590731048434652,shared_address_cluster;missing_direct_parent;missing_ultimate_parent,US,phase3_jurisdiction_model,E_model_predicted_jurisdiction,0.5685,US,0.5685,0.3643,US;SG;ASIA_OTHER,0.5685;0.2042;0.1769,,,,,0.0,,,,,,,KUALA LUMPUR,1.3976854846715725,0,0,0,0,1,0,1
5493006VJCLLJR4SIR63,MAYBANK CONSTANT INCOME FUND 2,0.3391,fund_product_vehicle_rule_applied,product_vehicle_rule_applied,fund_or_product_vehicle,,0.3590731048434652,shared_address_cluster;missing_direct_parent;missing_ultimate_parent,US,phase3_jurisdiction_model,E_model_predicted_jurisdiction,0.9791,US,0.9791,0.9626,US;SG;EUROPE,0.9791;0.0165;0.0035,,,,,0.0,,,,,,,KUALA LUMPUR,1.3976854846715725,0,0,0,0,0,0,1
549300FCBJ6UVEBQDJ22,MAYBANK CONSTANT INCOME FUND 5,0.3391,fund_product_vehicle_rule_applied,product_vehicle_rule_applied,fund_or_product_vehicle,,0.3590731048434652,shared_address_cluster;missing_direct_parent;missing_ultimate_parent,US,phase3_jurisdiction_model,E_model_predicted_jurisdiction,0.9744,US,0.9744,0.9532,US;SG;EUROPE,0.9744;0.0212;0.0035,,,,,0.0,,,,,,,KUALA LUMPUR,1.3976854846715725,0,0,0,0,1,0,1
549300561WAOZ7X9VN67,MAYBANK FINANCIAL INSTITUTIONS INCOME ASIA FUND,0.3391,fund_product_vehicle_rule_applied,product_vehicle_rule_applied,fund_or_product_vehicle,,0.3590731048434652,shared_address_cluster;missing_direct_parent;missing_ultimate_parent,US,phase3_jurisdiction_model,E_model_predicted_jurisdiction,0.9587,US,0.9587,0.919,US;SG;DE,0.9587;0.0397;0.0008,,,,,0.0,,,,,,,KUALA LUMPUR,1.3976854846715725,0,0,0,0,0,0,1
549300U3CET265SEZ279,MAYBANK FINANCIAL INSTITUTIONS INCOME FUND,0.3391,fund_product_vehicle_rule_applied,product_vehicle_rule_applied,fund_or_product_vehicle,,0.3590731048434652,shared_address_cluster;missing_direct_parent;missing_ultimate_parent,US,phase3_jurisdiction_model,E_model_predicted_jurisdiction,0.9112,US,0.9112,0.8238,US;SG;DE,0.9112;0.0874;0.0009,,,,,0.0,,,,,,,KUALA LUMPUR,1.3976854846715725,0,0,0,0,0,0,1
984500B13FA6557A4A19,MAYBANK GLOBAL DIGITAL ASSET ECOSYSTEM EQUITY FUND,0.3391,fund_product_vehicle_rule_applied,product_vehicle_rule_applied,fund_or_product_vehicle,,0.3590731048434652,shared_address_cluster;missing_direct_parent;missing_ultimate_parent,ASIA_OTHER,phase3_jurisdiction_model,E_model_predicted_jurisdiction,0.9962,ASIA_OTHER,0.9962,0.9936,ASIA_OTHER;SG;US,0.9962;0.0025;0.0012,,,,,0.0,,,,,,,Kuala Lumpur,1.3976854846715725,0,0,0,0,1,0,1
9845007B71ABXFC5A015,MAYBANK GLOBAL STRATEGIC EQUITY-I FUND,0.3391,fund_product_vehicle_rule_applied,product_vehicle_rule_applied,fund_or_product_vehicle,,0.3590731048434652,shared_address_cluster;missing_direct_parent;missing_ultimate_parent,SG,phase3_jurisdiction_model,E_model_predicted_jurisdiction,0.9898,SG,0.9898,0.9843,SG;GB;US,0.9898;0.0056;0.0029,,,,,0.0,,,,,,,KUALA LUMPUR,1.3976854846715725,0,0,0,0,1,0,1
984500540C9X913D3E09,MAYBANK GLOBAL TECHNOLOGY-I FUND,0.3391,fund_product_vehicle_rule_applied,product_vehicle_rule_applied,fund_or_product_vehicle,,0.3590731048434652,shared_address_cluster;missing_direct_parent;missing_ultimate_parent,SG,phase3_jurisdiction_model,E_model_predicted_jurisdiction,0.9045,SG,0.9045,0.8492,SG;EUROPE;DE,0.9045;0.0553;0.0197,,,,,0.0,,,,,,,KUALA LUMPUR,1.3976854846715725,0,0,0,0,1,0,1
2549000N8IXK7RDIFT66,MIDF-TM TR FINITE FUND - 1,0.3391,fund_product_vehicle_rule_applied,product_vehicle_rule_applied,fund_or_product_vehicle,,0.3590731048434652,non_consolidating_entity;missing_direct_parent;missing_ultimate_parent,SG,phase3_jurisdiction_model,E_model_predicted_jurisdiction,0.3514,SG,0.3514,0.0521,SG;GB;DE,0.3514;0.2992;0.2731,,,,,0.0,,,,,,,Petaling Jaya,1.3976854846715725,0,0,0,1,1,0,0
254900W82O2ANYGXU530,MTB - PERFORMA DIGITAL ASSET FUND,0.3391,fund_product_vehicle_rule_applied,product_vehicle_rule_applied,fund_or_product_vehicle,,0.3590731048434652,non_consolidating_entity;missing_direct_parent;missing_ultimate_parent,SG,phase3_jurisdiction_model,E_model_predicted_jurisdiction,0.924,SG,0.924,0.8828,SG;EUROPE;DE,0.924;0.0412;0.0271,,,,,0.0,,,,,,,Petaling Jaya,1.3976854846715725,0,0,0,1,1,0,0
875500XYZ9Z8IIOJN271,MTC Meranti Fund,0.3391,fund_product_vehicle_rule_applied,product_vehicle_rule_applied,fund_or_product_vehicle,,0.3590731048434652,non_consolidating_entity;missing_direct_parent;missing_ultimate_parent,SG,phase3_jurisdiction_model,E_model_predicted_jurisdiction,0.831,SG,0.831,0.6649,SG;GB;DE,0.831;0.1661;0.0014,,,,,0.0,,,,,,,Kuala Lumpur,1.3976854846715725,0,0,0,1,1,0,0
2549005M3ZIBTVS3Z008,Manulife Shariah Dynamic Leaders Fund,0.3391,fund_product_vehicle_rule_applied,product_vehicle_rule_applied,fund_or_product_vehicle,,0.3590731048434652,non_consolidating_entity;missing_direct_parent;missing_ultimate_parent,SG,phase3_jurisdiction_model,E_model_predicted_jurisdiction,0.9953,SG,0.9953,0.991,SG;US;DE,0.9953;0.0043;0.0002,,,,,0.0,,,,,,,Kuala Lumpur,1.3976854846715725,0,0,0,1,1,0,0
25490033FSCPPUADFA83,Manulife Shariah Global Environmental Transition Fund,0.3391,fund_product_vehicle_rule_applied,product_vehicle_rule_applied,fund_or_product_vehicle,,0.3590731048434652,non_consolidating_entity;missing_direct_parent;missing_ultimate_parent,GB,phase3_jurisdiction_model,E_model_predicted_jurisdiction,0.5939,GB,0.5939,0.188,GB;SG;EUROPE,0.5939;0.4059;0.0001,,,,,0.0,,,,,,,Kuala Lumpur,1.3976854846715725,0,0,0,1,1,0,0
549300V6BUJZV25O0P97,Maybank Flexi Income Fund,0.3391,fund_product_vehicle_rule_applied,product_vehicle_rule_applied,fund_or_product_vehicle,,0.3590731048434652,shared_address_cluster;missing_direct_parent;missing_ultimate_parent,SG,phase3_jurisdiction_model,E_model_predicted_jurisdiction,0.4377,SG,0.4377,0.0723,SG;US;OFFSHORE,0.4377;0.3654;0.1189,,,,,0.0,,,,,,,Kuala Lumpur,1.3976854846715725,0,0,0,0,1,0,1
5493003MX0SWDIVWUD27,Maybank Global Sustainable Equity-I Fund,0.3391,fund_product_vehicle_rule_applied,product_vehicle_rule_applied,fund_or_product_vehicle,,0.3590731048434652,shared_address_cluster;missing_direct_parent;missing_ultimate_parent,SG,phase3_jurisdiction_model,E_model_predicted_jurisdiction,0.6614,SG,0.6614,0.403,SG;US;ASIA_OTHER,0.6614;0.2584;0.0754,,,,,0.0,,,,,,,Kuala Lumpur,1.3976854846715725,0,0,0,0,1,0,1
5493003BF03N8QVKL921,Maybank Global Sustainable Technology Fund,0.3391,fund_product_vehicle_rule_applied,product_vehicle_rule_applied,fund_or_product_vehicle,,0.3590731048434652,shared_address_cluster;missing_direct_parent;missing_ultimate_parent,US,phase3_jurisdiction_model,E_model_predicted_jurisdiction,0.6051,US,0.6051,0.2129,US;SG;GB,0.6051;0.3921;0.0017,,,,,0.0,,,,,,,Kuala Lumpur,1.3976854846715725,0,0,0,0,1,0,1
984500DE36D8C7K9V526,Maybank Global Wealth Conservative-I Fund,0.3391,fund_product_vehicle_rule_applied,product_vehicle_rule_applied,fund_or_product_vehicle,,0.3590731048434652,non_consolidating_entity;missing_direct_parent;missing_ultimate_parent,SG,phase3_jurisdiction_model,E_model_predicted_jurisdiction,0.967,SG,0.967,0.9383,SG;GB;DE,0.967;0.0287;0.0024,,,,,0.0,,,,,,,Kuala Lumpur,1.3976854846715725,0,0,0,1,1,0,0
254900DVNSASMNUW2V40,PB ASEAN DIVIDEND FUND,0.3391,fund_product_vehicle_rule_applied,product_vehicle_rule_applied,fund_or_product_vehicle,,0.3590731048434652,non_consolidating_entity;missing_direct_parent;missing_ultimate_parent,US,phase3_jurisdiction_model,E_model_predicted_jurisdiction,0.832,US,0.832,0.733,US;DE;ASIA_OTHER,0.832;0.099;0.0637,,,,,0.0,,,,,,,KUALA LUMPUR,1.3976854846715725,0,0,0,1,1,0,0
254900DNR1ZUPIRNPU52,PB EURO PACIFIC EQUITY FUND,0.3391,fund_product_vehicle_rule_applied,product_vehicle_rule_applied,fund_or_product_vehicle,,0.3590731048434652,non_consolidating_entity;missing_direct_parent;missing_ultimate_parent,DE,phase3_jurisdiction_model,E_model_predicted_jurisdiction,0.8901,DE,0.8901,0.8251,DE;GB;SG,0.8901;0.065;0.0232,,,,,0.0,,,,,,,KUALA LUMPUR,1.3976854846715725,0,0,0,1,1,0,0
2549008UWOWGZC69BX22,PMB SHARIAH ESG GLOBAL EQUITY FUND,0.3391,fund_product_vehicle_rule_applied,product_vehicle_rule_applied,fund_or_product_vehicle,,0.3590731048434652,non_consolidating_entity;missing_direct_parent;missing_ultimate_parent,SG,phase3_jurisdiction_model,E_model_predicted_jurisdiction,0.5178,SG,0.5178,0.1799,SG;DE;GB,0.5178;0.3379;0.1221,,,,,0.0,,,,,,,KUALA LUMPUR,1.3976854846715725,0,0,0,1,1,0,0
254900R1ONPPCKT6FX76,PMB SHARIAH GLOBAL EQUITY FUND,0.3391,fund_product_vehicle_rule_applied,product_vehicle_rule_applied,fund_or_product_vehicle,,0.3590731048434652,non_consolidating_entity;missing_direct_parent;missing_ultimate_parent,SG,phase3_jurisdiction_model,E_model_predicted_jurisdiction,0.5044,SG,0.5044,0.015,SG;US;EUROPE,0.5044;0.4895;0.0028,,,,,0.0,,,,,,,Kuala Lumpur,1.3976854846715725,0,0,0,1,1,0,0
549300M0UPZRXFB0BK16,PRINCIPAL GLOBAL REAL ESTATE FUND,0.3391,fund_product_vehicle_rule_applied,product_vehicle_rule_applied,fund_or_product_vehicle,,0.3590731048434652,non_consolidating_entity;missing_direct_parent;missing_ultimate_parent,SG,phase3_jurisdiction_model,E_model_predicted_jurisdiction,0.4917,SG,0.4917,0.0343,SG;US;DE,0.4917;0.4573;0.047,,,,,0.0,,,,,,,KUALA LUMPUR,1.3976854846715725,0,0,0,1,1,0,0
254900MBD9DM1ENCB092,PRINCIPAL SELECT CREDIT FUND,0.3391,fund_product_vehicle_rule_applied,product_vehicle_rule_applied,fund_or_product_vehicle,,0.3590731048434652,shared_address_cluster;missing_direct_parent;missing_ultimate_parent,US,phase3_jurisdiction_model,E_model_predicted_jurisdiction,0.9899,US,0.9899,0.9835,US;SG;GB,0.9899;0.0064;0.0016,,,,,0.0,,,,,,,KUALA LUMPUR,1.3976854846715725,0,0,0,0,1,0,1
254900ZM75BOPIGHIZ02,PUBLIC AGGRESSIVE GROWTH FUND,0.3391,fund_product_vehicle_rule_applied,product_vehicle_rule_applied,fund_or_product_vehicle,,0.3590731048434652,non_consolidating_entity;missing_direct_parent;missing_ultimate_parent,SG,phase3_jurisdiction_model,E_model_predicted_jurisdiction,0.9828,SG,0.9828,0.9756,SG;OFFSHORE;DE,0.9828;0.0072;0.0045,,,,,0.0,,,,,,,Kuala Lumpur,1.3976854846715725,0,0,0,1,1,0,0
254900Z1XPB1NY1VKE79,PUBLIC BOND FUND,0.3391,fund_product_vehicle_rule_applied,product_vehicle_rule_applied,fund_or_product_vehicle,,0.3590731048434652,non_consolidating_entity;missing_direct_parent;missing_ultimate_parent,SG,phase3_jurisdiction_model,E_model_predicted_jurisdiction,0.8037,SG,0.8037,0.6113,SG;GB;US,0.8037;0.1924;0.0015,,,,,0.0,,,,,,,Kuala Lumpur,1.3976854846715725,0,0,0,1,1,0,0
254900X4I4C8OKMS5537,PUBLIC REGIONAL SECTOR FUND,0.3391,fund_product_vehicle_rule_applied,product_vehicle_rule_applied,fund_or_product_vehicle,,0.3590731048434652,non_consolidating_entity;missing_direct_parent;missing_ultimate_parent,DE,phase3_jurisdiction_model,E_model_predicted_jurisdiction,0.9925,DE,0.9925,0.9897,DE;SG;GB,0.9925;0.0027;0.0026,,,,,0.0,,,,,,,KUALA LUMPUR,1.3976854846715725,0,0,0,1,1,0,0
254900N8H66R3F447N73,Pacific Asia Brands Fund,0.3391,fund_product_vehicle_rule_applied,product_vehicle_rule_applied,fund_or_product_vehicle,,0.3590731048434652,shared_address_cluster;missing_direct_parent;missing_ultimate_parent,DE,phase3_jurisdiction_model,E_model_predicted_jurisdiction,0.6925,DE,0.6925,0.3953,DE;US;SG,0.6925;0.2972;0.004,,,,,0.0,,,,,,,Petaling Jaya,1.3976854846715725,0,0,0,0,0,0,1
254900MVDR7GL1QYT845,Pacific AsiaPac Income Fund,0.3391,fund_product_vehicle_rule_applied,product_vehicle_rule_applied,fund_or_product_vehicle,,0.3590731048434652,non_consolidating_entity;missing_direct_parent;missing_ultimate_parent,US,phase3_jurisdiction_model,E_model_predicted_jurisdiction,0.7693,US,0.7693,0.541,US;SG;OFFSHORE,0.7693;0.2284;0.0017,,,,,0.0,,,,,,,Kuala Lumpur,1.3976854846715725,0,0,0,1,1,0,0
254900RAHHJ2XOAKWO55,Pacific Dana Dividen,0.3391,fund_product_vehicle_rule_applied,product_vehicle_rule_applied,fund_or_product_vehicle,,0.3590731048434652,shared_address_cluster;missing_direct_parent;missing_ultimate_parent,US,phase3_jurisdiction_model,E_model_predicted_jurisdiction,0.5741,US,0.5741,0.246,US;GB;DE,0.5741;0.3281;0.0924,,,,,0.0,,,,,,,Petaling Jaya,1.3976854846715725,0,0,0,0,0,0,1
254900AW6GMQZMY64280,Pacific Dynamic AsiaPac Fund,0.3391,fund_product_vehicle_rule_applied,product_vehicle_rule_applied,fund_or_product_vehicle,,0.3590731048434652,non_consolidating_entity;missing_direct_parent;missing_ultimate_parent,US,phase3_jurisdiction_model,E_model_predicted_jurisdiction,0.9172,US,0.9172,0.8355,US;DE;SG,0.9172;0.0817;0.0005,,,,,0.0,,,,,,,Petaling Jaya,1.3976854846715725,0,0,0,1,1,0,0
254900LBE2UCR89J1478,Pacific Dynamic Global Islamic Fund,0.3391,fund_product_vehicle_rule_applied,product_vehicle_rule_applied,fund_or_product_vehicle,,0.3590731048434652,shared_address_cluster;missing_direct_parent;missing_ultimate_parent,SG,phase3_jurisdiction_model,E_model_predicted_jurisdiction,0.6511,SG,0.6511,0.4451,SG;DE;US,0.6511;0.206;0.1404,,,,,0.0,,,,,,,Petaling Jaya,1.3976854846715725,0,0,0,0,0,0,1
254900DAE7FNTQ042P26,Pacific Focus18 Fund,0.3391,fund_product_vehicle_rule_applied,product_vehicle_rule_applied,fund_or_product_vehicle,,0.3590731048434652,shared_address_cluster;missing_direct_parent;missing_ultimate_parent,US,phase3_jurisdiction_model,E_model_predicted_jurisdiction,0.9084,US,0.9084,0.8378,US;GB;DE,0.9084;0.0707;0.0199,,,,,0.0,,,,,,,Petaling Jaya,1.3976854846715725,0,0,0,0,0,0,1
254900IFPA0UGKCDK194,"Pacific Global Agriculture, Infrastructure and Resources Fund",0.3391,fund_product_vehicle_rule_applied,product_vehicle_rule_applied,fund_or_product_vehicle,,0.3590731048434652,shared_address_cluster;missing_direct_parent;missing_ultimate_parent,US,phase3_jurisdiction_model,E_model_predicted_jurisdiction,0.3849,US,0.3849,0.0541,US;GB;SG,0.3849;0.3308;0.1928,,,,,0.0,,,,,,,Petaling Jaya,1.3976854846715725,0,0,0,0,0,0,1
254900SPAI6LDK7JSK59,Pacific Global Stars Fund,0.3391,fund_product_vehicle_rule_applied,product_vehicle_rule_applied,fund_or_product_vehicle,,0.3590731048434652,shared_address_cluster;missing_direct_parent;missing_ultimate_parent,DE,phase3_jurisdiction_model,E_model_predicted_jurisdiction,0.7196,DE,0.7196,0.4576,DE;US;OFFSHORE,0.7196;0.2621;0.0104,,,,,0.0,,,,,,,Petaling Jaya,1.3976854846715725,0,0,0,0,0,0,1
254900R8HWEN2AZD6P05,Pacific Real Opportunities Absolute Return Fund,0.3391,fund_product_vehicle_rule_applied,product_vehicle_rule_applied,fund_or_product_vehicle,,0.3590731048434652,shared_address_cluster;missing_direct_parent;missing_ultimate_parent,US,phase3_jurisdiction_model,E_model_predicted_jurisdiction,0.4787,US,0.4787,0.1532,US;SG;DE,0.4787;0.3255;0.1892,,,,,0.0,,,,,,,Petaling Jaya,1.3976854846715725,0,0,0,0,0,0,1
254900ACVMI7K9LCWR09,Phillip Dana Aman,0.3391,fund_product_vehicle_rule_applied,product_vehicle_rule_applied,fund_or_product_vehicle,,0.3590731048434652,non_consolidating_entity;missing_direct_parent;missing_ultimate_parent,SG,phase3_jurisdiction_model,E_model_predicted_jurisdiction,0.6574,SG,0.6574,0.4831,SG;ASIA_OTHER;GB,0.6574;0.1744;0.1574,,,,,0.0,,,,,,,Kuala Lumpur,1.3976854846715725,0,0,0,1,1,0,0
254900LZZKXEBAOSMW82,Principal Asia Titans Fund,0.3391,fund_product_vehicle_rule_applied,product_vehicle_rule_applied,fund_or_product_vehicle,,0.3590731048434652,non_consolidating_entity;missing_direct_parent;missing_ultimate_parent,SG,phase3_jurisdiction_model,E_model_predicted_jurisdiction,0.5841,SG,0.5841,0.1988,SG;OFFSHORE;US,0.5841;0.3853;0.0297,,,,,0.0,,,,,,,Kuala Lumpur,1.3976854846715725,0,0,0,1,1,0,0
254900YF4MU9GLM67P97,Public Bank Group Officers' Retirement Benefits Fund,0.3391,fund_product_vehicle_rule_applied,product_vehicle_rule_applied,fund_or_product_vehicle,,0.3590731048434652,non_consolidating_entity;missing_direct_parent;missing_ultimate_parent,SG,phase3_jurisdiction_model,E_model_predicted_jurisdiction,0.984,SG,0.984,0.9687,SG;US;DE,0.984;0.0153;0.0003,,,,,0.0,,,,,,,Kuala Lumpur,1.3976854846715725,0,0,0,1,1,0,0
25490004A13GA23KXJ16,RHB I-ASIA PACIFIC WELLNESS FUND,0.3391,fund_product_vehicle_rule_applied,product_vehicle_rule_applied,fund_or_product_vehicle,,0.3590731048434652,non_consolidating_entity;missing_direct_parent;missing_ultimate_parent,SG,phase3_jurisdiction_model,E_model_predicted_jurisdiction,0.9873,SG,0.9873,0.9821,SG;EUROPE;GB,0.9873;0.0053;0.0047,,,,,0.0,,,,,,,Kuala Lumpur,1.3976854846715725,0,0,0,1,1,0,0
254900KSA6U9XECXWY47,RHB I-GLOBAL DIVIDEND FUND,0.3391,fund_product_vehicle_rule_applied,product_vehicle_rule_applied,fund_or_product_vehicle,,0.3590731048434652,non_consolidating_entity;missing_direct_parent;missing_ultimate_parent,OFFSHORE,phase3_jurisdiction_model,E_model_predicted_jurisdiction,0.7207,OFFSHORE,0.7207,0.4497,OFFSHORE;SG;US,0.7207;0.271;0.0058,,,,,0.0,,,,,,,Kuala Lumpur,1.3976854846715725,0,0,0,1,1,0,0
254900Q4YMS98CQ9VU07,SD International Sukuk II Limited,0.3391,fund_product_vehicle_rule_applied,product_vehicle_rule_applied,fund_or_product_vehicle,,0.3590731048434652,shared_address_cluster;missing_direct_parent;missing_ultimate_parent,US,phase3_jurisdiction_model,E_model_predicted_jurisdiction,0.7859,US,0.7859,0.6329,US;SG;EUROPE,0.7859;0.153;0.0253,,,,,0.0,,,,,,,Labuan,1.3976854846715725,0,0,0,0,1,0,1
254900R0S9Q1WIV48R94,SD International Sukuk III Limited,0.3391,fund_product_vehicle_rule_applied,product_vehicle_rule_applied,fund_or_product_vehicle,,0.3590731048434652,shared_address_cluster;missing_direct_parent;missing_ultimate_parent,US,phase3_jurisdiction_model,E_model_predicted_jurisdiction,0.7042,US,0.7042,0.4476,US;EUROPE;GB,0.7042;0.2566;0.0237,,,,,0.0,,,,,,,Labuan,1.3976854846715725,0,0,0,0,1,0,1
254900YIP49RFW6DWN21,SD International Sukuk Limited,0.3391,fund_product_vehicle_rule_applied,product_vehicle_rule_applied,fund_or_product_vehicle,,0.3590731048434652,shared_address_cluster;missing_direct_parent;missing_ultimate_parent,US,phase3_jurisdiction_model,E_model_predicted_jurisdiction,0.8634,US,0.8634,0.7964,US;SG;EUROPE,0.8634;0.0669;0.0246,,,,,0.0,,,,,,,Labuan,1.3976854846715725,0,0,0,0,1,0,1
549300VV2UE5OYSQOZ38,SWISS RE RETAKAFUL WAQF FUNDS,0.3391,fund_product_vehicle_rule_applied,product_vehicle_rule_applied,fund_or_product_vehicle,,0.3590731048434652,non_consolidating_entity;missing_direct_parent;missing_ultimate_parent,US,phase3_jurisdiction_model,E_model_predicted_jurisdiction,0.9568,US,0.9568,0.9279,US;DE;SG,0.9568;0.0288;0.0088,,,,,0.0,,,,,,,KUALA LUMPUR,1.3976854846715725,0,0,0,1,1,0,0
254900Q7RMV3LN003B03,Sarawak Sovereign Wealth Future Fund,0.3391,fund_product_vehicle_rule_applied,product_vehicle_rule_applied,fund_or_product_vehicle,,0.3590731048434652,non_consolidating_entity;missing_direct_parent;missing_ultimate_parent,SG,phase3_jurisdiction_model,E_model_predicted_jurisdiction,0.5474,SG,0.5474,0.1513,SG;DE;GB,0.5474;0.3962;0.0486,,,,,0.0,,,,,,,Kuching,1.3976854846715725,0,0,0,1,1,0,0
254900UUSE6Y3ATY3561,Sarawak Sovereign Wealth Future Fund Board,0.3391,fund_product_vehicle_rule_applied,product_vehicle_rule_applied,fund_or_product_vehicle,,0.3590731048434652,non_consolidating_entity;missing_direct_parent;missing_ultimate_parent,SG,phase3_jurisdiction_model,E_model_predicted_jurisdiction,0.4323,SG,0.4323,0.1669,SG;GB;DE,0.4323;0.2654;0.2615,,,,,0.0,,,,,,,Kuching,1.3976854846715725,0,0,0,1,1,0,0
254900ERXAQY7W8SHU48,Shearn Delamore Staff Retirement Fund,0.3391,fund_product_vehicle_rule_applied,product_vehicle_rule_applied,fund_or_product_vehicle,,0.3590731048434652,non_consolidating_entity;missing_direct_parent;missing_ultimate_parent,SG,phase3_jurisdiction_model,E_model_predicted_jurisdiction,0.9684,SG,0.9684,0.9375,SG;US;DE,0.9684;0.0309;0.0004,,,,,0.0,,,,,,,Kuala Lumpur,1.3976854846715725,0,0,0,1,1,0,0
254900GZ1PWXN46OPZ19,Skrine & Co. Provident Fund,0.3391,fund_product_vehicle_rule_applied,product_vehicle_rule_applied,fund_or_product_vehicle,,0.3590731048434652,non_consolidating_entity;missing_direct_parent;missing_ultimate_parent,SG,phase3_jurisdiction_model,E_model_predicted_jurisdiction,0.8909,SG,0.8909,0.7917,SG;US;ASIA_OTHER,0.8909;0.0992;0.0085,,,,,0.0,,,,,,,Kuala Lumpur,1.3976854846715725,0,0,0,1,1,0,0
254900OKFPW9ZV1BUF69,Stratos Private Equity Limited,0.3391,fund_product_vehicle_rule_applied,product_vehicle_rule_applied,fund_or_product_vehicle,,0.3590731048434652,shared_address_cluster;missing_direct_parent;missing_ultimate_parent,DE,phase3_jurisdiction_model,E_model_predicted_jurisdiction,0.9339,DE,0.9339,0.8709,DE;US;GB,0.9339;0.0629;0.0027,,,,,0.0,,,,,,,Jalan Merdeka,1.3976854846715725,0,0,0,0,1,0,1
549300GZLEWJH5NOHN87,TA DANA PRINCIPAL PRESERVATION ROBOTIC THEME,0.3391,fund_product_vehicle_rule_applied,product_vehicle_rule_applied,fund_or_product_vehicle,,0.3590731048434652,shared_address_cluster;missing_direct_parent;missing_ultimate_parent,SG,phase3_jurisdiction_model,E_model_predicted_jurisdiction,0.5983,SG,0.5983,0.2023,SG;US;DE,0.5983;0.396;0.0028,,,,,0.0,,,,,,,KUALA LUMPUR,1.3976854846715725,0,0,0,0,1,0,1
549300IZ2B7XXHDGKO84,TA GLOBAL ABSOLUTE FOCUS FUND,0.3391,fund_product_vehicle_rule_applied,product_vehicle_rule_applied,fund_or_product_vehicle,,0.3590731048434652,non_consolidating_entity;missing_direct_parent;missing_ultimate_parent,US,phase3_jurisdiction_model,E_model_predicted_jurisdiction,0.5424,US,0.5424,0.0878,US;SG;EUROPE,0.5424;0.4546;0.0012,,,,,0.0,,,,,,,Kuala Lumpur,1.3976854846715725,0,0,0,1,1,0,0
254900MG6RXU3BRHJA62,TA Rainbow Income Fund 13,0.3391,fund_product_vehicle_rule_applied,product_vehicle_rule_applied,fund_or_product_vehicle,,0.3590731048434652,non_consolidating_entity;missing_direct_parent;missing_ultimate_parent,SG,phase3_jurisdiction_model,E_model_predicted_jurisdiction,0.9276,SG,0.9276,0.8702,SG;GB;OFFSHORE,0.9276;0.0574;0.0063,,,,,0.0,,,,,,,Kuala Lumpur,1.3976854846715725,0,0,0,1,1,0,0
254900RVZM361K3R9065,TA South East Asia Equity Fund,0.3391,fund_product_vehicle_rule_applied,product_vehicle_rule_applied,fund_or_product_vehicle,,0.3590731048434652,non_consolidating_entity;missing_direct_parent;missing_ultimate_parent,SG,phase3_jurisdiction_model,E_model_predicted_jurisdiction,0.9718,SG,0.9718,0.9449,SG;GB;EUROPE,0.9718;0.0269;0.0007,,,,,0.0,,,,,,,Kuala Lumpur,1.3976854846715725,0,0,0,1,1,0,0
254900BVBR8EG0SIRW27,TA Total Return Income Fund,0.3391,fund_product_vehicle_rule_applied,product_vehicle_rule_applied,fund_or_product_vehicle,,0.3590731048434652,non_consolidating_entity;missing_direct_parent;missing_ultimate_parent,SG,phase3_jurisdiction_model,E_model_predicted_jurisdiction,0.9091,SG,0.9091,0.8349,SG;GB;ASIA_OTHER,0.9091;0.0742;0.0096,,,,,0.0,,,,,,,Kuala Lumpur,1.3976854846715725,0,0,0,1,1,0,0
894500GNKNVBS9EUFJ93,THE SILVER BULLET FUND LTD,0.3391,fund_product_vehicle_rule_applied,product_vehicle_rule_applied,fund_or_product_vehicle,,0.3590731048434652,shared_address_cluster;missing_direct_parent;missing_ultimate_parent,US,phase3_jurisdiction_model,E_model_predicted_jurisdiction,0.6787,US,0.6787,0.4523,US;DE;OFFSHORE,0.6787;0.2264;0.0309,,,,,0.0,,,,,,,"LABUAN,",1.3976854846715725,0,0,0,0,1,0,1
549300G15OZ249UAIQ46,UNITED-I GLOBAL BALANCED FUND,0.3391,fund_product_vehicle_rule_applied,product_vehicle_rule_applied,fund_or_product_vehicle,,0.3590731048434652,non_consolidating_entity;missing_direct_parent;missing_ultimate_parent,US,phase3_jurisdiction_model,E_model_predicted_jurisdiction,0.8865,US,0.8865,0.8234,US;DE;SG,0.8865;0.0631;0.0464,,,,,0.0,,,,,,,KUALA LUMPUR,1.3976854846715725,0,0,0,1,1,0,0
254900NPYNVRHHIC1R75,United-i Malaysia Equity Fund,0.3391,fund_product_vehicle_rule_applied,product_vehicle_rule_applied,fund_or_product_vehicle,,0.3590731048434652,non_consolidating_entity;missing_direct_parent;missing_ultimate_parent,OFFSHORE,phase3_jurisdiction_model,E_model_predicted_jurisdiction,0.9862,OFFSHORE,0.9862,0.9734,OFFSHORE;SG;US,0.9862;0.0128;0.0009,,,,,0.0,,,,,,,Kuala Lumpur,1.3976854846715725,0,0,0,1,1,0,0
254900NTV607QBGPP473,AHAM Enhanced Income Fund,0.3291,fund_product_vehicle_rule_applied,product_vehicle_rule_applied,fund_or_product_vehicle,,0.40907310484346526,shared_address_cluster;non_consolidating_entity;missing_direct_parent;missing_ultimate_parent,JE,phase2_address_cluster,D_address_cluster,0.6,SG,0.9356,0.899,SG;US;OFFSHORE,0.9356;0.0366;0.0259,,,,,0.0,,,,,,,Kuala Lumpur,1.3976854846715725,0,0,0,1,1,0,1
2549005XSXPRA6SYUT45,EASTSPRING INVESTMENTS ASIA PACIFIC EQUITY MY FUND,0.3291,fund_product_vehicle_rule_applied,product_vehicle_rule_applied,fund_or_product_vehicle,,0.40907310484346526,shared_address_cluster;non_consolidating_entity;missing_direct_parent;missing_ultimate_parent,US,phase2_address_cluster,D_address_cluster,0.6,SG,0.9883,0.9807,SG;GB;ASIA_OTHER,0.9883;0.0076;0.0034,,,,,0.0,,,,,,,Kuala Lumpur,1.3976854846715725,0,0,0,1,1,0,1
254900RH6N9EOP8BWU86,EASTSPRING INVESTMENTS ASIA PACIFIC EX-JAPAN TARGET RETURN FUND,0.3291,fund_product_vehicle_rule_applied,product_vehicle_rule_applied,fund_or_product_vehicle,,0.40907310484346526,shared_address_cluster;non_consolidating_entity;missing_direct_parent;missing_ultimate_parent,US,phase2_address_cluster,D_address_cluster,0.6,SG,0.9881,0.9804,SG;GB;ASIA_OTHER,0.9881;0.0077;0.0034,,,,,0.0,,,,,,,Kuala Lumpur,1.3976854846715725,0,0,0,1,1,0,1
254900CIOOGNAN8Y7050,EASTSPRING INVESTMENTS ISLAMIC GLOBAL TECHNOLOGY FUND,0.3291,fund_product_vehicle_rule_applied,product_vehicle_rule_applied,fund_or_product_vehicle,,0.40907310484346526,shared_address_cluster;non_consolidating_entity;missing_direct_parent;missing_ultimate_parent,US,phase2_address_cluster,D_address_cluster,0.6,GB,0.8713,0.781,GB;SG;US,0.8713;0.0903;0.0213,,,,,0.0,,,,,,,Kuala Lumpur,1.3976854846715725,0,0,0,1,1,0,1
213800QO1ZLNH7OFN263,EXIM SUKUK MALAYSIA BERHAD,0.3291,fund_product_vehicle_rule_applied,product_vehicle_rule_applied,fund_or_product_vehicle,,0.40907310484346526,shared_address_cluster;non_consolidating_entity;missing_direct_parent;missing_ultimate_parent,SG,phase2_address_cluster,D_address_cluster,0.6,OFFSHORE,0.6872,0.387,OFFSHORE;DE;OTHER,0.6872;0.3002;0.0089,,,,,0.0,,,,,,,KUALA LUMPUR,1.3976854846715725,0,0,0,1,1,0,1
25490010ZF5NHC9EK347,Kenanga ASEAN Tactical Total Return Fund,0.3291,fund_product_vehicle_rule_applied,product_vehicle_rule_applied,fund_or_product_vehicle,,0.40907310484346526,shared_address_cluster;non_consolidating_entity;missing_direct_parent;missing_ultimate_parent,MY,phase2_address_cluster,D_address_cluster,0.6,DE,0.5612,0.2474,DE;SG;GB,0.5612;0.3138;0.1119,,,,,0.0,,,,,,,KUALA LUMPUR,1.3976854846715725,0,0,0,1,1,0,1
254900ACF58VQ7JZNQ86,Kenanga Consumer and Leisure Asia Fund,0.3291,fund_product_vehicle_rule_applied,product_vehicle_rule_applied,fund_or_product_vehicle,,0.40907310484346526,shared_address_cluster;non_consolidating_entity;missing_direct_parent;missing_ultimate_parent,MY,phase2_address_cluster,D_address_cluster,0.6,SG,0.4077,0.0869,SG;GB;DE,0.4077;0.3208;0.2654,,,,,0.0,,,,,,,KUALA LUMPUR,1.3976854846715725,0,0,0,1,1,0,1
254900N95SCQTYV6FO43,Kenanga Global Bond Fund,0.3291,fund_product_vehicle_rule_applied,product_vehicle_rule_applied,fund_or_product_vehicle,,0.40907310484346526,shared_address_cluster;non_consolidating_entity;missing_direct_parent;missing_ultimate_parent,MY,phase2_address_cluster,D_address_cluster,0.6,DE,0.9748,0.963,DE;US;OFFSHORE,0.9748;0.0119;0.0102,,,,,0.0,,,,,,,KUALA LUMPUR,1.3976854846715725,0,0,0,1,1,0,1
254900KQ8LT1HTAT9P02,Kenanga Global Growth Fund,0.3291,fund_product_vehicle_rule_applied,product_vehicle_rule_applied,fund_or_product_vehicle,,0.40907310484346526,shared_address_cluster;non_consolidating_entity;missing_direct_parent;missing_ultimate_parent,MY,phase2_address_cluster,D_address_cluster,0.6,DE,0.9809,0.9723,DE;OFFSHORE;GB,0.9809;0.0086;0.0076,,,,,0.0,,,,,,,KUALA LUMPUR,1.3976854846715725,0,0,0,1,1,0,1
254900X9YH2SH58SZ039,Kenanga Global Islamic Fund,0.3291,fund_product_vehicle_rule_applied,product_vehicle_rule_applied,fund_or_product_vehicle,,0.40907310484346526,shared_address_cluster;non_consolidating_entity;missing_direct_parent;missing_ultimate_parent,MY,phase2_address_cluster,D_address_cluster,0.6,DE,0.9807,0.9673,DE;GB;SG,0.9807;0.0134;0.0027,,,,,0.0,,,,,,,KUALA LUMPUR,1.3976854846715725,0,0,0,1,1,0,1
254900HN3C1FCBC0CO33,Kenanga Growth Fund,0.3291,fund_product_vehicle_rule_applied,product_vehicle_rule_applied,fund_or_product_vehicle,,0.40907310484346526,shared_address_cluster;non_consolidating_entity;missing_direct_parent;missing_ultimate_parent,MY,phase2_address_cluster,D_address_cluster,0.6,DE,0.5061,0.0469,DE;GB;EUROPE,0.5061;0.4593;0.0246,,,,,0.0,,,,,,,KUALA LUMPUR,1.3976854846715725,0,0,0,1,1,0,1
254900YD1E6WC7J3V659,Kenanga Growth Fund Series 2,0.3291,fund_product_vehicle_rule_applied,product_vehicle_rule_applied,fund_or_product_vehicle,,0.40907310484346526,shared_address_cluster;non_consolidating_entity;missing_direct_parent;missing_ultimate_parent,MY,phase2_address_cluster,D_address_cluster,0.6,DE,0.6709,0.3743,DE;GB;SG,0.6709;0.2966;0.014,,,,,0.0,,,,,,,KUALA LUMPUR,1.3976854846715725,0,0,0,1,1,0,1
254900FB6PH71W4VU239,Kenanga IncomeEXTRA Fund,0.3291,fund_product_vehicle_rule_applied,product_vehicle_rule_applied,fund_or_product_vehicle,,0.40907310484346526,shared_address_cluster;non_consolidating_entity;missing_direct_parent;missing_ultimate_parent,MY,phase2_address_cluster,D_address_cluster,0.6,DE,0.9875,0.9796,DE;OFFSHORE;GB,0.9875;0.0079;0.0026,,,,,0.0,,,,,,,KUALA LUMPUR,1.3976854846715725,0,0,0,1,1,0,1
254900NTOFRY5PQ9G955,Kenanga Islamic Asia Pacific (ex Japan) Total Return Fund,0.3291,fund_product_vehicle_rule_applied,product_vehicle_rule_applied,fund_or_product_vehicle,,0.40907310484346526,shared_address_cluster;non_consolidating_entity;missing_direct_parent;missing_ultimate_parent,MY,phase2_address_cluster,D_address_cluster,0.6,ASIA_OTHER,0.3625,0.0499,ASIA_OTHER;SG;GB,0.3625;0.3125;0.2741,,,,,0.0,,,,,,,KUALA LUMPUR,1.3976854846715725,0,0,0,1,1,0,1
2549000ESIWXLK4P9E11,Kenanga Malaysian Inc Fund,0.3291,fund_product_vehicle_rule_applied,product_vehicle_rule_applied,fund_or_product_vehicle,,0.40907310484346526,shared_address_cluster;non_consolidating_entity;missing_direct_parent;missing_ultimate_parent,MY,phase2_address_cluster,D_address_cluster,0.6,DE,0.9841,0.9721,DE;OFFSHORE;SG,0.9841;0.012;0.0015,,,,,0.0,,,,,,,KUALA LUMPUR,1.3976854846715725,0,0,0,1,1,0,1
254900XMA3IQDO1OPD27,RHB Islamic Regional Balanced Fund,0.3291,fund_product_vehicle_rule_applied,product_vehicle_rule_applied,fund_or_product_vehicle,,0.40907310484346526,shared_address_cluster;non_consolidating_entity;missing_direct_parent;missing_ultimate_parent,MY,phase2_address_cluster,D_address_cluster,0.6,SG,0.8317,0.6642,SG;US;GB,0.8317;0.1674;0.0006,,,,,0.0,,,,,,,Kuala Lumpur,1.3976854846715725,0,0,0,1,1,0,1
549300X4VDMGTGPNLH13,ABERDEEN STANDARD ISLAMIC ASIA PACIFIC EX JAPAN EQUITY FUND,0.2891,fund_product_vehicle_rule_applied,product_vehicle_rule_applied,fund_or_product_vehicle,,0.30907310484346523,missing_direct_parent;missing_ultimate_parent,US,phase3_jurisdiction_model,E_model_predicted_jurisdiction,0.6622,US,0.6622,0.3723,US;SG;GB,0.6622;0.2898;0.0449,,,,,0.0,,,,,,,KUALA LUMPUR,1.3976854846715725,0,0,0,0,0,0,0
984500F3F00010F79008,ASEAN Infrastructure Fund Limited,0.2891,fund_product_vehicle_rule_applied,product_vehicle_rule_applied,fund_or_product_vehicle,,0.30907310484346523,missing_direct_parent;missing_ultimate_parent,US,phase3_jurisdiction_model,E_model_predicted_jurisdiction,0.8607,US,0.8607,0.746,US;DE;GB,0.8607;0.1147;0.0152,,,,,0.0,,,,,,,Labuan,1.3976854846715725,0,0,0,0,1,0,0
9845008C10CNUB0AA558,BIMB-ARABESQUE GLOBAL SHARIAH-ESG AI TECHNOLOGY FUND,0.2891,fund_product_vehicle_rule_applied,product_vehicle_rule_applied,fund_or_product_vehicle,,0.30907310484346523,missing_direct_parent;missing_ultimate_parent,US,phase3_jurisdiction_model,E_model_predicted_jurisdiction,0.6735,US,0.6735,0.3758,US;SG;EUROPE,0.6735;0.2977;0.0153,,,,,0.0,,,,,,,KUALA LUMPUR,1.3976854846715725,0,0,0,0,1,0,0
254900JQT5TK8LZ8X743,Blue International Fund Ltd.,0.2891,fund_product_vehicle_rule_applied,product_vehicle_rule_applied,fund_or_product_vehicle,,0.30907310484346523,missing_direct_parent;missing_ultimate_parent,US,phase3_jurisdiction_model,E_model_predicted_jurisdiction,0.9046,US,0.9046,0.8599,US;OTHER;GB,0.9046;0.0447;0.0304,,,,,0.0,,,,,,,Labuan F.T.,1.3976854846715725,0,0,0,0,0,0,0
2549003ZTPWLZGHKA087,CAPITAL MARKET COMPENSATION FUND CORPORATION,0.2891,fund_product_vehicle_rule_applied,product_vehicle_rule_applied,fund_or_product_vehicle,,0.30907310484346523,missing_direct_parent;missing_ultimate_parent,SG,phase3_jurisdiction_model,E_model_predicted_jurisdiction,0.6575,SG,0.6575,0.319,SG;US;DE,0.6575;0.3385;0.002,,,,,0.0,,,,,,,KUALA LUMPUR,1.3976854846715725,0,0,0,0,1,0,0
549300CC3V2SNSNPSZ29,CLC CROSS-ASSET STRATEGIC ALPHA FUND,0.2891,fund_product_vehicle_rule_applied,product_vehicle_rule_applied,fund_or_product_vehicle,,0.30907310484346523,missing_direct_parent;missing_ultimate_parent,SG,phase3_jurisdiction_model,E_model_predicted_jurisdiction,0.6545,SG,0.6545,0.3105,SG;US;GB,0.6545;0.344;0.0006,,,,,0.0,,,,,,,Kuala Lumpur,1.3976854846715725,0,0,0,0,1,0,0
254900URDZJ80W85RK62,Centurion International Fund Ltd.,0.2891,fund_product_vehicle_rule_applied,product_vehicle_rule_applied,fund_or_product_vehicle,,0.30907310484346523,missing_direct_parent;missing_ultimate_parent,US,phase3_jurisdiction_model,E_model_predicted_jurisdiction,0.9382,US,0.9382,0.9093,US;SG;DE,0.9382;0.0289;0.0115,,,,,0.0,,,,,,,Labuan,1.3976854846715725,0,0,0,0,1,0,0
549300X44IU7CFRL3019,EASTER EUROPE EQUITY HOLDING LIMITED,0.2891,fund_product_vehicle_rule_applied,product_vehicle_rule_applied,fund_or_product_vehicle,,0.30907310484346523,missing_direct_parent;missing_ultimate_parent,US,phase3_jurisdiction_model,E_model_predicted_jurisdiction,0.632,US,0.632,0.2858,US;DE;EUROPE,0.632;0.3463;0.009,,,,,0.0,,,,,,,LABUAN,1.3976854846715725,0,0,0,0,1,0,0
GP3V77BIVE9P1GT44767,EMPLOYEES PROVIDENT FUND BOARD,0.2891,fund_product_vehicle_rule_applied,product_vehicle_rule_applied,fund_or_product_vehicle,,0.30907310484346523,missing_direct_parent;missing_ultimate_parent,US,phase3_jurisdiction_model,E_model_predicted_jurisdiction,0.9959,US,0.9959,0.9928,US;GB;SG,0.9959;0.0032;0.0006,,,,,0.0,,,,,,,SHAH ALAM,1.3976854846715725,0,0,0,0,1,0,0
254900E291PAHYRDR882,Jendarata Bernam Provident Fund,0.2891,fund_product_vehicle_rule_applied,product_vehicle_rule_applied,fund_or_product_vehicle,,0.30907310484346523,missing_direct_parent;missing_ultimate_parent,US,phase3_jurisdiction_model,E_model_predicted_jurisdiction,0.9837,US,0.9837,0.9698,US;SG;DE,0.9837;0.0139;0.0012,,,,,0.0,,,,,,,Teluk Intan,1.3976854846715725,0,0,0,0,1,0,0
213800VIN16ILYRCKD86,KHAZANAH GLOBAL SUKUK BERHAD,0.2891,fund_product_vehicle_rule_applied,product_vehicle_rule_applied,fund_or_product_vehicle,,0.30907310484346523,missing_direct_parent;missing_ultimate_parent,OTHER,phase3_jurisdiction_model,E_model_predicted_jurisdiction,0.5346,OTHER,0.5346,0.2076,OTHER;GB;DE,0.5346;0.327;0.1164,,,,,0.0,,,,,,,KUALA LUMPUR,1.3976854846715725,0,0,0,0,1,0,0
254900QG2VS6C0687W02,Kumpulan Jetson Provident Fund,0.2891,fund_product_vehicle_rule_applied,product_vehicle_rule_applied,fund_or_product_vehicle,,0.30907310484346523,missing_direct_parent;missing_ultimate_parent,SG,phase3_jurisdiction_model,E_model_predicted_jurisdiction,0.5637,SG,0.5637,0.2857,SG;US;EUROPE,0.5637;0.278;0.1458,,,,,0.0,,,,,,,Kuala Lumpur,1.3976854846715725,0,0,0,0,1,0,0
254900Y8UNCJ91NEJS07,M & A REGULAR INCOME FUND,0.2891,fund_product_vehicle_rule_applied,product_vehicle_rule_applied,fund_or_product_vehicle,,0.30907310484346523,missing_direct_parent;missing_ultimate_parent,SG,phase3_jurisdiction_model,E_model_predicted_jurisdiction,0.9709,SG,0.9709,0.9514,SG;US;OFFSHORE,0.9709;0.0195;0.0087,,,,,0.0,,,,,,,Kuala Lumpur,1.3976854846715725,0,0,0,0,1,0,0
9845003FB503EET9C578,MAMG BITCOIN ACCESS FUND,0.2891,fund_product_vehicle_rule_applied,product_vehicle_rule_applied,fund_or_product_vehicle,,0.30907310484346523,missing_direct_parent;missing_ultimate_parent,SG,phase3_jurisdiction_model,E_model_predicted_jurisdiction,0.3659,SG,0.3659,0.0651,SG;US;ASIA_OTHER,0.3659;0.3008;0.2882,,,,,0.0,,,,,,,Kuala Lumpur,1.3976854846715725,0,0,0,0,1,0,0
54930049UD1YZARYJG65,MAYBANK CONSTANT INCOME FUND 3,0.2891,fund_product_vehicle_rule_applied,product_vehicle_rule_applied,fund_or_product_vehicle,,0.30907310484346523,missing_direct_parent;missing_ultimate_parent,US,phase3_jurisdiction_model,E_model_predicted_jurisdiction,0.9791,US,0.9791,0.9626,US;SG;EUROPE,0.9791;0.0165;0.0035,,,,,0.0,,,,,,,KUALA LUMPUR,1.3976854846715725,0,0,0,0,0,0,0
549300JB5BRBF1V3ED63,MAYBANK CONSTANT INCOME FUND 4,0.2891,fund_product_vehicle_rule_applied,product_vehicle_rule_applied,fund_or_product_vehicle,,0.30907310484346523,missing_direct_parent;missing_ultimate_parent,US,phase3_jurisdiction_model,E_model_predicted_jurisdiction,0.9791,US,0.9791,0.9626,US;SG;EUROPE,0.9791;0.0165;0.0035,,,,,0.0,,,,,,,KUALA LUMPUR,1.3976854846715725,0,0,0,0,0,0,0
5493003V8MRIVOD6KN48,MAYBANK CONSTANT INCOME FUND 6,0.2891,fund_product_vehicle_rule_applied,product_vehicle_rule_applied,fund_or_product_vehicle,,0.30907310484346523,missing_direct_parent;missing_ultimate_parent,US,phase3_jurisdiction_model,E_model_predicted_jurisdiction,0.9791,US,0.9791,0.9626,US;SG;EUROPE,0.9791;0.0165;0.0035,,,,,0.0,,,,,,,KUALA LUMPUR,1.3976854846715725,0,0,0,0,0,0,0
98450072AEN51BAA6B21,MAYBANK GLOBAL DIVERSIFIED EQUITY PREMIUM INCOME FUND,0.2891,fund_product_vehicle_rule_applied,product_vehicle_rule_applied,fund_or_product_vehicle,,0.30907310484346523,missing_direct_parent;missing_ultimate_parent,ASIA_OTHER,phase3_jurisdiction_model,E_model_predicted_jurisdiction,0.9661,ASIA_OTHER,0.9661,0.9359,ASIA_OTHER;GB;SG,0.9661;0.0303;0.0025,,,,,0.0,,,,,,,Kuala Lumpur,1.3976854846715725,0,0,0,0,1,0,0
254900N9XYSR83YPST37,MICPA Educational Trust Fund,0.2891,fund_product_vehicle_rule_applied,product_vehicle_rule_applied,fund_or_product_vehicle,,0.30907310484346523,missing_direct_parent;missing_ultimate_parent,SG,phase3_jurisdiction_model,E_model_predicted_jurisdiction,0.879,SG,0.879,0.7939,SG;GB;OFFSHORE,0.879;0.0851;0.024,,,,,0.0,,,,,,,Kuala Lumpur,1.3976854846715725,0,0,0,0,1,0,0
98450041D94VD8BD6B41,Maybank AsiaPac Ex-Japan Equity-I Fund,0.2891,fund_product_vehicle_rule_applied,product_vehicle_rule_applied,fund_or_product_vehicle,,0.30907310484346523,missing_direct_parent;missing_ultimate_parent,SG,phase3_jurisdiction_model,E_model_predicted_jurisdiction,0.9537,SG,0.9537,0.9092,SG;GB;EUROPE,0.9537;0.0445;0.0013,,,,,0.0,,,,,,,KUALA LUMPUR,1.3976854846715725,0,0,0,0,1,0,0
9845002E505F8F3EEF30,Maybank Global Strategic Growth-I Fund,0.2891,fund_product_vehicle_rule_applied,product_vehicle_rule_applied,fund_or_product_vehicle,,0.30907310484346523,missing_direct_parent;missing_ultimate_parent,SG,phase3_jurisdiction_model,E_model_predicted_jurisdiction,0.9696,SG,0.9696,0.9408,SG;GB;EUROPE,0.9696;0.0288;0.0009,,,,,0.0,,,,,,,Kuala Lumpur,1.3976854846715725,0,0,0,0,1,0,0
98450038S2FC9E051565,Maybank Global Wealth Growth-I Fund,0.2891,fund_product_vehicle_rule_applied,product_vehicle_rule_applied,fund_or_product_vehicle,,0.30907310484346523,missing_direct_parent;missing_ultimate_parent,SG,phase3_jurisdiction_model,E_model_predicted_jurisdiction,0.9799,SG,0.9799,0.9615,SG;GB;DE,0.9799;0.0184;0.0006,,,,,0.0,,,,,,,KUALA LUMPUR,1.3976854846715725,0,0,0,0,1,0,0
9845000C2FE3E86U2154,Maybank Global Wealth Moderate-I Fund,0.2891,fund_product_vehicle_rule_applied,product_vehicle_rule_applied,fund_or_product_vehicle,,0.30907310484346523,missing_direct_parent;missing_ultimate_parent,SG,phase3_jurisdiction_model,E_model_predicted_jurisdiction,0.9843,SG,0.9843,0.9703,SG;GB;DE,0.9843;0.014;0.0006,,,,,0.0,,,,,,,Kuala Lumpur,1.3976854846715725,0,0,0,0,1,0,0
984500B6E5SC9Z05F157,Maybank U.S. Focus Fund,0.2891,fund_product_vehicle_rule_applied,product_vehicle_rule_applied,fund_or_product_vehicle,,0.30907310484346523,missing_direct_parent;missing_ultimate_parent,US,phase3_jurisdiction_model,E_model_predicted_jurisdiction,0.929,US,0.929,0.864,US;ASIA_OTHER;SG,0.929;0.065;0.0033,,,,,0.0,,,,,,,KUALA LUMPUR,1.3976854846715725,0,0,0,0,1,0,0
549300Y4606GIEC3PQ35,Performa Balanced Cross-Asset Fund,0.2891,fund_product_vehicle_rule_applied,product_vehicle_rule_applied,fund_or_product_vehicle,,0.30907310484346523,missing_direct_parent;missing_ultimate_parent,SG,phase3_jurisdiction_model,E_model_predicted_jurisdiction,0.5674,SG,0.5674,0.1398,SG;US;OFFSHORE,0.5674;0.4276;0.0028,,,,,0.0,,,,,,,Kuala Lumpur,1.3976854846715725,0,0,0,0,1,0,0
549300EVXDMPVUKFHH11,Performa Core Growth and Income Fund,0.2891,fund_product_vehicle_rule_applied,product_vehicle_rule_applied,fund_or_product_vehicle,,0.30907310484346523,missing_direct_parent;missing_ultimate_parent,SG,phase3_jurisdiction_model,E_model_predicted_jurisdiction,0.9731,SG,0.9731,0.9502,SG;GB;OFFSHORE,0.9731;0.0229;0.0016,,,,,0.0,,,,,,,Kuala Lumpur,1.3976854846715725,0,0,0,0,1,0,0
254900YKLDRTU9OXB015,SP CHARITABLE TRUST FUND,0.2891,fund_product_vehicle_rule_applied,product_vehicle_rule_applied,fund_or_product_vehicle,,0.30907310484346523,missing_direct_parent;missing_ultimate_parent,US,phase3_jurisdiction_model,E_model_predicted_jurisdiction,0.8493,US,0.8493,0.7239,US;DE;SG,0.8493;0.1254;0.0125,,,,,0.0,,,,,,,KUALA LUMPUR,1.3976854846715725,0,0,0,0,0,0,0
54930035U257QUTPJF51,UNITED ESG SERIES - EAFE PLUS FUND,0.2891,fund_product_vehicle_rule_applied,product_vehicle_rule_applied,fund_or_product_vehicle,,0.30907310484346523,missing_direct_parent;missing_ultimate_parent,ASIA_OTHER,phase3_jurisdiction_model,E_model_predicted_jurisdiction,0.8827,ASIA_OTHER,0.8827,0.7765,ASIA_OTHER;SG;GB,0.8827;0.1062;0.0093,,,,,0.0,,,,,,,KUALA LUMPUR,1.3976854846715725,0,0,0,0,1,0,0
5493006TC684YICBC761,UNITED-I ASIA ESG INCOME FUND,0.2891,fund_product_vehicle_rule_applied,product_vehicle_rule_applied,fund_or_product_vehicle,,0.30907310484346523,missing_direct_parent;missing_ultimate_parent,US,phase3_jurisdiction_model,E_model_predicted_jurisdiction,0.7691,US,0.7691,0.6005,US;SG;EUROPE,0.7691;0.1685;0.0553,,,,,0.0,,,,,,,KUALA LUMPUR,1.3976854846715725,0,0,0,0,0,0,0
254900MRLMI21YQTK511,Malaysia Wakala Sukuk Berhad,0.2791,fund_product_vehicle_rule_applied,product_vehicle_rule_applied,fund_or_product_vehicle,,0.3590731048434652,shared_address_cluster;missing_direct_parent;missing_ultimate_parent,MY,phase2_address_cluster,D_address_cluster,0.6,US,0.5559,0.3449,US;SG;OTHER,0.5559;0.211;0.2104,,,,,0.0,,,,,,,Kuala Lumpur,1.3976854846715725,0,0,0,0,1,0,1
549300HLP8F78L9WIZ21,RHB INVESTMENT MANAGEMENT SDN BHD FOR EPF GLOBAL BOND,0.2791,fund_product_vehicle_rule_applied,product_vehicle_rule_applied,fund_or_product_vehicle,,0.3590731048434652,shared_address_cluster;missing_direct_parent;missing_ultimate_parent,MY,phase2_address_cluster,D_address_cluster,0.6,GB,0.9916,0.9872,GB;US;SG,0.9916;0.0044;0.0038,,,,,0.0,,,,,,,KUALA LUMPUR,1.3976854846715725,0,0,0,0,0,0,1
