lei,legal_name,review_priority_score,review_reason,review_status,entity_type,review_note,coverage_gap_priority_score,reason_flags,uie_country,uie_source,evidence_tier,uie_confidence,predicted_parent_country,prediction_probability,confidence_gap,top3_countries,top3_probabilities,direct_parent_name,direct_parent_country,ultimate_parent_name,ultimate_parent_country,ctos_registered_malaysia,ctos_name,ctos_match_score,ctos_match_method,override_reason,source_url,source_note,city,size_proxy,has_parent_link,has_ultimate_link,foreign_parent,is_non_consolidating,has_exception_filed,has_inferred_parent,in_address_cluster
254900RE3TYIWVD4VK13,KAF Investment Bank Berhad,0.6357,validate_model_only_investor_economy,todo,financial_institution,High-priority model-only UIE; needs official annual-report or shareholder source,0.45565263861260574,shared_address_cluster;non_consolidating_entity;missing_direct_parent;missing_ultimate_parent,OFFSHORE,phase3_jurisdiction_model,E_model_predicted_jurisdiction,0.853,OFFSHORE,0.853,0.7116,OFFSHORE;SG;DE,0.853;0.1414;0.003,,,,,0.0,,,,,,,Kuala Lumpur,3.778162177036952,0,0,0,1,1,0,1
254900AVOA9RLILJYZ04,Lion Industries Corporation Berhad,0.6357,validate_model_only_investor_economy,todo,operating_or_holding_company,High-priority model-only UIE; verify listed-group ultimate investor economy,0.45565263861260574,shared_address_cluster;non_consolidating_entity;missing_direct_parent;missing_ultimate_parent,EUROPE,phase3_jurisdiction_model,E_model_predicted_jurisdiction,0.7869,EUROPE,0.7869,0.6106,EUROPE;SG;US,0.7869;0.1763;0.0179,,,,,0.0,,,,,,,Kuala Lumpur,3.778162177036952,0,0,0,1,1,0,1
213800FHFD63EP1L6D67,ABRDN ISLAMIC MALAYSIA SDN. BHD.,0.6091,validate_model_only_investor_economy,todo,asset_manager,High-priority model-only UIE; likely foreign asset-manager group but needs official local parent/source,0.40907310484346526,shared_address_cluster;non_consolidating_entity;missing_direct_parent;missing_ultimate_parent,US,phase3_jurisdiction_model,E_model_predicted_jurisdiction,0.6421,US,0.6421,0.2984,US;DE;SG,0.6421;0.3436;0.013,,,,,1.0,ABRDN ISLAMIC MALAYSIA SDN. BHD.,100.0,exact,,,,KUALA LUMPUR,1.3976854846715725,0,0,0,1,1,0,1
2549004XU9ENXP52Q969,ACB RESOURCES BERHAD,0.6091,validate_model_only_investor_economy,todo,operating_or_holding_company,,0.40907310484346526,shared_address_cluster;non_consolidating_entity;missing_direct_parent;missing_ultimate_parent,SG,phase3_jurisdiction_model,E_model_predicted_jurisdiction,0.9827,SG,0.9827,0.9659,SG;GB;US,0.9827;0.0168;0.0002,,,,,1.0,ACB RESOURCES BERHAD,100.0,exact,,,,Kuala Lumpur,1.3976854846715725,0,0,0,1,1,0,1
254900MWK6IGXYBB7777,AET DP SHUTTLE TANKERS SDN. BHD.,0.6091,validate_model_only_investor_economy,todo,operating_or_holding_company,,0.40907310484346526,shared_address_cluster;non_consolidating_entity;missing_direct_parent;missing_ultimate_parent,EUROPE,phase3_jurisdiction_model,E_model_predicted_jurisdiction,0.7533,EUROPE,0.7533,0.5836,EUROPE;DE;US,0.7533;0.1697;0.0364,,,,,1.0,AET DP SHUTTLE TANKERS SDN. BHD.,100.0,exact,,,,KUALA LUMPUR,1.3976854846715725,0,0,0,1,1,0,1
2549003WQXMOY5VUVH49,AET SHUTTLE TANKERS SDN. BHD.,0.6091,validate_model_only_investor_economy,todo,operating_or_holding_company,,0.40907310484346526,shared_address_cluster;non_consolidating_entity;missing_direct_parent;missing_ultimate_parent,SG,phase3_jurisdiction_model,E_model_predicted_jurisdiction,0.5135,SG,0.5135,0.0478,SG;GB;EUROPE,0.5135;0.4657;0.0106,,,,,1.0,AET SHUTTLE TANKERS SDN. BHD.,100.0,exact,,,,Kuala Lumpur,1.3976854846715725,0,0,0,1,1,0,1
2549003A7XTWD4HXWG83,AET TANKERS VLCC II SDN. BHD.,0.6091,validate_model_only_investor_economy,todo,operating_or_holding_company,,0.40907310484346526,shared_address_cluster;non_consolidating_entity;missing_direct_parent;missing_ultimate_parent,EUROPE,phase3_jurisdiction_model,E_model_predicted_jurisdiction,0.822,EUROPE,0.822,0.7195,EUROPE;US;DE,0.822;0.1025;0.0629,,,,,1.0,AET TANKERS VLCC II SDN. BHD.,100.0,exact,,,,KUALA LUMPUR,1.3976854846715725,0,0,0,1,1,0,1
549300KWMDAFBV6VR711,AHAM Asset Management Berhad,0.6091,validate_model_only_investor_economy,todo,operating_or_holding_company,,0.40907310484346526,shared_address_cluster;non_consolidating_entity;missing_direct_parent;missing_ultimate_parent,SG,phase3_jurisdiction_model,E_model_predicted_jurisdiction,0.9956,SG,0.9956,0.9938,SG;OFFSHORE;US,0.9956;0.0018;0.0008,,,,,1.0,AHAM ASSET MANAGEMENT BERHAD,100.0,exact,,,,Kuala Lumpur,1.3976854846715725,0,0,0,1,1,0,1
5493006ZOIKK9R9I4O70,PGEO EDIBLE OILS SDN. BHD.,0.6076,validate_model_only_investor_economy,todo,operating_or_holding_company,,0.4275654336138335,shared_address_cluster;missing_direct_parent;missing_ultimate_parent,AMERICAS_OTHER,phase3_jurisdiction_model,E_model_predicted_jurisdiction,0.9982,AMERICAS_OTHER,0.9982,0.9968,AMERICAS_OTHER;SG;US,0.9982;0.0014;0.0004,,,,,0.0,,,,,,,KUALA LUMPUR,5.609101298029189,0,0,0,0,1,0,1
254900SNFPTSDGGVEK77,TELEKOM MALAYSIA BERHAD,0.603,verify_address_cluster_parent,todo,telecommunications_group,High-priority address-cluster UIE; verify current substantial shareholder / control source,0.48296083270649826,shared_address_cluster;non_consolidating_entity;missing_direct_parent;missing_ultimate_parent,MY,phase2_address_cluster,D_address_cluster,0.6,ASIA_OTHER,0.9955,0.9916,ASIA_OTHER;SG;GB,0.9955;0.0039;0.0005,,,,,0.0,,,,,,,Kuala Lumpur,6.158638869402331,0,0,0,1,1,0,1
254900DM0V7OCPDUUC55,Axiata Group Berhad,0.5974,validate_model_only_investor_economy,todo,telecommunications_group,High-priority model-only UIE; verify current substantial shareholder / control source,0.41740233242551794,large_network_presence;missing_direct_parent;missing_ultimate_parent,SG,phase3_jurisdiction_model,E_model_predicted_jurisdiction,0.5179,SG,0.5179,0.2051,SG;AMERICAS_OTHER;ASIA_OTHER,0.5179;0.3128;0.1548,,,,,0.0,,,,,,,Kuala Lumpur,10.91959225413309,0,0,0,0,1,0,0
5493008INTDMC2FPM791,MENARA CITI HOLDING COMPANY SDN. BHD.,0.5965,validate_model_only_investor_economy,todo,operating_or_holding_company,,0.4164833026968169,shared_address_cluster;missing_direct_parent;missing_ultimate_parent,US,phase3_jurisdiction_model,E_model_predicted_jurisdiction,0.9966,US,0.9966,0.9949,US;SG;DE,0.9966;0.0017;0.0007,,,,,0.0,,,,,,,KUALA LUMPUR,4.609101298029189,0,0,0,0,0,0,1
254900H861A3V9OFPK86,Allianz Technology Sdn. Bhd.,0.5891,verify_name_matched_parent,todo,operating_or_holding_company,,0.5090731048434652,inferred_parent_match;shared_address_cluster;non_consolidating_entity;missing_direct_parent;missing_ultimate_parent,DE,phase1_name_match,C_name_match_high,1.0,DE,0.9961,0.9932,DE;GB;EUROPE,0.9961;0.0029;0.0005,,,,,0.0,,,,,,,KUALA LUMPUR,1.3976854846715725,0,0,0,1,1,1,1
9845006965CEB0T7F577,ALPHA INTERNATIONAL INC.,0.5891,validate_model_only_investor_economy,todo,operating_or_holding_company,,0.40907310484346526,shared_address_cluster;non_consolidating_entity;missing_direct_parent;missing_ultimate_parent,DE,phase3_jurisdiction_model,E_model_predicted_jurisdiction,0.7509,DE,0.7509,0.5281,DE;GB;OFFSHORE,0.7509;0.2228;0.0208,,,,,0.0,,,,,,,Jalan Ranca-Ranca,1.3976854846715725,0,0,0,1,1,0,1
213800VGOBJTKQUQC157,AMTRUST MOBILE SOLUTIONS MALAYSIA HOLDINGS SDN. BHD.,0.5891,validate_model_only_investor_economy,todo,operating_or_holding_company,,0.40907310484346526,shared_address_cluster;non_consolidating_entity;missing_direct_parent;missing_ultimate_parent,DE,phase3_jurisdiction_model,E_model_predicted_jurisdiction,0.6259,DE,0.6259,0.2943,DE;US;GB,0.6259;0.3315;0.0332,,,,,0.0,,,,,,,KUALA LUMPUR,1.3976854846715725,0,0,0,1,1,0,1
213800ZN5YBW7CE7S367,AMTRUST MOBILE SOLUTIONS MALAYSIA SDN BHD,0.5891,validate_model_only_investor_economy,todo,operating_or_holding_company,,0.40907310484346526,shared_address_cluster;non_consolidating_entity;missing_direct_parent;missing_ultimate_parent,DE,phase3_jurisdiction_model,E_model_predicted_jurisdiction,0.5406,DE,0.5406,0.0815,DE;US;GB,0.5406;0.4591;0.0002,,,,,0.0,,,,,,,KUALA LUMPUR,1.3976854846715725,0,0,0,1,1,0,1
254900XYR8MSZFTDHE87,Adel Investments Limited,0.5891,validate_model_only_investor_economy,todo,operating_or_holding_company,,0.40907310484346526,shared_address_cluster;non_consolidating_entity;missing_direct_parent;missing_ultimate_parent,DE,phase3_jurisdiction_model,E_model_predicted_jurisdiction,0.9169,DE,0.9169,0.848,DE;GB;OFFSHORE,0.9169;0.0689;0.0061,,,,,0.0,,,,,,,Victoria,1.3976854846715725,0,0,0,1,1,0,1
254900JSUFCD8B7WAL43,AmFunds Management Berhad,0.5891,validate_model_only_investor_economy,todo,operating_or_holding_company,,0.40907310484346526,shared_address_cluster;non_consolidating_entity;missing_direct_parent;missing_ultimate_parent,SG,phase3_jurisdiction_model,E_model_predicted_jurisdiction,0.9848,SG,0.9848,0.973,SG;OFFSHORE;DE,0.9848;0.0118;0.0025,,,,,0.0,,,,,,,Kuala Lumpur,1.3976854846715725,0,0,0,1,1,0,1
254900PCGO502BBFBE45,AmIncome Regular 3,0.5891,validate_model_only_investor_economy,todo,operating_or_holding_company,,0.40907310484346526,shared_address_cluster;non_consolidating_entity;missing_direct_parent;missing_ultimate_parent,SG,phase3_jurisdiction_model,E_model_predicted_jurisdiction,0.9797,SG,0.9797,0.9699,SG;US;GB,0.9797;0.0099;0.0098,,,,,0.0,,,,,,,Kuala Lumpur,1.3976854846715725,0,0,0,1,1,0,1
254900BFR13IIJELT818,AmIncome Regular 4,0.5891,validate_model_only_investor_economy,todo,operating_or_holding_company,,0.40907310484346526,shared_address_cluster;non_consolidating_entity;missing_direct_parent;missing_ultimate_parent,SG,phase3_jurisdiction_model,E_model_predicted_jurisdiction,0.9797,SG,0.9797,0.9699,SG;US;GB,0.9797;0.0099;0.0098,,,,,0.0,,,,,,,Kuala Lumpur,1.3976854846715725,0,0,0,1,1,0,1
984500B6F10B972C6C09,B2B Capital Investment Bank Ltd.,0.5891,validate_model_only_investor_economy,todo,financial_institution,,0.40907310484346526,shared_address_cluster;non_consolidating_entity;missing_direct_parent;missing_ultimate_parent,DE,phase3_jurisdiction_model,E_model_predicted_jurisdiction,0.9962,DE,0.9962,0.9942,DE;EUROPE;GB,0.9962;0.0019;0.0014,,,,,0.0,,,,,,,JALAN RANCA-RANCA,1.3976854846715725,0,0,0,1,1,0,1
254900EG8P39IVBGIL54,BGSM Management Sdn. Bhd.,0.5891,validate_model_only_investor_economy,todo,operating_or_holding_company,,0.40907310484346526,shared_address_cluster;non_consolidating_entity;missing_direct_parent;missing_ultimate_parent,SG,phase3_jurisdiction_model,E_model_predicted_jurisdiction,0.9476,SG,0.9476,0.9021,SG;OFFSHORE;US,0.9476;0.0455;0.0047,,,,,0.0,,,,,,,Kuala Lumpur,1.3976854846715725,0,0,0,1,1,0,1
549300RY3Q0YLHMEXM25,BURSA MALAYSIA DERIVATIVES CLEARING BERHAD,0.5891,validate_model_only_investor_economy,todo,operating_or_holding_company,,0.40907310484346526,shared_address_cluster;non_consolidating_entity;missing_direct_parent;missing_ultimate_parent,DE,phase3_jurisdiction_model,E_model_predicted_jurisdiction,0.998,DE,0.998,0.9965,DE;GB;US,0.998;0.0015;0.0004,,,,,0.0,,,,,,,KUALA LUMPUR,1.3976854846715725,0,0,0,1,1,0,1
2549005VGBA580BGCO65,BURSA MALAYSIA SECURITIES CLEARING SDN. BHD.,0.5891,validate_model_only_investor_economy,todo,operating_or_holding_company,,0.40907310484346526,shared_address_cluster;non_consolidating_entity;missing_direct_parent;missing_ultimate_parent,SG,phase3_jurisdiction_model,E_model_predicted_jurisdiction,0.9266,SG,0.9266,0.8868,SG;DE;US,0.9266;0.0398;0.0325,,,,,0.0,,,,,,,Kuala Lumpur,1.3976854846715725,0,0,0,1,1,0,1
254900J2RBJH6UNEXA22,Barden Investments Ltd.,0.5891,validate_model_only_investor_economy,todo,operating_or_holding_company,,0.40907310484346526,shared_address_cluster;non_consolidating_entity;missing_direct_parent;missing_ultimate_parent,GB,phase3_jurisdiction_model,E_model_predicted_jurisdiction,0.6394,GB,0.6394,0.3562,GB;DE;US,0.6394;0.2832;0.0661,,,,,0.0,,,,,,,Victoria,1.3976854846715725,0,0,0,1,1,0,1
254900UDVVJ8TRS6T396,Bursa Malaysia Depository Sdn. Bhd.,0.5891,validate_model_only_investor_economy,todo,operating_or_holding_company,,0.40907310484346526,shared_address_cluster;non_consolidating_entity;missing_direct_parent;missing_ultimate_parent,SG,phase3_jurisdiction_model,E_model_predicted_jurisdiction,0.5577,SG,0.5577,0.137,SG;DE;US,0.5577;0.4207;0.0191,,,,,0.0,,,,,,,Kuala Lumpur,1.3976854846715725,0,0,0,1,1,0,1
549300LDGRZCK5O1ZX84,DOMINION GLOBAL CORP.,0.5891,validate_model_only_investor_economy,todo,operating_or_holding_company,,0.40907310484346526,shared_address_cluster;non_consolidating_entity;missing_direct_parent;missing_ultimate_parent,GB,phase3_jurisdiction_model,E_model_predicted_jurisdiction,0.8322,GB,0.8322,0.6928,GB;DE;US,0.8322;0.1394;0.0231,,,,,0.0,,,,,,,VICTORIA,1.3976854846715725,0,0,0,1,1,0,1
549300BURHVAE0ENAI31,GPW MALAYSIA LTD.,0.5891,validate_model_only_investor_economy,todo,operating_or_holding_company,,0.40907310484346526,shared_address_cluster;non_consolidating_entity;missing_direct_parent;missing_ultimate_parent,US,phase3_jurisdiction_model,E_model_predicted_jurisdiction,0.9487,US,0.9487,0.9051,US;DE;GB,0.9487;0.0436;0.0044,,,,,0.0,,,,,,,LABUAN,1.3976854846715725,0,0,0,1,1,0,1
9845004IF2DFCE55DD95,Grex Capital Limited,0.5891,validate_model_only_investor_economy,todo,operating_or_holding_company,,0.40907310484346526,shared_address_cluster;non_consolidating_entity;missing_direct_parent;missing_ultimate_parent,GB,phase3_jurisdiction_model,E_model_predicted_jurisdiction,0.9886,GB,0.9886,0.9797,GB;US;DE,0.9886;0.009;0.0021,,,,,0.0,,,,,,,Jalan Tun Mustapha,1.3976854846715725,0,0,0,1,1,0,1
549300G6CZWYEJE0HU45,HONEYWELL ENGINEERING SDN. BHD,0.5891,validate_model_only_investor_economy,todo,operating_or_holding_company,,0.40907310484346526,shared_address_cluster;non_consolidating_entity;missing_direct_parent;missing_ultimate_parent,US,phase3_jurisdiction_model,E_model_predicted_jurisdiction,0.981,US,0.981,0.9651,US;DE;GB,0.981;0.0159;0.0019,,,,,0.0,,,,,,,KUALA LUMPUR,1.3976854846715725,0,0,0,1,1,0,1
213800QFBC6CGM258473,HONG LEONG CAPITAL BERHAD,0.5891,validate_model_only_investor_economy,todo,operating_or_holding_company,,0.40907310484346526,shared_address_cluster;non_consolidating_entity;missing_direct_parent;missing_ultimate_parent,DE,phase3_jurisdiction_model,E_model_predicted_jurisdiction,0.9514,DE,0.9514,0.9109,DE;OFFSHORE;OTHER,0.9514;0.0405;0.0059,,,,,0.0,,,,,,,KUALA LUMPUR,1.3976854846715725,0,0,0,1,1,0,1
549300EGI40XD5GGWS62,HONG LEONG FINANCIAL GROUP BERHAD,0.5891,validate_model_only_investor_economy,todo,operating_or_holding_company,,0.40907310484346526,shared_address_cluster;non_consolidating_entity;missing_direct_parent;missing_ultimate_parent,DE,phase3_jurisdiction_model,E_model_predicted_jurisdiction,0.5485,DE,0.5485,0.1242,DE;US;SG,0.5485;0.4243;0.0133,,,,,0.0,,,,,,,KUALA LUMPUR,1.3976854846715725,0,0,0,1,1,0,1
549300OCLB7H5K2SVV15,HONG LEONG INVESTMENT BANK BERHAD,0.5891,validate_model_only_investor_economy,todo,financial_institution,,0.40907310484346526,shared_address_cluster;non_consolidating_entity;missing_direct_parent;missing_ultimate_parent,DE,phase3_jurisdiction_model,E_model_predicted_jurisdiction,0.9632,DE,0.9632,0.9511,DE;SG;US,0.9632;0.0122;0.0119,,,,,0.0,,,,,,,KUALA LUMPUR,1.3976854846715725,0,0,0,1,1,0,1
2549003VOWMNLW1DAP38,MANULIFE INSURANCE BERHAD,0.5891,validate_model_only_investor_economy,todo,operating_or_holding_company,,0.40907310484346526,shared_address_cluster;non_consolidating_entity;missing_direct_parent;missing_ultimate_parent,DE,phase3_jurisdiction_model,E_model_predicted_jurisdiction,0.994,DE,0.994,0.991,DE;US;OFFSHORE,0.994;0.003;0.0019,,,,,0.0,,,,,,,KUALA LUMPUR,1.3976854846715725,0,0,0,1,1,0,1
5493004QMXYQ0HL4RJ86,MANULIFE INVESTMENT MANAGEMENT (M) BERHAD,0.5891,validate_model_only_investor_economy,todo,operating_or_holding_company,,0.40907310484346526,shared_address_cluster;non_consolidating_entity;missing_direct_parent;missing_ultimate_parent,DE,phase3_jurisdiction_model,E_model_predicted_jurisdiction,0.9977,DE,0.9977,0.9968,DE;US;GB,0.9977;0.0009;0.0008,,,,,0.0,,,,,,,KUALA LUMPUR,1.3976854846715725,0,0,0,1,1,0,1
2138007MH1NVGI6AME84,NTT MSC SDN. BHD.,0.5891,validate_model_only_investor_economy,todo,operating_or_holding_company,,0.40907310484346526,shared_address_cluster;non_consolidating_entity;missing_direct_parent;missing_ultimate_parent,EUROPE,phase3_jurisdiction_model,E_model_predicted_jurisdiction,0.5778,EUROPE,0.5778,0.2224,EUROPE;DE;US,0.5778;0.3554;0.0386,,,,,0.0,,,,,,,PETALING JAYA,1.3976854846715725,0,0,0,1,1,0,1
21380033J5RJ8FOHZI92,OFFSHORE SUPPORT VESSELS 19 LTD,0.5891,validate_model_only_investor_economy,todo,operating_or_holding_company,,0.40907310484346526,shared_address_cluster;non_consolidating_entity;missing_direct_parent;missing_ultimate_parent,DE,phase3_jurisdiction_model,E_model_predicted_jurisdiction,0.6335,DE,0.6335,0.2847,DE;US;EUROPE,0.6335;0.3488;0.0083,,,,,0.0,,,,,,,LABUAN,1.3976854846715725,0,0,0,1,1,0,1
54930080YQEJTOCYCH90,PETRON FUEL INTERNATIONAL SDN. BHD.,0.5891,validate_model_only_investor_economy,todo,operating_or_holding_company,,0.40907310484346526,shared_address_cluster;non_consolidating_entity;missing_direct_parent;missing_ultimate_parent,US,phase3_jurisdiction_model,E_model_predicted_jurisdiction,0.8246,US,0.8246,0.6502,US;DE;EUROPE,0.8246;0.1745;0.0004,,,,,0.0,,,,,,,KUALA LUMPUR,1.3976854846715725,0,0,0,1,1,0,1
549300ZLB6N2UTYDJ385,PETRON MALAYSIA REFINING & MARKETING BHD.,0.5891,validate_model_only_investor_economy,todo,operating_or_holding_company,,0.40907310484346526,shared_address_cluster;non_consolidating_entity;missing_direct_parent;missing_ultimate_parent,DE,phase3_jurisdiction_model,E_model_predicted_jurisdiction,0.9911,DE,0.9911,0.9836,DE;US;SG,0.9911;0.0075;0.0006,,,,,0.0,,,,,,,KUALA LUMPUR,1.3976854846715725,0,0,0,1,1,0,1
549300GYM78W2YRCLR35,PETRON OIL (M) SDN. BHD.,0.5891,validate_model_only_investor_economy,todo,operating_or_holding_company,,0.40907310484346526,shared_address_cluster;non_consolidating_entity;missing_direct_parent;missing_ultimate_parent,US,phase3_jurisdiction_model,E_model_predicted_jurisdiction,0.684,US,0.684,0.3702,US;DE;GB,0.684;0.3137;0.0007,,,,,0.0,,,,,,,KUALA LUMPUR,1.3976854846715725,0,0,0,1,1,0,1
549300SYMGBLXHQ1B488,POPULAR AMBIENCE SDN. BHD.,0.5891,validate_model_only_investor_economy,todo,operating_or_holding_company,,0.40907310484346526,shared_address_cluster;non_consolidating_entity;missing_direct_parent;missing_ultimate_parent,US,phase3_jurisdiction_model,E_model_predicted_jurisdiction,0.4988,US,0.4988,0.0059,US;DE;GB,0.4988;0.4928;0.0048,,,,,0.0,,,,,,,KUALA LUMPUR,1.3976854846715725,0,0,0,1,1,0,1
254900UJQPPG4ZMI5105,PRINCIPAL FTSE ASEAN 40,0.5891,validate_model_only_investor_economy,todo,operating_or_holding_company,,0.40907310484346526,shared_address_cluster;non_consolidating_entity;missing_direct_parent;missing_ultimate_parent,DE,phase3_jurisdiction_model,E_model_predicted_jurisdiction,0.8929,DE,0.8929,0.8387,DE;US;GB,0.8929;0.0541;0.0422,,,,,0.0,,,,,,,KUALA LUMPUR,1.3976854846715725,0,0,0,1,1,0,1
254900XM9QRSI2E6OR47,Principal Islamic RetireEasy 2030,0.5891,validate_model_only_investor_economy,todo,operating_or_holding_company,,0.40907310484346526,shared_address_cluster;non_consolidating_entity;missing_direct_parent;missing_ultimate_parent,DE,phase3_jurisdiction_model,E_model_predicted_jurisdiction,0.8734,DE,0.8734,0.7573,DE;SG;GB,0.8734;0.1161;0.0046,,,,,0.0,,,,,,,KUALA LUMPUR,1.3976854846715725,0,0,0,1,1,0,1
254900SI649OXTKAO050,Principal Islamic RetireEasy 2040,0.5891,validate_model_only_investor_economy,todo,operating_or_holding_company,,0.40907310484346526,shared_address_cluster;non_consolidating_entity;missing_direct_parent;missing_ultimate_parent,DE,phase3_jurisdiction_model,E_model_predicted_jurisdiction,0.8734,DE,0.8734,0.7573,DE;SG;GB,0.8734;0.1161;0.0046,,,,,0.0,,,,,,,KUALA LUMPUR,1.3976854846715725,0,0,0,1,1,0,1
254900DYH8LM5RVGK565,Principal Islamic RetireEasy 2050,0.5891,validate_model_only_investor_economy,todo,operating_or_holding_company,,0.40907310484346526,shared_address_cluster;non_consolidating_entity;missing_direct_parent;missing_ultimate_parent,DE,phase3_jurisdiction_model,E_model_predicted_jurisdiction,0.8734,DE,0.8734,0.7573,DE;SG;GB,0.8734;0.1161;0.0046,,,,,0.0,,,,,,,KUALA LUMPUR,1.3976854846715725,0,0,0,1,1,0,1
254900DTHH6HH0BBEV92,Principal Islamic RetireEasy 2060,0.5891,validate_model_only_investor_economy,todo,operating_or_holding_company,,0.40907310484346526,shared_address_cluster;non_consolidating_entity;missing_direct_parent;missing_ultimate_parent,DE,phase3_jurisdiction_model,E_model_predicted_jurisdiction,0.8734,DE,0.8734,0.7573,DE;SG;GB,0.8734;0.1161;0.0046,,,,,0.0,,,,,,,KUALA LUMPUR,1.3976854846715725,0,0,0,1,1,0,1
254900WQDGEOJ1Q56Q21,Principal RetireEasy 2030,0.5891,validate_model_only_investor_economy,todo,operating_or_holding_company,,0.40907310484346526,shared_address_cluster;non_consolidating_entity;missing_direct_parent;missing_ultimate_parent,DE,phase3_jurisdiction_model,E_model_predicted_jurisdiction,0.9673,DE,0.9673,0.9402,DE;OFFSHORE;GB,0.9673;0.027;0.0034,,,,,0.0,,,,,,,KUALA LUMPUR,1.3976854846715725,0,0,0,1,1,0,1
254900RUAH3MSPFB6B92,Principal RetireEasy 2040,0.5891,validate_model_only_investor_economy,todo,operating_or_holding_company,,0.40907310484346526,shared_address_cluster;non_consolidating_entity;missing_direct_parent;missing_ultimate_parent,DE,phase3_jurisdiction_model,E_model_predicted_jurisdiction,0.9673,DE,0.9673,0.9402,DE;OFFSHORE;GB,0.9673;0.027;0.0034,,,,,0.0,,,,,,,KUALA LUMPUR,1.3976854846715725,0,0,0,1,1,0,1
2549008JUM9GEUSC9C13,Principal RetireEasy 2050,0.5891,validate_model_only_investor_economy,todo,operating_or_holding_company,,0.40907310484346526,shared_address_cluster;non_consolidating_entity;missing_direct_parent;missing_ultimate_parent,DE,phase3_jurisdiction_model,E_model_predicted_jurisdiction,0.9673,DE,0.9673,0.9402,DE;OFFSHORE;GB,0.9673;0.027;0.0034,,,,,0.0,,,,,,,KUALA LUMPUR,1.3976854846715725,0,0,0,1,1,0,1
254900EKSU8DLR7GA276,Principal RetireEasy 2060,0.5891,validate_model_only_investor_economy,todo,operating_or_holding_company,,0.40907310484346526,shared_address_cluster;non_consolidating_entity;missing_direct_parent;missing_ultimate_parent,DE,phase3_jurisdiction_model,E_model_predicted_jurisdiction,0.9673,DE,0.9673,0.9402,DE;OFFSHORE;GB,0.9673;0.027;0.0034,,,,,0.0,,,,,,,KUALA LUMPUR,1.3976854846715725,0,0,0,1,1,0,1
98450039AWJ574335414,Sheer Markets Limited,0.5891,validate_model_only_investor_economy,todo,operating_or_holding_company,,0.40907310484346526,shared_address_cluster;non_consolidating_entity;missing_direct_parent;missing_ultimate_parent,GB,phase3_jurisdiction_model,E_model_predicted_jurisdiction,0.9356,GB,0.9356,0.8736,GB;DE;EUROPE,0.9356;0.062;0.001,,,,,0.0,,,,,,,Labuan,1.3976854846715725,0,0,0,1,1,0,1
5493007NVPI07004UV55,TA Asia High Conviction Mandate,0.5891,validate_model_only_investor_economy,todo,operating_or_holding_company,,0.40907310484346526,shared_address_cluster;non_consolidating_entity;missing_direct_parent;missing_ultimate_parent,SG,phase3_jurisdiction_model,E_model_predicted_jurisdiction,0.8009,SG,0.8009,0.7016,SG;EUROPE;US,0.8009;0.0993;0.0989,,,,,0.0,,,,,,,Kuala Lumpur,1.3976854846715725,0,0,0,1,1,0,1
254900LQBWFEAHUSQ712,TAIB Global,0.5891,validate_model_only_investor_economy,todo,operating_or_holding_company,,0.40907310484346526,shared_address_cluster;non_consolidating_entity;missing_direct_parent;missing_ultimate_parent,OFFSHORE,phase3_jurisdiction_model,E_model_predicted_jurisdiction,0.8476,OFFSHORE,0.8476,0.6972,OFFSHORE;SG;US,0.8476;0.1503;0.0017,,,,,0.0,,,,,,,Kuala Lumpur,1.3976854846715725,0,0,0,1,1,0,1
2138005BSGSE9DRLBN39,TECPROTEC AVA SDN. BHD.,0.5891,validate_model_only_investor_economy,todo,operating_or_holding_company,,0.40907310484346526,shared_address_cluster;non_consolidating_entity;missing_direct_parent;missing_ultimate_parent,US,phase3_jurisdiction_model,E_model_predicted_jurisdiction,0.9744,US,0.9744,0.9522,US;DE;SG,0.9744;0.0222;0.0018,,,,,0.0,,,,,,,KUALA LUMPAR,1.3976854846715725,0,0,0,1,1,0,1
549300A00PIMFVOPIN68,TRADEWINDS FUTURES LIMITED,0.5891,validate_model_only_investor_economy,todo,operating_or_holding_company,,0.40907310484346526,shared_address_cluster;non_consolidating_entity;missing_direct_parent;missing_ultimate_parent,GB,phase3_jurisdiction_model,E_model_predicted_jurisdiction,0.3458,GB,0.3458,0.0121,GB;US;DE,0.3458;0.3337;0.291,,,,,0.0,,,,,,,LABUAN FEDERAL TERRITORY,1.3976854846715725,0,0,0,1,1,0,1
254900IT5UBBGJLEB209,Topline Technovations Limited,0.5891,validate_model_only_investor_economy,todo,operating_or_holding_company,,0.40907310484346526,shared_address_cluster;non_consolidating_entity;missing_direct_parent;missing_ultimate_parent,US,phase3_jurisdiction_model,E_model_predicted_jurisdiction,0.6836,US,0.6836,0.4388,US;DE;GB,0.6836;0.2448;0.0297,,,,,0.0,,,,,,,Labuan,1.3976854846715725,0,0,0,1,1,0,1
254900N06F78HJCFX190,TradePlus MSCI Asia ex Japan REITs Tracker,0.5891,validate_model_only_investor_economy,todo,operating_or_holding_company,,0.40907310484346526,shared_address_cluster;non_consolidating_entity;missing_direct_parent;missing_ultimate_parent,SG,phase3_jurisdiction_model,E_model_predicted_jurisdiction,0.538,SG,0.538,0.0797,SG;US;GB,0.538;0.4584;0.0013,,,,,0.0,,,,,,,Kuala Lumpur,1.3976854846715725,0,0,0,1,1,0,1
2549006HJP5KAXMG4A23,TradePlus S&P New China Tracker,0.5891,validate_model_only_investor_economy,todo,operating_or_holding_company,,0.40907310484346526,shared_address_cluster;non_consolidating_entity;missing_direct_parent;missing_ultimate_parent,SG,phase3_jurisdiction_model,E_model_predicted_jurisdiction,0.7155,SG,0.7155,0.4989,SG;US;EUROPE,0.7155;0.2165;0.0349,,,,,0.0,,,,,,,Kuala Lumpur,1.3976854846715725,0,0,0,1,1,0,1
9845001C5EC7A5441F87,WAW CAPITAL LTD.,0.5891,validate_model_only_investor_economy,todo,operating_or_holding_company,,0.40907310484346526,shared_address_cluster;non_consolidating_entity;missing_direct_parent;missing_ultimate_parent,US,phase3_jurisdiction_model,E_model_predicted_jurisdiction,0.7067,US,0.7067,0.5032,US;GB;DE,0.7067;0.2035;0.0814,,,,,0.0,,,,,,,Labuan,1.3976854846715725,0,0,0,1,1,0,1
254900318M4FG27S7T83,ZURICH LIFE INSURANCE MALAYSIA BERHAD,0.5891,validate_model_only_investor_economy,todo,operating_or_holding_company,,0.40907310484346526,shared_address_cluster;non_consolidating_entity;missing_direct_parent;missing_ultimate_parent,SG,phase3_jurisdiction_model,E_model_predicted_jurisdiction,0.9495,SG,0.9495,0.9193,SG;DE;US,0.9495;0.0302;0.0156,,,,,0.0,,,,,,,Kuala Lumpur,1.3976854846715725,0,0,0,1,1,0,1
2549001Q3BP4BW4LE619,MEX I CAPITAL BERHAD,0.5857,validate_model_only_investor_economy,todo,operating_or_holding_company,,0.4056526386126058,non_consolidating_entity;missing_direct_parent;missing_ultimate_parent,SG,phase3_jurisdiction_model,E_model_predicted_jurisdiction,0.9946,SG,0.9946,0.9898,SG;GB;OFFSHORE,0.9946;0.0048;0.0002,,,,,0.0,,,,,,,Kuala Lumpur,3.778162177036952,0,0,0,1,1,0,0
2549006PS629HE0QJ651,TAN CHONG MOTOR HOLDINGS BERHAD,0.5857,validate_model_only_investor_economy,todo,operating_or_holding_company,,0.4056526386126058,non_consolidating_entity;missing_direct_parent;missing_ultimate_parent,EUROPE,phase3_jurisdiction_model,E_model_predicted_jurisdiction,0.5202,EUROPE,0.5202,0.1177,EUROPE;SG;US,0.5202;0.4025;0.067,,,,,0.0,,,,,,,Kuala Lumpur,3.778162177036952,0,0,0,1,1,0,0
254900LUVOQ1P0MWRW18,TRIPLC BERHAD,0.5857,validate_model_only_investor_economy,todo,operating_or_holding_company,,0.4056526386126058,non_consolidating_entity;missing_direct_parent;missing_ultimate_parent,OFFSHORE,phase3_jurisdiction_model,E_model_predicted_jurisdiction,0.9967,OFFSHORE,0.9967,0.9949,OFFSHORE;DE;US,0.9967;0.0018;0.0012,,,,,0.0,,,,,,,SHAH ALAM,3.778162177036952,0,0,0,1,1,0,0
549300FYDN5UD7USZW18,CIMB GROUP HOLDINGS BERHAD,0.5757,verify_address_cluster_parent,todo,operating_or_holding_company,,0.45565263861260574,shared_address_cluster;non_consolidating_entity;missing_direct_parent;missing_ultimate_parent,JE,phase2_address_cluster,D_address_cluster,0.6,DE,0.9884,0.9817,DE;OFFSHORE;US,0.9884;0.0067;0.002,,,,,0.0,,,,,,,KUALA LUMPUR,3.778162177036952,0,0,0,1,1,0,1
2549001C86ZTNUY8S136,MNRB HOLDINGS BERHAD,0.5757,verify_address_cluster_parent,todo,operating_or_holding_company,,0.45565263861260574,shared_address_cluster;non_consolidating_entity;missing_direct_parent;missing_ultimate_parent,MY,phase2_address_cluster,D_address_cluster,0.6,DE,0.519,0.0577,DE;GB;US,0.519;0.4613;0.0136,,,,,0.0,,,,,,,KUALA LUMPUR,3.778162177036952,0,0,0,1,1,0,1
549300ZHRPSV7QIUJT80,RHB BANK BERHAD,0.5757,verify_address_cluster_parent,todo,financial_institution,,0.45565263861260574,shared_address_cluster;non_consolidating_entity;missing_direct_parent;missing_ultimate_parent,MY,phase2_address_cluster,D_address_cluster,0.6,DE,0.8131,0.6347,DE;MIDEAST_AFRICA;GB,0.8131;0.1784;0.0055,,,,,0.0,,,,,,,KUALA LUMPUR,3.778162177036952,0,0,0,1,1,0,1
2549007UPT17BM3VDE26,RUSD INVESTMENT BANK INC.,0.5757,verify_address_cluster_parent,todo,financial_institution,,0.45565263861260574,shared_address_cluster;non_consolidating_entity;missing_direct_parent;missing_ultimate_parent,MY,phase2_address_cluster,D_address_cluster,0.6,DE,0.8842,0.814,DE;US;SG,0.8842;0.0702;0.0194,,,,,0.0,,,,,,,Labuan,3.778162177036952,0,0,0,1,1,0,1
2549002RX9QANY14OL51,AFFIN BANK BERHAD,0.573,verify_address_cluster_parent,todo,financial_institution,,0.4329608327064983,shared_address_cluster;missing_direct_parent;missing_ultimate_parent,MY,phase2_address_cluster,D_address_cluster,0.6,ASIA_OTHER,0.7911,0.7332,ASIA_OTHER;SG;US,0.7911;0.0579;0.0523,,,,,1.0,AFFIN BANK BERHAD,100.0,exact,,,,KUALA LUMPUR,6.158638869402331,0,0,0,0,1,0,1
254900OK0NQ7DQUQ6P38,MAC WORLD HOLDINGS LIMITED,0.563,validate_model_only_investor_economy,todo,operating_or_holding_company,,0.3829608327064983,missing_direct_parent;missing_ultimate_parent,US,phase3_jurisdiction_model,E_model_predicted_jurisdiction,0.6499,US,0.6499,0.5273,US;GB;DE,0.6499;0.1227;0.0906,,,,,0.0,,,,,,,Labuan,6.158638869402331,0,0,0,0,1,0,0
5493001V2HD1PZU5QH52,ABB MALAYSIA SDN. BHD.,0.5591,validate_model_only_investor_economy,todo,operating_or_holding_company,,0.3590731048434652,non_consolidating_entity;missing_direct_parent;missing_ultimate_parent,SG,phase3_jurisdiction_model,E_model_predicted_jurisdiction,0.9926,SG,0.9926,0.988,SG;DE;GB,0.9926;0.0045;0.0016,,,,,1.0,ABB MALAYSIA SDN. BHD.,100.0,exact,,,,Kuala Lumpur,1.3976854846715725,0,0,0,1,1,0,0
213800NL25T5A9HFTD21,ABRDN MALAYSIA SDN. BHD.,0.5591,validate_model_only_investor_economy,todo,operating_or_holding_company,,0.3590731048434652,shared_address_cluster;missing_direct_parent;missing_ultimate_parent,US,phase3_jurisdiction_model,E_model_predicted_jurisdiction,0.8785,US,0.8785,0.762,US;DE;SG,0.8785;0.1166;0.0031,,,,,1.0,ABRDN MALAYSIA SDN. BHD.,100.0,exact,,,,KUALA LUMPUR,1.3976854846715725,0,0,0,0,0,0,1
984500D9111EFF66DI08,AGENSI PEKERJAAN MELORITA SDN. BHD.,0.5591,validate_model_only_investor_economy,todo,operating_or_holding_company,,0.3590731048434652,shared_address_cluster;missing_direct_parent;missing_ultimate_parent,EUROPE,phase3_jurisdiction_model,E_model_predicted_jurisdiction,0.4834,EUROPE,0.4834,0.0766,EUROPE;GB;DE,0.4834;0.4068;0.0554,,,,,1.0,AGENSI PEKERJAAN MELORITA SDN. BHD.,100.0,exact,,,,KUALA LUMPUR,1.3976854846715725,0,0,0,0,1,0,1
549300E6FQ4TLWHME718,AIA BHD.,0.5591,validate_model_only_investor_economy,todo,operating_or_holding_company,,0.3590731048434652,shared_address_cluster;missing_direct_parent;missing_ultimate_parent,OFFSHORE,phase3_jurisdiction_model,E_model_predicted_jurisdiction,0.9874,OFFSHORE,0.9874,0.9784,OFFSHORE;GB;SG,0.9874;0.009;0.0031,,,,,1.0,AIA BHD.,100.0,exact,,,,Kuala Lumpur,1.3976854846715725,0,0,0,0,0,0,1
2549002CIJT589AU2Q93,AIA GENERAL BERHAD,0.5591,validate_model_only_investor_economy,todo,operating_or_holding_company,,0.3590731048434652,shared_address_cluster;missing_direct_parent;missing_ultimate_parent,GB,phase3_jurisdiction_model,E_model_predicted_jurisdiction,0.951,GB,0.951,0.9238,GB;DE;SG,0.951;0.0272;0.0117,,,,,1.0,AIA GENERAL  BERHAD,100.0,exact,,,,KUALA LUMPUR,1.3976854846715725,0,0,0,0,1,0,1
2549009NYQFMF52TM274,AIA HEALTH SERVICES SDN. BHD.,0.5591,validate_model_only_investor_economy,todo,operating_or_holding_company,,0.3590731048434652,shared_address_cluster;missing_direct_parent;missing_ultimate_parent,US,phase3_jurisdiction_model,E_model_predicted_jurisdiction,0.6797,US,0.6797,0.4052,US;EUROPE;DE,0.6797;0.2745;0.0177,,,,,1.0,AIA HEALTH SERVICES SDN. BHD.,100.0,exact,,,,KUALA LUMPUR,1.3976854846715725,0,0,0,0,1,0,1
254900ZJAPW03APJLK09,AIA PENSION AND ASSET MANAGEMENT SDN. BHD.,0.5591,validate_model_only_investor_economy,todo,operating_or_holding_company,,0.3590731048434652,shared_address_cluster;missing_direct_parent;missing_ultimate_parent,US,phase3_jurisdiction_model,E_model_predicted_jurisdiction,0.9848,US,0.9848,0.9782,US;DE;ASIA_OTHER,0.9848;0.0066;0.0027,,,,,1.0,AIA PENSION AND ASSET MANAGEMENT SDN. BHD.,100.0,exact,,,,KUALA LUMPUR,1.3976854846715725,0,0,0,0,0,0,1
254900SZP668HL6WKW65,AIA PUBLIC TAKAFUL BHD.,0.5591,validate_model_only_investor_economy,todo,operating_or_holding_company,,0.3590731048434652,shared_address_cluster;missing_direct_parent;missing_ultimate_parent,DE,phase3_jurisdiction_model,E_model_predicted_jurisdiction,0.2788,DE,0.2788,0.0128,DE;GB;US,0.2788;0.266;0.2447,,,,,1.0,AIA PUBLIC TAKAFUL BHD.,100.0,exact,,,,KUALA LUMPUR,1.3976854846715725,0,0,0,0,1,0,1
25490039W9NLTSQ3H640,AIIMAN ASSET MANAGEMENT SDN. BHD.,0.5591,validate_model_only_investor_economy,todo,operating_or_holding_company,,0.3590731048434652,shared_address_cluster;missing_direct_parent;missing_ultimate_parent,US,phase3_jurisdiction_model,E_model_predicted_jurisdiction,0.875,US,0.875,0.7792,US;SG;EUROPE,0.875;0.0958;0.0222,,,,,1.0,AIIMAN ASSET MANAGEMENT SDN. BHD.,100.0,exact,,,,Kuala Lumpur,1.3976854846715725,0,0,0,0,0,0,1
875500NDG3RT283I8531,AINASAR HOLDINGS SDN BHD,0.5591,validate_model_only_investor_economy,todo,operating_or_holding_company,,0.3590731048434652,non_consolidating_entity;missing_direct_parent;missing_ultimate_parent,DE,phase3_jurisdiction_model,E_model_predicted_jurisdiction,0.8191,DE,0.8191,0.6618,DE;US;GB,0.8191;0.1573;0.0125,,,,,1.0,AINASAR HOLDINGS SDN. BHD.,100.0,exact,,,,SHAH ALAM,1.3976854846715725,0,0,0,1,1,0,0
984500K6E4939C65FB63,AIRBUS HELICOPTERS MALAYSIA SDN. BHD.,0.5591,validate_model_only_investor_economy,todo,operating_or_holding_company,,0.3590731048434652,non_consolidating_entity;missing_direct_parent;missing_ultimate_parent,US,phase3_jurisdiction_model,E_model_predicted_jurisdiction,0.7166,US,0.7166,0.5689,US;DE;ASIA_OTHER,0.7166;0.1476;0.1341,,,,,1.0,AIRBUS HELICOPTERS MALAYSIA SDN. BHD.,100.0,exact,,,,KUALA LUMPUR,1.3976854846715725,0,0,0,1,1,0,0
25490032QNJY11T1GF45,AIRTRUNK MALAYSIA ONE INTERMEDIATE SDN. BHD.,0.5591,validate_model_only_investor_economy,todo,operating_or_holding_company,,0.3590731048434652,non_consolidating_entity;missing_direct_parent;missing_ultimate_parent,US,phase3_jurisdiction_model,E_model_predicted_jurisdiction,0.6978,US,0.6978,0.5224,US;SG;ASIA_OTHER,0.6978;0.1754;0.1258,,,,,1.0,AIRTRUNK MALAYSIA ONE INTERMEDIATE SDN. BHD.,100.0,exact,,,,Kuala Lumpur,1.3976854846715725,0,0,0,1,1,0,0
254900W4QYOAWWJSQQ11,AKKA SDN. BHD.,0.5591,validate_model_only_investor_economy,todo,operating_or_holding_company,,0.3590731048434652,shared_address_cluster;missing_direct_parent;missing_ultimate_parent,SG,phase3_jurisdiction_model,E_model_predicted_jurisdiction,0.9981,SG,0.9981,0.9975,SG;US;GB,0.9981;0.0006;0.0006,,,,,1.0,AKKA SDN. BHD.,100.0,exact,,,,Kuala Lumpur,1.3976854846715725,0,0,0,0,1,0,1
254900XWRJPEJTT4B388,AL RAJHI BANKING & INVESTMENT CORPORATION (MALAYSIA) BHD.,0.5591,validate_model_only_investor_economy,todo,financial_institution,,0.3590731048434652,shared_address_cluster;missing_direct_parent;missing_ultimate_parent,SG,phase3_jurisdiction_model,E_model_predicted_jurisdiction,0.9367,SG,0.9367,0.8857,SG;DE;US,0.9367;0.051;0.0092,,,,,1.0,AL RAJHI BANKING & INVESTMENT CORPORATION (MALAYSIA) BHD.,100.0,exact,,,,Kuala Lumpur,1.3976854846715725,0,0,0,0,1,0,1
254900XR71RTUQJWDE29,Adventist Hospital & Clinic Services (M),0.5591,validate_model_only_investor_economy,todo,operating_or_holding_company,,0.3590731048434652,non_consolidating_entity;missing_direct_parent;missing_ultimate_parent,US,phase3_jurisdiction_model,E_model_predicted_jurisdiction,0.793,US,0.793,0.6817,US;SG;EUROPE,0.793;0.1113;0.0657,,,,,1.0,ADVENTIST HOSPITAL & CLINIC SERVICES (M),100.0,exact,,,,Georgetown,1.3976854846715725,0,0,0,1,1,0,0
25490099DKY6ZZ1CEX82,AIRTRUNK MALAYSIA TWO SDN. BHD.,0.5591,find_parent_or_investor_economy,todo,operating_or_holding_company,,0.30907310484346523,missing_direct_parent;missing_ultimate_parent,,unassigned,U_unassigned,0.0,,,,,,,,,,0.0,,,,,,,KUALA LUMPUR,1.3976854846715725,0,0,0,0,0,0,0
2549005VFLQUW66CJN66,ATLANTIC BLUE SDN. BHD.,0.5591,find_parent_or_investor_economy,todo,operating_or_holding_company,,0.30907310484346523,missing_direct_parent;missing_ultimate_parent,,unassigned,U_unassigned,0.0,,,,,,,,,,0.0,,,,,,,KUALA LUMPUR,1.3976854846715725,0,0,0,0,0,0,0
254900K92K67T1RZ0N09,AZMAN HASHIM CAPITAL SDN. BHD.,0.5591,find_parent_or_investor_economy,todo,operating_or_holding_company,,0.30907310484346523,missing_direct_parent;missing_ultimate_parent,,unassigned,U_unassigned,0.0,,,,,,,,,,0.0,,,,,,,PETALING JAYA,1.3976854846715725,0,0,0,0,0,0,0
984500ZS05NA2DDC4967,CAMERON COMMODITIES SDN. BHD.,0.5591,find_parent_or_investor_economy,todo,operating_or_holding_company,,0.30907310484346523,missing_direct_parent;missing_ultimate_parent,,unassigned,U_unassigned,0.0,,,,,,,,,,0.0,,,,,,,SHAH ALAM,1.3976854846715725,0,0,0,0,0,0,0
254900ZJKJ9FFO367K29,CFM Argos Pte. Ltd.,0.5591,find_parent_or_investor_economy,todo,operating_or_holding_company,,0.30907310484346523,missing_direct_parent;missing_ultimate_parent,,unassigned,U_unassigned,0.0,,,,,,,,,,0.0,,,,,,,Labuan,1.3976854846715725,0,0,0,0,0,0,0
254900IOZXA8PM31EW94,FAMPRO TISSUE MALAYSIA SDN. BHD.,0.5591,find_parent_or_investor_economy,todo,operating_or_holding_company,,0.30907310484346523,missing_direct_parent;missing_ultimate_parent,,unassigned,U_unassigned,0.0,,,,,,,,,,0.0,,,,,,,KUALA LUMPUR,1.3976854846715725,0,0,0,0,0,0,0
9845006799BD8C05T186,GOLDHILL AWESOME SDN. BHD.,0.5591,find_parent_or_investor_economy,todo,operating_or_holding_company,,0.30907310484346523,missing_direct_parent;missing_ultimate_parent,,unassigned,U_unassigned,0.0,,,,,,,,,,0.0,,,,,,,MELAKA,1.3976854846715725,0,0,0,0,0,0,0
254900B9J92SNBA0F113,JIANG XIA PLANTATIONS SDN. BHD.,0.5591,find_parent_or_investor_economy,todo,operating_or_holding_company,,0.30907310484346523,missing_direct_parent;missing_ultimate_parent,,unassigned,U_unassigned,0.0,,,,,,,,,,0.0,,,,,,,Kuala Lumpur,1.3976854846715725,0,0,0,0,0,0,0
254900ARWL6ARMMNWC46,JIANGXIA ENTERPRISES SDN. BHD.,0.5591,find_parent_or_investor_economy,todo,operating_or_holding_company,,0.30907310484346523,missing_direct_parent;missing_ultimate_parent,,unassigned,U_unassigned,0.0,,,,,,,,,,0.0,,,,,,,Kuala Lumpur,1.3976854846715725,0,0,0,0,0,0,0
254900TJ2RP7IYVYEX13,LBN FinCo I Limited,0.5591,find_parent_or_investor_economy,todo,operating_or_holding_company,,0.30907310484346523,missing_direct_parent;missing_ultimate_parent,,unassigned,U_unassigned,0.0,,,,,,,,,,0.0,,,,,,,Federal Territory of Labuan,1.3976854846715725,0,0,0,0,0,0,0
254900ZM8XU38GED4L88,MYFP SERVICES SDN BHD,0.5591,find_parent_or_investor_economy,todo,operating_or_holding_company,,0.30907310484346523,missing_direct_parent;missing_ultimate_parent,,unassigned,U_unassigned,0.0,,,,,,,,,,0.0,,,,,,,PUCHONG,1.3976854846715725,0,0,0,0,0,0,0
254900OXA1QQLTW68560,Malaysia Airlines Berhad,0.5591,find_parent_or_investor_economy,todo,operating_or_holding_company,,0.30907310484346523,missing_direct_parent;missing_ultimate_parent,,unassigned,U_unassigned,0.0,,,,,,,,,,0.0,,,,,,,Kuala Lumpur,1.3976854846715725,0,0,0,0,0,0,0
2549003LRSBLO6052578,Mekar Capital I Ltd.,0.5591,find_parent_or_investor_economy,todo,operating_or_holding_company,,0.30907310484346523,missing_direct_parent;missing_ultimate_parent,,unassigned,U_unassigned,0.0,,,,,,,,,,0.0,,,,,,,Labuan,1.3976854846715725,0,0,0,0,0,0,0
254900B9J5FI139C0942,Mekar Capital II Ltd.,0.5591,find_parent_or_investor_economy,todo,operating_or_holding_company,,0.30907310484346523,missing_direct_parent;missing_ultimate_parent,,unassigned,U_unassigned,0.0,,,,,,,,,,0.0,,,,,,,Labuan,1.3976854846715725,0,0,0,0,0,0,0
984500BDD6D0988B1B77,NACM OHQ SDN. BHD.,0.5591,find_parent_or_investor_economy,todo,operating_or_holding_company,,0.30907310484346523,missing_direct_parent;missing_ultimate_parent,,unassigned,U_unassigned,0.0,,,,,,,,,,0.0,,,,,,,KUALA LUMPUR,1.3976854846715725,0,0,0,0,0,0,0
254900MJU8PC4OQEVE19,NORIPHARMA SDN. BHD.,0.5591,find_parent_or_investor_economy,todo,operating_or_holding_company,,0.30907310484346523,missing_direct_parent;missing_ultimate_parent,,unassigned,U_unassigned,0.0,,,,,,,,,,0.0,,,,,,,KLANG,1.3976854846715725,0,0,0,0,0,0,0
98450064AFE3D61E1394,PENGERANG BIOREFINERY SDN. BHD.,0.5591,find_parent_or_investor_economy,todo,operating_or_holding_company,,0.30907310484346523,missing_direct_parent;missing_ultimate_parent,,unassigned,U_unassigned,0.0,,,,,,,,,,0.0,,,,,,,JALAN AMPANG,1.3976854846715725,0,0,0,0,0,0,0
9845007B4N0543DCQB71,PPS CAPITAL Ltd.,0.5591,find_parent_or_investor_economy,todo,operating_or_holding_company,,0.30907310484346523,missing_direct_parent;missing_ultimate_parent,,unassigned,U_unassigned,0.0,,,,,,,,,,0.0,,,,,,,Federal Territory of Labuan,1.3976854846715725,0,0,0,0,0,0,0
984500D6FB4F091B1D06,PROVIDENT FIDUCIARIES BERHAD,0.5591,find_parent_or_investor_economy,todo,operating_or_holding_company,,0.30907310484346523,missing_direct_parent;missing_ultimate_parent,,unassigned,U_unassigned,0.0,,,,,,,,,,0.0,,,,,,,KUALA LUMPUR,1.3976854846715725,0,0,0,0,0,0,0
984500FCEC1512E5N691,RENT & RIDE LUXURY EMPIRE,0.5591,find_parent_or_investor_economy,todo,operating_or_holding_company,,0.30907310484346523,missing_direct_parent;missing_ultimate_parent,,unassigned,U_unassigned,0.0,,,,,,,,,,0.0,,,,,,,Petaling Jaya,1.3976854846715725,0,0,0,0,0,0,0
2549004PSLMREKN58L14,SAMSUNG MALAYSIA ELECTRONICS (SME) SDN. BHD.,0.5591,find_parent_or_investor_economy,todo,operating_or_holding_company,,0.30907310484346523,missing_direct_parent;missing_ultimate_parent,,unassigned,U_unassigned,0.0,,,,,,,,,,0.0,,,,,,,PETALING JAYA,1.3976854846715725,0,0,0,0,0,0,0
254900GXKS4HX9H05631,SOLARVEST HOLDINGS BERHAD,0.5591,find_parent_or_investor_economy,todo,operating_or_holding_company,,0.30907310484346523,missing_direct_parent;missing_ultimate_parent,,unassigned,U_unassigned,0.0,,,,,,,,,,0.0,,,,,,,KUALA LUMPUR,1.3976854846715725,0,0,0,0,0,0,0
5299005SCD5ZIME65422,Siemens Malaysia Sdn. Bhd.,0.5591,find_parent_or_investor_economy,todo,operating_or_holding_company,,0.30907310484346523,missing_direct_parent;missing_ultimate_parent,,unassigned,U_unassigned,0.0,,,,,,,,,,0.0,,,,,,,Kuala Lumpur,1.3976854846715725,0,0,0,0,0,0,0
9845009C7B565451BC32,TERAHOP SDN. BHD.,0.5591,find_parent_or_investor_economy,todo,operating_or_holding_company,,0.30907310484346523,missing_direct_parent;missing_ultimate_parent,,unassigned,U_unassigned,0.0,,,,,,,,,,0.0,,,,,,,KUALA LUMPUR,1.3976854846715725,0,0,0,0,0,0,0
9845000A7183E8668958,TGT Bank Limited,0.5591,find_parent_or_investor_economy,todo,financial_institution,,0.30907310484346523,missing_direct_parent;missing_ultimate_parent,,unassigned,U_unassigned,0.0,,,,,,,,,,0.0,,,,,,,Labuan,1.3976854846715725,0,0,0,0,0,0,0
254900TYVAV7GHKKDT33,THE DSS TRUST,0.5591,find_parent_or_investor_economy,todo,operating_or_holding_company,,0.30907310484346523,missing_direct_parent;missing_ultimate_parent,,unassigned,U_unassigned,0.0,,,,,,,,,,0.0,,,,,,,SUBANG JAYA,1.3976854846715725,0,0,0,0,0,0,0
254900J8JG5UYTDQEJ91,WARKAH ADNAN SDN. BHD.,0.5591,find_parent_or_investor_economy,todo,operating_or_holding_company,,0.30907310484346523,missing_direct_parent;missing_ultimate_parent,,unassigned,U_unassigned,0.0,,,,,,,,,,0.0,,,,,,,KUALA LUMPUR,1.3976854846715725,0,0,0,0,0,0,0
254900427DJB6V6NQR43,WENGSON HOLDINGS SDN. BHD.,0.5591,find_parent_or_investor_economy,todo,operating_or_holding_company,,0.30907310484346523,missing_direct_parent;missing_ultimate_parent,,unassigned,U_unassigned,0.0,,,,,,,,,,0.0,,,,,,,JOHOR,1.3976854846715725,0,0,0,0,0,0,0
9845000C656F107C9707,WG DATA HUB SDN. BHD.,0.5591,find_parent_or_investor_economy,todo,operating_or_holding_company,,0.30907310484346523,missing_direct_parent;missing_ultimate_parent,,unassigned,U_unassigned,0.0,,,,,,,,,,0.0,,,,,,,KUALA LUMPUR,1.3976854846715725,0,0,0,0,0,0,0
2549005HQ8XULVIR2Y86,Sunway Education Group Sdn. Bhd.,0.553,verify_address_cluster_parent,todo,operating_or_holding_company,,0.4329608327064983,shared_address_cluster;missing_direct_parent;missing_ultimate_parent,MY,phase2_address_cluster,D_address_cluster,0.6,DE,0.6678,0.51,DE;GB;US,0.6678;0.1578;0.1325,,,,,0.0,,,,,,,Subang Jaya,6.158638869402331,0,0,0,0,1,0,1
2138005WBTDA5ZJY2U73,KHAZANAH NASIONAL BERHAD,0.55,known_uie_but_high_coverage_gap,verified,manual_verified_entity,,0.5499999999999999,large_network_presence;shared_address_cluster;missing_direct_parent;missing_ultimate_parent,MY,manual_verified,A_manual_verified_uie,0.98,AMERICAS_OTHER,0.9632,0.9429,AMERICAS_OTHER;ASIA_OTHER;GB,0.9632;0.0203;0.0069,,,,,0.0,,,,Malaysia sovereign wealth fund owned by Minister of Finance Incorporated,https://www.khazanah.com.my/who-we-are/about-us/,Khazanah official About Us page states it is Malaysia's sovereign wealth fund and owned by Minister of Finance Incorporated,KUALA LUMPUR,39.48531256251764,0,0,0,0,1,0,1
254900ZM7DDFFP0PED91,AFFIN ISLAMIC BANK BERHAD,0.5491,verify_address_cluster_parent,todo,financial_institution,,0.40907310484346526,shared_address_cluster;non_consolidating_entity;missing_direct_parent;missing_ultimate_parent,MY,phase2_address_cluster,D_address_cluster,0.6,SG,0.7869,0.7181,SG;OFFSHORE;OTHER,0.7869;0.0688;0.0679,,,,,1.0,AFFIN ISLAMIC BANK BERHAD,100.0,exact,,,,Kuala Lumpur,1.3976854846715725,0,0,0,1,1,0,1
549300OQZXD6UL31WQ94,KNOWLES IPC (M) SDN. BHD.,0.5465,verify_name_matched_parent,todo,operating_or_holding_company,,0.4664833026968169,inferred_parent_match;missing_direct_parent;missing_ultimate_parent,US,phase1_name_match,C_name_match_high,1.0,US,0.9987,0.9981,US;DE;GB,0.9987;0.0006;0.0002,,,,,0.0,,,,,,,BAYAN LEPAS,4.609101298029189,0,0,0,0,1,1,0
549300DVY17CGY1MO613,ALLIANZ LIFE INSURANCE MALAYSIA BERHAD,0.5391,verify_name_matched_parent,todo,operating_or_holding_company,,0.4590731048434652,inferred_parent_match;non_consolidating_entity;missing_direct_parent;missing_ultimate_parent,DE,phase1_name_match,C_name_match_high,1.0,DE,0.9959,0.9938,DE;US;GB,0.9959;0.0021;0.0011,,,,,0.0,,,,,,,KUALA LUMPUR,1.3976854846715725,0,0,0,1,1,1,0
549300HV4GOIOIOKHO67,ALLIANZ MALAYSIA BERHAD.,0.5391,verify_name_matched_parent,todo,operating_or_holding_company,,0.4590731048434652,inferred_parent_match;non_consolidating_entity;missing_direct_parent;missing_ultimate_parent,DE,phase1_name_match,C_name_match_high,1.0,DE,0.9997,0.9995,DE;US;GB,0.9997;0.0001;0.0001,,,,,0.0,,,,,,,KUALA LUMPUR,1.3976854846715725,0,0,0,1,1,1,0
549300TCFQH464NI3L16,CITIGROUP GLOBAL MARKETS MALAYSIA SDN. BHD.,0.5391,verify_name_matched_parent,todo,operating_or_holding_company,,0.4590731048434652,inferred_parent_match;shared_address_cluster;missing_direct_parent;missing_ultimate_parent,US,phase1_name_match,C_name_match_high,1.0,US,0.9989,0.9983,US;DE;SG,0.9989;0.0005;0.0004,,,,,0.0,,,,,,,KUALA LUMPUR,1.3976854846715725,0,0,0,0,0,1,1
549300X2CJK1MVJWDS72,CITIGROUP TRANSACTION SERVICES (M) SDN. BHD.,0.5391,verify_name_matched_parent,todo,operating_or_holding_company,,0.4590731048434652,inferred_parent_match;shared_address_cluster;missing_direct_parent;missing_ultimate_parent,US,phase1_name_match,C_name_match_high,1.0,US,0.9988,0.9983,US;DE;SG,0.9988;0.0005;0.0004,,,,,0.0,,,,,,,KUALA LUMPUR,1.3976854846715725,0,0,0,0,0,1,1
254900818621L65FSB10,GREAT EASTERN TAKAFUL BERHAD,0.5391,verify_name_matched_parent,todo,operating_or_holding_company,,0.4590731048434652,inferred_parent_match;non_consolidating_entity;missing_direct_parent;missing_ultimate_parent,SG,phase1_name_match,C_name_match_high,1.0,SG,0.9957,0.9935,SG;US;OFFSHORE,0.9957;0.0022;0.0012,,,,,0.0,,,,,,,Kuala Lumpur,1.3976854846715725,0,0,0,1,1,1,0
254900YGFFTQS4GX6H19,Great Eastern General Insurance (Malaysia) Berhad,0.5391,verify_name_matched_parent,todo,operating_or_holding_company,,0.4590731048434652,inferred_parent_match;non_consolidating_entity;missing_direct_parent;missing_ultimate_parent,SG,phase1_name_match,C_name_match_high,1.0,SG,0.9968,0.9949,SG;US;DE,0.9968;0.0019;0.0006,,,,,0.0,,,,,,,Kuala Lumpur,1.3976854846715725,0,0,0,1,1,1,0
2549006SLU3EWMCLT331,IFAST CAPITAL SDN. BHD.,0.5391,verify_name_matched_parent,todo,operating_or_holding_company,,0.4590731048434652,inferred_parent_match;shared_address_cluster;missing_direct_parent;missing_ultimate_parent,SG,phase1_name_match,C_name_match_high,1.0,SG,0.9954,0.9933,SG;US;GB,0.9954;0.0022;0.0012,,,,,0.0,,,,,,,Kuala Lumpur,1.3976854846715725,0,0,0,0,0,1,1
213800HX2VUZIKE73746,JOHNSON CONTROLS HITACHI AIR CONDITIONING MALAYSIA SDN. BHD.,0.5391,verify_name_matched_parent,todo,operating_or_holding_company,,0.4590731048434652,inferred_parent_match;non_consolidating_entity;missing_direct_parent;missing_ultimate_parent,US,phase1_name_match,C_name_match_high,1.0,US,0.9985,0.9979,US;SG;EUROPE,0.9985;0.0006;0.0006,,,,,0.0,,,,,,,BANDAR BARU BANGI,1.3976854846715725,0,0,0,1,1,1,0
YDU2S9478U5ID1CGWI97,MEAD JOHNSON NUTRITION (MALAYSIA) SDN. BHD.,0.5391,verify_name_matched_parent,todo,operating_or_holding_company,,0.4590731048434652,inferred_parent_match;shared_address_cluster;missing_direct_parent;missing_ultimate_parent,US,phase1_name_match,C_name_match_high,1.0,US,0.9984,0.9977,US;GB;DE,0.9984;0.0007;0.0005,,,,,0.0,,,,,,,KUALA LUMPUR,1.3976854846715725,0,0,0,0,1,1,1
549300JTJBG2QBI8KD48,STANDARD CHARTERED BANK MALAYSIA BERHAD,0.5391,verify_name_matched_parent,todo,financial_institution,,0.4590731048434652,inferred_parent_match;shared_address_cluster;missing_direct_parent;missing_ultimate_parent,GB,phase1_name_match,C_name_match_high,1.0,GB,0.9939,0.9899,GB;DE;US,0.9939;0.004;0.0016,,,,,0.0,,,,,,,KUALA LUMPUR,1.3976854846715725,0,0,0,0,0,1,1
549300Q00QU7BNARF391,STANDARD CHARTERED SAADIQ BERHAD,0.5391,verify_name_matched_parent,todo,operating_or_holding_company,,0.4590731048434652,inferred_parent_match;shared_address_cluster;missing_direct_parent;missing_ultimate_parent,GB,phase1_name_match,C_name_match_high,1.0,GB,0.9908,0.9853,GB;SG;US,0.9908;0.0055;0.0018,,,,,0.0,,,,,,,KUALA LUMPUR,1.3976854846715725,0,0,0,0,0,1,1
984500F08D9C68CECE57,4XHUB LIMITED,0.5391,validate_model_only_investor_economy,todo,operating_or_holding_company,,0.3590731048434652,shared_address_cluster;missing_direct_parent;missing_ultimate_parent,OFFSHORE,phase3_jurisdiction_model,E_model_predicted_jurisdiction,0.9988,OFFSHORE,0.9988,0.9983,OFFSHORE;GB;US,0.9988;0.0005;0.0005,,,,,0.0,,,,,,,Labuan,1.3976854846715725,0,0,0,0,1,0,1
984500E1A4LD99YF1034,9Media Online Inc.,0.5391,validate_model_only_investor_economy,todo,operating_or_holding_company,,0.3590731048434652,shared_address_cluster;missing_direct_parent;missing_ultimate_parent,GB,phase3_jurisdiction_model,E_model_predicted_jurisdiction,0.9965,GB,0.9965,0.9938,GB;US;DE,0.9965;0.0027;0.0005,,,,,0.0,,,,,,,Jalan Ranca-Ranca,1.3976854846715725,0,0,0,0,1,0,1
549300MLEOKFSZGZXK65,ABSOLUTE ANALOGUE INC.,0.5391,validate_model_only_investor_economy,todo,operating_or_holding_company,,0.3590731048434652,shared_address_cluster;missing_direct_parent;missing_ultimate_parent,GB,phase3_jurisdiction_model,E_model_predicted_jurisdiction,0.7989,GB,0.7989,0.6774,GB;US;DE,0.7989;0.1215;0.0741,,,,,0.0,,,,,,,LABUAN,1.3976854846715725,0,0,0,0,1,0,1
2549002ET8MOSBI6PR30,AET TANKERS VLCC III PTE. LTD.,0.5391,validate_model_only_investor_economy,todo,operating_or_holding_company,,0.3590731048434652,shared_address_cluster;missing_direct_parent;missing_ultimate_parent,GB,phase3_jurisdiction_model,E_model_predicted_jurisdiction,0.6895,GB,0.6895,0.3946,GB;EUROPE;SG,0.6895;0.295;0.0093,,,,,0.0,,,,,,,Labuan,1.3976854846715725,0,0,0,0,1,0,1
254900YO3XKP0C4ZY729,AFS Global Limited,0.5391,validate_model_only_investor_economy,todo,operating_or_holding_company,,0.3590731048434652,shared_address_cluster;missing_direct_parent;missing_ultimate_parent,GB,phase3_jurisdiction_model,E_model_predicted_jurisdiction,0.9445,GB,0.9445,0.9115,GB;US;DE,0.9445;0.033;0.0133,,,,,0.0,,,,,,,Victoria,1.3976854846715725,0,0,0,0,1,0,1
254900UZANO7X02H0C46,AL WASL LIMITED,0.5391,validate_model_only_investor_economy,todo,operating_or_holding_company,,0.3590731048434652,shared_address_cluster;missing_direct_parent;missing_ultimate_parent,MIDEAST_AFRICA,phase3_jurisdiction_model,E_model_predicted_jurisdiction,1.0,MIDEAST_AFRICA,1.0,0.9999,MIDEAST_AFRICA;GB;US,1.0;0.0;0.0,,,,,0.0,,,,,,,Labuan,1.3976854846715725,0,0,0,0,1,0,1
2138006CSOOSJCAAFR53,ALFA ASSETS GROUP LIMITED,0.5391,validate_model_only_investor_economy,todo,operating_or_holding_company,,0.3590731048434652,non_consolidating_entity;missing_direct_parent;missing_ultimate_parent,DE,phase3_jurisdiction_model,E_model_predicted_jurisdiction,0.9364,DE,0.9364,0.8791,DE;US;OFFSHORE,0.9364;0.0572;0.0039,,,,,0.0,,,,,,,LABUAN,1.3976854846715725,0,0,0,1,1,0,0
549300FITJNP2AJ0GM23,ALFA TRADING LIMITED,0.5391,validate_model_only_investor_economy,todo,operating_or_holding_company,,0.3590731048434652,non_consolidating_entity;missing_direct_parent;missing_ultimate_parent,GB,phase3_jurisdiction_model,E_model_predicted_jurisdiction,0.7577,GB,0.7577,0.5866,GB;US;DE,0.7577;0.1711;0.0674,,,,,0.0,,,,,,,VICTORIA,1.3976854846715725,0,0,0,1,1,0,0
2JJF46RULNMN5RTBEC18,ALLIANCE BANK MALAYSIA BERHAD,0.5391,validate_model_only_investor_economy,todo,financial_institution,,0.3590731048434652,non_consolidating_entity;missing_direct_parent;missing_ultimate_parent,DE,phase3_jurisdiction_model,E_model_predicted_jurisdiction,0.8535,DE,0.8535,0.768,DE;GB;US,0.8535;0.0855;0.0537,,,,,0.0,,,,,,,KUALA LUMPUR,1.3976854846715725,0,0,0,1,1,0,0
2549002EVHBTC4E55B50,ALLIANCES GLOBAL TECHNOLOGY SDN BHD,0.5391,validate_model_only_investor_economy,todo,operating_or_holding_company,,0.3590731048434652,non_consolidating_entity;missing_direct_parent;missing_ultimate_parent,DE,phase3_jurisdiction_model,E_model_predicted_jurisdiction,0.8105,DE,0.8105,0.6225,DE;US;SG,0.8105;0.188;0.0011,,,,,0.0,,,,,,,Bayan Lepas,1.3976854846715725,0,0,0,1,1,0,0
254900BSZ0H4RMTD8R46,ALLIARC LIMITED,0.5391,validate_model_only_investor_economy,todo,operating_or_holding_company,,0.3590731048434652,shared_address_cluster;missing_direct_parent;missing_ultimate_parent,MIDEAST_AFRICA,phase3_jurisdiction_model,E_model_predicted_jurisdiction,0.975,MIDEAST_AFRICA,0.975,0.9508,MIDEAST_AFRICA;OFFSHORE;GB,0.975;0.0242;0.0004,,,,,0.0,,,,,,,Labuan,1.3976854846715725,0,0,0,0,1,0,1
5493004MWB63QC1HRR05,ALSTOM RENEWABLE MALAYSIA SDN. BHD.,0.5391,validate_model_only_investor_economy,todo,operating_or_holding_company,,0.3590731048434652,shared_address_cluster;missing_direct_parent;missing_ultimate_parent,US,phase3_jurisdiction_model,E_model_predicted_jurisdiction,0.9965,US,0.9965,0.9936,US;DE;SG,0.9965;0.0029;0.0003,,,,,0.0,,,,,,,KUALA LUMPUR,1.3976854846715725,0,0,0,0,1,0,1
549300Z9PXPL24PIRQ34,ALSTOM SERVICES SDN. BHD.,0.5391,validate_model_only_investor_economy,todo,operating_or_holding_company,,0.3590731048434652,shared_address_cluster;missing_direct_parent;missing_ultimate_parent,US,phase3_jurisdiction_model,E_model_predicted_jurisdiction,0.9767,US,0.9767,0.9595,US;DE;OFFSHORE,0.9767;0.0171;0.0048,,,,,0.0,,,,,,,KUALA LUMPUR,1.3976854846715725,0,0,0,0,1,0,1
2549001DUPNFSV5K0I33,AMANAH RAYA BERHAD,0.5391,validate_model_only_investor_economy,todo,operating_or_holding_company,,0.3590731048434652,non_consolidating_entity;missing_direct_parent;missing_ultimate_parent,SG,phase3_jurisdiction_model,E_model_predicted_jurisdiction,0.9828,SG,0.9828,0.966,SG;GB;OFFSHORE,0.9828;0.0168;0.0002,,,,,0.0,,,,,,,Kuala Lumpur,1.3976854846715725,0,0,0,1,1,0,0
549300Z0P8NDN88T2269,AMBANK ISLAMIC BERHAD,0.5391,validate_model_only_investor_economy,todo,financial_institution,,0.3590731048434652,shared_address_cluster;missing_direct_parent;missing_ultimate_parent,GB,phase3_jurisdiction_model,E_model_predicted_jurisdiction,0.9806,GB,0.9806,0.9682,GB;DE;US,0.9806;0.0124;0.0035,,,,,0.0,,,,,,,KUALA LUMPUR,1.3976854846715725,0,0,0,0,0,0,1
984500D837C66BCE6790,AMERALD PROPERTIES SDN. BHD.,0.5391,validate_model_only_investor_economy,todo,operating_or_holding_company,,0.3590731048434652,non_consolidating_entity;missing_direct_parent;missing_ultimate_parent,DE,phase3_jurisdiction_model,E_model_predicted_jurisdiction,0.9785,DE,0.9785,0.9687,DE;US;EUROPE,0.9785;0.0098;0.0064,,,,,0.0,,,,,,,Taman Pelangi,1.3976854846715725,0,0,0,1,1,0,0
5493008IBLS64L71NM85,AMINVESTMENT BANK BERHAD,0.5391,validate_model_only_investor_economy,todo,financial_institution,,0.3590731048434652,shared_address_cluster;missing_direct_parent;missing_ultimate_parent,DE,phase3_jurisdiction_model,E_model_predicted_jurisdiction,0.9046,DE,0.9046,0.865,DE;GB;OFFSHORE,0.9046;0.0395;0.028,,,,,0.0,,,,,,,KUALA LUMPUR,1.3976854846715725,0,0,0,0,0,0,1
5493009FLIL7LBCQ6451,AMWAY BUSINESS SERVICES ASIA PACIFIC SDN. BHD.,0.5391,validate_model_only_investor_economy,todo,operating_or_holding_company,,0.3590731048434652,non_consolidating_entity;missing_direct_parent;missing_ultimate_parent,US,phase3_jurisdiction_model,E_model_predicted_jurisdiction,0.9992,US,0.9992,0.9989,US;DE;EUROPE,0.9992;0.0003;0.0002,,,,,0.0,,,,,,,PETALING JAYA,1.3976854846715725,0,0,0,1,1,0,0
549300ENRQILT2OWM378,ARCUS SOUTH EAST ASIA SDN. BHD.,0.5391,validate_model_only_investor_economy,todo,operating_or_holding_company,,0.3590731048434652,non_consolidating_entity;missing_direct_parent;missing_ultimate_parent,DE,phase3_jurisdiction_model,E_model_predicted_jurisdiction,0.468,DE,0.468,0.1832,DE;EUROPE;GB,0.468;0.2848;0.2386,,,,,0.0,,,,,,,KUALA LUMPUR,1.3976854846715725,0,0,0,1,1,0,0
2549002FBZ9DJH90FX03,ASIA CAPITAL REINSURANCE MALAYSIA SDN. BHD.,0.5391,validate_model_only_investor_economy,todo,operating_or_holding_company,,0.3590731048434652,non_consolidating_entity;missing_direct_parent;missing_ultimate_parent,SG,phase3_jurisdiction_model,E_model_predicted_jurisdiction,0.8249,SG,0.8249,0.7325,SG;DE;US,0.8249;0.0924;0.0802,,,,,0.0,,,,,,,Kuala Lumpur,1.3976854846715725,0,0,0,1,1,0,0
254900BKTLRAZX3X8U66,ASIA FILE PRODUCTS SDN. BHD.,0.5391,validate_model_only_investor_economy,todo,operating_or_holding_company,,0.3590731048434652,non_consolidating_entity;missing_direct_parent;missing_ultimate_parent,GB,phase3_jurisdiction_model,E_model_predicted_jurisdiction,0.6435,GB,0.6435,0.2908,GB;DE;US,0.6435;0.3527;0.002,,,,,0.0,,,,,,,GEORGE TOWN,1.3976854846715725,0,0,0,1,1,0,0
2549003YABDXV1PCUJ86,ASIA OIL PALM SDN BHD,0.5391,validate_model_only_investor_economy,todo,operating_or_holding_company,,0.3590731048434652,non_consolidating_entity;missing_direct_parent;missing_ultimate_parent,GB,phase3_jurisdiction_model,E_model_predicted_jurisdiction,0.6621,GB,0.6621,0.4894,GB;DE;EUROPE,0.6621;0.1728;0.1542,,,,,0.0,,,,,,,Johor Bahru,1.3976854846715725,0,0,0,1,1,0,0
2549001RA7KGAJ8HI852,AVIAN CAPITAL SDN. BHD.,0.5391,validate_model_only_investor_economy,todo,operating_or_holding_company,,0.3590731048434652,non_consolidating_entity;missing_direct_parent;missing_ultimate_parent,US,phase3_jurisdiction_model,E_model_predicted_jurisdiction,0.8777,US,0.8777,0.7974,US;DE;EUROPE,0.8777;0.0803;0.0354,,,,,0.0,,,,,,,PETALING JAYA,1.3976854846715725,0,0,0,1,1,0,0
9845009FDB4S47668460,AirAsia RB 1 Ltd.,0.5391,validate_model_only_investor_economy,todo,operating_or_holding_company,,0.3590731048434652,non_consolidating_entity;missing_direct_parent;missing_ultimate_parent,MIDEAST_AFRICA,phase3_jurisdiction_model,E_model_predicted_jurisdiction,0.8166,MIDEAST_AFRICA,0.8166,0.7169,MIDEAST_AFRICA;EUROPE;DE,0.8166;0.0997;0.0746,,,,,0.0,,,,,,,Labuan,1.3976854846715725,0,0,0,1,1,0,0
549300PUUYOKQNKSWS07,Alchemy Capital Inc.,0.5391,validate_model_only_investor_economy,todo,operating_or_holding_company,,0.3590731048434652,non_consolidating_entity;missing_direct_parent;missing_ultimate_parent,GB,phase3_jurisdiction_model,E_model_predicted_jurisdiction,0.8388,GB,0.8388,0.7544,GB;DE;US,0.8388;0.0844;0.0732,,,,,0.0,,,,,,,George town,1.3976854846715725,0,0,0,1,1,0,0
984500AC0B1E8ADB4164,Alpha Eastsprings,0.5391,validate_model_only_investor_economy,todo,operating_or_holding_company,,0.3590731048434652,shared_address_cluster;missing_direct_parent;missing_ultimate_parent,OFFSHORE,phase3_jurisdiction_model,E_model_predicted_jurisdiction,0.6036,OFFSHORE,0.6036,0.2076,OFFSHORE;US;GB,0.6036;0.396;0.0003,,,,,0.0,,,,,,,Jalan Ranca-Ranca,1.3976854846715725,0,0,0,0,1,0,1
254900OPFG2O72PWSN02,Arkiskape Sdn. Bhd.,0.5391,validate_model_only_investor_economy,todo,operating_or_holding_company,,0.3590731048434652,non_consolidating_entity;missing_direct_parent;missing_ultimate_parent,GB,phase3_jurisdiction_model,E_model_predicted_jurisdiction,0.9874,GB,0.9874,0.9783,GB;US;DE,0.9874;0.0091;0.0032,,,,,0.0,,,,,,,Kuching,1.3976854846715725,0,0,0,1,1,0,0
254900FCUQYJICJXKD23,Ascrolite Design Sdn. Bhd.,0.5391,validate_model_only_investor_economy,todo,operating_or_holding_company,,0.3590731048434652,non_consolidating_entity;missing_direct_parent;missing_ultimate_parent,DE,phase3_jurisdiction_model,E_model_predicted_jurisdiction,0.5631,DE,0.5631,0.1665,DE;US;OFFSHORE,0.5631;0.3966;0.0359,,,,,0.0,,,,,,,Bukit Mertajam,1.3976854846715725,0,0,0,1,1,0,0
984500B9D983CBEBJ414,Asia Digital Bank Ltd. (Labuan Investment Bank),0.5391,validate_model_only_investor_economy,todo,financial_institution,,0.3590731048434652,shared_address_cluster;missing_direct_parent;missing_ultimate_parent,ASIA_OTHER,phase3_jurisdiction_model,E_model_predicted_jurisdiction,0.9978,ASIA_OTHER,0.9978,0.9965,ASIA_OTHER;GB;EUROPE,0.9978;0.0013;0.0007,,,,,0.0,,,,,,,Labuan,1.3976854846715725,0,0,0,0,1,0,1
98450045CEC145J9E557,Asia Pacific Investment Bank Ltd.,0.5391,validate_model_only_investor_economy,todo,financial_institution,,0.3590731048434652,shared_address_cluster;missing_direct_parent;missing_ultimate_parent,GB,phase3_jurisdiction_model,E_model_predicted_jurisdiction,0.8496,GB,0.8496,0.7332,GB;EUROPE;DE,0.8496;0.1164;0.0163,,,,,0.0,,,,,,,Labuan,1.3976854846715725,0,0,0,0,1,0,1
529900LEXOLAYSGGNM62,Associated Pan Malaysia Cement Sdn Bhd,0.5391,validate_model_only_investor_economy,todo,operating_or_holding_company,,0.3590731048434652,non_consolidating_entity;missing_direct_parent;missing_ultimate_parent,US,phase3_jurisdiction_model,E_model_predicted_jurisdiction,0.5277,US,0.5277,0.0579,US;DE;SG,0.5277;0.4698;0.0019,,,,,0.0,,,,,,,Petaling Jaya,1.3976854846715725,0,0,0,1,1,0,0
894500SX00MV8RYWS248,Avex Investment Limited,0.5391,validate_model_only_investor_economy,todo,operating_or_holding_company,,0.3590731048434652,shared_address_cluster;missing_direct_parent;missing_ultimate_parent,GB,phase3_jurisdiction_model,E_model_predicted_jurisdiction,0.6086,GB,0.6086,0.3153,GB;US;DE,0.6086;0.2932;0.0962,,,,,0.0,,,,,,,Federal Territory of Labuan,1.3976854846715725,0,0,0,0,1,0,1
549300XHR4M6CDZS9M83,B.B. ENERGY MALAYSIA LTD,0.5391,validate_model_only_investor_economy,todo,operating_or_holding_company,,0.3590731048434652,shared_address_cluster;missing_direct_parent;missing_ultimate_parent,DE,phase3_jurisdiction_model,E_model_predicted_jurisdiction,0.9249,DE,0.9249,0.8589,DE;US;GB,0.9249;0.0661;0.0036,,,,,0.0,,,,,,,LABUAN,1.3976854846715725,0,0,0,0,1,0,1
25490081EBZQOWQOHN08,BAN GUAN HIN REALTY SDN BHD,0.5391,validate_model_only_investor_economy,todo,operating_or_holding_company,,0.3590731048434652,non_consolidating_entity;missing_direct_parent;missing_ultimate_parent,US,phase3_jurisdiction_model,E_model_predicted_jurisdiction,0.5223,US,0.5223,0.2764,US;DE;SG,0.5223;0.2459;0.2143,,,,,0.0,,,,,,,KUALA LUMPUR,1.3976854846715725,0,0,0,1,1,0,0
549300BDBZR0N5XWBZ39,BANKING TECHNOLOGIES ASIA MSC SDN. BHD.,0.5391,validate_model_only_investor_economy,todo,financial_institution,,0.3590731048434652,non_consolidating_entity;missing_direct_parent;missing_ultimate_parent,US,phase3_jurisdiction_model,E_model_predicted_jurisdiction,0.5443,US,0.5443,0.0969,US;SG;DE,0.5443;0.4474;0.0068,,,,,0.0,,,,,,,Kuala Lumpur,1.3976854846715725,0,0,0,1,1,0,0
25490092FDH2KVUHK569,BATU KAWAN BHD,0.5391,validate_model_only_investor_economy,todo,operating_or_holding_company,,0.3590731048434652,non_consolidating_entity;missing_direct_parent;missing_ultimate_parent,DE,phase3_jurisdiction_model,E_model_predicted_jurisdiction,0.6686,DE,0.6686,0.4,DE;GB;EUROPE,0.6686;0.2686;0.0183,,,,,0.0,,,,,,,IPOH,1.3976854846715725,0,0,0,1,1,0,0
254900P5KP6ZKORGRR27,BERJAYA TIMES SQUARE SDN. BHD.,0.5391,validate_model_only_investor_economy,todo,operating_or_holding_company,,0.3590731048434652,non_consolidating_entity;missing_direct_parent;missing_ultimate_parent,US,phase3_jurisdiction_model,E_model_predicted_jurisdiction,0.422,US,0.422,0.0775,US;DE;EUROPE,0.422;0.3445;0.1978,,,,,0.0,,,,,,,KUALA LUMPUR,1.3976854846715725,0,0,0,1,1,0,0
254900DCBRAA3U3T1F03,BGH Enterprise Sdn. Berhad,0.5391,validate_model_only_investor_economy,todo,operating_or_holding_company,,0.3590731048434652,non_consolidating_entity;missing_direct_parent;missing_ultimate_parent,OFFSHORE,phase3_jurisdiction_model,E_model_predicted_jurisdiction,0.5302,OFFSHORE,0.5302,0.0667,OFFSHORE;SG;US,0.5302;0.4635;0.0033,,,,,0.0,,,,,,,Kuala Lumpur,1.3976854846715725,0,0,0,1,1,0,0
5493005HFZQUS8Q7H492,BINTULU EDIBLE OILS SDN. BHD.,0.5391,validate_model_only_investor_economy,todo,operating_or_holding_company,,0.3590731048434652,shared_address_cluster;missing_direct_parent;missing_ultimate_parent,US,phase3_jurisdiction_model,E_model_predicted_jurisdiction,0.9891,US,0.9891,0.9802,US;EUROPE;DE,0.9891;0.0089;0.0008,,,,,0.0,,,,,,,KUALA LUMPUR,1.3976854846715725,0,0,0,0,1,0,1
254900M4IKPTRXN85M58,BLISS WORLD INDUSTRIES SDN. BHD.,0.5391,validate_model_only_investor_economy,todo,operating_or_holding_company,,0.3590731048434652,non_consolidating_entity;missing_direct_parent;missing_ultimate_parent,DE,phase3_jurisdiction_model,E_model_predicted_jurisdiction,0.9976,DE,0.9976,0.9954,DE;GB;EUROPE,0.9976;0.0022;0.0001,,,,,0.0,,,,,,,Kuala lumpur,1.3976854846715725,0,0,0,1,1,0,0
2549003IT4KCUEWUW132,BMC TRAVEL SDN. BHD.,0.5391,validate_model_only_investor_economy,todo,operating_or_holding_company,,0.3590731048434652,non_consolidating_entity;missing_direct_parent;missing_ultimate_parent,SG,phase3_jurisdiction_model,E_model_predicted_jurisdiction,0.9102,SG,0.9102,0.8583,SG;US;GB,0.9102;0.0519;0.0364,,,,,0.0,,,,,,,Kuala Lumpur,1.3976854846715725,0,0,0,1,1,0,0
529900SU7MEJBKVP8851,BMW Credit (Malaysia) Sdn. Bhd.,0.5391,validate_model_only_investor_economy,todo,operating_or_holding_company,,0.3590731048434652,shared_address_cluster;missing_direct_parent;missing_ultimate_parent,US,phase3_jurisdiction_model,E_model_predicted_jurisdiction,0.9891,US,0.9891,0.9822,US;DE;GB,0.9891;0.0069;0.0034,,,,,0.0,,,,,,,Cyberjaya,1.3976854846715725,0,0,0,0,0,0,1
529900I5NUYZFV6FZ323,BMW Lease (Malaysia) SDN. BHD.,0.5391,validate_model_only_investor_economy,todo,operating_or_holding_company,,0.3590731048434652,shared_address_cluster;missing_direct_parent;missing_ultimate_parent,US,phase3_jurisdiction_model,E_model_predicted_jurisdiction,0.9814,US,0.9814,0.9694,US;DE;GB,0.9814;0.012;0.0058,,,,,0.0,,,,,,,Cyberjaya,1.3976854846715725,0,0,0,0,0,0,1
529900JYJQ8NMWUSIN28,BMW Malaysia Sdn. Bhd.,0.5391,validate_model_only_investor_economy,todo,operating_or_holding_company,,0.3590731048434652,shared_address_cluster;missing_direct_parent;missing_ultimate_parent,US,phase3_jurisdiction_model,E_model_predicted_jurisdiction,0.915,US,0.915,0.8375,US;GB;DE,0.915;0.0774;0.0056,,,,,0.0,,,,,,,Cyberjaya,1.3976854846715725,0,0,0,0,0,0,1
549300N6ZH71JF10GU66,BNP PARIBAS CAPITAL (MALAYSIA) SDN. BHD.,0.5391,validate_model_only_investor_economy,todo,operating_or_holding_company,,0.3590731048434652,non_consolidating_entity;missing_direct_parent;missing_ultimate_parent,US,phase3_jurisdiction_model,E_model_predicted_jurisdiction,0.841,US,0.841,0.6845,US;DE;GB,0.841;0.1565;0.0022,,,,,0.0,,,,,,,KUALA LUMPUR,1.3976854846715725,0,0,0,1,1,0,0
549300TB7X8DB7ZW0Z58,BORNEO INTERNATIONAL LIMITED,0.5391,validate_model_only_investor_economy,todo,operating_or_holding_company,,0.3590731048434652,shared_address_cluster;missing_direct_parent;missing_ultimate_parent,US,phase3_jurisdiction_model,E_model_predicted_jurisdiction,0.7441,US,0.7441,0.565,US;DE;OTHER,0.7441;0.179;0.049,,,,,0.0,,,,,,,LABUAN,1.3976854846715725,0,0,0,0,1,0,1
984500A0A99B6F364313,BROCTAGON PRIME MARKETS LIMITED,0.5391,validate_model_only_investor_economy,todo,operating_or_holding_company,,0.3590731048434652,shared_address_cluster;missing_direct_parent;missing_ultimate_parent,US,phase3_jurisdiction_model,E_model_predicted_jurisdiction,0.9378,US,0.9378,0.9045,US;DE;GB,0.9378;0.0333;0.0121,,,,,0.0,,,,,,,Labuan Federal Territory,1.3976854846715725,0,0,0,0,1,0,1
984500B54D80E085FC92,BSCAN Ltd.,0.5391,validate_model_only_investor_economy,todo,operating_or_holding_company,,0.3590731048434652,shared_address_cluster;missing_direct_parent;missing_ultimate_parent,OFFSHORE,phase3_jurisdiction_model,E_model_predicted_jurisdiction,0.9723,OFFSHORE,0.9723,0.9498,OFFSHORE;GB;DE,0.9723;0.0226;0.0018,,,,,0.0,,,,,,,Federal Territory of Labuan,1.3976854846715725,0,0,0,0,1,0,1
875500SNJ4N3I2T8DF96,BTBR TRADING SDN. BHD.,0.5391,validate_model_only_investor_economy,todo,operating_or_holding_company,,0.3590731048434652,non_consolidating_entity;missing_direct_parent;missing_ultimate_parent,US,phase3_jurisdiction_model,E_model_predicted_jurisdiction,0.5916,US,0.5916,0.2269,US;DE;GB,0.5916;0.3648;0.0269,,,,,0.0,,,,,,,Johor,1.3976854846715725,0,0,0,1,1,0,0
25490023TFP8QSGRD094,BTC CLOTHIER SDN. BHD.,0.5391,validate_model_only_investor_economy,todo,operating_or_holding_company,,0.3590731048434652,non_consolidating_entity;missing_direct_parent;missing_ultimate_parent,DE,phase3_jurisdiction_model,E_model_predicted_jurisdiction,0.4904,DE,0.4904,0.1132,DE;GB;US,0.4904;0.3772;0.1166,,,,,0.0,,,,,,,PETALING JAYA,1.3976854846715725,0,0,0,1,1,0,0
254900CXCSGW8M52ZU27,BURSA MALAYSIA BERHAD,0.5391,validate_model_only_investor_economy,todo,operating_or_holding_company,,0.3590731048434652,shared_address_cluster;missing_direct_parent;missing_ultimate_parent,SG,phase3_jurisdiction_model,E_model_predicted_jurisdiction,0.8304,SG,0.8304,0.6732,SG;GB;DE,0.8304;0.1572;0.0097,,,,,0.0,,,,,,,Kuala Lumpur,1.3976854846715725,0,0,0,0,1,0,1
254900VH5AOK4HHV4I38,BURSA MALAYSIA SECURITIES BERHAD,0.5391,validate_model_only_investor_economy,todo,operating_or_holding_company,,0.3590731048434652,non_consolidating_entity;missing_direct_parent;missing_ultimate_parent,SG,phase3_jurisdiction_model,E_model_predicted_jurisdiction,0.9846,SG,0.9846,0.9725,SG;EUROPE;US,0.9846;0.0121;0.0024,,,,,0.0,,,,,,,Kuala Lumpur,1.3976854846715725,0,0,0,1,1,0,0
213800VMSAYKBHKZ9Y50,BX FINANCIAL GROUP LIMITED,0.5391,validate_model_only_investor_economy,todo,operating_or_holding_company,,0.3590731048434652,shared_address_cluster;missing_direct_parent;missing_ultimate_parent,DE,phase3_jurisdiction_model,E_model_predicted_jurisdiction,0.8301,DE,0.8301,0.679,DE;US;OFFSHORE,0.8301;0.1511;0.0136,,,,,0.0,,,,,,,LABUAN,1.3976854846715725,0,0,0,0,1,0,1
984500E11F3B38B51D81,Belfrics International Limited,0.5391,validate_model_only_investor_economy,todo,operating_or_holding_company,,0.3590731048434652,non_consolidating_entity;missing_direct_parent;missing_ultimate_parent,US,phase3_jurisdiction_model,E_model_predicted_jurisdiction,0.4605,US,0.4605,0.1712,US;DE;EUROPE,0.4605;0.2893;0.1758,,,,,0.0,,,,,,,Labuan,1.3976854846715725,0,0,0,1,1,0,0
254900T7E8UE8NVUK397,Berkat Nusantara Sdn. Bhd.,0.5391,validate_model_only_investor_economy,todo,operating_or_holding_company,,0.3590731048434652,shared_address_cluster;missing_direct_parent;missing_ultimate_parent,OFFSHORE,phase3_jurisdiction_model,E_model_predicted_jurisdiction,0.9392,OFFSHORE,0.9392,0.914,OFFSHORE;SG;DE,0.9392;0.0253;0.0188,,,,,0.0,,,,,,,Kuala Lumpur,1.3976854846715725,0,0,0,0,1,0,1
213800J5XGPBKSHZC146,Berkeley Capital Asset Management Ltd,0.5391,validate_model_only_investor_economy,todo,operating_or_holding_company,,0.3590731048434652,non_consolidating_entity;missing_direct_parent;missing_ultimate_parent,DE,phase3_jurisdiction_model,E_model_predicted_jurisdiction,0.8143,DE,0.8143,0.6324,DE;US;SG,0.8143;0.1819;0.0016,,,,,0.0,,,,,,,Awang Besar,1.3976854846715725,0,0,0,1,1,0,0
549300L8CW3JRFG38N78,Beyond Insights Sdn Bhd,0.5391,validate_model_only_investor_economy,todo,operating_or_holding_company,,0.3590731048434652,non_consolidating_entity;missing_direct_parent;missing_ultimate_parent,DE,phase3_jurisdiction_model,E_model_predicted_jurisdiction,0.7667,DE,0.7667,0.5778,DE;US;GB,0.7667;0.1889;0.0255,,,,,0.0,,,,,,,Petaling Jaya,1.3976854846715725,0,0,0,1,1,0,0
984500F6X86GA40B0H50,Blackhem Labuan Ltd.,0.5391,validate_model_only_investor_economy,todo,operating_or_holding_company,,0.3590731048434652,non_consolidating_entity;missing_direct_parent;missing_ultimate_parent,GB,phase3_jurisdiction_model,E_model_predicted_jurisdiction,0.9557,GB,0.9557,0.9303,GB;DE;EUROPE,0.9557;0.0254;0.0098,,,,,0.0,,,,,,,Labuan,1.3976854846715725,0,0,0,1,1,0,0
254900LG2PSS1GGE9H30,Bormas (Sabah) Sdn. Bhd.,0.5391,validate_model_only_investor_economy,todo,operating_or_holding_company,,0.3590731048434652,non_consolidating_entity;missing_direct_parent;missing_ultimate_parent,DE,phase3_jurisdiction_model,E_model_predicted_jurisdiction,0.8638,DE,0.8638,0.7524,DE;OFFSHORE;EUROPE,0.8638;0.1114;0.0158,,,,,0.0,,,,,,,KUCHING,1.3976854846715725,0,0,0,1,1,0,0
254900G2JLSQ1NLE2K40,Botannia Algo Trading Strategy I Inc.,0.5391,validate_model_only_investor_economy,todo,operating_or_holding_company,,0.3590731048434652,shared_address_cluster;missing_direct_parent;missing_ultimate_parent,US,phase3_jurisdiction_model,E_model_predicted_jurisdiction,0.8633,US,0.8633,0.7971,US;SG;EUROPE,0.8633;0.0662;0.0253,,,,,0.0,,,,,,,Labuan,1.3976854846715725,0,0,0,0,1,0,1
213800NSNUKA1R78PH91,C+ INVESTMENT CORP.,0.5391,validate_model_only_investor_economy,todo,operating_or_holding_company,,0.3590731048434652,shared_address_cluster;missing_direct_parent;missing_ultimate_parent,GB,phase3_jurisdiction_model,E_model_predicted_jurisdiction,0.9043,GB,0.9043,0.8472,GB;DE;US,0.9043;0.0571;0.0292,,,,,0.0,,,,,,,LABUAN,1.3976854846715725,0,0,0,0,1,0,1
254900GPZCQFTMEPMH84,CAGAMAS BERHAD,0.5391,validate_model_only_investor_economy,todo,operating_or_holding_company,,0.3590731048434652,shared_address_cluster;missing_direct_parent;missing_ultimate_parent,OFFSHORE,phase3_jurisdiction_model,E_model_predicted_jurisdiction,0.9082,OFFSHORE,0.9082,0.8173,OFFSHORE;SG;GB,0.9082;0.091;0.0006,,,,,0.0,,,,,,,Kuala Lumpur,1.3976854846715725,0,0,0,0,1,0,1
254900366IYLAX5QS523,CAGAMAS MBS BERHAD,0.5391,validate_model_only_investor_economy,todo,operating_or_holding_company,,0.3590731048434652,shared_address_cluster;missing_direct_parent;missing_ultimate_parent,SG,phase3_jurisdiction_model,E_model_predicted_jurisdiction,0.8998,SG,0.8998,0.802,SG;GB;OFFSHORE,0.8998;0.0978;0.0009,,,,,0.0,,,,,,,Kuala Lumpur,1.3976854846715725,0,0,0,0,1,0,1
254900OA8JTCHFU2GM15,CAGAMAS SRP BERHAD,0.5391,validate_model_only_investor_economy,todo,operating_or_holding_company,,0.3590731048434652,shared_address_cluster;missing_direct_parent;missing_ultimate_parent,SG,phase3_jurisdiction_model,E_model_predicted_jurisdiction,0.8998,SG,0.8998,0.802,SG;GB;OFFSHORE,0.8998;0.0978;0.0009,,,,,0.0,,,,,,,Kuala Lumpur,1.3976854846715725,0,0,0,0,1,0,1
5493003SDA6PQJEKHM83,CARLSBERG BREWERY MALAYSIA BERHAD,0.5391,validate_model_only_investor_economy,todo,operating_or_holding_company,,0.3590731048434652,non_consolidating_entity;missing_direct_parent;missing_ultimate_parent,DE,phase3_jurisdiction_model,E_model_predicted_jurisdiction,0.5275,DE,0.5275,0.1098,DE;GB;US,0.5275;0.4177;0.0467,,,,,0.0,,,,,,,SHAH ALAM,1.3976854846715725,0,0,0,1,1,0,0
549300W43OLGIISCDP63,CENTRAL SUGARS REFINERY SDN. BHD.,0.5391,validate_model_only_investor_economy,todo,operating_or_holding_company,,0.3590731048434652,non_consolidating_entity;missing_direct_parent;missing_ultimate_parent,US,phase3_jurisdiction_model,E_model_predicted_jurisdiction,0.949,US,0.949,0.8992,US;DE;SG,0.949;0.0498;0.0006,,,,,0.0,,,,,,,KUALA LUMPUR,1.3976854846715725,0,0,0,1,1,0,0
2549002IE3EPIMEL9669,CFAMILLIE HOLDINGS SDN. BHD.,0.5391,validate_model_only_investor_economy,todo,operating_or_holding_company,,0.3590731048434652,non_consolidating_entity;missing_direct_parent;missing_ultimate_parent,DE,phase3_jurisdiction_model,E_model_predicted_jurisdiction,0.9832,DE,0.9832,0.9734,DE;US;OFFSHORE,0.9832;0.0098;0.0047,,,,,0.0,,,,,,,SEBERANG PERAI,1.3976854846715725,0,0,0,1,1,0,0
254900MXIHC40TT9X511,CGS INTERNATIONAL SECURITIES MALAYSIA SDN. BHD.,0.5391,validate_model_only_investor_economy,todo,operating_or_holding_company,,0.3590731048434652,non_consolidating_entity;missing_direct_parent;missing_ultimate_parent,SG,phase3_jurisdiction_model,E_model_predicted_jurisdiction,0.9959,SG,0.9959,0.9921,SG;US;DE,0.9959;0.0038;0.0001,,,,,0.0,,,,,,,Kuala Lumpur,1.3976854846715725,0,0,0,1,1,0,0
894500BCXVKBQ6EFSJ88,CHEE MOH LIN,0.5391,validate_model_only_investor_economy,todo,operating_or_holding_company,,0.3590731048434652,non_consolidating_entity;missing_direct_parent;missing_ultimate_parent,US,phase3_jurisdiction_model,E_model_predicted_jurisdiction,0.8643,US,0.8643,0.8101,US;GB;DE,0.8643;0.0542;0.0427,,,,,0.0,,,,,,,BAYAN LEPAS,1.3976854846715725,0,0,0,1,1,0,0
SR3J0ZUTXT7OTFT2VU03,CIMB BANK BERHAD,0.5391,validate_model_only_investor_economy,todo,financial_institution,,0.3590731048434652,shared_address_cluster;missing_direct_parent;missing_ultimate_parent,GB,phase3_jurisdiction_model,E_model_predicted_jurisdiction,0.7416,GB,0.7416,0.5627,GB;US;DE,0.7416;0.1788;0.0635,,,,,0.0,,,,,,,KUALA LUMPUR,1.3976854846715725,0,0,0,0,0,0,1
5493007YQSE8IPIMF241,CIMB INVESTMENT BANK BERHAD,0.5391,validate_model_only_investor_economy,todo,financial_institution,,0.3590731048434652,shared_address_cluster;missing_direct_parent;missing_ultimate_parent,US,phase3_jurisdiction_model,E_model_predicted_jurisdiction,0.7075,US,0.7075,0.5924,US;DE;SG,0.7075;0.1151;0.0863,,,,,0.0,,,,,,,KUALA LUMPUR,1.3976854846715725,0,0,0,0,0,0,1
549300UBZBK422UWGA80,CIMB ISLAMIC BANK BERHAD,0.5391,validate_model_only_investor_economy,todo,financial_institution,,0.3590731048434652,shared_address_cluster;missing_direct_parent;missing_ultimate_parent,DE,phase3_jurisdiction_model,E_model_predicted_jurisdiction,0.8789,DE,0.8789,0.8191,DE;OFFSHORE;SG,0.8789;0.0598;0.0224,,,,,0.0,,,,,,,KUALA LUMPUR,1.3976854846715725,0,0,0,0,0,0,1
2549004BTLZ169UF2S54,CIMB SECURITIES SDN. BHD.,0.5391,validate_model_only_investor_economy,todo,operating_or_holding_company,,0.3590731048434652,non_consolidating_entity;missing_direct_parent;missing_ultimate_parent,US,phase3_jurisdiction_model,E_model_predicted_jurisdiction,0.8057,US,0.8057,0.613,US;DE;OFFSHORE,0.8057;0.1927;0.0011,,,,,0.0,,,,,,,KUALA LUMPUR,1.3976854846715725,0,0,0,1,1,0,0
984500F61FCD44B98D62,CIPHER TRADING,0.5391,validate_model_only_investor_economy,todo,operating_or_holding_company,,0.3590731048434652,non_consolidating_entity;missing_direct_parent;missing_ultimate_parent,OFFSHORE,phase3_jurisdiction_model,E_model_predicted_jurisdiction,0.9943,OFFSHORE,0.9943,0.99,OFFSHORE;US;DE,0.9943;0.0043;0.0007,,,,,0.0,,,,,,,PELABUHAN KLANG,1.3976854846715725,0,0,0,1,1,0,0
549300M7LYFJGS8MNO92,CITRINE CAPITAL SDN. BHD.,0.5391,validate_model_only_investor_economy,todo,operating_or_holding_company,,0.3590731048434652,non_consolidating_entity;missing_direct_parent;missing_ultimate_parent,DE,phase3_jurisdiction_model,E_model_predicted_jurisdiction,0.9558,DE,0.9558,0.9327,DE;OFFSHORE;GB,0.9558;0.023;0.0182,,,,,0.0,,,,,,,Puchong,1.3976854846715725,0,0,0,1,1,0,0
549300GRHDHEOV5Z4155,CJ BIO MALAYSIA SDN. BHD.,0.5391,validate_model_only_investor_economy,todo,operating_or_holding_company,,0.3590731048434652,shared_address_cluster;missing_direct_parent;missing_ultimate_parent,US,phase3_jurisdiction_model,E_model_predicted_jurisdiction,0.9929,US,0.9929,0.9868,US;DE;SG,0.9929;0.0061;0.0004,,,,,0.0,,,,,,,KUALA LUMPUR,1.3976854846715725,0,0,0,0,1,0,1
549300H6DHDI5LUTSK68,CMY CAPITAL SDN. BHD.,0.5391,validate_model_only_investor_economy,todo,operating_or_holding_company,,0.3590731048434652,non_consolidating_entity;missing_direct_parent;missing_ultimate_parent,SG,phase3_jurisdiction_model,E_model_predicted_jurisdiction,0.9102,SG,0.9102,0.8583,SG;US;GB,0.9102;0.0519;0.0364,,,,,0.0,,,,,,,Kuala Lumpur,1.3976854846715725,0,0,0,1,1,0,0
254900KD06OBV610SF04,CORPORATEVIEW SDN. BHD.,0.5391,validate_model_only_investor_economy,todo,operating_or_holding_company,,0.3590731048434652,shared_address_cluster;missing_direct_parent;missing_ultimate_parent,GB,phase3_jurisdiction_model,E_model_predicted_jurisdiction,0.6021,GB,0.6021,0.3531,GB;US;DE,0.6021;0.2491;0.1442,,,,,0.0,,,,,,,Petaling Jaya,1.3976854846715725,0,0,0,0,1,0,1
549300T8W9349L4KCL74,CREDIT SUISSE SECURITIES (MALAYSIA) SDN. BHD.,0.5391,validate_model_only_investor_economy,todo,operating_or_holding_company,,0.3590731048434652,non_consolidating_entity;missing_direct_parent;missing_ultimate_parent,US,phase3_jurisdiction_model,E_model_predicted_jurisdiction,0.9938,US,0.9938,0.9882,US;DE;SG,0.9938;0.0056;0.0003,,,,,0.0,,,,,,,KUALA LUMPUR,1.3976854846715725,0,0,0,1,1,0,0
5493005RYNKLK6ETAT28,CROSS LIGHT CAPITAL SDN. BHD.,0.5391,validate_model_only_investor_economy,todo,operating_or_holding_company,,0.3590731048434652,non_consolidating_entity;missing_direct_parent;missing_ultimate_parent,SG,phase3_jurisdiction_model,E_model_predicted_jurisdiction,0.5135,SG,0.5135,0.0478,SG;GB;EUROPE,0.5135;0.4657;0.0106,,,,,0.0,,,,,,,Kuala Lumpur,1.3976854846715725,0,0,0,1,1,0,0
2549003YOJ2CS625KU73,Cadbury Confectionery Malaysia Sendirian Berhad,0.5391,validate_model_only_investor_economy,todo,operating_or_holding_company,,0.3590731048434652,non_consolidating_entity;missing_direct_parent;missing_ultimate_parent,US,phase3_jurisdiction_model,E_model_predicted_jurisdiction,0.9697,US,0.9697,0.9553,US;GB;DE,0.9697;0.0144;0.0109,,,,,0.0,,,,,,,Shah Alam,1.3976854846715725,0,0,0,1,1,0,0
254900HGWB95EMKI2F70,Cheah Choon Khiang & Sons Sdn. Bhd.,0.5391,validate_model_only_investor_economy,todo,operating_or_holding_company,,0.3590731048434652,non_consolidating_entity;missing_direct_parent;missing_ultimate_parent,DE,phase3_jurisdiction_model,E_model_predicted_jurisdiction,0.6734,DE,0.6734,0.3613,DE;ASIA_OTHER;GB,0.6734;0.3121;0.009,,,,,0.0,,,,,,,Sungai Petani,1.3976854846715725,0,0,0,1,1,0,0
254900U63QX498VG6X75,Cogent Asset Management Ltd.,0.5391,validate_model_only_investor_economy,todo,operating_or_holding_company,,0.3590731048434652,shared_address_cluster;missing_direct_parent;missing_ultimate_parent,GB,phase3_jurisdiction_model,E_model_predicted_jurisdiction,0.6182,GB,0.6182,0.4367,GB;EUROPE;DE,0.6182;0.1815;0.1276,,,,,0.0,,,,,,,Labuan,1.3976854846715725,0,0,0,0,1,0,1
254900AWD2C8T2U37X75,Continuum Capital II Limited Partnership,0.5391,validate_model_only_investor_economy,todo,operating_or_holding_company,,0.3590731048434652,non_consolidating_entity;missing_direct_parent;missing_ultimate_parent,US,phase3_jurisdiction_model,E_model_predicted_jurisdiction,0.7708,US,0.7708,0.6612,US;EUROPE;DE,0.7708;0.1095;0.1054,,,,,0.0,,,,,,,Labuan,1.3976854846715725,0,0,0,1,1,0,0
254900ETZBL9KWK7JM61,DANAJAMIN NASIONAL BERHAD,0.5391,validate_model_only_investor_economy,todo,operating_or_holding_company,,0.3590731048434652,non_consolidating_entity;missing_direct_parent;missing_ultimate_parent,SG,phase3_jurisdiction_model,E_model_predicted_jurisdiction,0.9848,SG,0.9848,0.973,SG;OFFSHORE;DE,0.9848;0.0118;0.0025,,,,,0.0,,,,,,,Kuala Lumpur,1.3976854846715725,0,0,0,1,1,0,0
529900LK05HKEZ736735,DB Corporate Advisory (Malaysia) Sdn. Bhd.,0.5391,validate_model_only_investor_economy,todo,operating_or_holding_company,,0.3590731048434652,shared_address_cluster;missing_direct_parent;missing_ultimate_parent,US,phase3_jurisdiction_model,E_model_predicted_jurisdiction,0.7913,US,0.7913,0.6659,US;DE;SG,0.7913;0.1254;0.082,,,,,0.0,,,,,,,Kuala Lumpur,1.3976854846715725,0,0,0,0,0,0,1
2549009YB05DOC6MFS94,DE MEDICI SDN. BHD.,0.5391,validate_model_only_investor_economy,todo,operating_or_holding_company,,0.3590731048434652,non_consolidating_entity;missing_direct_parent;missing_ultimate_parent,DE,phase3_jurisdiction_model,E_model_predicted_jurisdiction,0.5359,DE,0.5359,0.09,DE;EUROPE;US,0.5359;0.4458;0.0103,,,,,0.0,,,,,,,KUALA LUMPUR,1.3976854846715725,0,0,0,1,1,0,0
9845009BB83F55DF5061,DEMI VENTURES SDN. BHD.,0.5391,validate_model_only_investor_economy,todo,operating_or_holding_company,,0.3590731048434652,non_consolidating_entity;missing_direct_parent;missing_ultimate_parent,DE,phase3_jurisdiction_model,E_model_predicted_jurisdiction,0.9009,DE,0.9009,0.8431,DE;GB;US,0.9009;0.0578;0.0389,,,,,0.0,,,,,,,KUALA LUMPUR,1.3976854846715725,0,0,0,1,1,0,0
254900F9ZZ1T9SD7VI95,DRB-HICOM Berhad,0.5391,validate_model_only_investor_economy,todo,operating_or_holding_company,,0.3590731048434652,non_consolidating_entity;missing_direct_parent;missing_ultimate_parent,OFFSHORE,phase3_jurisdiction_model,E_model_predicted_jurisdiction,0.7487,OFFSHORE,0.7487,0.6509,OFFSHORE;US;GB,0.7487;0.0977;0.0876,,,,,0.0,,,,,,,Shah Alam,1.3976854846715725,0,0,0,1,1,0,0
52990050NBQKE1UOKI20,Doric 11 Labuan Limited Company,0.5391,validate_model_only_investor_economy,todo,operating_or_holding_company,,0.3590731048434652,non_consolidating_entity;missing_direct_parent;missing_ultimate_parent,US,phase3_jurisdiction_model,E_model_predicted_jurisdiction,0.8244,US,0.8244,0.7386,US;DE;GB,0.8244;0.0858;0.0828,,,,,0.0,,,,,,,Labuan F.T.,1.3976854846715725,0,0,0,1,1,0,0
529900ZG3M3KDBVCS412,Draeger Malaysia Sdn. BHD.,0.5391,validate_model_only_investor_economy,todo,operating_or_holding_company,,0.3590731048434652,non_consolidating_entity;missing_direct_parent;missing_ultimate_parent,SG,phase3_jurisdiction_model,E_model_predicted_jurisdiction,0.5236,SG,0.5236,0.2547,SG;US;DE,0.5236;0.2689;0.1665,,,,,0.0,,,,,,,Kuala Lumpur,1.3976854846715725,0,0,0,1,1,0,0
529900JHA7DAPB7O1768,Draka (Malaysia) Sdn. Bhd.,0.5391,validate_model_only_investor_economy,todo,operating_or_holding_company,,0.3590731048434652,shared_address_cluster;missing_direct_parent;missing_ultimate_parent,US,phase3_jurisdiction_model,E_model_predicted_jurisdiction,0.9621,US,0.9621,0.9286,US;GB;DE,0.9621;0.0335;0.0039,,,,,0.0,,,,,,,Melaka,1.3976854846715725,0,0,0,0,0,0,1
529900ZPP065UJZZ0K79,Draka Marketing and Services Sdn. Bhd.,0.5391,validate_model_only_investor_economy,todo,operating_or_holding_company,,0.3590731048434652,shared_address_cluster;missing_direct_parent;missing_ultimate_parent,US,phase3_jurisdiction_model,E_model_predicted_jurisdiction,0.997,US,0.997,0.9956,US;DE;SG,0.997;0.0015;0.0008,,,,,0.0,,,,,,,Melaka,1.3976854846715725,0,0,0,0,0,0,1
549300SJWWWH4SZL0971,"EAGLE LONG INVESTMENT HOLDING CO., LTD",0.5391,validate_model_only_investor_economy,todo,operating_or_holding_company,,0.3590731048434652,non_consolidating_entity;missing_direct_parent;missing_ultimate_parent,DE,phase3_jurisdiction_model,E_model_predicted_jurisdiction,0.8878,DE,0.8878,0.7907,DE;US;SG,0.8878;0.097;0.0143,,,,,0.0,,,,,,,Jalan Ranca-Ranca,1.3976854846715725,0,0,0,1,1,0,0
9845008ED008DF9FS667,EARTH INVESTMENT BANK LIMITED,0.5391,validate_model_only_investor_economy,todo,financial_institution,,0.3590731048434652,non_consolidating_entity;missing_direct_parent;missing_ultimate_parent,DE,phase3_jurisdiction_model,E_model_predicted_jurisdiction,0.7822,DE,0.7822,0.6638,DE;US;OFFSHORE,0.7822;0.1184;0.0405,,,,,0.0,,,,,,,Labuan,1.3976854846715725,0,0,0,1,1,0,0
984500K3BP858UC5B804,EHKonnect Inc.,0.5391,validate_model_only_investor_economy,todo,operating_or_holding_company,,0.3590731048434652,shared_address_cluster;missing_direct_parent;missing_ultimate_parent,OFFSHORE,phase3_jurisdiction_model,E_model_predicted_jurisdiction,0.9986,OFFSHORE,0.9986,0.998,OFFSHORE;US;GB,0.9986;0.0006;0.0005,,,,,0.0,,,,,,,Labuan,1.3976854846715725,0,0,0,0,1,0,1
549300PCXQLR0FOO1I75,ELSTER-INSTROMET SDN. BHD.,0.5391,validate_model_only_investor_economy,todo,operating_or_holding_company,,0.3590731048434652,non_consolidating_entity;missing_direct_parent;missing_ultimate_parent,US,phase3_jurisdiction_model,E_model_predicted_jurisdiction,0.8812,US,0.8812,0.7648,US;DE;OFFSHORE,0.8812;0.1164;0.0015,,,,,0.0,,,,,,,PETALING JAYA,1.3976854846715725,0,0,0,1,1,0,0
2549004Z0I6OMQ26TJ93,ENSA ENERGIA A.G.,0.5391,validate_model_only_investor_economy,todo,operating_or_holding_company,,0.3590731048434652,shared_address_cluster;missing_direct_parent;missing_ultimate_parent,US,phase3_jurisdiction_model,E_model_predicted_jurisdiction,0.7835,US,0.7835,0.6106,US;GB;EUROPE,0.7835;0.1729;0.0268,,,,,0.0,,,,,,,Labuan,1.3976854846715725,0,0,0,0,1,0,1
9845009985P60710DM67,EQUATOR ENGINEERING SDN. BHD.,0.5391,validate_model_only_investor_economy,todo,operating_or_holding_company,,0.3590731048434652,non_consolidating_entity;missing_direct_parent;missing_ultimate_parent,DE,phase3_jurisdiction_model,E_model_predicted_jurisdiction,0.9165,DE,0.9165,0.8701,DE;US;EUROPE,0.9165;0.0464;0.0277,,,,,0.0,,,,,,,PETALING JAYA,1.3976854846715725,0,0,0,1,1,0,0
9845007BFB7469AI4074,ESG EMPIRE,0.5391,validate_model_only_investor_economy,todo,operating_or_holding_company,,0.3590731048434652,non_consolidating_entity;missing_direct_parent;missing_ultimate_parent,OFFSHORE,phase3_jurisdiction_model,E_model_predicted_jurisdiction,0.9944,OFFSHORE,0.9944,0.9912,OFFSHORE;EUROPE;DE,0.9944;0.0033;0.0019,,,,,0.0,,,,,,,Seri Kembangan,1.3976854846715725,0,0,0,1,1,0,0
549300W4OXKON6VGAK91,ESW ASIA INC.,0.5391,validate_model_only_investor_economy,todo,operating_or_holding_company,,0.3590731048434652,shared_address_cluster;missing_direct_parent;missing_ultimate_parent,GB,phase3_jurisdiction_model,E_model_predicted_jurisdiction,0.3232,GB,0.3232,0.0664,GB;MIDEAST_AFRICA;EUROPE,0.3232;0.2568;0.1937,,,,,0.0,,,,,,,LABUAN,1.3976854846715725,0,0,0,0,1,0,1
549300E5PBPLNNZCC022,ESW Global Inc.,0.5391,validate_model_only_investor_economy,todo,operating_or_holding_company,,0.3590731048434652,shared_address_cluster;missing_direct_parent;missing_ultimate_parent,MIDEAST_AFRICA,phase3_jurisdiction_model,E_model_predicted_jurisdiction,0.8327,MIDEAST_AFRICA,0.8327,0.7188,MIDEAST_AFRICA;US;SG,0.8327;0.1139;0.0238,,,,,0.0,,,,,,,Labuan,1.3976854846715725,0,0,0,0,1,0,1
254900NV32FPTZCHR007,ETHEREAL CAPITAL SDN. BHD.,0.5391,validate_model_only_investor_economy,todo,operating_or_holding_company,,0.3590731048434652,non_consolidating_entity;missing_direct_parent;missing_ultimate_parent,DE,phase3_jurisdiction_model,E_model_predicted_jurisdiction,0.9952,DE,0.9952,0.9927,DE;US;OFFSHORE,0.9952;0.0025;0.002,,,,,0.0,,,,,,,KUALA LUMPUR,1.3976854846715725,0,0,0,1,1,0,0
98450006B63AK6C6A683,EXNESS INVESTMENT BANK LIMITED,0.5391,validate_model_only_investor_economy,todo,financial_institution,,0.3590731048434652,shared_address_cluster;missing_direct_parent;missing_ultimate_parent,GB,phase3_jurisdiction_model,E_model_predicted_jurisdiction,0.6648,GB,0.6648,0.3779,GB;DE;US,0.6648;0.2869;0.0188,,,,,0.0,,,,,,,Jalan Jumidar Buyong,1.3976854846715725,0,0,0,0,1,0,1
984500B2KB4C65AC6E74,EXPONENTIAL TECHNOLOGIES SDN. BHD.,0.5391,validate_model_only_investor_economy,todo,operating_or_holding_company,,0.3590731048434652,non_consolidating_entity;missing_direct_parent;missing_ultimate_parent,DE,phase3_jurisdiction_model,E_model_predicted_jurisdiction,0.9784,DE,0.9784,0.9591,DE;US;EUROPE,0.9784;0.0193;0.0019,,,,,0.0,,,,,,,Rawang,1.3976854846715725,0,0,0,1,1,0,0
549300TCFMWGLMH7ZC74,EXPORT-IMPORT BANK OF MALAYSIA BERHAD,0.5391,validate_model_only_investor_economy,todo,financial_institution,,0.3590731048434652,non_consolidating_entity;missing_direct_parent;missing_ultimate_parent,DE,phase3_jurisdiction_model,E_model_predicted_jurisdiction,0.9962,DE,0.9962,0.9941,DE;US;GB,0.9962;0.0021;0.0007,,,,,0.0,,,,,,,KUALA LUMPUR,1.3976854846715725,0,0,0,1,1,0,0
529900DHZ806RXPFNI11,Elektrisola Malaysia SDN BHD,0.5391,validate_model_only_investor_economy,todo,operating_or_holding_company,,0.3590731048434652,non_consolidating_entity;missing_direct_parent;missing_ultimate_parent,US,phase3_jurisdiction_model,E_model_predicted_jurisdiction,0.9931,US,0.9931,0.988,US;DE;ASIA_OTHER,0.9931;0.0051;0.0012,,,,,0.0,,,,,,,Bentong,1.3976854846715725,0,0,0,1,1,0,0
254900NCSS5L56P42957,Engkim Capital Limited,0.5391,validate_model_only_investor_economy,todo,operating_or_holding_company,,0.3590731048434652,non_consolidating_entity;missing_direct_parent;missing_ultimate_parent,GB,phase3_jurisdiction_model,E_model_predicted_jurisdiction,0.744,GB,0.744,0.5684,GB;DE;US,0.744;0.1755;0.0708,,,,,0.0,,,,,,,Labuan,1.3976854846715725,0,0,0,1,1,0,0
9845005VIB1BF59A5C25,Equal Markets Ltd.,0.5391,validate_model_only_investor_economy,todo,operating_or_holding_company,,0.3590731048434652,shared_address_cluster;missing_direct_parent;missing_ultimate_parent,GB,phase3_jurisdiction_model,E_model_predicted_jurisdiction,0.9624,GB,0.9624,0.9291,GB;EUROPE;DE,0.9624;0.0333;0.0021,,,,,0.0,,,,,,,Labuan,1.3976854846715725,0,0,0,0,1,0,1
391200HR4KOIIIAQ2983,FARM FRESH MILK SDN. BHD.,0.5391,validate_model_only_investor_economy,todo,operating_or_holding_company,,0.3590731048434652,non_consolidating_entity;missing_direct_parent;missing_ultimate_parent,GB,phase3_jurisdiction_model,E_model_predicted_jurisdiction,0.6192,GB,0.6192,0.3879,GB;EUROPE;DE,0.6192;0.2313;0.1356,,,,,0.0,,,,,,,Johor Bahru,1.3976854846715725,0,0,0,1,1,0,0
213800A5LDINFIYJE889,FERINGGHI CAPITAL LTD,0.5391,validate_model_only_investor_economy,todo,operating_or_holding_company,,0.3590731048434652,shared_address_cluster;missing_direct_parent;missing_ultimate_parent,GB,phase3_jurisdiction_model,E_model_predicted_jurisdiction,0.9504,GB,0.9504,0.905,GB;US;DE,0.9504;0.0455;0.0025,,,,,0.0,,,,,,,FEDERAL TERRITORY OF LABUAN,1.3976854846715725,0,0,0,0,0,0,1
2549003FUN0J81X78908,FGV CAPITAL SDN. BHD.,0.5391,validate_model_only_investor_economy,todo,operating_or_holding_company,,0.3590731048434652,non_consolidating_entity;missing_direct_parent;missing_ultimate_parent,SG,phase3_jurisdiction_model,E_model_predicted_jurisdiction,0.9313,SG,0.9313,0.8702,SG;GB;DE,0.9313;0.0611;0.0033,,,,,0.0,,,,,,,Kuala Lumpur,1.3976854846715725,0,0,0,1,1,0,0
254900N3ZH1PNIEMOS90,FIDELITY ASIA BANK LTD.,0.5391,validate_model_only_investor_economy,todo,financial_institution,,0.3590731048434652,shared_address_cluster;missing_direct_parent;missing_ultimate_parent,US,phase3_jurisdiction_model,E_model_predicted_jurisdiction,0.9988,US,0.9988,0.9982,US;DE;GB,0.9988;0.0006;0.0004,,,,,0.0,,,,,,,Federal Territory of Labuan,1.3976854846715725,0,0,0,0,0,0,1
549300JW41U7554B6T49,FIGURE MISSION SDN. BHD.,0.5391,validate_model_only_investor_economy,todo,operating_or_holding_company,,0.3590731048434652,non_consolidating_entity;missing_direct_parent;missing_ultimate_parent,DE,phase3_jurisdiction_model,E_model_predicted_jurisdiction,0.7012,DE,0.7012,0.5065,DE;US;GB,0.7012;0.1947;0.0813,,,,,0.0,,,,,,,George Town,1.3976854846715725,0,0,0,1,1,0,0
549300TJFFJLBRG39L35,FIRST SOLAR MALAYSIA SDN. BHD.,0.5391,validate_model_only_investor_economy,todo,operating_or_holding_company,,0.3590731048434652,non_consolidating_entity;missing_direct_parent;missing_ultimate_parent,US,phase3_jurisdiction_model,E_model_predicted_jurisdiction,0.9212,US,0.9212,0.8431,US;DE;GB,0.9212;0.0781;0.0003,,,,,0.0,,,,,,,KULIM,1.3976854846715725,0,0,0,1,1,0,0
9845005981CABA55D579,FJ GLOBAL AEROPARTS (M) SDN. BHD.,0.5391,validate_model_only_investor_economy,todo,operating_or_holding_company,,0.3590731048434652,non_consolidating_entity;missing_direct_parent;missing_ultimate_parent,US,phase3_jurisdiction_model,E_model_predicted_jurisdiction,0.838,US,0.838,0.7547,US;DE;SG,0.838;0.0832;0.0526,,,,,0.0,,,,,,,SHAH ALAM,1.3976854846715725,0,0,0,1,1,0,0
25490028IVETMDT4CM90,FSN Consulting Ltd.,0.5391,validate_model_only_investor_economy,todo,operating_or_holding_company,,0.3590731048434652,shared_address_cluster;missing_direct_parent;missing_ultimate_parent,GB,phase3_jurisdiction_model,E_model_predicted_jurisdiction,0.8017,GB,0.8017,0.6085,GB;US;SG,0.8017;0.1932;0.0036,,,,,0.0,,,,,,,Labuan,1.3976854846715725,0,0,0,0,1,0,1
213800BSGA16NLD4U121,FTAG INVESTMENT BANK LTD.,0.5391,validate_model_only_investor_economy,todo,financial_institution,,0.3590731048434652,non_consolidating_entity;missing_direct_parent;missing_ultimate_parent,OFFSHORE,phase3_jurisdiction_model,E_model_predicted_jurisdiction,0.6152,OFFSHORE,0.6152,0.262,OFFSHORE;DE;GB,0.6152;0.3531;0.0171,,,,,0.0,,,,,,,FEDERAL TERRITORY OF LABUAN,1.3976854846715725,0,0,0,1,1,0,0
254900PK6QRLPAYSEA91,FinFX Global Markets Limited,0.5391,validate_model_only_investor_economy,todo,operating_or_holding_company,,0.3590731048434652,shared_address_cluster;missing_direct_parent;missing_ultimate_parent,US,phase3_jurisdiction_model,E_model_predicted_jurisdiction,0.936,US,0.936,0.9174,US;DE;OTHER,0.936;0.0186;0.0169,,,,,0.0,,,,,,,Jalan Ranca-Ranca,1.3976854846715725,0,0,0,0,1,0,1
98450000C9F7C0D0C937,Forexer Limited,0.5391,validate_model_only_investor_economy,todo,operating_or_holding_company,,0.3590731048434652,shared_address_cluster;missing_direct_parent;missing_ultimate_parent,OFFSHORE,phase3_jurisdiction_model,E_model_predicted_jurisdiction,0.9775,OFFSHORE,0.9775,0.9631,OFFSHORE;MIDEAST_AFRICA;US,0.9775;0.0144;0.006,,,,,0.0,,,,,,,Federal Territories Of Labuan,1.3976854846715725,0,0,0,0,1,0,1
549300VPHXTZICD80Q17,GE Aerospace (Malaysia) SDN. BHD.,0.5391,validate_model_only_investor_economy,todo,operating_or_holding_company,,0.3590731048434652,non_consolidating_entity;missing_direct_parent;missing_ultimate_parent,US,phase3_jurisdiction_model,E_model_predicted_jurisdiction,0.5935,US,0.5935,0.1991,US;SG;DE,0.5935;0.3944;0.0116,,,,,0.0,,,,,,,SUBANG,1.3976854846715725,0,0,0,1,1,0,0
BEXU05T0SA7FQQ81QC73,GE ENGINE SERVICES MALAYSIA SDN. BHD.,0.5391,validate_model_only_investor_economy,todo,operating_or_holding_company,,0.3590731048434652,non_consolidating_entity;missing_direct_parent;missing_ultimate_parent,US,phase3_jurisdiction_model,E_model_predicted_jurisdiction,0.9904,US,0.9904,0.9834,US;DE;SG,0.9904;0.007;0.002,,,,,0.0,,,,,,,SUBANG JAYA,1.3976854846715725,0,0,0,1,1,0,0
894500SMZX9IOGGK9802,GH CAPITAL ENTERPRISE,0.5391,validate_model_only_investor_economy,todo,operating_or_holding_company,,0.3590731048434652,non_consolidating_entity;missing_direct_parent;missing_ultimate_parent,US,phase3_jurisdiction_model,E_model_predicted_jurisdiction,0.5961,US,0.5961,0.2955,US;GB;DE,0.5961;0.3006;0.1026,,,,,0.0,,,,,,,KUALA LUMPUR,1.3976854846715725,0,0,0,1,1,0,0
2549007C5XL6BT63ZN26,GLAND CAPITAL (L) BHD,0.5391,validate_model_only_investor_economy,todo,operating_or_holding_company,,0.3590731048434652,non_consolidating_entity;missing_direct_parent;missing_ultimate_parent,DE,phase3_jurisdiction_model,E_model_predicted_jurisdiction,0.5005,DE,0.5005,0.2996,DE;US;GB,0.5005;0.2009;0.1992,,,,,0.0,,,,,,,VICTORIA,1.3976854846715725,0,0,0,1,1,0,0
5493007FLO0ON2T1OV29,GLOBAL ASIA PACIFIC INDUSTRIES SDN. BHD.,0.5391,validate_model_only_investor_economy,todo,operating_or_holding_company,,0.3590731048434652,shared_address_cluster;missing_direct_parent;missing_ultimate_parent,US,phase3_jurisdiction_model,E_model_predicted_jurisdiction,0.9265,US,0.9265,0.8549,US;GB;DE,0.9265;0.0717;0.0011,,,,,0.0,,,,,,,KUALA LUMPUR,1.3976854846715725,0,0,0,0,0,0,1
5493004V626DRA7ND375,GOLDEN MAESTRO SDN. BHD.,0.5391,validate_model_only_investor_economy,todo,operating_or_holding_company,,0.3590731048434652,shared_address_cluster;missing_direct_parent;missing_ultimate_parent,US,phase3_jurisdiction_model,E_model_predicted_jurisdiction,0.6191,US,0.6191,0.2968,US;GB;DE,0.6191;0.3223;0.0549,,,,,0.0,,,,,,,KUALA LUMPUR,1.3976854846715725,0,0,0,0,0,0,1
875500I3MBIB5LTWP922,GPS Klang Terminal Sdn Bhd,0.5391,validate_model_only_investor_economy,todo,operating_or_holding_company,,0.3590731048434652,non_consolidating_entity;missing_direct_parent;missing_ultimate_parent,SG,phase3_jurisdiction_model,E_model_predicted_jurisdiction,0.8428,SG,0.8428,0.7586,SG;US;OFFSHORE,0.8428;0.0842;0.066,,,,,0.0,,,,,,,Kuala Lumpur,1.3976854846715725,0,0,0,1,1,0,0
549300LJLG16CM4M0779,GREAT ALLIANCE CAPITAL LIMITED,0.5391,validate_model_only_investor_economy,todo,operating_or_holding_company,,0.3590731048434652,shared_address_cluster;missing_direct_parent;missing_ultimate_parent,US,phase3_jurisdiction_model,E_model_predicted_jurisdiction,0.9696,US,0.9696,0.9538,US;DE;GB,0.9696;0.0159;0.0076,,,,,0.0,,,,,,,VICTORIA,1.3976854846715725,0,0,0,0,1,0,1
54930007MUYPWDS1NX83,GREEN POINT PRECISION (M) SDN. BHD.,0.5391,validate_model_only_investor_economy,todo,operating_or_holding_company,,0.3590731048434652,non_consolidating_entity;missing_direct_parent;missing_ultimate_parent,US,phase3_jurisdiction_model,E_model_predicted_jurisdiction,0.9652,US,0.9652,0.9323,US;DE;SG,0.9652;0.0329;0.0018,,,,,0.0,,,,,,,SUNGAI PETANI,1.3976854846715725,0,0,0,1,1,0,0
254900HJTT9G7J09ZD73,Green Packet Berhad,0.5391,validate_model_only_investor_economy,todo,operating_or_holding_company,,0.3590731048434652,non_consolidating_entity;missing_direct_parent;missing_ultimate_parent,GB,phase3_jurisdiction_model,E_model_predicted_jurisdiction,0.5448,GB,0.5448,0.0983,GB;DE;US,0.5448;0.4466;0.0044,,,,,0.0,,,,,,,Petaling Jaya,1.3976854846715725,0,0,0,1,1,0,0
213800CVIVYQGBBUPX29,HIROSE FINANCIAL MY LIMITED,0.5391,validate_model_only_investor_economy,todo,operating_or_holding_company,,0.3590731048434652,shared_address_cluster;missing_direct_parent;missing_ultimate_parent,US,phase3_jurisdiction_model,E_model_predicted_jurisdiction,0.8384,US,0.8384,0.6916,US;DE;GB,0.8384;0.1469;0.0084,,,,,0.0,,,,,,,LABUAN,1.3976854846715725,0,0,0,0,0,0,1
2549000XR7DAHU2G2F33,HM Holding Limited,0.5391,validate_model_only_investor_economy,todo,operating_or_holding_company,,0.3590731048434652,shared_address_cluster;missing_direct_parent;missing_ultimate_parent,GB,phase3_jurisdiction_model,E_model_predicted_jurisdiction,0.8394,GB,0.8394,0.7338,GB;US;SG,0.8394;0.1057;0.0359,,,,,0.0,,,,,,,Victoria,1.3976854846715725,0,0,0,0,1,0,1
213800U4E6CA2NKI2931,HNG CAPITAL SDN. BHD,0.5391,validate_model_only_investor_economy,todo,operating_or_holding_company,,0.3590731048434652,non_consolidating_entity;missing_direct_parent;missing_ultimate_parent,US,phase3_jurisdiction_model,E_model_predicted_jurisdiction,0.9789,US,0.9789,0.9654,US;DE;GB,0.9789;0.0135;0.005,,,,,0.0,,,,,,,PULAU PINANG,1.3976854846715725,0,0,0,1,1,0,0
254900T3UR2IDVBZNO21,HOME MART PLUS (M) SDN. BHD.,0.5391,validate_model_only_investor_economy,todo,operating_or_holding_company,,0.3590731048434652,shared_address_cluster;missing_direct_parent;missing_ultimate_parent,SG,phase3_jurisdiction_model,E_model_predicted_jurisdiction,0.5161,SG,0.5161,0.1087,SG;GB;ASIA_OTHER,0.5161;0.4074;0.0707,,,,,0.0,,,,,,,Kuala Lumpur,1.3976854846715725,0,0,0,0,1,0,1
254900BFF3BBUSTT2S46,HONG LEONG ASSURANCE BERHAD,0.5391,validate_model_only_investor_economy,todo,operating_or_holding_company,,0.3590731048434652,shared_address_cluster;missing_direct_parent;missing_ultimate_parent,US,phase3_jurisdiction_model,E_model_predicted_jurisdiction,0.8926,US,0.8926,0.8449,US;SG;DE,0.8926;0.0477;0.0333,,,,,0.0,,,,,,,KUALA LUMPUR,1.3976854846715725,0,0,0,0,1,0,1
549300BUPYUQGB5BFX94,HONG LEONG BANK BERHAD,0.5391,validate_model_only_investor_economy,todo,financial_institution,,0.3590731048434652,shared_address_cluster;missing_direct_parent;missing_ultimate_parent,GB,phase3_jurisdiction_model,E_model_predicted_jurisdiction,0.991,GB,0.991,0.9852,GB;DE;SG,0.991;0.0058;0.0015,,,,,0.0,,,,,,,KUALA LUMPUR,1.3976854846715725,0,0,0,0,0,0,1
5493009QM9VZS6YXIF76,HONG LEONG ISLAMIC BANK BERHAD,0.5391,validate_model_only_investor_economy,todo,financial_institution,,0.3590731048434652,non_consolidating_entity;missing_direct_parent;missing_ultimate_parent,DE,phase3_jurisdiction_model,E_model_predicted_jurisdiction,0.8899,DE,0.8899,0.8219,DE;EUROPE;US,0.8899;0.068;0.0192,,,,,0.0,,,,,,,KUALA LUMPUR,1.3976854846715725,0,0,0,1,1,0,0
254900WKE54JVXPCU221,HONG SOON HUNG (M) SDN BHD,0.5391,validate_model_only_investor_economy,todo,operating_or_holding_company,,0.3590731048434652,non_consolidating_entity;missing_direct_parent;missing_ultimate_parent,US,phase3_jurisdiction_model,E_model_predicted_jurisdiction,0.787,US,0.787,0.6925,US;DE;GB,0.787;0.0945;0.0401,,,,,0.0,,,,,,,JOHOR BAHRU,1.3976854846715725,0,0,0,1,1,0,0
5493000MF8VBROZS0327,High Frequency Ltd.,0.5391,validate_model_only_investor_economy,todo,operating_or_holding_company,,0.3590731048434652,non_consolidating_entity;missing_direct_parent;missing_ultimate_parent,GB,phase3_jurisdiction_model,E_model_predicted_jurisdiction,0.9523,GB,0.9523,0.9071,GB;DE;EUROPE,0.9523;0.0452;0.0019,,,,,0.0,,,,,,,VICTORIA,1.3976854846715725,0,0,0,1,1,0,0
254900QANEXGLBXWCI91,Hoe Bee Sendirian Berhad,0.5391,validate_model_only_investor_economy,todo,operating_or_holding_company,,0.3590731048434652,non_consolidating_entity;missing_direct_parent;missing_ultimate_parent,DE,phase3_jurisdiction_model,E_model_predicted_jurisdiction,0.8855,DE,0.8855,0.7894,DE;US;OFFSHORE,0.8855;0.0961;0.012,,,,,0.0,,,,,,,BUTTERWORTH,1.3976854846715725,0,0,0,1,1,0,0
2549007PS1EQFHVQDI98,Holiday Tours & Travel Sdn Bhd,0.5391,validate_model_only_investor_economy,todo,operating_or_holding_company,,0.3590731048434652,non_consolidating_entity;missing_direct_parent;missing_ultimate_parent,SG,phase3_jurisdiction_model,E_model_predicted_jurisdiction,0.981,SG,0.981,0.9624,SG;EUROPE;US,0.981;0.0186;0.0003,,,,,0.0,,,,,,,Kuala Lumpur,1.3976854846715725,0,0,0,1,1,0,0
254900ST5C7S2KXWEJ12,Hong Leong Asset Management Bhd.,0.5391,validate_model_only_investor_economy,todo,operating_or_holding_company,,0.3590731048434652,shared_address_cluster;missing_direct_parent;missing_ultimate_parent,SG,phase3_jurisdiction_model,E_model_predicted_jurisdiction,0.8903,SG,0.8903,0.7896,SG;EUROPE;US,0.8903;0.1007;0.0058,,,,,0.0,,,,,,,Kuala Lumpur,1.3976854846715725,0,0,0,0,1,0,1
2549001NGQBVE9IJ7Z68,Hong Leong Islamic Asset Management Sdn. Bhd.,0.5391,validate_model_only_investor_economy,todo,operating_or_holding_company,,0.3590731048434652,shared_address_cluster;missing_direct_parent;missing_ultimate_parent,US,phase3_jurisdiction_model,E_model_predicted_jurisdiction,0.6401,US,0.6401,0.2862,US;SG;ASIA_OTHER,0.6401;0.3538;0.0026,,,,,0.0,,,,,,,Kuala Lumpur,1.3976854846715725,0,0,0,0,1,0,1
254900B0DP1W9BH51M82,Hong Leong MSIG Takaful Berhad,0.5391,validate_model_only_investor_economy,todo,operating_or_holding_company,,0.3590731048434652,shared_address_cluster;missing_direct_parent;missing_ultimate_parent,SG,phase3_jurisdiction_model,E_model_predicted_jurisdiction,0.4828,SG,0.4828,0.0115,SG;EUROPE;US,0.4828;0.4713;0.0394,,,,,0.0,,,,,,,Kuala Lumpur,1.3976854846715725,0,0,0,0,1,0,1
984500M9022AC5B80327,Hunter TR Inc.,0.5391,validate_model_only_investor_economy,todo,operating_or_holding_company,,0.3590731048434652,non_consolidating_entity;missing_direct_parent;missing_ultimate_parent,DE,phase3_jurisdiction_model,E_model_predicted_jurisdiction,0.8116,DE,0.8116,0.7386,DE;MIDEAST_AFRICA;GB,0.8116;0.073;0.0653,,,,,0.0,,,,,,,Labuan,1.3976854846715725,0,0,0,1,1,0,0
213800U1MUEDBHVN5561,IBLORD LTD.,0.5391,validate_model_only_investor_economy,todo,operating_or_holding_company,,0.3590731048434652,non_consolidating_entity;missing_direct_parent;missing_ultimate_parent,OFFSHORE,phase3_jurisdiction_model,E_model_predicted_jurisdiction,0.9965,OFFSHORE,0.9965,0.9945,OFFSHORE;DE;GB,0.9965;0.002;0.0008,,,,,0.0,,,,,,,JALAN MERDEKA,1.3976854846715725,0,0,0,1,1,0,0
2138003WOEU9MXBN9T08,ICE-FX MARKETS LIMITED,0.5391,validate_model_only_investor_economy,todo,operating_or_holding_company,,0.3590731048434652,shared_address_cluster;missing_direct_parent;missing_ultimate_parent,GB,phase3_jurisdiction_model,E_model_predicted_jurisdiction,0.7989,GB,0.7989,0.6774,GB;US;DE,0.7989;0.1215;0.0741,,,,,0.0,,,,,,,LABUAN,1.3976854846715725,0,0,0,0,1,0,1
254900FG8NH5KWA7KT65,IDBIF Malaysia Investments II Ltd,0.5391,validate_model_only_investor_economy,todo,operating_or_holding_company,,0.3590731048434652,non_consolidating_entity;missing_direct_parent;missing_ultimate_parent,US,phase3_jurisdiction_model,E_model_predicted_jurisdiction,0.5708,US,0.5708,0.2989,US;DE;SG,0.5708;0.2719;0.1072,,,,,0.0,,,,,,,LABUAN,1.3976854846715725,0,0,0,1,1,0,0
2549006T7ZP2TBZ8N030,IDEAL FORCE SDN. BHD.,0.5391,validate_model_only_investor_economy,todo,operating_or_holding_company,,0.3590731048434652,shared_address_cluster;missing_direct_parent;missing_ultimate_parent,SG,phase3_jurisdiction_model,E_model_predicted_jurisdiction,0.8719,SG,0.8719,0.7497,SG;US;GB,0.8719;0.1222;0.0041,,,,,0.0,,,,,,,Kuala Lumpur,1.3976854846715725,0,0,0,0,1,0,1
2549007CQQ2EBO5HLX96,IJM CORPORATION BERHAD,0.5391,validate_model_only_investor_economy,todo,operating_or_holding_company,,0.3590731048434652,non_consolidating_entity;missing_direct_parent;missing_ultimate_parent,GB,phase3_jurisdiction_model,E_model_predicted_jurisdiction,0.9254,GB,0.9254,0.8849,GB;DE;US,0.9254;0.0405;0.0296,,,,,0.0,,,,,,,PETALING JAYA,1.3976854846715725,0,0,0,1,1,0,0
98450057U78C9FG20E03,IKHLAS COM TRAVEL SDN. BHD.,0.5391,validate_model_only_investor_economy,todo,operating_or_holding_company,,0.3590731048434652,non_consolidating_entity;missing_direct_parent;missing_ultimate_parent,DE,phase3_jurisdiction_model,E_model_predicted_jurisdiction,0.9099,DE,0.9099,0.8411,DE;GB;EUROPE,0.9099;0.0688;0.0193,,,,,0.0,,,,,,,KUALA LUMPUR,1.3976854846715725,0,0,0,1,1,0,0
254900KKSM9PEEM6QI85,ILHAM CAPITAL VENTURES SDN. BHD.,0.5391,validate_model_only_investor_economy,todo,operating_or_holding_company,,0.3590731048434652,non_consolidating_entity;missing_direct_parent;missing_ultimate_parent,EUROPE,phase3_jurisdiction_model,E_model_predicted_jurisdiction,0.4614,EUROPE,0.4614,0.0494,EUROPE;US;DE,0.4614;0.412;0.1237,,,,,0.0,,,,,,,Petaling Jaya,1.3976854846715725,0,0,0,1,1,0,0
2549003QY653X4XOAK09,INDUSTRIAL PROPERTY MANAGEMENT SDN. BHD.,0.5391,validate_model_only_investor_economy,todo,operating_or_holding_company,,0.3590731048434652,non_consolidating_entity;missing_direct_parent;missing_ultimate_parent,DE,phase3_jurisdiction_model,E_model_predicted_jurisdiction,0.8242,DE,0.8242,0.6977,DE;US;EUROPE,0.8242;0.1265;0.0357,,,,,0.0,,,,,,,KUALA LUMPUR,1.3976854846715725,0,0,0,1,1,0,0
9845003CE9DDBB686807,INNOHEDGE LIMITED,0.5391,validate_model_only_investor_economy,todo,operating_or_holding_company,,0.3590731048434652,shared_address_cluster;missing_direct_parent;missing_ultimate_parent,OFFSHORE,phase3_jurisdiction_model,E_model_predicted_jurisdiction,0.9425,OFFSHORE,0.9425,0.8861,OFFSHORE;MIDEAST_AFRICA;EUROPE,0.9425;0.0564;0.0007,,,,,0.0,,,,,,,Labuan,1.3976854846715725,0,0,0,0,1,0,1
254900BIPDABJISL5H38,INTAN MAHSURI SDN BHD,0.5391,validate_model_only_investor_economy,todo,operating_or_holding_company,,0.3590731048434652,non_consolidating_entity;missing_direct_parent;missing_ultimate_parent,US,phase3_jurisdiction_model,E_model_predicted_jurisdiction,0.4675,US,0.4675,0.1694,US;DE;GB,0.4675;0.2982;0.2244,,,,,0.0,,,,,,,GEORGETOWN,1.3976854846715725,0,0,0,1,1,0,0
549300E2S5HR8NLX3018,INTEL MICROELECTRONICS (M) SDN. BHD.,0.5391,validate_model_only_investor_economy,todo,operating_or_holding_company,,0.3590731048434652,shared_address_cluster;missing_direct_parent;missing_ultimate_parent,US,phase3_jurisdiction_model,E_model_predicted_jurisdiction,0.9972,US,0.9972,0.9947,US;DE;SG,0.9972;0.0025;0.0002,,,,,0.0,,,,,,,PULAU PINANG,1.3976854846715725,0,0,0,0,1,0,1
549300BW6BVJ6D74BZ38,INTEL MSC SDN. BHD.,0.5391,validate_model_only_investor_economy,todo,operating_or_holding_company,,0.3590731048434652,shared_address_cluster;missing_direct_parent;missing_ultimate_parent,GB,phase3_jurisdiction_model,E_model_predicted_jurisdiction,0.5168,GB,0.5168,0.0382,GB;US;DE,0.5168;0.4786;0.0025,,,,,0.0,,,,,,,GEORGE TOWN,1.3976854846715725,0,0,0,0,0,0,1
549300Z6HVTJ3QYFP178,INTEL TECHNOLOGY SDN BHD,0.5391,validate_model_only_investor_economy,todo,operating_or_holding_company,,0.3590731048434652,shared_address_cluster;missing_direct_parent;missing_ultimate_parent,US,phase3_jurisdiction_model,E_model_predicted_jurisdiction,0.9607,US,0.9607,0.9435,US;GB;OFFSHORE,0.9607;0.0171;0.0122,,,,,0.0,,,,,,,GEORGE TOWN,1.3976854846715725,0,0,0,0,1,0,1
5493005G0K2W8VYY6X43,INTERSIL INTERNATIONAL OPERATIONS SDN. BHD.,0.5391,validate_model_only_investor_economy,todo,operating_or_holding_company,,0.3590731048434652,shared_address_cluster;missing_direct_parent;missing_ultimate_parent,US,phase3_jurisdiction_model,E_model_predicted_jurisdiction,0.997,US,0.997,0.9942,US;GB;DE,0.997;0.0027;0.0002,,,,,0.0,,,,,,,PETALING JAYA,1.3976854846715725,0,0,0,0,0,0,1
254900PL19L02FHACY66,INTERVEST KOREA MALAYSIA OIF B SDN. BHD.,0.5391,validate_model_only_investor_economy,todo,operating_or_holding_company,,0.3590731048434652,non_consolidating_entity;missing_direct_parent;missing_ultimate_parent,US,phase3_jurisdiction_model,E_model_predicted_jurisdiction,0.9774,US,0.9774,0.9635,US;EUROPE;DE,0.9774;0.0139;0.0025,,,,,0.0,,,,,,,PETALING JAYA,1.3976854846715725,0,0,0,1,1,0,0
549300X7UWHMKP3F4R66,IRC LIMITED,0.5391,validate_model_only_investor_economy,todo,operating_or_holding_company,,0.3590731048434652,non_consolidating_entity;missing_direct_parent;missing_ultimate_parent,OFFSHORE,phase3_jurisdiction_model,E_model_predicted_jurisdiction,0.9917,OFFSHORE,0.9917,0.9861,OFFSHORE;DE;US,0.9917;0.0056;0.0024,,,,,0.0,,,,,,,Labuan,1.3976854846715725,0,0,0,1,1,0,0
254900BQ0SMB7C23MP26,ITMC FIDUCIARY LIMITED,0.5391,validate_model_only_investor_economy,todo,operating_or_holding_company,,0.3590731048434652,shared_address_cluster;missing_direct_parent;missing_ultimate_parent,GB,phase3_jurisdiction_model,E_model_predicted_jurisdiction,0.7972,GB,0.7972,0.6522,GB;US;SG,0.7972;0.145;0.0471,,,,,0.0,,,,,,,Labuan,1.3976854846715725,0,0,0,0,1,0,1
2549002S5182YWI23Q10,Innosin Technologies Sdn. Bhd.,0.5391,validate_model_only_investor_economy,todo,operating_or_holding_company,,0.3590731048434652,non_consolidating_entity;missing_direct_parent;missing_ultimate_parent,DE,phase3_jurisdiction_model,E_model_predicted_jurisdiction,0.8658,DE,0.8658,0.7379,DE;EUROPE;GB,0.8658;0.1278;0.0059,,,,,0.0,,,,,,,Ulu Tiram,1.3976854846715725,0,0,0,1,1,0,0
254900HPASVIEAAYVX67,Insurans Islam Taib Family Takaful Sdn Bhd,0.5391,validate_model_only_investor_economy,todo,operating_or_holding_company,,0.3590731048434652,non_consolidating_entity;missing_direct_parent;missing_ultimate_parent,SG,phase3_jurisdiction_model,E_model_predicted_jurisdiction,0.8914,SG,0.8914,0.7972,SG;US;ASIA_OTHER,0.8914;0.0942;0.0086,,,,,0.0,,,,,,,Kuala Lumpur,1.3976854846715725,0,0,0,1,1,0,0
213800HQ9LZEGCYPIB98,J R LANKESTER WILL TRUST,0.5391,validate_model_only_investor_economy,todo,operating_or_holding_company,,0.3590731048434652,non_consolidating_entity;missing_direct_parent;missing_ultimate_parent,US,phase3_jurisdiction_model,E_model_predicted_jurisdiction,0.9945,US,0.9945,0.9914,US;DE;GB,0.9945;0.0032;0.0017,,,,,0.0,,,,,,,SUBANG JAYA,1.3976854846715725,0,0,0,1,1,0,0
254900DMBXXKANTLBT07,J.C.CHANG PRIVATE LIMITED,0.5391,validate_model_only_investor_economy,todo,operating_or_holding_company,,0.3590731048434652,non_consolidating_entity;missing_direct_parent;missing_ultimate_parent,DE,phase3_jurisdiction_model,E_model_predicted_jurisdiction,0.6238,DE,0.6238,0.3159,DE;US;OFFSHORE,0.6238;0.3079;0.0279,,,,,0.0,,,,,,,Johor Bahru,1.3976854846715725,0,0,0,1,1,0,0
549300NW74OPUHT7JO96,JABIL CIRCUIT SDN BHD,0.5391,validate_model_only_investor_economy,todo,operating_or_holding_company,,0.3590731048434652,non_consolidating_entity;missing_direct_parent;missing_ultimate_parent,US,phase3_jurisdiction_model,E_model_predicted_jurisdiction,0.631,US,0.631,0.2862,US;DE;GB,0.631;0.3447;0.0226,,,,,0.0,,,,,,,KUALA LUMPUR,1.3976854846715725,0,0,0,1,1,0,0
549300PHEYEGW57WS656,JABIL SDN. BHD.,0.5391,validate_model_only_investor_economy,todo,operating_or_holding_company,,0.3590731048434652,non_consolidating_entity;missing_direct_parent;missing_ultimate_parent,US,phase3_jurisdiction_model,E_model_predicted_jurisdiction,0.981,US,0.981,0.9641,US;DE;SG,0.981;0.0169;0.0009,,,,,0.0,,,,,,,PULAU PINANG,1.3976854846715725,0,0,0,1,1,0,0
254900E0AQHI5NM1NX52,JIA ASSET MANAGEMENT SDN. BHD.,0.5391,validate_model_only_investor_economy,todo,operating_or_holding_company,,0.3590731048434652,non_consolidating_entity;missing_direct_parent;missing_ultimate_parent,DE,phase3_jurisdiction_model,E_model_predicted_jurisdiction,0.4151,DE,0.4151,0.0083,DE;GB;EUROPE,0.4151;0.4068;0.1767,,,,,0.0,,,,,,,KUALA LUMPUR,1.3976854846715725,0,0,0,1,1,0,0
984500E5786CBAAHD976,JML MAINTENANCE SDN. BHD.,0.5391,validate_model_only_investor_economy,todo,operating_or_holding_company,,0.3590731048434652,non_consolidating_entity;missing_direct_parent;missing_ultimate_parent,DE,phase3_jurisdiction_model,E_model_predicted_jurisdiction,0.9545,DE,0.9545,0.9183,DE;OFFSHORE;US,0.9545;0.0362;0.0085,,,,,0.0,,,,,,,KUALA LUMPUR,1.3976854846715725,0,0,0,1,1,0,0
213800LUCCWOF5D4ST08,JUNE ELIZABETH ANN GARNETT WILL TRUST,0.5391,validate_model_only_investor_economy,todo,operating_or_holding_company,,0.3590731048434652,non_consolidating_entity;missing_direct_parent;missing_ultimate_parent,US,phase3_jurisdiction_model,E_model_predicted_jurisdiction,0.4559,US,0.4559,0.0104,US;SG;DE,0.4559;0.4455;0.0764,,,,,0.0,,,,,,,KUALA LUMPUR,1.3976854846715725,0,0,0,1,1,0,0
9845002F0K094JA61471,JUNZ CAPITAL MANAGEMENT,0.5391,validate_model_only_investor_economy,todo,operating_or_holding_company,,0.3590731048434652,non_consolidating_entity;missing_direct_parent;missing_ultimate_parent,GB,phase3_jurisdiction_model,E_model_predicted_jurisdiction,0.6322,GB,0.6322,0.4087,GB;DE;US,0.6322;0.2235;0.1354,,,,,0.0,,,,,,,Sungai Petani,1.3976854846715725,0,0,0,1,1,0,0
2549001NBX5IFYGTIJ22,Jiaxing Technology Sdn Bhd,0.5391,validate_model_only_investor_economy,todo,operating_or_holding_company,,0.3590731048434652,non_consolidating_entity;missing_direct_parent;missing_ultimate_parent,DE,phase3_jurisdiction_model,E_model_predicted_jurisdiction,0.8757,DE,0.8757,0.7972,DE;EUROPE;GB,0.8757;0.0785;0.0315,,,,,0.0,,,,,,,Johor Bahru,1.3976854846715725,0,0,0,1,1,0,0
2549004UUAF4IKLBAV11,Jurutera Minsar Consult SDN. BHD.,0.5391,validate_model_only_investor_economy,todo,operating_or_holding_company,,0.3590731048434652,non_consolidating_entity;missing_direct_parent;missing_ultimate_parent,US,phase3_jurisdiction_model,E_model_predicted_jurisdiction,0.7337,US,0.7337,0.4968,US;DE;GB,0.7337;0.2369;0.0226,,,,,0.0,,,,,,,Kuching,1.3976854846715725,0,0,0,1,1,0,0
549300XKVG87LXEBBJ87,KINGSHOE MANUFACTURING SDN. BHD.,0.5391,validate_model_only_investor_economy,todo,operating_or_holding_company,,0.3590731048434652,non_consolidating_entity;missing_direct_parent;missing_ultimate_parent,US,phase3_jurisdiction_model,E_model_predicted_jurisdiction,0.952,US,0.952,0.9277,US;DE;GB,0.952;0.0243;0.0166,,,,,0.0,,,,,,,JOHOR BAHRU,1.3976854846715725,0,0,0,1,1,0,0
254900S4ER6IFVO45G95,KJ Glovice FX Limited,0.5391,validate_model_only_investor_economy,todo,operating_or_holding_company,,0.3590731048434652,shared_address_cluster;missing_direct_parent;missing_ultimate_parent,US,phase3_jurisdiction_model,E_model_predicted_jurisdiction,0.7016,US,0.7016,0.4488,US;GB;SG,0.7016;0.2528;0.0289,,,,,0.0,,,,,,,Kota Kinabalu,1.3976854846715725,0,0,0,0,1,0,1
254900FD4F0LAAP9OB87,KOPERASI CO-OPBANK PERTAMA MALAYSIA BERHAD,0.5391,validate_model_only_investor_economy,todo,financial_institution,,0.3590731048434652,non_consolidating_entity;missing_direct_parent;missing_ultimate_parent,SG,phase3_jurisdiction_model,E_model_predicted_jurisdiction,0.8913,SG,0.8913,0.828,SG;US;DE,0.8913;0.0633;0.0293,,,,,0.0,,,,,,,Kuala Lumpur,1.3976854846715725,0,0,0,1,1,0,0
254900O45TSIT1W1SH19,KUMPULAN SENTIASA CEMERLANG SDN. BHD.,0.5391,validate_model_only_investor_economy,todo,operating_or_holding_company,,0.3590731048434652,non_consolidating_entity;missing_direct_parent;missing_ultimate_parent,SG,phase3_jurisdiction_model,E_model_predicted_jurisdiction,0.9122,SG,0.9122,0.8357,SG;US;DE,0.9122;0.0765;0.0084,,,,,0.0,,,,,,,Kuala Lumpur,1.3976854846715725,0,0,0,1,1,0,0
254900EJRDV262VPN135,KWANTAS CORPORATION BERHAD,0.5391,validate_model_only_investor_economy,todo,operating_or_holding_company,,0.3590731048434652,non_consolidating_entity;missing_direct_parent;missing_ultimate_parent,DE,phase3_jurisdiction_model,E_model_predicted_jurisdiction,0.5719,DE,0.5719,0.2466,DE;GB;OFFSHORE,0.5719;0.3253;0.0905,,,,,0.0,,,,,,,Kota Kinabalu,1.3976854846715725,0,0,0,1,1,0,0
2549007ULQRQR7YBEC10,Koperasi Pegwai Pejabat Pengarah Tanah Dan Galian Kuala Lumpur Berhad,0.5391,validate_model_only_investor_economy,todo,operating_or_holding_company,,0.3590731048434652,non_consolidating_entity;missing_direct_parent;missing_ultimate_parent,SG,phase3_jurisdiction_model,E_model_predicted_jurisdiction,0.9984,SG,0.9984,0.9974,SG;GB;US,0.9984;0.0009;0.0006,,,,,0.0,,,,,,,Kuala Lumpur,1.3976854846715725,0,0,0,1,1,0,0
254900H4CBUMQZ9EBZ04,Kristal Mahamas Sdn. Bhd.,0.5391,validate_model_only_investor_economy,todo,operating_or_holding_company,,0.3590731048434652,non_consolidating_entity;missing_direct_parent;missing_ultimate_parent,SG,phase3_jurisdiction_model,E_model_predicted_jurisdiction,0.7279,SG,0.7279,0.5799,SG;OFFSHORE;ASIA_OTHER,0.7279;0.148;0.0851,,,,,0.0,,,,,,,Kuala Lumpur,1.3976854846715725,0,0,0,1,1,0,0
254900QAZNC4CJ5L0U26,Kubera Capital Markets Ltd.,0.5391,validate_model_only_investor_economy,todo,operating_or_holding_company,,0.3590731048434652,shared_address_cluster;missing_direct_parent;missing_ultimate_parent,US,phase3_jurisdiction_model,E_model_predicted_jurisdiction,0.9042,US,0.9042,0.8365,US;DE;GB,0.9042;0.0677;0.0216,,,,,0.0,,,,,,,Jalan Merdeka,1.3976854846715725,0,0,0,0,1,0,1
549300UHIFHVG3WVW170,LABUAN REINSURANCE (L) LTD.,0.5391,validate_model_only_investor_economy,todo,operating_or_holding_company,,0.3590731048434652,non_consolidating_entity;missing_direct_parent;missing_ultimate_parent,US,phase3_jurisdiction_model,E_model_predicted_jurisdiction,0.9968,US,0.9968,0.9941,US;DE;GB,0.9968;0.0028;0.0002,,,,,0.0,,,,,,,VICTORIA,1.3976854846715725,0,0,0,1,1,0,0
529900GODDPYOHZ8BZ03,LAFARGE DRYMIX SDN. BHD.,0.5391,validate_model_only_investor_economy,todo,operating_or_holding_company,,0.3590731048434652,non_consolidating_entity;missing_direct_parent;missing_ultimate_parent,DE,phase3_jurisdiction_model,E_model_predicted_jurisdiction,0.8132,DE,0.8132,0.6278,DE;US;OFFSHORE,0.8132;0.1854;0.0008,,,,,0.0,,,,,,,KUALA LUMPUR,1.3976854846715725,0,0,0,1,1,0,0
254900966TJE2KUTMP41,LIBERTY GENERAL INSURANCE BERHAD,0.5391,validate_model_only_investor_economy,todo,operating_or_holding_company,,0.3590731048434652,non_consolidating_entity;missing_direct_parent;missing_ultimate_parent,SG,phase3_jurisdiction_model,E_model_predicted_jurisdiction,0.9435,SG,0.9435,0.9094,SG;GB;DE,0.9435;0.0341;0.0113,,,,,0.0,,,,,,,KUALA LUMPUR,1.3976854846715725,0,0,0,1,1,0,0
213800YMFJW5C7IGZU42,LIRUNEX ENTERPRISE,0.5391,validate_model_only_investor_economy,todo,operating_or_holding_company,,0.3590731048434652,non_consolidating_entity;missing_direct_parent;missing_ultimate_parent,OFFSHORE,phase3_jurisdiction_model,E_model_predicted_jurisdiction,0.9101,OFFSHORE,0.9101,0.8225,OFFSHORE;GB;US,0.9101;0.0876;0.0012,,,,,0.0,,,,,,,AMPANG,1.3976854846715725,0,0,0,1,1,0,0
2138005TF9FRTO216756,LIRUNEX GROUP LTD,0.5391,validate_model_only_investor_economy,todo,operating_or_holding_company,,0.3590731048434652,non_consolidating_entity;missing_direct_parent;missing_ultimate_parent,MIDEAST_AFRICA,phase3_jurisdiction_model,E_model_predicted_jurisdiction,0.9384,MIDEAST_AFRICA,0.9384,0.8922,MIDEAST_AFRICA;DE;GB,0.9384;0.0462;0.0106,,,,,0.0,,,,,,,LABUAN,1.3976854846715725,0,0,0,1,1,0,0
984500G9B7CCE57F4686,LIRUNEX LIMITED,0.5391,validate_model_only_investor_economy,todo,operating_or_holding_company,,0.3590731048434652,non_consolidating_entity;missing_direct_parent;missing_ultimate_parent,OFFSHORE,phase3_jurisdiction_model,E_model_predicted_jurisdiction,0.9908,OFFSHORE,0.9908,0.9835,OFFSHORE;MIDEAST_AFRICA;GB,0.9908;0.0074;0.0007,,,,,0.0,,,,,,,Labuan,1.3976854846715725,0,0,0,1,1,0,0
254900JAS07NODDVAU92,Lompat Bintang (L) Foundation,0.5391,validate_model_only_investor_economy,todo,operating_or_holding_company,,0.3590731048434652,shared_address_cluster;missing_direct_parent;missing_ultimate_parent,US,phase3_jurisdiction_model,E_model_predicted_jurisdiction,0.5133,US,0.5133,0.3376,US;OFFSHORE;EUROPE,0.5133;0.1757;0.1478,,,,,0.0,,,,,,,Labuan,1.3976854846715725,0,0,0,0,1,0,1
254900AMOGPOG1AHXG61,Lunas Capital I Ltd,0.5391,validate_model_only_investor_economy,todo,operating_or_holding_company,,0.3590731048434652,shared_address_cluster;missing_direct_parent;missing_ultimate_parent,EUROPE,phase3_jurisdiction_model,E_model_predicted_jurisdiction,0.96,EUROPE,0.96,0.94,EUROPE;GB;US,0.96;0.02;0.0107,,,,,0.0,,,,,,,Labuan,1.3976854846715725,0,0,0,0,1,0,1
2549005BNWUP708OZA33,MAGRI FOODS SDN. BHD.,0.5391,validate_model_only_investor_economy,todo,operating_or_holding_company,,0.3590731048434652,non_consolidating_entity;missing_direct_parent;missing_ultimate_parent,GB,phase3_jurisdiction_model,E_model_predicted_jurisdiction,0.9037,GB,0.9037,0.8134,GB;DE;US,0.9037;0.0904;0.0044,,,,,0.0,,,,,,,George Town,1.3976854846715725,0,0,0,1,1,0,0
21380067CL9BPAIZR530,MAKKAH INVESTMENT HOLDINGS LIMITED,0.5391,validate_model_only_investor_economy,todo,operating_or_holding_company,,0.3590731048434652,shared_address_cluster;missing_direct_parent;missing_ultimate_parent,US,phase3_jurisdiction_model,E_model_predicted_jurisdiction,0.9632,US,0.9632,0.951,US;DE;SG,0.9632;0.0123;0.0107,,,,,0.0,,,,,,,FEDERAL TERRITORY OF LABUAN,1.3976854846715725,0,0,0,0,1,0,1
213800SFHSQSEIV3BV68,MALAY INVESTMENT INTERNATIONAL CORP.,0.5391,validate_model_only_investor_economy,todo,operating_or_holding_company,,0.3590731048434652,shared_address_cluster;missing_direct_parent;missing_ultimate_parent,US,phase3_jurisdiction_model,E_model_predicted_jurisdiction,0.6702,US,0.6702,0.3521,US;SG;DE,0.6702;0.318;0.0076,,,,,0.0,,,,,,,LABUAN,1.3976854846715725,0,0,0,0,1,0,1
5493004OT3TOY404V310,MALAYAN BANKING BERHAD,0.5391,validate_model_only_investor_economy,todo,financial_institution,,0.3590731048434652,non_consolidating_entity;missing_direct_parent;missing_ultimate_parent,DE,phase3_jurisdiction_model,E_model_predicted_jurisdiction,0.6091,DE,0.6091,0.2209,DE;GB;SG,0.6091;0.3883;0.0012,,,,,0.0,,,,,,,KUALA LUMPUR,1.3976854846715725,0,0,0,1,1,0,0
549300Q8W15275IJ2M42,MALAYSIA SMELTING CORPORATION BERHAD,0.5391,validate_model_only_investor_economy,todo,operating_or_holding_company,,0.3590731048434652,non_consolidating_entity;missing_direct_parent;missing_ultimate_parent,DE,phase3_jurisdiction_model,E_model_predicted_jurisdiction,0.6667,DE,0.6667,0.541,DE;GB;ASIA_OTHER,0.6667;0.1258;0.12,,,,,0.0,,,,,,,PULAU INDAH,1.3976854846715725,0,0,0,1,1,0,0
98450046CDB92D4D9A31,MALINDO AIRWAYS SDN. BHD.,0.5391,validate_model_only_investor_economy,todo,operating_or_holding_company,,0.3590731048434652,non_consolidating_entity;missing_direct_parent;missing_ultimate_parent,DE,phase3_jurisdiction_model,E_model_predicted_jurisdiction,0.9936,DE,0.9936,0.9906,DE;OFFSHORE;GB,0.9936;0.0031;0.0029,,,,,0.0,,,,,,,KUALA LUMPUR,1.3976854846715725,0,0,0,1,1,0,0
9845005B88CCX1BF1D39,MAM MINERALS SDN. BHD.,0.5391,validate_model_only_investor_economy,todo,operating_or_holding_company,,0.3590731048434652,non_consolidating_entity;missing_direct_parent;missing_ultimate_parent,US,phase3_jurisdiction_model,E_model_predicted_jurisdiction,0.985,US,0.985,0.9753,US;GB;DE,0.985;0.0097;0.0034,,,,,0.0,,,,,,,SUBANG JAYA,1.3976854846715725,0,0,0,1,1,0,0
254900G8K0H9LFKGS258,MARA EXCELLENT VENTURES SDN. BHD.,0.5391,validate_model_only_investor_economy,todo,operating_or_holding_company,,0.3590731048434652,non_consolidating_entity;missing_direct_parent;missing_ultimate_parent,DE,phase3_jurisdiction_model,E_model_predicted_jurisdiction,0.5184,DE,0.5184,0.0912,DE;SG;GB,0.5184;0.4272;0.0279,,,,,0.0,,,,,,,KUALA LUMPUR,1.3976854846715725,0,0,0,1,1,0,0
549300DKNGVGEY7J3A42,MARKEM-IMAJE SDN. BHD.,0.5391,validate_model_only_investor_economy,todo,operating_or_holding_company,,0.3590731048434652,shared_address_cluster;missing_direct_parent;missing_ultimate_parent,US,phase3_jurisdiction_model,E_model_predicted_jurisdiction,0.9626,US,0.9626,0.9268,US;GB;SG,0.9626;0.0358;0.0008,,,,,0.0,,,,,,,SELANGOR,1.3976854846715725,0,0,0,0,1,0,1
549300U0TG9JMULQZB43,MASSIVE SOLUTIONS SDN. BHD.,0.5391,validate_model_only_investor_economy,todo,operating_or_holding_company,,0.3590731048434652,non_consolidating_entity;missing_direct_parent;missing_ultimate_parent,SG,phase3_jurisdiction_model,E_model_predicted_jurisdiction,0.7835,SG,0.7835,0.6549,SG;DE;GB,0.7835;0.1286;0.0572,,,,,0.0,,,,,,,Kuala Lumpur,1.3976854846715725,0,0,0,1,1,0,0
2549002Y0AH6CNAT4H19,MAXIS HOLDINGS SDN. BHD.,0.5391,validate_model_only_investor_economy,todo,operating_or_holding_company,,0.3590731048434652,shared_address_cluster;missing_direct_parent;missing_ultimate_parent,SG,phase3_jurisdiction_model,E_model_predicted_jurisdiction,0.4925,SG,0.4925,0.2909,SG;DE;OFFSHORE,0.4925;0.2016;0.1595,,,,,0.0,,,,,,,Kuala Lumpur,1.3976854846715725,0,0,0,0,1,0,1
254900UD4649CLRIC641,MAXMONEY SDN. BHD.,0.5391,validate_model_only_investor_economy,todo,operating_or_holding_company,,0.3590731048434652,shared_address_cluster;missing_direct_parent;missing_ultimate_parent,SG,phase3_jurisdiction_model,E_model_predicted_jurisdiction,0.9411,SG,0.9411,0.8862,SG;GB;US,0.9411;0.055;0.0015,,,,,0.0,,,,,,,Kuala Lumpur,1.3976854846715725,0,0,0,0,1,0,1
2549007GD0DSG7B2JK90,MAYBANK AGEAS HOLDINGS BERHAD,0.5391,validate_model_only_investor_economy,todo,financial_institution,,0.3590731048434652,non_consolidating_entity;missing_direct_parent;missing_ultimate_parent,SG,phase3_jurisdiction_model,E_model_predicted_jurisdiction,0.9867,SG,0.9867,0.9761,SG;US;OFFSHORE,0.9867;0.0107;0.0016,,,,,0.0,,,,,,,Kuala Lumpur,1.3976854846715725,0,0,0,1,1,0,0
5493008S4ZZ3JUH4OO20,MAYBANK ASSET MANAGEMENT SDN. BHD.,0.5391,validate_model_only_investor_economy,todo,financial_institution,,0.3590731048434652,shared_address_cluster;missing_direct_parent;missing_ultimate_parent,US,phase3_jurisdiction_model,E_model_predicted_jurisdiction,0.9985,US,0.9985,0.998,US;DE;GB,0.9985;0.0005;0.0004,,,,,0.0,,,,,,,KUALA LUMPUR,1.3976854846715725,0,0,0,0,1,0,1
254900S9SAQOA11H5760,MBS FINANCIAL LTD.,0.5391,validate_model_only_investor_economy,todo,operating_or_holding_company,,0.3590731048434652,non_consolidating_entity;missing_direct_parent;missing_ultimate_parent,GB,phase3_jurisdiction_model,E_model_predicted_jurisdiction,0.9375,GB,0.9375,0.9088,GB;US;DE,0.9375;0.0287;0.0249,,,,,0.0,,,,,,,Labuan,1.3976854846715725,0,0,0,1,1,0,0
984500B6442EIDF6BB37,MEGA TECH INC.,0.5391,validate_model_only_investor_economy,todo,operating_or_holding_company,,0.3590731048434652,shared_address_cluster;missing_direct_parent;missing_ultimate_parent,GB,phase3_jurisdiction_model,E_model_predicted_jurisdiction,0.7763,GB,0.7763,0.7133,GB;DE;US,0.7763;0.0631;0.0623,,,,,0.0,,,,,,,Federal Territory of Labuan,1.3976854846715725,0,0,0,0,1,0,1
549300DZXXM4RLI4T759,MEMC IPOH SDN. BHD.,0.5391,validate_model_only_investor_economy,todo,operating_or_holding_company,,0.3590731048434652,shared_address_cluster;missing_direct_parent;missing_ultimate_parent,GB,phase3_jurisdiction_model,E_model_predicted_jurisdiction,0.5732,GB,0.5732,0.1584,GB;US;DE,0.5732;0.4148;0.0066,,,,,0.0,,,,,,,KUALA LUMPUR,1.3976854846715725,0,0,0,0,0,0,1
549300UWD34TGZ7SOT75,MEMC KUCHING SDN BHD,0.5391,validate_model_only_investor_economy,todo,operating_or_holding_company,,0.3590731048434652,shared_address_cluster;missing_direct_parent;missing_ultimate_parent,US,phase3_jurisdiction_model,E_model_predicted_jurisdiction,0.791,US,0.791,0.5881,US;GB;DE,0.791;0.2029;0.0034,,,,,0.0,,,,,,,KUALA LUMPUR,1.3976854846715725,0,0,0,0,0,0,1
984500E87706B1379766,MFEX MALAYSIA SDN. BHD.,0.5391,validate_model_only_investor_economy,todo,operating_or_holding_company,,0.3590731048434652,non_consolidating_entity;missing_direct_parent;missing_ultimate_parent,DE,phase3_jurisdiction_model,E_model_predicted_jurisdiction,0.8273,DE,0.8273,0.7314,DE;GB;US,0.8273;0.0959;0.0712,,,,,0.0,,,,,,,KUALA LUMPUR,1.3976854846715725,0,0,0,1,1,0,0
9845004A95VJA0388766,MFMi LTD,0.5391,validate_model_only_investor_economy,todo,operating_or_holding_company,,0.3590731048434652,shared_address_cluster;missing_direct_parent;missing_ultimate_parent,OFFSHORE,phase3_jurisdiction_model,E_model_predicted_jurisdiction,0.9944,OFFSHORE,0.9944,0.991,OFFSHORE;US;DE,0.9944;0.0034;0.0014,,,,,0.0,,,,,,,Jalan Merdeka,1.3976854846715725,0,0,0,0,1,0,1
635400D5ENLKIZT4JB91,MGK Global Ltd,0.5391,validate_model_only_investor_economy,todo,operating_or_holding_company,,0.3590731048434652,shared_address_cluster;missing_direct_parent;missing_ultimate_parent,US,phase3_jurisdiction_model,E_model_predicted_jurisdiction,0.6868,US,0.6868,0.4905,US;DE;GB,0.6868;0.1963;0.1038,,,,,0.0,,,,,,,Federal Territory of Labuan,1.3976854846715725,0,0,0,0,1,0,1
549300CHDTSB345F9B65,MICHELIN MALAYSIA SDN. BHD.,0.5391,validate_model_only_investor_economy,todo,operating_or_holding_company,,0.3590731048434652,non_consolidating_entity;missing_direct_parent;missing_ultimate_parent,US,phase3_jurisdiction_model,E_model_predicted_jurisdiction,0.9921,US,0.9921,0.9844,US;DE;EUROPE,0.9921;0.0076;0.0001,,,,,0.0,,,,,,,PETALING JAYA,1.3976854846715725,0,0,0,1,1,0,0
984500B653F9A39EE009,MISC Shipmanagement (L) Pte. Ltd.,0.5391,validate_model_only_investor_economy,todo,operating_or_holding_company,,0.3590731048434652,shared_address_cluster;missing_direct_parent;missing_ultimate_parent,DE,phase3_jurisdiction_model,E_model_predicted_jurisdiction,0.5216,DE,0.5216,0.0505,DE;EUROPE;GB,0.5216;0.471;0.0053,,,,,0.0,,,,,,,Merdeka,1.3976854846715725,0,0,0,0,1,0,1
549300HZKF0KNWJL9L49,MK ELECTRIC (MALAYSIA) SDN. BHD,0.5391,validate_model_only_investor_economy,todo,operating_or_holding_company,,0.3590731048434652,non_consolidating_entity;missing_direct_parent;missing_ultimate_parent,US,phase3_jurisdiction_model,E_model_predicted_jurisdiction,0.9793,US,0.9793,0.9591,US;DE;GB,0.9793;0.0202;0.0004,,,,,0.0,,,,,,,SHAH ALAM,1.3976854846715725,0,0,0,1,1,0,0
213800JBVQCXYM2TYT90,MOBILE REPAIR SOLUTIONS MALAYSIA SDN. BHD.,0.5391,validate_model_only_investor_economy,todo,operating_or_holding_company,,0.3590731048434652,non_consolidating_entity;missing_direct_parent;missing_ultimate_parent,US,phase3_jurisdiction_model,E_model_predicted_jurisdiction,0.9951,US,0.9951,0.9904,US;DE;SG,0.9951;0.0047;0.0002,,,,,0.0,,,,,,,SELANGOR,1.3976854846715725,0,0,0,1,1,0,0
25490052KVOYBA9UL864,MONEYMATCH SDN. BHD.,0.5391,validate_model_only_investor_economy,todo,operating_or_holding_company,,0.3590731048434652,non_consolidating_entity;missing_direct_parent;missing_ultimate_parent,US,phase3_jurisdiction_model,E_model_predicted_jurisdiction,0.4789,US,0.4789,0.0632,US;GB;DE,0.4789;0.4157;0.0983,,,,,0.0,,,,,,,PETALING JAYA,1.3976854846715725,0,0,0,1,1,0,0
549300A5FUGN4KFEM974,MOTOROLA SOLUTIONS MALAYSIA SDN. BHD.,0.5391,validate_model_only_investor_economy,todo,operating_or_holding_company,,0.3590731048434652,shared_address_cluster;missing_direct_parent;missing_ultimate_parent,US,phase3_jurisdiction_model,E_model_predicted_jurisdiction,0.9973,US,0.9973,0.9955,US;GB;DE,0.9973;0.0018;0.0008,,,,,0.0,,,,,,,KUALA LUMPUR,1.3976854846715725,0,0,0,0,0,0,1
549300I3RTUOX47CDN38,MSR CAPITAL LIMITED,0.5391,validate_model_only_investor_economy,todo,operating_or_holding_company,,0.3590731048434652,non_consolidating_entity;missing_direct_parent;missing_ultimate_parent,GB,phase3_jurisdiction_model,E_model_predicted_jurisdiction,0.7848,GB,0.7848,0.6,GB;DE;US,0.7848;0.1848;0.0201,,,,,0.0,,,,,,,Labuan,1.3976854846715725,0,0,0,1,1,0,0
5493004J7RS38EAIY275,MSR Capital Management Ltd.,0.5391,validate_model_only_investor_economy,todo,operating_or_holding_company,,0.3590731048434652,non_consolidating_entity;missing_direct_parent;missing_ultimate_parent,US,phase3_jurisdiction_model,E_model_predicted_jurisdiction,0.7089,US,0.7089,0.4643,US;DE;EUROPE,0.7089;0.2446;0.0236,,,,,0.0,,,,,,,Labuan,1.3976854846715725,0,0,0,1,1,0,0
254900KGUDYALZCSS165,MTC ASSET MANAGEMENT (M) SDN. BHD.,0.5391,validate_model_only_investor_economy,todo,operating_or_holding_company,,0.3590731048434652,non_consolidating_entity;missing_direct_parent;missing_ultimate_parent,SG,phase3_jurisdiction_model,E_model_predicted_jurisdiction,0.538,SG,0.538,0.0907,SG;GB;US,0.538;0.4473;0.0087,,,,,0.0,,,,,,,Kuala Lumpur,1.3976854846715725,0,0,0,1,1,0,0
2549003NBM1LN55SZ370,Malaysia Airports Holdings Berhad,0.5391,validate_model_only_investor_economy,todo,operating_or_holding_company,,0.3590731048434652,non_consolidating_entity;missing_direct_parent;missing_ultimate_parent,SG,phase3_jurisdiction_model,E_model_predicted_jurisdiction,0.8425,SG,0.8425,0.7094,SG;EUROPE;US,0.8425;0.1331;0.0166,,,,,0.0,,,,,,,Kuala Lumpur,1.3976854846715725,0,0,0,1,1,0,0
25490051RM1LPKQB7B33,Malaysia Blue Ocean Strategy Institute,0.5391,validate_model_only_investor_economy,todo,operating_or_holding_company,,0.3590731048434652,non_consolidating_entity;missing_direct_parent;missing_ultimate_parent,SG,phase3_jurisdiction_model,E_model_predicted_jurisdiction,0.8595,SG,0.8595,0.7442,SG;US;DE,0.8595;0.1154;0.0237,,,,,0.0,,,,,,,Kuala Lumpur,1.3976854846715725,0,0,0,1,1,0,0
254900RMCBR1B91DJ959,Malaysia Hengyuan International Limited,0.5391,validate_model_only_investor_economy,todo,operating_or_holding_company,,0.3590731048434652,non_consolidating_entity;missing_direct_parent;missing_ultimate_parent,SG,phase3_jurisdiction_model,E_model_predicted_jurisdiction,0.9255,SG,0.9255,0.8875,SG;US;DE,0.9255;0.038;0.023,,,,,0.0,,,,,,,Kuala Lumpur,1.3976854846715725,0,0,0,1,1,0,0
254900LEP4PVI26BUR27,Malaysian Community & Education Foundation,0.5391,validate_model_only_investor_economy,todo,operating_or_holding_company,,0.3590731048434652,shared_address_cluster;missing_direct_parent;missing_ultimate_parent,SG,phase3_jurisdiction_model,E_model_predicted_jurisdiction,0.9698,SG,0.9698,0.946,SG;US;EUROPE,0.9698;0.0238;0.0041,,,,,0.0,,,,,,,Kuala Lumpur,1.3976854846715725,0,0,0,0,1,0,1
549300QVYF0SJUEX3X96,Mandarin Re Ltd,0.5391,validate_model_only_investor_economy,todo,operating_or_holding_company,,0.3590731048434652,shared_address_cluster;missing_direct_parent;missing_ultimate_parent,MIDEAST_AFRICA,phase3_jurisdiction_model,E_model_predicted_jurisdiction,0.7394,MIDEAST_AFRICA,0.7394,0.5314,MIDEAST_AFRICA;US;DE,0.7394;0.2081;0.0288,,,,,0.0,,,,,,,Federal Territory of Labuan,1.3976854846715725,0,0,0,0,1,0,1
254900RC71HHZY7EDT05,Measat Communication Systems Sdn. Bhd.,0.5391,validate_model_only_investor_economy,todo,operating_or_holding_company,,0.3590731048434652,shared_address_cluster;missing_direct_parent;missing_ultimate_parent,US,phase3_jurisdiction_model,E_model_predicted_jurisdiction,0.9718,US,0.9718,0.9508,US;SG;GB,0.9718;0.021;0.0034,,,,,0.0,,,,,,,Kuala Lumpur,1.3976854846715725,0,0,0,0,1,0,1
5299003LB4KYSUS1B092,Mercedes-Benz Parts Logistics Asia Pacific Sdn. Bhd.,0.5391,validate_model_only_investor_economy,todo,operating_or_holding_company,,0.3590731048434652,non_consolidating_entity;missing_direct_parent;missing_ultimate_parent,EUROPE,phase3_jurisdiction_model,E_model_predicted_jurisdiction,0.9356,EUROPE,0.9356,0.9051,EUROPE;DE;ASIA_OTHER,0.9356;0.0305;0.0303,,,,,0.0,,,,,,,Selangor Darul Ehsan,1.3976854846715725,0,0,0,1,1,0,0
894500PHZNEZXRT7KD37,Mindfx Social Trading,0.5391,validate_model_only_investor_economy,todo,operating_or_holding_company,,0.3590731048434652,non_consolidating_entity;missing_direct_parent;missing_ultimate_parent,US,phase3_jurisdiction_model,E_model_predicted_jurisdiction,0.6908,US,0.6908,0.3973,US;GB;DE,0.6908;0.2936;0.0151,,,,,0.0,,,,,,,Bayan Lepas,1.3976854846715725,0,0,0,1,1,0,0
254900AZYT50S1I2KJ53,N2N CONNECT BERHAD,0.5391,validate_model_only_investor_economy,todo,operating_or_holding_company,,0.3590731048434652,non_consolidating_entity;missing_direct_parent;missing_ultimate_parent,OTHER,phase3_jurisdiction_model,E_model_predicted_jurisdiction,0.3861,OTHER,0.3861,0.0571,OTHER;GB;DE,0.3861;0.329;0.2806,,,,,0.0,,,,,,,KUALA LUMPUR,1.3976854846715725,0,0,0,1,1,0,0
5493002V56CHA7DZ2M68,NATURAL OLEOCHEMICALS SDN. BHD.,0.5391,validate_model_only_investor_economy,todo,operating_or_holding_company,,0.3590731048434652,shared_address_cluster;missing_direct_parent;missing_ultimate_parent,US,phase3_jurisdiction_model,E_model_predicted_jurisdiction,0.9989,US,0.9989,0.9985,US;SG;DE,0.9989;0.0004;0.0003,,,,,0.0,,,,,,,KUALA LUMPUR,1.3976854846715725,0,0,0,0,1,0,1
2549008MN9GBTEASBX45,NAZA LEGACY SDN. BHD.,0.5391,validate_model_only_investor_economy,todo,operating_or_holding_company,,0.3590731048434652,non_consolidating_entity;missing_direct_parent;missing_ultimate_parent,SG,phase3_jurisdiction_model,E_model_predicted_jurisdiction,0.998,SG,0.998,0.9972,SG;GB;US,0.998;0.0009;0.0007,,,,,0.0,,,,,,,Kuala Lumpur,1.3976854846715725,0,0,0,1,1,0,0
549300E5EJEMDSQSW073,NEK GLOBAL VENTURES SDN. BHD.,0.5391,validate_model_only_investor_economy,todo,operating_or_holding_company,,0.3590731048434652,non_consolidating_entity;missing_direct_parent;missing_ultimate_parent,US,phase3_jurisdiction_model,E_model_predicted_jurisdiction,0.988,US,0.988,0.9779,US;DE;EUROPE,0.988;0.0101;0.0008,,,,,0.0,,,,,,,Georgetown,1.3976854846715725,0,0,0,1,1,0,0
213800236FPKUA98LP10,NESTLE (MALAYSIA) GROUP RETIREMENT SCHEME,0.5391,validate_model_only_investor_economy,todo,operating_or_holding_company,,0.3590731048434652,non_consolidating_entity;missing_direct_parent;missing_ultimate_parent,US,phase3_jurisdiction_model,E_model_predicted_jurisdiction,0.7383,US,0.7383,0.5054,US;DE;SG,0.7383;0.2329;0.0272,,,,,0.0,,,,,,,PETALING JAYA,1.3976854846715725,0,0,0,1,1,0,0
98450096BXFB7F98B550,NEXUS FINTRADE LIMITED,0.5391,validate_model_only_investor_economy,todo,operating_or_holding_company,,0.3590731048434652,shared_address_cluster;missing_direct_parent;missing_ultimate_parent,GB,phase3_jurisdiction_model,E_model_predicted_jurisdiction,0.9889,GB,0.9889,0.9836,GB;DE;US,0.9889;0.0053;0.0053,,,,,0.0,,,,,,,Jalan Merdeka,1.3976854846715725,0,0,0,0,1,0,1
549300GDFVOO878JGF05,NORTH POLAR LIMITED,0.5391,validate_model_only_investor_economy,todo,operating_or_holding_company,,0.3590731048434652,shared_address_cluster;missing_direct_parent;missing_ultimate_parent,GB,phase3_jurisdiction_model,E_model_predicted_jurisdiction,0.9551,GB,0.9551,0.9278,GB;US;DE,0.9551;0.0273;0.011,,,,,0.0,,,,,,,VICTORIA,1.3976854846715725,0,0,0,0,1,0,1
213800NQW32GY36YB368,NOVA SEPADU SDN. BHD.,0.5391,validate_model_only_investor_economy,todo,operating_or_holding_company,,0.3590731048434652,shared_address_cluster;missing_direct_parent;missing_ultimate_parent,US,phase3_jurisdiction_model,E_model_predicted_jurisdiction,0.9835,US,0.9835,0.9758,US;GB;DE,0.9835;0.0077;0.0045,,,,,0.0,,,,,,,KUALA LUMPUR,1.3976854846715725,0,0,0,0,0,0,1
5493000IJUL2U7SE3430,NUFOCUS SYSTEMS INC.,0.5391,validate_model_only_investor_economy,todo,operating_or_holding_company,,0.3590731048434652,non_consolidating_entity;missing_direct_parent;missing_ultimate_parent,GB,phase3_jurisdiction_model,E_model_predicted_jurisdiction,0.8673,GB,0.8673,0.7799,GB;US;DE,0.8673;0.0873;0.0403,,,,,0.0,,,,,,,VICTORIA,1.3976854846715725,0,0,0,1,1,0,0
254900KXL16498272G05,"Nagele, Gordan & Partners Asset Management Ltd.",0.5391,validate_model_only_investor_economy,todo,operating_or_holding_company,,0.3590731048434652,shared_address_cluster;missing_direct_parent;missing_ultimate_parent,US,phase3_jurisdiction_model,E_model_predicted_jurisdiction,0.7918,US,0.7918,0.6135,US;EUROPE;ASIA_OTHER,0.7918;0.1783;0.0144,,,,,0.0,,,,,,,Labuan,1.3976854846715725,0,0,0,0,1,0,1
549300LBQUBTOV0XI062,Nukk Trading Limited,0.5391,validate_model_only_investor_economy,todo,operating_or_holding_company,,0.3590731048434652,shared_address_cluster;missing_direct_parent;missing_ultimate_parent,GB,phase3_jurisdiction_model,E_model_predicted_jurisdiction,0.9957,GB,0.9957,0.994,GB;DE;EUROPE,0.9957;0.0016;0.0011,,,,,0.0,,,,,,,Labuan,1.3976854846715725,0,0,0,0,1,0,1
254900CYLDAL5BCEEU95,Nusantara Cempaka Sdn. Bhd.,0.5391,validate_model_only_investor_economy,todo,operating_or_holding_company,,0.3590731048434652,shared_address_cluster;missing_direct_parent;missing_ultimate_parent,SG,phase3_jurisdiction_model,E_model_predicted_jurisdiction,0.3672,SG,0.3672,0.0607,SG;DE;GB,0.3672;0.3064;0.2125,,,,,0.0,,,,,,,Kuala Lumpur,1.3976854846715725,0,0,0,0,1,0,1
2549008MVJ21LT0JTM93,Nusantara Delima Sdn. Bhd.,0.5391,validate_model_only_investor_economy,todo,operating_or_holding_company,,0.3590731048434652,shared_address_cluster;missing_direct_parent;missing_ultimate_parent,OFFSHORE,phase3_jurisdiction_model,E_model_predicted_jurisdiction,0.9392,OFFSHORE,0.9392,0.914,OFFSHORE;SG;DE,0.9392;0.0253;0.0188,,,,,0.0,,,,,,,Kuala Lumpur,1.3976854846715725,0,0,0,0,1,0,1
9845007490IAUF65EB79,OFFSHORE TECH & INTERMEDIARY SERVICES SND. BND.,0.5391,validate_model_only_investor_economy,todo,operating_or_holding_company,,0.3590731048434652,non_consolidating_entity;missing_direct_parent;missing_ultimate_parent,US,phase3_jurisdiction_model,E_model_predicted_jurisdiction,0.9704,US,0.9704,0.9564,US;ASIA_OTHER;DE,0.9704;0.014;0.0081,,,,,0.0,,,,,,,KUALA LUMPAR,1.3976854846715725,0,0,0,1,1,0,0
254900QUPT3VWNIK2N17,OLYMPIC MARKETS LTD.,0.5391,validate_model_only_investor_economy,todo,operating_or_holding_company,,0.3590731048434652,shared_address_cluster;missing_direct_parent;missing_ultimate_parent,GB,phase3_jurisdiction_model,E_model_predicted_jurisdiction,0.9949,GB,0.9949,0.9919,GB;DE;EUROPE,0.9949;0.0029;0.0012,,,,,0.0,,,,,,,LABUAN,1.3976854846715725,0,0,0,0,1,0,1
254900R0JWPQA4RLKA82,ORIENTAL CONCEPT SDN. BHD.,0.5391,validate_model_only_investor_economy,todo,operating_or_holding_company,,0.3590731048434652,non_consolidating_entity;missing_direct_parent;missing_ultimate_parent,DE,phase3_jurisdiction_model,E_model_predicted_jurisdiction,0.9425,DE,0.9425,0.8971,DE;OFFSHORE;EUROPE,0.9425;0.0454;0.0081,,,,,0.0,,,,,,,MALAYSIA,1.3976854846715725,0,0,0,1,1,0,0
549300WBMDZXMUQT2I82,ORIENTAL HOLDINGS BHD,0.5391,validate_model_only_investor_economy,todo,operating_or_holding_company,,0.3590731048434652,non_consolidating_entity;missing_direct_parent;missing_ultimate_parent,GB,phase3_jurisdiction_model,E_model_predicted_jurisdiction,0.8512,GB,0.8512,0.7552,GB;DE;US,0.8512;0.096;0.0491,,,,,0.0,,,,,,,GEORGE TOWN,1.3976854846715725,0,0,0,1,1,0,0
254900X8PU67UGGJSY30,One Flexitank Industries Sdn Bhd,0.5391,validate_model_only_investor_economy,todo,operating_or_holding_company,,0.3590731048434652,non_consolidating_entity;missing_direct_parent;missing_ultimate_parent,GB,phase3_jurisdiction_model,E_model_predicted_jurisdiction,0.4894,GB,0.4894,0.0781,GB;DE;EUROPE,0.4894;0.4113;0.0858,,,,,0.0,,,,,,,Georgetown,1.3976854846715725,0,0,0,1,1,0,0
254900NUIBMMZF9T1S82,PACIFIC & ORIENT BERHAD.,0.5391,validate_model_only_investor_economy,todo,operating_or_holding_company,,0.3590731048434652,non_consolidating_entity;missing_direct_parent;missing_ultimate_parent,SG,phase3_jurisdiction_model,E_model_predicted_jurisdiction,0.9961,SG,0.9961,0.9932,SG;OFFSHORE;DE,0.9961;0.0029;0.0007,,,,,0.0,,,,,,,Kuala Lumpur,1.3976854846715725,0,0,0,1,1,0,0
213800BEEEWZ5OMTXK48,PANEAGLE HOLDINGS BERHAD,0.5391,validate_model_only_investor_economy,todo,operating_or_holding_company,,0.3590731048434652,non_consolidating_entity;missing_direct_parent;missing_ultimate_parent,DE,phase3_jurisdiction_model,E_model_predicted_jurisdiction,0.9517,DE,0.9517,0.9195,DE;US;OTHER,0.9517;0.0322;0.0091,,,,,0.0,,,,,,,KUALA LUMPUR,1.3976854846715725,0,0,0,1,1,0,0
9845002AE81FFD1JCB78,PAPER DIGITAL MY SDN. BHD.,0.5391,validate_model_only_investor_economy,todo,operating_or_holding_company,,0.3590731048434652,shared_address_cluster;missing_direct_parent;missing_ultimate_parent,US,phase3_jurisdiction_model,E_model_predicted_jurisdiction,0.5651,US,0.5651,0.4199,US;EUROPE;AMERICAS_OTHER,0.5651;0.1452;0.1305,,,,,0.0,,,,,,,KUALA LUMPUR,1.3976854846715725,0,0,0,0,1,0,1
2549004VEYFQ8BXG7O34,PARAMOUNT UNTERNEHMENSBERATUNGS-GMBH,0.5391,validate_model_only_investor_economy,todo,operating_or_holding_company,,0.3590731048434652,shared_address_cluster;missing_direct_parent;missing_ultimate_parent,OFFSHORE,phase3_jurisdiction_model,E_model_predicted_jurisdiction,0.8836,OFFSHORE,0.8836,0.7739,OFFSHORE;US;DE,0.8836;0.1097;0.0044,,,,,0.0,,,,,,,Victoria,1.3976854846715725,0,0,0,0,1,0,1
254900G1ZITYSU4NJ053,PARAYSMA SDN BHD,0.5391,validate_model_only_investor_economy,todo,operating_or_holding_company,,0.3590731048434652,non_consolidating_entity;missing_direct_parent;missing_ultimate_parent,US,phase3_jurisdiction_model,E_model_predicted_jurisdiction,0.9037,US,0.9037,0.8088,US;DE;GB,0.9037;0.0949;0.0006,,,,,0.0,,,,,,,Petaling Jaya,1.3976854846715725,0,0,0,1,1,0,0
2549004B8WPQU33QX915,PARKSON CREDIT SDN. BHD.,0.5391,validate_model_only_investor_economy,todo,operating_or_holding_company,,0.3590731048434652,shared_address_cluster;missing_direct_parent;missing_ultimate_parent,DE,phase3_jurisdiction_model,E_model_predicted_jurisdiction,0.5084,DE,0.5084,0.152,DE;OFFSHORE;GB,0.5084;0.3564;0.0628,,,,,0.0,,,,,,,KUALA LUMPUR,1.3976854846715725,0,0,0,0,1,0,1
213800SE4NLFZRVYKJ48,PCA REINSURANCE CO. LTD.,0.5391,validate_model_only_investor_economy,todo,operating_or_holding_company,,0.3590731048434652,shared_address_cluster;missing_direct_parent;missing_ultimate_parent,US,phase3_jurisdiction_model,E_model_predicted_jurisdiction,0.6288,US,0.6288,0.3414,US;DE;OFFSHORE,0.6288;0.2874;0.0543,,,,,0.0,,,,,,,JALAN MERDEKA,1.3976854846715725,0,0,0,0,0,0,1
254900E9AIQMG445U528,PELIKAN INTERNATIONAL CORPORATION BERHAD,0.5391,validate_model_only_investor_economy,todo,operating_or_holding_company,,0.3590731048434652,non_consolidating_entity;missing_direct_parent;missing_ultimate_parent,DE,phase3_jurisdiction_model,E_model_predicted_jurisdiction,0.9681,DE,0.9681,0.9493,DE;GB;EUROPE,0.9681;0.0188;0.0076,,,,,0.0,,,,,,,SHAH ALAM,1.3976854846715725,0,0,0,1,1,0,0
254900OODIN9IKFMH231,PEMBINAAN JEMERLANG SDN.BHD.,0.5391,validate_model_only_investor_economy,todo,operating_or_holding_company,,0.3590731048434652,non_consolidating_entity;missing_direct_parent;missing_ultimate_parent,DE,phase3_jurisdiction_model,E_model_predicted_jurisdiction,0.8831,DE,0.8831,0.7678,DE;US;GB,0.8831;0.1153;0.001,,,,,0.0,,,,,,,Subang Jaya,1.3976854846715725,0,0,0,1,1,0,0
984500C70A0F46EB3A74,PERSATUAN JURURAWAT MALAYSIA,0.5391,validate_model_only_investor_economy,todo,operating_or_holding_company,,0.3590731048434652,non_consolidating_entity;missing_direct_parent;missing_ultimate_parent,DE,phase3_jurisdiction_model,E_model_predicted_jurisdiction,0.6341,DE,0.6341,0.3018,DE;US;GB,0.6341;0.3324;0.0271,,,,,0.0,,,,,,,Petaling Jaya,1.3976854846715725,0,0,0,1,1,0,0
549300Q1ZCQSA9RH7X69,PETCO TRADING LABUAN COMPANY LTD,0.5391,validate_model_only_investor_economy,todo,operating_or_holding_company,,0.3590731048434652,shared_address_cluster;missing_direct_parent;missing_ultimate_parent,US,phase3_jurisdiction_model,E_model_predicted_jurisdiction,0.4193,US,0.4193,0.0627,US;DE;SG,0.4193;0.3566;0.1913,,,,,0.0,,,,,,,LABUAN,1.3976854846715725,0,0,0,0,1,0,1
984500A79C674C000D09,PETROCHEMICAL & POWER PLANT SERVICES SDN. BHD.,0.5391,validate_model_only_investor_economy,todo,operating_or_holding_company,,0.3590731048434652,non_consolidating_entity;missing_direct_parent;missing_ultimate_parent,ASIA_OTHER,phase3_jurisdiction_model,E_model_predicted_jurisdiction,0.9266,ASIA_OTHER,0.9266,0.8636,ASIA_OTHER;EUROPE;US,0.9266;0.063;0.0081,,,,,0.0,,,,,,,Puchong,1.3976854846715725,0,0,0,1,1,0,0
5493008N68KSVMTEMK63,PETRONAS LNG LTD.,0.5391,validate_model_only_investor_economy,todo,operating_or_holding_company,,0.3590731048434652,non_consolidating_entity;missing_direct_parent;missing_ultimate_parent,US,phase3_jurisdiction_model,E_model_predicted_jurisdiction,0.9845,US,0.9845,0.9694,US;DE;GB,0.9845;0.015;0.0003,,,,,0.0,,,,,,,LABUAN,1.3976854846715725,0,0,0,1,1,0,0
5493004FZ52NDCTNTR21,PHILIPS LIGHTING COMMERCIAL MALAYSIA SDN. BHD,0.5391,validate_model_only_investor_economy,todo,operating_or_holding_company,,0.3590731048434652,non_consolidating_entity;missing_direct_parent;missing_ultimate_parent,US,phase3_jurisdiction_model,E_model_predicted_jurisdiction,0.9986,US,0.9986,0.9976,US;DE;SG,0.9986;0.001;0.0002,,,,,0.0,,,,,,,PETALING JAYA,1.3976854846715725,0,0,0,1,1,0,0
549300WKJC99WCYYKT83,PHILIPS MALAYSIA SDN. BHD.,0.5391,validate_model_only_investor_economy,todo,operating_or_holding_company,,0.3590731048434652,non_consolidating_entity;missing_direct_parent;missing_ultimate_parent,US,phase3_jurisdiction_model,E_model_predicted_jurisdiction,0.956,US,0.956,0.9133,US;DE;ASIA_OTHER,0.956;0.0427;0.0007,,,,,0.0,,,,,,,KUALA LAMPUR,1.3976854846715725,0,0,0,1,1,0,0
549300IU9LKLYY4BSB93,PRICE SOLUTIONS SDN. BHD.,0.5391,validate_model_only_investor_economy,todo,operating_or_holding_company,,0.3590731048434652,shared_address_cluster;missing_direct_parent;missing_ultimate_parent,US,phase3_jurisdiction_model,E_model_predicted_jurisdiction,0.8355,US,0.8355,0.6893,US;GB;DE,0.8355;0.1462;0.0139,,,,,0.0,,,,,,,KUALA LUMPUR,1.3976854846715725,0,0,0,0,0,0,1
254900QSK82CYT9SXX61,PRIMULA TERBILANG SDN. BHD.,0.5391,validate_model_only_investor_economy,todo,operating_or_holding_company,,0.3590731048434652,non_consolidating_entity;missing_direct_parent;missing_ultimate_parent,SG,phase3_jurisdiction_model,E_model_predicted_jurisdiction,0.7157,SG,0.7157,0.5374,SG;ASIA_OTHER;US,0.7157;0.1783;0.0781,,,,,0.0,,,,,,,Kuala Lumpur,1.3976854846715725,0,0,0,1,1,0,0
98450047EA78BFYBF734,PROSPERITY INTERNATIONAL SDN BHD,0.5391,validate_model_only_investor_economy,todo,operating_or_holding_company,,0.3590731048434652,non_consolidating_entity;missing_direct_parent;missing_ultimate_parent,DE,phase3_jurisdiction_model,E_model_predicted_jurisdiction,0.9922,DE,0.9922,0.9864,DE;GB;EUROPE,0.9922;0.0058;0.0017,,,,,0.0,,,,,,,KUALA LUMPUR,1.3976854846715725,0,0,0,1,1,0,0
2138003OVFZVDIQ7CL95,PRUDENTIAL SERVICES ASIA SDN. BHD.,0.5391,validate_model_only_investor_economy,todo,operating_or_holding_company,,0.3590731048434652,shared_address_cluster;missing_direct_parent;missing_ultimate_parent,US,phase3_jurisdiction_model,E_model_predicted_jurisdiction,0.9985,US,0.9985,0.998,US;DE;GB,0.9985;0.0005;0.0004,,,,,0.0,,,,,,,KUALA LUMPUR,1.3976854846715725,0,0,0,0,0,0,1
549300L2RSQCVMOHGM20,PUBLIC BANK BERHAD,0.5391,validate_model_only_investor_economy,todo,financial_institution,,0.3590731048434652,non_consolidating_entity;missing_direct_parent;missing_ultimate_parent,SG,phase3_jurisdiction_model,E_model_predicted_jurisdiction,0.5441,SG,0.5441,0.0947,SG;GB;DE,0.5441;0.4494;0.0036,,,,,0.0,,,,,,,Kuala Lumpur,1.3976854846715725,0,0,0,1,1,0,0
254900DB4TVZGQS0PZ60,Persatuan Soka Gakkai Malaysia,0.5391,validate_model_only_investor_economy,todo,operating_or_holding_company,,0.3590731048434652,non_consolidating_entity;missing_direct_parent;missing_ultimate_parent,SG,phase3_jurisdiction_model,E_model_predicted_jurisdiction,0.8036,SG,0.8036,0.639,SG;US;EUROPE,0.8036;0.1647;0.0283,,,,,0.0,,,,,,,Kuala Lumpur,1.3976854846715725,0,0,0,1,1,0,0
254900SMUDZOFO5EZD76,Principal Asset Management Berhad,0.5391,validate_model_only_investor_economy,todo,operating_or_holding_company,,0.3590731048434652,shared_address_cluster;missing_direct_parent;missing_ultimate_parent,SG,phase3_jurisdiction_model,E_model_predicted_jurisdiction,0.7488,SG,0.7488,0.5788,SG;EUROPE;US,0.7488;0.17;0.0473,,,,,0.0,,,,,,,Kuala Lumpur,1.3976854846715725,0,0,0,0,1,0,1
549300ZK0OUTMSQ0N575,QUANTATIVE ASSET MANAGEMENT MY SDN. BHD.,0.5391,validate_model_only_investor_economy,todo,operating_or_holding_company,,0.3590731048434652,non_consolidating_entity;missing_direct_parent;missing_ultimate_parent,US,phase3_jurisdiction_model,E_model_predicted_jurisdiction,0.634,US,0.634,0.2799,US;DE;SG,0.634;0.3541;0.008,,,,,0.0,,,,,,,KUALA LUMPUR,1.3976854846715725,0,0,0,1,1,0,0
549300F8D42LFTMWDL67,RBC INVESTOR SERVICES MALAYSIA SDN. BHD.,0.5391,validate_model_only_investor_economy,todo,operating_or_holding_company,,0.3590731048434652,shared_address_cluster;missing_direct_parent;missing_ultimate_parent,US,phase3_jurisdiction_model,E_model_predicted_jurisdiction,0.9529,US,0.9529,0.9077,US;GB;DE,0.9529;0.0451;0.0014,,,,,0.0,,,,,,,KUALA LUMPUR,1.3976854846715725,0,0,0,0,0,0,1
25490092LEFGVEAB8835,RCE MARKETING SDN. BHD.,0.5391,validate_model_only_investor_economy,todo,operating_or_holding_company,,0.3590731048434652,shared_address_cluster;missing_direct_parent;missing_ultimate_parent,DE,phase3_jurisdiction_model,E_model_predicted_jurisdiction,0.6746,DE,0.6746,0.4004,DE;US;GB,0.6746;0.2742;0.0274,,,,,0.0,,,,,,,Petaling Jaya,1.3976854846715725,0,0,0,0,1,0,1
254900BPMOOF3QP9CD47,RCE TRADING SDN. BHD.,0.5391,validate_model_only_investor_economy,todo,operating_or_holding_company,,0.3590731048434652,shared_address_cluster;missing_direct_parent;missing_ultimate_parent,DE,phase3_jurisdiction_model,E_model_predicted_jurisdiction,0.5148,DE,0.5148,0.1977,DE;US;GB,0.5148;0.3171;0.1227,,,,,0.0,,,,,,,Petaling Jaya,1.3976854846715725,0,0,0,0,0,0,1
254900CB2RJIB8CX6P53,REBEN ENGINEERING (M) SDN. BHD.,0.5391,validate_model_only_investor_economy,todo,operating_or_holding_company,,0.3590731048434652,non_consolidating_entity;missing_direct_parent;missing_ultimate_parent,DE,phase3_jurisdiction_model,E_model_predicted_jurisdiction,0.5489,DE,0.5489,0.2448,DE;US;EUROPE,0.5489;0.3041;0.1295,,,,,0.0,,,,,,,KUALA LUMPUR,1.3976854846715725,0,0,0,1,1,0,0
984500DB0F57CBEF0640,REDTEN RESOURCES SDN. BHD.,0.5391,validate_model_only_investor_economy,todo,operating_or_holding_company,,0.3590731048434652,non_consolidating_entity;missing_direct_parent;missing_ultimate_parent,OFFSHORE,phase3_jurisdiction_model,E_model_predicted_jurisdiction,0.7333,OFFSHORE,0.7333,0.5153,OFFSHORE;SG;ASIA_OTHER,0.7333;0.218;0.0334,,,,,0.0,,,,,,,Kuala Lumpur,1.3976854846715725,0,0,0,1,1,0,0
254900F4VG032WSQBT37,REDVEST WEALTH & ASSET MANAGEMENT SDN. BHD.,0.5391,validate_model_only_investor_economy,todo,operating_or_holding_company,,0.3590731048434652,non_consolidating_entity;missing_direct_parent;missing_ultimate_parent,US,phase3_jurisdiction_model,E_model_predicted_jurisdiction,0.9811,US,0.9811,0.9704,US;EUROPE;ASIA_OTHER,0.9811;0.0107;0.0034,,,,,0.0,,,,,,,Shah Alam,1.3976854846715725,0,0,0,1,1,0,0
5493006AM186Q0J0NF60,REFLEXION (M) SDN. BHD.,0.5391,validate_model_only_investor_economy,todo,operating_or_holding_company,,0.3590731048434652,shared_address_cluster;missing_direct_parent;missing_ultimate_parent,US,phase3_jurisdiction_model,E_model_predicted_jurisdiction,0.9911,US,0.9911,0.9864,US;GB;DE,0.9911;0.0047;0.0021,,,,,0.0,,,,,,,Victoria,1.3976854846715725,0,0,0,0,1,0,1
254900Z3K3CXG0J0SJ77,RKG KLOZER TRUST LTD,0.5391,validate_model_only_investor_economy,todo,operating_or_holding_company,,0.3590731048434652,non_consolidating_entity;missing_direct_parent;missing_ultimate_parent,GB,phase3_jurisdiction_model,E_model_predicted_jurisdiction,0.673,GB,0.673,0.516,GB;US;DE,0.673;0.1571;0.1343,,,,,0.0,,,,,,,LABUAN,1.3976854846715725,0,0,0,1,1,0,0
635400H1NRXSKUBKWV70,Revollet International Limited,0.5391,validate_model_only_investor_economy,todo,operating_or_holding_company,,0.3590731048434652,shared_address_cluster;missing_direct_parent;missing_ultimate_parent,US,phase3_jurisdiction_model,E_model_predicted_jurisdiction,0.8614,US,0.8614,0.8074,US;GB;SG,0.8614;0.054;0.0325,,,,,0.0,,,,,,,Labuan,1.3976854846715725,0,0,0,0,1,0,1
213800QH6IRIIR476G80,River Prime Ltd.,0.5391,validate_model_only_investor_economy,todo,operating_or_holding_company,,0.3590731048434652,shared_address_cluster;missing_direct_parent;missing_ultimate_parent,US,phase3_jurisdiction_model,E_model_predicted_jurisdiction,0.9319,US,0.9319,0.8721,US;DE;GB,0.9319;0.0598;0.0047,,,,,0.0,,,,,,,Federal Territory of Labuan,1.3976854846715725,0,0,0,0,1,0,1
254900YVTLDI4PV1FU02,Rubytech Resources Sdn Bhd,0.5391,validate_model_only_investor_economy,todo,operating_or_holding_company,,0.3590731048434652,non_consolidating_entity;missing_direct_parent;missing_ultimate_parent,DE,phase3_jurisdiction_model,E_model_predicted_jurisdiction,0.7667,DE,0.7667,0.6636,DE;OFFSHORE;EUROPE,0.7667;0.1031;0.0689,,,,,0.0,,,,,,,Shah Alam,1.3976854846715725,0,0,0,1,1,0,0
254900F9AKARXUZGIG69,SAHAM SABAH BERHAD,0.5391,validate_model_only_investor_economy,todo,operating_or_holding_company,,0.3590731048434652,non_consolidating_entity;missing_direct_parent;missing_ultimate_parent,GB,phase3_jurisdiction_model,E_model_predicted_jurisdiction,0.8178,GB,0.8178,0.7262,GB;DE;US,0.8178;0.0916;0.0803,,,,,0.0,,,,,,,KOTA KINABALU,1.3976854846715725,0,0,0,1,1,0,0
5493000W4G7T3LKK9739,SANDAKAN EDIBLE OILS SDN. BHD.,0.5391,validate_model_only_investor_economy,todo,operating_or_holding_company,,0.3590731048434652,shared_address_cluster;missing_direct_parent;missing_ultimate_parent,US,phase3_jurisdiction_model,E_model_predicted_jurisdiction,0.9861,US,0.9861,0.9752,US;EUROPE;GB,0.9861;0.0109;0.0012,,,,,0.0,,,,,,,KUALA LUMPUR,1.3976854846715725,0,0,0,0,1,0,1
54930050ZZ5KP7N21L49,SANDBOX CAPITAL SDN. BHD.,0.5391,validate_model_only_investor_economy,todo,operating_or_holding_company,,0.3590731048434652,non_consolidating_entity;missing_direct_parent;missing_ultimate_parent,US,phase3_jurisdiction_model,E_model_predicted_jurisdiction,0.599,US,0.599,0.341,US;DE;GB,0.599;0.258;0.084,,,,,0.0,,,,,,,George Town,1.3976854846715725,0,0,0,1,1,0,0
9845000658A72E96Y149,SAPURA FABRICATION SDN. BHD.,0.5391,validate_model_only_investor_economy,todo,operating_or_holding_company,,0.3590731048434652,non_consolidating_entity;missing_direct_parent;missing_ultimate_parent,DE,phase3_jurisdiction_model,E_model_predicted_jurisdiction,0.9867,DE,0.9867,0.9758,DE;US;OFFSHORE,0.9867;0.0109;0.0011,,,,,0.0,,,,,,,KUALA LUMPUR,1.3976854846715725,0,0,0,1,1,0,0
2549007VR4CYURZ1JP68,SEMPLICE SDN BHD,0.5391,validate_model_only_investor_economy,todo,operating_or_holding_company,,0.3590731048434652,non_consolidating_entity;missing_direct_parent;missing_ultimate_parent,US,phase3_jurisdiction_model,E_model_predicted_jurisdiction,0.9208,US,0.9208,0.8437,US;DE;GB,0.9208;0.0771;0.0009,,,,,0.0,,,,,,,Petaling Jaya,1.3976854846715725,0,0,0,1,1,0,0
5493000OP5DF8CO70Y39,SENHENG ELECTRIC (KL) SDN. BHD.,0.5391,validate_model_only_investor_economy,todo,operating_or_holding_company,,0.3590731048434652,shared_address_cluster;missing_direct_parent;missing_ultimate_parent,EUROPE,phase3_jurisdiction_model,E_model_predicted_jurisdiction,0.5778,EUROPE,0.5778,0.1675,EUROPE;GB;DE,0.5778;0.4103;0.0061,,,,,0.0,,,,,,,KUALA LUMPUR,1.3976854846715725,0,0,0,0,1,0,1
9845009BL7EA56A5F785,SENSE SHIPPING AND TRADING SDN. BHD.,0.5391,validate_model_only_investor_economy,todo,operating_or_holding_company,,0.3590731048434652,non_consolidating_entity;missing_direct_parent;missing_ultimate_parent,DE,phase3_jurisdiction_model,E_model_predicted_jurisdiction,0.8511,DE,0.8511,0.7426,DE;GB;EUROPE,0.8511;0.1085;0.0322,,,,,0.0,,,,,,,KUALA LUMPUR,1.3976854846715725,0,0,0,1,1,0,0
529900J0YZ7DT7QRDU15,SGB MY SDN. BHD.,0.5391,validate_model_only_investor_economy,todo,operating_or_holding_company,,0.3590731048434652,non_consolidating_entity;missing_direct_parent;missing_ultimate_parent,DE,phase3_jurisdiction_model,E_model_predicted_jurisdiction,0.5006,DE,0.5006,0.0418,DE;US;SG,0.5006;0.4589;0.0214,,,,,0.0,,,,,,,KUALA LUMPUR,1.3976854846715725,0,0,0,1,1,0,0
254900ZJUABMHMF4DN46,SGOS Investment Ltd.,0.5391,validate_model_only_investor_economy,todo,operating_or_holding_company,,0.3590731048434652,shared_address_cluster;missing_direct_parent;missing_ultimate_parent,GB,phase3_jurisdiction_model,E_model_predicted_jurisdiction,0.77,GB,0.77,0.5573,GB;US;DE,0.77;0.2127;0.0108,,,,,0.0,,,,,,,Victoria,1.3976854846715725,0,0,0,0,1,0,1
549300KQCVX4F1MG6Z38,SIDE HUSTLE SDN. BHD.,0.5391,validate_model_only_investor_economy,todo,operating_or_holding_company,,0.3590731048434652,non_consolidating_entity;missing_direct_parent;missing_ultimate_parent,US,phase3_jurisdiction_model,E_model_predicted_jurisdiction,0.7225,US,0.7225,0.4599,US;DE;GB,0.7225;0.2626;0.0119,,,,,0.0,,,,,,,Petaling Jaya,1.3976854846715725,0,0,0,1,1,0,0
254900PAGT8J7RSKDQ33,SILVER BULLION SDN. BHD.,0.5391,validate_model_only_investor_economy,todo,operating_or_holding_company,,0.3590731048434652,non_consolidating_entity;missing_direct_parent;missing_ultimate_parent,DE,phase3_jurisdiction_model,E_model_predicted_jurisdiction,0.9046,DE,0.9046,0.8332,DE;US;EUROPE,0.9046;0.0715;0.0156,,,,,0.0,,,,,,,Johor Bahru,1.3976854846715725,0,0,0,1,1,0,0
98450023E1BB55991E47,SKYECHIP SDN. BHD.,0.5391,validate_model_only_investor_economy,todo,operating_or_holding_company,,0.3590731048434652,non_consolidating_entity;missing_direct_parent;missing_ultimate_parent,GB,phase3_jurisdiction_model,E_model_predicted_jurisdiction,0.9741,GB,0.9741,0.9489,GB;DE;US,0.9741;0.0252;0.0003,,,,,0.0,,,,,,,GEORGE TOWN,1.3976854846715725,0,0,0,1,1,0,0
549300ZIBE52M72U1R75,SMART FREIGHT (M) SDN. BHD.,0.5391,validate_model_only_investor_economy,todo,operating_or_holding_company,,0.3590731048434652,non_consolidating_entity;missing_direct_parent;missing_ultimate_parent,US,phase3_jurisdiction_model,E_model_predicted_jurisdiction,0.8259,US,0.8259,0.703,US;DE;ASIA_OTHER,0.8259;0.1229;0.0331,,,,,0.0,,,,,,,Klang,1.3976854846715725,0,0,0,1,1,0,0
549300Y1VTO735R7ZI34,SMITH ZAIN (PENANG) SDN. BHD.,0.5391,validate_model_only_investor_economy,todo,operating_or_holding_company,,0.3590731048434652,non_consolidating_entity;missing_direct_parent;missing_ultimate_parent,SG,phase3_jurisdiction_model,E_model_predicted_jurisdiction,0.9832,SG,0.9832,0.9749,SG;US;EUROPE,0.9832;0.0083;0.0066,,,,,0.0,,,,,,,Kuala Lumpur,1.3976854846715725,0,0,0,1,1,0,0
2549002P87XYWR1QFV50,SMJ TERATAI SDN. BHD.,0.5391,validate_model_only_investor_economy,todo,operating_or_holding_company,,0.3590731048434652,non_consolidating_entity;missing_direct_parent;missing_ultimate_parent,GB,phase3_jurisdiction_model,E_model_predicted_jurisdiction,0.3927,GB,0.3927,0.0085,GB;US;DE,0.3927;0.3841;0.1806,,,,,0.0,,,,,,,Johor Bahru,1.3976854846715725,0,0,0,1,1,0,0
549300GM1ZWUX8GVD103,SOUTHERN STEEL BERHAD,0.5391,validate_model_only_investor_economy,todo,operating_or_holding_company,,0.3590731048434652,non_consolidating_entity;missing_direct_parent;missing_ultimate_parent,DE,phase3_jurisdiction_model,E_model_predicted_jurisdiction,0.7655,DE,0.7655,0.5347,DE;GB;SG,0.7655;0.2309;0.0019,,,,,0.0,,,,,,,KUALA LUMPUR,1.3976854846715725,0,0,0,1,1,0,0
5493005K43YKF6X8VK05,SOUTHERN STEEL MESH SDN. BHD.,0.5391,validate_model_only_investor_economy,todo,operating_or_holding_company,,0.3590731048434652,non_consolidating_entity;missing_direct_parent;missing_ultimate_parent,US,phase3_jurisdiction_model,E_model_predicted_jurisdiction,0.8598,US,0.8598,0.7285,US;DE;EUROPE,0.8598;0.1313;0.0077,,,,,0.0,,,,,,,KUALA LUMPUR,1.3976854846715725,0,0,0,1,1,0,0
213800KE7G6ZU426EI79,"SPROUT SYSTEMS CO., LTD.",0.5391,validate_model_only_investor_economy,todo,operating_or_holding_company,,0.3590731048434652,non_consolidating_entity;missing_direct_parent;missing_ultimate_parent,DE,phase3_jurisdiction_model,E_model_predicted_jurisdiction,0.6751,DE,0.6751,0.3839,DE;US;OFFSHORE,0.6751;0.2912;0.0232,,,,,0.0,,,,,,,JALAN MERDEKA,1.3976854846715725,0,0,0,1,1,0,0
254900F6CEATES8CGF14,SQ DIGITAL SDN. BHD.,0.5391,validate_model_only_investor_economy,todo,operating_or_holding_company,,0.3590731048434652,shared_address_cluster;missing_direct_parent;missing_ultimate_parent,SG,phase3_jurisdiction_model,E_model_predicted_jurisdiction,0.7823,SG,0.7823,0.5842,SG;GB;US,0.7823;0.1981;0.0072,,,,,0.0,,,,,,,Kuala Lumpur,1.3976854846715725,0,0,0,0,1,0,1
213800YRIH5O6CR9KI82,SRI HAN SURIA SDN. BHD.,0.5391,validate_model_only_investor_economy,todo,operating_or_holding_company,,0.3590731048434652,shared_address_cluster;missing_direct_parent;missing_ultimate_parent,US,phase3_jurisdiction_model,E_model_predicted_jurisdiction,0.9917,US,0.9917,0.9887,US;GB;SG,0.9917;0.003;0.0022,,,,,0.0,,,,,,,KUALA LUMPUR,1.3976854846715725,0,0,0,0,0,0,1
254900CV8135XVL87Y39,SSG ASSETS SDN. BHD.,0.5391,validate_model_only_investor_economy,todo,operating_or_holding_company,,0.3590731048434652,non_consolidating_entity;missing_direct_parent;missing_ultimate_parent,GB,phase3_jurisdiction_model,E_model_predicted_jurisdiction,0.4815,GB,0.4815,0.0671,GB;US;DE,0.4815;0.4144;0.0791,,,,,0.0,,,,,,,Kuching,1.3976854846715725,0,0,0,1,1,0,0
5493009JUVJZ60KLF493,STARR UNDERWRITING AGENTS (LABUAN) LIMITED,0.5391,validate_model_only_investor_economy,todo,operating_or_holding_company,,0.3590731048434652,non_consolidating_entity;missing_direct_parent;missing_ultimate_parent,DE,phase3_jurisdiction_model,E_model_predicted_jurisdiction,0.5722,DE,0.5722,0.158,DE;US;EUROPE,0.5722;0.4143;0.005,,,,,0.0,,,,,,,Victoria,1.3976854846715725,0,0,0,1,1,0,0
213800ZTXYNMW4C5VJ14,STRATEGY STATION LTD.,0.5391,validate_model_only_investor_economy,todo,operating_or_holding_company,,0.3590731048434652,non_consolidating_entity;missing_direct_parent;missing_ultimate_parent,GB,phase3_jurisdiction_model,E_model_predicted_jurisdiction,0.6899,GB,0.6899,0.4313,GB;DE;US,0.6899;0.2586;0.0468,,,,,0.0,,,,,,,LABUAN,1.3976854846715725,0,0,0,1,1,0,0
549300394G8QGTJCX884,SUMITOMO MITSUI BANKING CORPORATION MALAYSIA BERHAD,0.5391,validate_model_only_investor_economy,todo,financial_institution,,0.3590731048434652,non_consolidating_entity;missing_direct_parent;missing_ultimate_parent,DE,phase3_jurisdiction_model,E_model_predicted_jurisdiction,0.9544,DE,0.9544,0.9317,DE;US;GB,0.9544;0.0227;0.013,,,,,0.0,,,,,,,KUALA LUMPUR,1.3976854846715725,0,0,0,1,1,0,0
549300M5KRJIMM4EPL47,SUNEDISON (MALAYSIA) SOLAR ENGINEERING SDN. BHD.,0.5391,validate_model_only_investor_economy,todo,operating_or_holding_company,,0.3590731048434652,shared_address_cluster;missing_direct_parent;missing_ultimate_parent,US,phase3_jurisdiction_model,E_model_predicted_jurisdiction,0.9976,US,0.9976,0.9958,US;GB;DE,0.9976;0.0018;0.0004,,,,,0.0,,,,,,,PETALING JAYA,1.3976854846715725,0,0,0,0,0,0,1
9845009CD47E3642A891,SYNPULSE MALAYSIA SDN. BHD.,0.5391,validate_model_only_investor_economy,todo,operating_or_holding_company,,0.3590731048434652,non_consolidating_entity;missing_direct_parent;missing_ultimate_parent,DE,phase3_jurisdiction_model,E_model_predicted_jurisdiction,0.8697,DE,0.8697,0.7586,DE;OFFSHORE;US,0.8697;0.1111;0.0179,,,,,0.0,,,,,,,KUALA LUMPUR,1.3976854846715725,0,0,0,1,1,0,0
254900UOOKFOBX2TYQ23,Securities Commission Malaysia,0.5391,validate_model_only_investor_economy,todo,operating_or_holding_company,,0.3590731048434652,non_consolidating_entity;missing_direct_parent;missing_ultimate_parent,SG,phase3_jurisdiction_model,E_model_predicted_jurisdiction,0.5922,SG,0.5922,0.2745,SG;US;EUROPE,0.5922;0.3177;0.0583,,,,,0.0,,,,,,,Kuala Lumpur,1.3976854846715725,0,0,0,1,1,0,0
875500VCWN7YC7NFSG78,Select Investment Company Limited,0.5391,validate_model_only_investor_economy,todo,operating_or_holding_company,,0.3590731048434652,non_consolidating_entity;missing_direct_parent;missing_ultimate_parent,US,phase3_jurisdiction_model,E_model_predicted_jurisdiction,0.7191,US,0.7191,0.4687,US;DE;SG,0.7191;0.2505;0.0245,,,,,0.0,,,,,,,Labuan FT,1.3976854846715725,0,0,0,1,1,0,0
984500AE745Y7BD0C922,Siam Trade Solution LTD,0.5391,validate_model_only_investor_economy,todo,operating_or_holding_company,,0.3590731048434652,shared_address_cluster;missing_direct_parent;missing_ultimate_parent,US,phase3_jurisdiction_model,E_model_predicted_jurisdiction,0.9973,US,0.9973,0.9961,US;EUROPE;GB,0.9973;0.0012;0.001,,,,,0.0,,,,,,,Labuan,1.3976854846715725,0,0,0,0,1,0,1
2549007NA8EVSTOOQA72,Sikap Melati Sdn. Bhd.,0.5391,validate_model_only_investor_economy,todo,operating_or_holding_company,,0.3590731048434652,non_consolidating_entity;missing_direct_parent;missing_ultimate_parent,US,phase3_jurisdiction_model,E_model_predicted_jurisdiction,0.4251,US,0.4251,0.0339,US;GB;DE,0.4251;0.3912;0.1399,,,,,0.0,,,,,,,Georgetown,1.3976854846715725,0,0,0,1,1,0,0
529900769ZAIZTKHUE92,Sindutch Cable Manufacturer Sdn. Bhd.,0.5391,validate_model_only_investor_economy,todo,operating_or_holding_company,,0.3590731048434652,shared_address_cluster;missing_direct_parent;missing_ultimate_parent,US,phase3_jurisdiction_model,E_model_predicted_jurisdiction,0.9983,US,0.9983,0.9969,US;DE;GB,0.9983;0.0013;0.0003,,,,,0.0,,,,,,,Melaka,1.3976854846715725,0,0,0,0,0,0,1
254900HNIY2SDT0T7N85,Sinwah Industries Sdn. Bhd.,0.5391,validate_model_only_investor_economy,todo,operating_or_holding_company,,0.3590731048434652,non_consolidating_entity;missing_direct_parent;missing_ultimate_parent,US,phase3_jurisdiction_model,E_model_predicted_jurisdiction,0.8619,US,0.8619,0.7638,US;DE;SG,0.8619;0.0981;0.0325,,,,,0.0,,,,,,,Muar,1.3976854846715725,0,0,0,1,1,0,0
98450029C523A7545K07,Specialty Broking Limited,0.5391,validate_model_only_investor_economy,todo,operating_or_holding_company,,0.3590731048434652,shared_address_cluster;missing_direct_parent;missing_ultimate_parent,US,phase3_jurisdiction_model,E_model_predicted_jurisdiction,0.6666,US,0.6666,0.3469,US;OFFSHORE;GB,0.6666;0.3197;0.0106,,,,,0.0,,,,,,,Jalan Jumidar Buyong,1.3976854846715725,0,0,0,0,1,0,1
984500A6326D0N066C57,Swift Trader (Labuan) Ltd.,0.5391,validate_model_only_investor_economy,todo,operating_or_holding_company,,0.3590731048434652,shared_address_cluster;missing_direct_parent;missing_ultimate_parent,OFFSHORE,phase3_jurisdiction_model,E_model_predicted_jurisdiction,0.7724,OFFSHORE,0.7724,0.6055,OFFSHORE;US;EUROPE,0.7724;0.1669;0.038,,,,,0.0,,,,,,,Federal Territories Of Labuan,1.3976854846715725,0,0,0,0,1,0,1
2549008QEH00SXKNDH94,Syalin Sdn. Bhd.,0.5391,validate_model_only_investor_economy,todo,operating_or_holding_company,,0.3590731048434652,shared_address_cluster;missing_direct_parent;missing_ultimate_parent,US,phase3_jurisdiction_model,E_model_predicted_jurisdiction,0.9914,US,0.9914,0.9843,US;DE;GB,0.9914;0.0071;0.0009,,,,,0.0,,,,,,,Eusoff,1.3976854846715725,0,0,0,0,1,0,1
254900VOAO6WF45FG128,Synergy Energy (Labuan) Ltd.,0.5391,validate_model_only_investor_economy,todo,operating_or_holding_company,,0.3590731048434652,shared_address_cluster;missing_direct_parent;missing_ultimate_parent,US,phase3_jurisdiction_model,E_model_predicted_jurisdiction,0.9221,US,0.9221,0.8822,US;OTHER;SG,0.9221;0.0399;0.0244,,,,,0.0,,,,,,,Jalan Merdeka,1.3976854846715725,0,0,0,0,1,0,1
254900MYX82F4EAS8D66,Synergy Holdings (Labuan) Ltd.,0.5391,validate_model_only_investor_economy,todo,operating_or_holding_company,,0.3590731048434652,shared_address_cluster;missing_direct_parent;missing_ultimate_parent,US,phase3_jurisdiction_model,E_model_predicted_jurisdiction,0.9791,US,0.9791,0.9627,US;GB;EUROPE,0.9791;0.0164;0.0033,,,,,0.0,,,,,,,Labuan,1.3976854846715725,0,0,0,0,1,0,1
549300QMVUSCX2K3A596,TA INVESTMENT MANAGEMENT BERHAD,0.5391,validate_model_only_investor_economy,todo,operating_or_holding_company,,0.3590731048434652,shared_address_cluster;missing_direct_parent;missing_ultimate_parent,EUROPE,phase3_jurisdiction_model,E_model_predicted_jurisdiction,0.4674,EUROPE,0.4674,0.1391,EUROPE;GB;US,0.4674;0.3283;0.1198,,,,,0.0,,,,,,,Kuala Lumpur,1.3976854846715725,0,0,0,0,1,0,1
549300MP2F1FL1BHSV14,TAL CAPITAL SDN. BHD.,0.5391,validate_model_only_investor_economy,todo,operating_or_holding_company,,0.3590731048434652,non_consolidating_entity;missing_direct_parent;missing_ultimate_parent,DE,phase3_jurisdiction_model,E_model_predicted_jurisdiction,0.4446,DE,0.4446,0.1493,DE;US;GB,0.4446;0.2953;0.2353,,,,,0.0,,,,,,,KUALA LUMPUR,1.3976854846715725,0,0,0,1,1,0,0
254900Q8GLDRDHIBCJ19,TARC EDUCATION FOUNDATION,0.5391,validate_model_only_investor_economy,todo,operating_or_holding_company,,0.3590731048434652,non_consolidating_entity;missing_direct_parent;missing_ultimate_parent,DE,phase3_jurisdiction_model,E_model_predicted_jurisdiction,0.7176,DE,0.7176,0.4994,DE;EUROPE;GB,0.7176;0.2183;0.0409,,,,,0.0,,,,,,,Setapak,1.3976854846715725,0,0,0,1,1,0,0
5493001K0N0PUI68SC05,TEC D DISTRIBUTION (MALAYSIA) SDN. BHD.,0.5391,validate_model_only_investor_economy,todo,operating_or_holding_company,,0.3590731048434652,non_consolidating_entity;missing_direct_parent;missing_ultimate_parent,US,phase3_jurisdiction_model,E_model_predicted_jurisdiction,0.9749,US,0.9749,0.9577,US;DE;EUROPE,0.9749;0.0173;0.0032,,,,,0.0,,,,,,,PETALING JAYA,1.3976854846715725,0,0,0,1,1,0,0
9845000936F1A4896825,TEMPLE TREE SDN. BHD.,0.5391,validate_model_only_investor_economy,todo,operating_or_holding_company,,0.3590731048434652,non_consolidating_entity;missing_direct_parent;missing_ultimate_parent,DE,phase3_jurisdiction_model,E_model_predicted_jurisdiction,0.771,DE,0.771,0.6551,DE;EUROPE;US,0.771;0.1159;0.0924,,,,,0.0,,,,,,,KUALA LUMPUR,1.3976854846715725,0,0,0,1,1,0,0
549300FV8X6UID6I1413,TENAGA NASIONAL BERHAD,0.5391,validate_model_only_investor_economy,todo,operating_or_holding_company,,0.3590731048434652,non_consolidating_entity;missing_direct_parent;missing_ultimate_parent,SG,phase3_jurisdiction_model,E_model_predicted_jurisdiction,0.9827,SG,0.9827,0.9659,SG;GB;US,0.9827;0.0168;0.0002,,,,,0.0,,,,,,,Kuala Lumpur,1.3976854846715725,0,0,0,1,1,0,0
984500FE3A46B5E9E971,THE BALANZ SDN. BHD.,0.5391,validate_model_only_investor_economy,todo,operating_or_holding_company,,0.3590731048434652,non_consolidating_entity;missing_direct_parent;missing_ultimate_parent,DE,phase3_jurisdiction_model,E_model_predicted_jurisdiction,0.771,DE,0.771,0.6551,DE;EUROPE;US,0.771;0.1159;0.0924,,,,,0.0,,,,,,,KUALA LUMPUR,1.3976854846715725,0,0,0,1,1,0,0
213800EDQGTETDFBVQ76,THE PLATO TRUST,0.5391,validate_model_only_investor_economy,todo,operating_or_holding_company,,0.3590731048434652,non_consolidating_entity;missing_direct_parent;missing_ultimate_parent,MIDEAST_AFRICA,phase3_jurisdiction_model,E_model_predicted_jurisdiction,0.5564,MIDEAST_AFRICA,0.5564,0.1999,MIDEAST_AFRICA;US;DE,0.5564;0.3564;0.0777,,,,,0.0,,,,,,,BATU,1.3976854846715725,0,0,0,1,1,0,0
213800PNQ6A3RKKQNV43,TUNGSTEN AUTOMATION MALAYSIA SDN. BHD.,0.5391,validate_model_only_investor_economy,todo,operating_or_holding_company,,0.3590731048434652,non_consolidating_entity;missing_direct_parent;missing_ultimate_parent,DE,phase3_jurisdiction_model,E_model_predicted_jurisdiction,0.7825,DE,0.7825,0.645,DE;US;GB,0.7825;0.1375;0.0747,,,,,0.0,,,,,,,KUALA LUMPUR,1.3976854846715725,0,0,0,1,1,0,0
254900GIGNF72JFXZ665,TVG SAEHAN HOLDINGS LIMITED,0.5391,validate_model_only_investor_economy,todo,operating_or_holding_company,,0.3590731048434652,non_consolidating_entity;missing_direct_parent;missing_ultimate_parent,DE,phase3_jurisdiction_model,E_model_predicted_jurisdiction,0.857,DE,0.857,0.7419,DE;GB;EUROPE,0.857;0.1151;0.0178,,,,,0.0,,,,,,,Victoria,1.3976854846715725,0,0,0,1,1,0,0
25490020I1MCQ79BFE03,Tabung Warisan Negeri Selangor,0.5391,validate_model_only_investor_economy,todo,operating_or_holding_company,,0.3590731048434652,non_consolidating_entity;missing_direct_parent;missing_ultimate_parent,US,phase3_jurisdiction_model,E_model_predicted_jurisdiction,0.9398,US,0.9398,0.8976,US;DE;SG,0.9398;0.0422;0.0158,,,,,0.0,,,,,,,Shah Alam,1.3976854846715725,0,0,0,1,1,0,0
984500BB4363BC999E08,Tai Ping (L) Ltd.,0.5391,validate_model_only_investor_economy,todo,operating_or_holding_company,,0.3590731048434652,shared_address_cluster;missing_direct_parent;missing_ultimate_parent,US,phase3_jurisdiction_model,E_model_predicted_jurisdiction,0.9398,US,0.9398,0.914,US;SG;DE,0.9398;0.0258;0.0163,,,,,0.0,,,,,,,Labuan,1.3976854846715725,0,0,0,0,1,0,1
254900ATVC5TK9HUOP91,Tanjong Entertainment (L) Ltd,0.5391,validate_model_only_investor_economy,todo,operating_or_holding_company,,0.3590731048434652,shared_address_cluster;missing_direct_parent;missing_ultimate_parent,GB,phase3_jurisdiction_model,E_model_predicted_jurisdiction,0.6717,GB,0.6717,0.4229,GB;EUROPE;DE,0.6717;0.2488;0.0524,,,,,0.0,,,,,,,Labuan,1.3976854846715725,0,0,0,0,1,0,1
254900HZAUQWHBAN7N70,Tanjong Power Holdings Sdn. Bhd.,0.5391,validate_model_only_investor_economy,todo,operating_or_holding_company,,0.3590731048434652,shared_address_cluster;missing_direct_parent;missing_ultimate_parent,GB,phase3_jurisdiction_model,E_model_predicted_jurisdiction,0.662,GB,0.662,0.3577,GB;SG;EUROPE,0.662;0.3043;0.0229,,,,,0.0,,,,,,,Kuala Lumpur,1.3976854846715725,0,0,0,0,1,0,1
254900DPNMS9TFVT6630,The Bull Prime Limited,0.5391,validate_model_only_investor_economy,todo,operating_or_holding_company,,0.3590731048434652,shared_address_cluster;missing_direct_parent;missing_ultimate_parent,US,phase3_jurisdiction_model,E_model_predicted_jurisdiction,0.5005,US,0.5005,0.2004,US;GB;SG,0.5005;0.3001;0.1155,,,,,0.0,,,,,,,Labuan,1.3976854846715725,0,0,0,0,1,0,1
984500PB0F4D80EE0F64,Tijarah Holding Ltd.,0.5391,validate_model_only_investor_economy,todo,operating_or_holding_company,,0.3590731048434652,shared_address_cluster;missing_direct_parent;missing_ultimate_parent,GB,phase3_jurisdiction_model,E_model_predicted_jurisdiction,0.9959,GB,0.9959,0.9945,GB;DE;EUROPE,0.9959;0.0014;0.0012,,,,,0.0,,,,,,,Labuan,1.3976854846715725,0,0,0,0,1,0,1
549300HGGDNK9YTPVJ70,TradeUltra Limited,0.5391,validate_model_only_investor_economy,todo,operating_or_holding_company,,0.3590731048434652,shared_address_cluster;missing_direct_parent;missing_ultimate_parent,OFFSHORE,phase3_jurisdiction_model,E_model_predicted_jurisdiction,0.9082,OFFSHORE,0.9082,0.8169,OFFSHORE;GB;US,0.9082;0.0913;0.0004,,,,,0.0,,,,,,,Labuan,1.3976854846715725,0,0,0,0,1,0,1
54930005EH8Y7RRHSO52,TranssibRe Holdings Labuan Ltd,0.5391,validate_model_only_investor_economy,todo,operating_or_holding_company,,0.3590731048434652,shared_address_cluster;missing_direct_parent;missing_ultimate_parent,US,phase3_jurisdiction_model,E_model_predicted_jurisdiction,0.8941,US,0.8941,0.8603,US;SG;EUROPE,0.8941;0.0337;0.0255,,,,,0.0,,,,,,,Labuan,1.3976854846715725,0,0,0,0,1,0,1
98450055A3AD8405D607,TrendDNA Investment Advisory Limited,0.5391,validate_model_only_investor_economy,todo,operating_or_holding_company,,0.3590731048434652,shared_address_cluster;missing_direct_parent;missing_ultimate_parent,US,phase3_jurisdiction_model,E_model_predicted_jurisdiction,0.7922,US,0.7922,0.6044,US;EUROPE;DE,0.7922;0.1878;0.009,,,,,0.0,,,,,,,Labuan,1.3976854846715725,0,0,0,0,1,0,1
5493001OBNSQX7L6WT42,UBS Securities Malaysia SDN. BHD.,0.5391,validate_model_only_investor_economy,todo,operating_or_holding_company,,0.3590731048434652,shared_address_cluster;missing_direct_parent;missing_ultimate_parent,US,phase3_jurisdiction_model,E_model_predicted_jurisdiction,0.7427,US,0.7427,0.6135,US;SG;DE,0.7427;0.1292;0.1165,,,,,0.0,,,,,,,Kuala Lumpur,1.3976854846715725,0,0,0,0,0,0,1
254900DA9TVFY1YC8080,ULTIMATE CASH FLOW SDN. BHD.,0.5391,validate_model_only_investor_economy,todo,operating_or_holding_company,,0.3590731048434652,non_consolidating_entity;missing_direct_parent;missing_ultimate_parent,DE,phase3_jurisdiction_model,E_model_predicted_jurisdiction,0.7257,DE,0.7257,0.4542,DE;US;EUROPE,0.7257;0.2715;0.0017,,,,,0.0,,,,,,,George,1.3976854846715725,0,0,0,1,1,0,0
254900KTLG1QCQLSEV22,UMW Group Retirement Plan,0.5391,validate_model_only_investor_economy,todo,operating_or_holding_company,,0.3590731048434652,non_consolidating_entity;missing_direct_parent;missing_ultimate_parent,US,phase3_jurisdiction_model,E_model_predicted_jurisdiction,0.877,US,0.877,0.7696,US;DE;OFFSHORE,0.877;0.1074;0.0097,,,,,0.0,,,,,,,Shah Alam,1.3976854846715725,0,0,0,1,1,0,0
549300ZEHCH5LUHEEM14,UNIVERSAL BRIDGE SDN. BHD.,0.5391,validate_model_only_investor_economy,todo,operating_or_holding_company,,0.3590731048434652,non_consolidating_entity;missing_direct_parent;missing_ultimate_parent,US,phase3_jurisdiction_model,E_model_predicted_jurisdiction,0.5343,US,0.5343,0.3255,US;DE;OFFSHORE,0.5343;0.2087;0.1814,,,,,0.0,,,,,,,GEORGE TOWN,1.3976854846715725,0,0,0,1,1,0,0
549300VYTJFNHOG5AH56,UOB ISLAMIC ASSET MANAGEMENT SDN. BHD.,0.5391,validate_model_only_investor_economy,todo,operating_or_holding_company,,0.3590731048434652,non_consolidating_entity;missing_direct_parent;missing_ultimate_parent,US,phase3_jurisdiction_model,E_model_predicted_jurisdiction,0.5555,US,0.5555,0.1313,US;DE;SG,0.5555;0.4242;0.0162,,,,,0.0,,,,,,,KUALA LUMPUR,1.3976854846715725,0,0,0,1,1,0,0
5493006VRABDHNULI242,UOP MALAYSIA SDN. BHD.,0.5391,validate_model_only_investor_economy,todo,operating_or_holding_company,,0.3590731048434652,non_consolidating_entity;missing_direct_parent;missing_ultimate_parent,DE,phase3_jurisdiction_model,E_model_predicted_jurisdiction,0.6142,DE,0.6142,0.2405,DE;US;GB,0.6142;0.3737;0.0115,,,,,0.0,,,,,,,KUALA LUMPUR,1.3976854846715725,0,0,0,1,1,0,0
984500E1F47F2DE38972,Unity of Wealth Ltd,0.5391,validate_model_only_investor_economy,todo,operating_or_holding_company,,0.3590731048434652,shared_address_cluster;missing_direct_parent;missing_ultimate_parent,GB,phase3_jurisdiction_model,E_model_predicted_jurisdiction,0.6416,GB,0.6416,0.4089,GB;EUROPE;US,0.6416;0.2327;0.0866,,,,,0.0,,,,,,,Labuan,1.3976854846715725,0,0,0,0,1,0,1
213800A1URI9XZVEXT09,VCB CAPITAL SDN BHD,0.5391,validate_model_only_investor_economy,todo,operating_or_holding_company,,0.3590731048434652,non_consolidating_entity;missing_direct_parent;missing_ultimate_parent,US,phase3_jurisdiction_model,E_model_predicted_jurisdiction,0.508,US,0.508,0.0311,US;DE;GB,0.508;0.4768;0.0069,,,,,0.0,,,,,,,KUALA LUMPUR,1.3976854846715725,0,0,0,1,1,0,0
9845005F977583B5BB62,VDX Capital Ltd.,0.5391,validate_model_only_investor_economy,todo,operating_or_holding_company,,0.3590731048434652,shared_address_cluster;missing_direct_parent;missing_ultimate_parent,US,phase3_jurisdiction_model,E_model_predicted_jurisdiction,0.9574,US,0.9574,0.941,US;SG;GB,0.9574;0.0164;0.0136,,,,,0.0,,,,,,,Labuan,1.3976854846715725,0,0,0,0,1,0,1
984500D01XTB42E81C66,VS ALGO SDN. BHD.,0.5391,validate_model_only_investor_economy,todo,operating_or_holding_company,,0.3590731048434652,non_consolidating_entity;missing_direct_parent;missing_ultimate_parent,DE,phase3_jurisdiction_model,E_model_predicted_jurisdiction,0.8236,DE,0.8236,0.7495,DE;GB;US,0.8236;0.0742;0.0666,,,,,0.0,,,,,,,JOHOR BAHRU,1.3976854846715725,0,0,0,1,1,0,0
254900MLC3BZCKP7T208,Valuecap Sdn. Bhd.,0.5391,validate_model_only_investor_economy,todo,operating_or_holding_company,,0.3590731048434652,non_consolidating_entity;missing_direct_parent;missing_ultimate_parent,SG,phase3_jurisdiction_model,E_model_predicted_jurisdiction,0.9914,SG,0.9914,0.9832,SG;GB;US,0.9914;0.0082;0.0002,,,,,0.0,,,,,,,Kuala Lumpur,1.3976854846715725,0,0,0,1,1,0,0
254900ID2ZSMXYRDZY30,Ventura Prime FX Limited,0.5391,validate_model_only_investor_economy,todo,operating_or_holding_company,,0.3590731048434652,shared_address_cluster;missing_direct_parent;missing_ultimate_parent,US,phase3_jurisdiction_model,E_model_predicted_jurisdiction,0.7598,US,0.7598,0.6611,US;OFFSHORE;DE,0.7598;0.0987;0.0654,,,,,0.0,,,,,,,Federal Territories Of Labuan,1.3976854846715725,0,0,0,0,1,0,1
254900L58CXR0BC3JN90,WANGI TERANG SDN. BHD.,0.5391,validate_model_only_investor_economy,todo,operating_or_holding_company,,0.3590731048434652,shared_address_cluster;missing_direct_parent;missing_ultimate_parent,SG,phase3_jurisdiction_model,E_model_predicted_jurisdiction,0.6871,SG,0.6871,0.4531,SG;GB;US,0.6871;0.234;0.0666,,,,,0.0,,,,,,,Kuala Lumpur,1.3976854846715725,0,0,0,0,1,0,1
98450055CCB1Y69T8676,WBD INTELLIGENCE SDN. BHD.,0.5391,validate_model_only_investor_economy,todo,operating_or_holding_company,,0.3590731048434652,non_consolidating_entity;missing_direct_parent;missing_ultimate_parent,US,phase3_jurisdiction_model,E_model_predicted_jurisdiction,0.5983,US,0.5983,0.2328,US;DE;OFFSHORE,0.5983;0.3655;0.0321,,,,,0.0,,,,,,,SELANGOR,1.3976854846715725,0,0,0,1,1,0,0
213800PXPKZCAZIWLE09,WEBCURE (M) SDN. BHD.,0.5391,validate_model_only_investor_economy,todo,operating_or_holding_company,,0.3590731048434652,non_consolidating_entity;missing_direct_parent;missing_ultimate_parent,US,phase3_jurisdiction_model,E_model_predicted_jurisdiction,0.5696,US,0.5696,0.1758,US;DE;GB,0.5696;0.3937;0.0305,,,,,0.0,,,,,,,CYBERJAYA,1.3976854846715725,0,0,0,1,1,0,0
2549003OFO30E10OSZ19,WIJAYA DAYA SDN. BHD.,0.5391,validate_model_only_investor_economy,todo,operating_or_holding_company,,0.3590731048434652,non_consolidating_entity;missing_direct_parent;missing_ultimate_parent,US,phase3_jurisdiction_model,E_model_predicted_jurisdiction,0.7011,US,0.7011,0.445,US;DE;GB,0.7011;0.256;0.0274,,,,,0.0,,,,,,,Kota Kinabalu,1.3976854846715725,0,0,0,1,1,0,0
2549006DJJTVH072SX72,WU WEI SDN. BHD.,0.5391,validate_model_only_investor_economy,todo,operating_or_holding_company,,0.3590731048434652,non_consolidating_entity;missing_direct_parent;missing_ultimate_parent,US,phase3_jurisdiction_model,E_model_predicted_jurisdiction,0.9291,US,0.9291,0.8658,US;DE;GB,0.9291;0.0633;0.0068,,,,,0.0,,,,,,,Petaling Jaya,1.3976854846715725,0,0,0,1,1,0,0
254900Q1TIFXNSYID931,WWW BEST HOLIDAY SDN. BHD.,0.5391,validate_model_only_investor_economy,todo,operating_or_holding_company,,0.3590731048434652,non_consolidating_entity;missing_direct_parent;missing_ultimate_parent,DE,phase3_jurisdiction_model,E_model_predicted_jurisdiction,0.9086,DE,0.9086,0.8566,DE;GB;EUROPE,0.9086;0.052;0.0196,,,,,0.0,,,,,,,KUALA LUMPUR,1.3976854846715725,0,0,0,1,1,0,0
2549001J2T7CL4FD2476,Weiron Sdn. Bhd.,0.5391,validate_model_only_investor_economy,todo,operating_or_holding_company,,0.3590731048434652,non_consolidating_entity;missing_direct_parent;missing_ultimate_parent,US,phase3_jurisdiction_model,E_model_predicted_jurisdiction,0.9723,US,0.9723,0.9575,US;DE;GB,0.9723;0.0148;0.0089,,,,,0.0,,,,,,,Georgetown,1.3976854846715725,0,0,0,1,1,0,0
254900RVW9YHZ7ZR8754,Wonderful Metal Sdn. Bhd.,0.5391,validate_model_only_investor_economy,todo,operating_or_holding_company,,0.3590731048434652,non_consolidating_entity;missing_direct_parent;missing_ultimate_parent,US,phase3_jurisdiction_model,E_model_predicted_jurisdiction,0.5107,US,0.5107,0.0811,US;DE;OFFSHORE,0.5107;0.4296;0.049,,,,,0.0,,,,,,,Pasir Gudang,1.3976854846715725,0,0,0,1,1,0,0
98450011E615J5AOE017,X CAPITAL GROUP SDN. BHD.,0.5391,validate_model_only_investor_economy,todo,operating_or_holding_company,,0.3590731048434652,non_consolidating_entity;missing_direct_parent;missing_ultimate_parent,DE,phase3_jurisdiction_model,E_model_predicted_jurisdiction,0.9186,DE,0.9186,0.8432,DE;GB;OFFSHORE,0.9186;0.0754;0.0021,,,,,0.0,,,,,,,KUCHING,1.3976854846715725,0,0,0,1,1,0,0
54930001IZJ5T06URB93,XFG MARKETS LIMITED,0.5391,validate_model_only_investor_economy,todo,operating_or_holding_company,,0.3590731048434652,non_consolidating_entity;missing_direct_parent;missing_ultimate_parent,GB,phase3_jurisdiction_model,E_model_predicted_jurisdiction,0.9252,GB,0.9252,0.8823,GB;DE;US,0.9252;0.0429;0.0265,,,,,0.0,,,,,,,VICTORIA,1.3976854846715725,0,0,0,1,1,0,0
9845007F59159C67A885,XIXI VENTURES SDN. BHD.,0.5391,validate_model_only_investor_economy,todo,operating_or_holding_company,,0.3590731048434652,non_consolidating_entity;missing_direct_parent;missing_ultimate_parent,US,phase3_jurisdiction_model,E_model_predicted_jurisdiction,0.9091,US,0.9091,0.8413,US;DE;EUROPE,0.9091;0.0677;0.0164,,,,,0.0,,,,,,,SIBU,1.3976854846715725,0,0,0,1,1,0,0
254900VHH94AFI1C0741,XTREND SDN.BHD.,0.5391,validate_model_only_investor_economy,todo,operating_or_holding_company,,0.3590731048434652,non_consolidating_entity;missing_direct_parent;missing_ultimate_parent,OFFSHORE,phase3_jurisdiction_model,E_model_predicted_jurisdiction,0.9905,OFFSHORE,0.9905,0.9815,OFFSHORE;DE;EUROPE,0.9905;0.009;0.0004,,,,,0.0,,,,,,,KUALA LUMPUR,1.3976854846715725,0,0,0,1,1,0,0
5493003J1FGNTTP8VP13,YE CHIU METAL SMELTING SDN. BHD.,0.5391,validate_model_only_investor_economy,todo,operating_or_holding_company,,0.3590731048434652,non_consolidating_entity;missing_direct_parent;missing_ultimate_parent,SG,phase3_jurisdiction_model,E_model_predicted_jurisdiction,0.5887,SG,0.5887,0.2457,SG;US;DE,0.5887;0.3429;0.0647,,,,,0.0,,,,,,,Johor,1.3976854846715725,0,0,0,1,1,0,0
5493001Y3JXL45I5RT97,ZF AUTOMOTIVE MALAYSIA SDN. BHD.,0.5391,validate_model_only_investor_economy,todo,operating_or_holding_company,,0.3590731048434652,non_consolidating_entity;missing_direct_parent;missing_ultimate_parent,DE,phase3_jurisdiction_model,E_model_predicted_jurisdiction,0.9768,DE,0.9768,0.9637,DE;US;ASIA_OTHER,0.9768;0.0131;0.0072,,,,,0.0,,,,,,,RAWANG,1.3976854846715725,0,0,0,1,1,0,0
2549003DJKTL5M9KAK20,ZURICH GENERAL INSURANCE MALAYSIA BERHAD,0.5391,validate_model_only_investor_economy,todo,operating_or_holding_company,,0.3590731048434652,shared_address_cluster;missing_direct_parent;missing_ultimate_parent,SG,phase3_jurisdiction_model,E_model_predicted_jurisdiction,0.4529,SG,0.4529,0.0545,SG;DE;US,0.4529;0.3983;0.1036,,,,,0.0,,,,,,,Kuala Lumpur,1.3976854846715725,0,0,0,0,1,0,1
254900Q20NGNCM3PO535,ZURICH GENERAL TAKAFUL MALAYSIA BERHAD,0.5391,validate_model_only_investor_economy,todo,operating_or_holding_company,,0.3590731048434652,shared_address_cluster;missing_direct_parent;missing_ultimate_parent,SG,phase3_jurisdiction_model,E_model_predicted_jurisdiction,0.7102,SG,0.7102,0.4953,SG;DE;US,0.7102;0.215;0.0559,,,,,0.0,,,,,,,Kuala Lumpur,1.3976854846715725,0,0,0,0,1,0,1
254900MGE9L0GUEIN004,ZURICH TAKAFUL MALAYSIA BERHAD,0.5391,validate_model_only_investor_economy,todo,operating_or_holding_company,,0.3590731048434652,non_consolidating_entity;missing_direct_parent;missing_ultimate_parent,SG,phase3_jurisdiction_model,E_model_predicted_jurisdiction,0.9424,SG,0.9424,0.9143,SG;EUROPE;US,0.9424;0.0281;0.0262,,,,,0.0,,,,,,,Kuala Lumpur,1.3976854846715725,0,0,0,1,1,0,0
2138008ZC5PV1WOOHS46,ZY SALES & DISTRIBUTION SDN. BHD.,0.5391,validate_model_only_investor_economy,todo,operating_or_holding_company,,0.3590731048434652,non_consolidating_entity;missing_direct_parent;missing_ultimate_parent,DE,phase3_jurisdiction_model,E_model_predicted_jurisdiction,0.6742,DE,0.6742,0.39,DE;GB;EUROPE,0.6742;0.2842;0.0231,,,,,0.0,,,,,,,KUALA LUMPUR,1.3976854846715725,0,0,0,1,1,0,0
2549005I0BR5GLLB0I38,Zeito Plastic Components Sdn. Bhd.,0.5391,validate_model_only_investor_economy,todo,operating_or_holding_company,,0.3590731048434652,non_consolidating_entity;missing_direct_parent;missing_ultimate_parent,DE,phase3_jurisdiction_model,E_model_predicted_jurisdiction,0.9884,DE,0.9884,0.9782,DE;GB;US,0.9884;0.0102;0.001,,,,,0.0,,,,,,,Cheras,1.3976854846715725,0,0,0,1,1,0,0
549300KI2FVIRHYM1N21,Zorg (L) Foundation,0.5391,validate_model_only_investor_economy,todo,operating_or_holding_company,,0.3590731048434652,non_consolidating_entity;missing_direct_parent;missing_ultimate_parent,GB,phase3_jurisdiction_model,E_model_predicted_jurisdiction,0.5045,GB,0.5045,0.0639,GB;DE;US,0.5045;0.4406;0.0479,,,,,0.0,,,,,,,Jalan Merdeka,1.3976854846715725,0,0,0,1,1,0,0
254900Q8XG5IR40IRA91,ARECA CAPITAL SDN. BHD.,0.5357,validate_model_only_investor_economy,todo,operating_or_holding_company,,0.35565263861260576,missing_direct_parent;missing_ultimate_parent,SG,phase3_jurisdiction_model,E_model_predicted_jurisdiction,0.9908,SG,0.9908,0.9868,SG;US;GB,0.9908;0.004;0.0028,,,,,0.0,,,,,,,Kuala Lumpur,3.778162177036952,0,0,0,0,1,0,0
254900A4QZ0K696QT225,Astro Malaysia Holdings Berhad,0.5357,validate_model_only_investor_economy,todo,operating_or_holding_company,,0.35565263861260576,missing_direct_parent;missing_ultimate_parent,GB,phase3_jurisdiction_model,E_model_predicted_jurisdiction,0.9776,GB,0.9776,0.972,GB;US;OTHER,0.9776;0.0057;0.0051,,,,,0.0,,,,,,,Kuala Lumpur,3.778162177036952,0,0,0,0,1,0,0
254900LABBWDEDUVRB07,Genting Malaysia Berhad,0.5357,validate_model_only_investor_economy,todo,operating_or_holding_company,,0.35565263861260576,missing_direct_parent;missing_ultimate_parent,GB,phase3_jurisdiction_model,E_model_predicted_jurisdiction,0.6777,GB,0.6777,0.4784,GB;SG;OTHER,0.6777;0.1992;0.0803,,,,,0.0,,,,,,,Kuala Lumpur,3.778162177036952,0,0,0,0,1,0,0
254900N018R87QOAVD05,Golden Fresh Sdn. Bhd.,0.5357,validate_model_only_investor_economy,todo,operating_or_holding_company,,0.35565263861260576,missing_direct_parent;missing_ultimate_parent,US,phase3_jurisdiction_model,E_model_predicted_jurisdiction,0.9943,US,0.9943,0.9921,US;GB;DE,0.9943;0.0022;0.0022,,,,,0.0,,,,,,,"Georgetown,Pulau Pinang",3.778162177036952,0,0,0,0,1,0,0
