host_country,lei,legal_name,entity_country,direct_parent_lei,direct_parent_name,direct_parent_country,ultimate_parent_lei,ultimate_parent_name,ultimate_parent_country,chain_parent_lei,chain_parent_name,chain_parent_country,chain_parent_relationship_type,uie_lei,uie_name,uie_country,uie_source,evidence_tier,uie_confidence,is_known_uie,is_inferred_uie,is_non_consolidating,exception_reason,matched_parent_lei,matched_parent_name,matched_parent_country,brand_token,match_score,inferred_parent_lei,address_parent_name,address_parent_country,confidence,predicted_parent_country,prediction_probability,confidence_gap,top3_countries,top3_probabilities,ctos_registered_malaysia,ctos_name,ctos_registration_no,ctos_match_score,ctos_match_method,ctos_url,override_reason,source_url,source_note
PH,549300JBDVIIMW4FW262,ABBOTT LABORATORIES.,PH,,,,HQD377W2YR662HK5JX27,ABBOTT LABORATORIES,US,,,,,HQD377W2YR662HK5JX27,ABBOTT LABORATORIES,US,gleif_ultimate_parent,A_known_ultimate_parent,1.0,1,0,0,NON_PUBLIC,HQD377W2YR662HK5JX27,ABBOTT LABORATORIES,US,ABBOTT LABORATORIES,100.0,,,,,US,0.6685,0.4345,US;DE;AMERICAS_OTHER,0.6685;0.2341;0.046,0,,,,,,,,
PH,5493005RFT8TSVQA8J94,"ABBOTT PRODUCTS (PHILIPPINES), INC.",PH,,,,HQD377W2YR662HK5JX27,ABBOTT LABORATORIES,US,,,,,HQD377W2YR662HK5JX27,ABBOTT LABORATORIES,US,gleif_ultimate_parent,A_known_ultimate_parent,1.0,1,0,0,NON_PUBLIC,,,,,,,,,,US,0.478,0.2473,US;DE;OFFSHORE,0.478;0.2307;0.0942,0,,,,,,,,
PH,254900UHTKF4VBSFTL94,ABOITIZ POWER CORPORATION,PH,254900MDNXYJKHXO0P61,Aboitiz Equity Ventures Inc.,PH,254900MDNXYJKHXO0P61,Aboitiz Equity Ventures Inc.,PH,,,,,254900MDNXYJKHXO0P61,Aboitiz Equity Ventures Inc.,PH,gleif_ultimate_parent,A_known_ultimate_parent,1.0,1,0,0,,,,,,,,,,,EUROPE,0.3727,0.1231,EUROPE;DE;US,0.3727;0.2496;0.1975,0,,,,,,,,
PH,254900991FLRNZJTN223,"ABOITIZ RENEWABLES, INC.",PH,254900UHTKF4VBSFTL94,ABOITIZ POWER CORPORATION,PH,254900MDNXYJKHXO0P61,Aboitiz Equity Ventures Inc.,PH,254900MDNXYJKHXO0P61,Aboitiz Equity Ventures Inc.,PH,ultimate_parent,254900MDNXYJKHXO0P61,Aboitiz Equity Ventures Inc.,PH,gleif_ultimate_parent,A_known_ultimate_parent,1.0,1,0,0,,,,,,,,,,,DE,0.3603,0.0337,DE;EUROPE;US,0.3603;0.3266;0.1855,0,,,,,,,,
PH,254900IST03MP55ID065,"ABOITIZ SOLAR POWER, INC.",PH,254900UHTKF4VBSFTL94,ABOITIZ POWER CORPORATION,PH,254900MDNXYJKHXO0P61,Aboitiz Equity Ventures Inc.,PH,254900MDNXYJKHXO0P61,Aboitiz Equity Ventures Inc.,PH,ultimate_parent,254900MDNXYJKHXO0P61,Aboitiz Equity Ventures Inc.,PH,gleif_ultimate_parent,A_known_ultimate_parent,1.0,1,0,0,,,,,,,,,,,EUROPE,0.6437,0.5203,EUROPE;DE;OTHER,0.6437;0.1235;0.1199,0,,,,,,,,
PH,549300ZYHD5YBZVSYZ84,AC ENERGY AND INFRASTRUCTURE CORPORATION,PH,254900QJ68UH8GKNGI69,AYALA CORPORATION,PH,254900QJ68UH8GKNGI69,AYALA CORPORATION,PH,,,,,254900QJ68UH8GKNGI69,AYALA CORPORATION,PH,gleif_ultimate_parent,A_known_ultimate_parent,1.0,1,0,0,,,,,,,,,,,EUROPE,0.344,0.1218,EUROPE;OTHER;AMERICAS_OTHER,0.344;0.2222;0.2174,0,,,,,,,,
PH,9845005786C3ECS39075,ACCENTURE INC.,PH,5493000EWHDSR3MZWH98,ACCENTURE PUBLIC LIMITED COMPANY,IE,5493000EWHDSR3MZWH98,ACCENTURE PUBLIC LIMITED COMPANY,IE,,,,,5493000EWHDSR3MZWH98,ACCENTURE PUBLIC LIMITED COMPANY,IE,gleif_ultimate_parent,A_known_ultimate_parent,1.0,1,0,0,NATURAL_PERSONS,,,,,,,,,,DE,0.4542,0.2281,DE;EUROPE;US,0.4542;0.2261;0.1251,0,,,,,,,,
PH,549300LGUZQ61GQQXQ60,ACEN CORPORATION,PH,549300ZYHD5YBZVSYZ84,AC ENERGY AND INFRASTRUCTURE CORPORATION,PH,254900QJ68UH8GKNGI69,AYALA CORPORATION,PH,254900QJ68UH8GKNGI69,AYALA CORPORATION,PH,ultimate_parent,254900QJ68UH8GKNGI69,AYALA CORPORATION,PH,gleif_ultimate_parent,A_known_ultimate_parent,1.0,1,0,0,,,,,,,,,,,EUROPE,0.4551,0.1953,EUROPE;OTHER;DE,0.4551;0.2598;0.0913,0,,,,,,,,
PH,254900C2BIGFW3G5WX22,"ACI WORLDWIDE PHILIPPINE ISLANDS, INC.",PH,,,,5493003BPVMZUJ6F5C02,"ACI WORLDWIDE, INC.",US,,,,,5493003BPVMZUJ6F5C02,"ACI WORLDWIDE, INC.",US,gleif_ultimate_parent,A_known_ultimate_parent,1.0,1,0,0,,,,,,,,,,,US,0.3756,0.186,US;EUROPE;OTHER,0.3756;0.1896;0.1464,0,,,,,,,,
PH,2549002EYT5NOBQDD489,"AFS PHILIPPINES, INC.",PH,254900X17Q0HT8RQQ134,Amstel Financial Services (S) Pte. Ltd.,SG,254900X17Q0HT8RQQ134,Amstel Financial Services (S) Pte. Ltd.,SG,,,,,254900X17Q0HT8RQQ134,Amstel Financial Services (S) Pte. Ltd.,SG,gleif_ultimate_parent,A_known_ultimate_parent,1.0,1,0,0,,,,,,,,,,,DE,0.6389,0.4601,DE;US;AMERICAS_OTHER,0.6389;0.1788;0.0532,0,,,,,,,,
PH,54930002LN93NOB84W02,AIA PHILIPPINES LIFE AND GENERAL INSURANCE COMPANY INC.,PH,RU6VTXUC5TNXNI3V7Y80,AIA Company Limited,HK,ZP5ILWVSYE4LJGMMVD57,AIA Group Limited,HK,,,,,ZP5ILWVSYE4LJGMMVD57,AIA Group Limited,HK,gleif_ultimate_parent,A_known_ultimate_parent,1.0,1,0,0,,,,,,,,,,,US,0.5913,0.4384,US;AMERICAS_OTHER;DE,0.5913;0.153;0.0981,0,,,,,,,,
PH,549300HP5KXSGMEBD023,ALASKA MILK CORPORATION,PH,724500CDWM1CHYS8AP31,Koninklijke FrieslandCampina N.V.,NL,724500CDWM1CHYS8AP31,Koninklijke FrieslandCampina N.V.,NL,,,,,724500CDWM1CHYS8AP31,Koninklijke FrieslandCampina N.V.,NL,gleif_ultimate_parent,A_known_ultimate_parent,1.0,1,0,0,,,,,,,,,,,DE,0.4479,0.1858,DE;US;EUROPE,0.4479;0.262;0.1124,0,,,,,,,,
PH,549300TLRUTK27L3TH44,"ALERE PHILIPPINES, INC.",PH,,,,HQD377W2YR662HK5JX27,ABBOTT LABORATORIES,US,,,,,HQD377W2YR662HK5JX27,ABBOTT LABORATORIES,US,gleif_ultimate_parent,A_known_ultimate_parent,1.0,1,0,0,,,,,,,,,,,US,0.3373,0.1696,US;DE;AMERICAS_OTHER,0.3373;0.1676;0.1314,0,,,,,,,,
PH,529900SU3LHDITZGTC93,ALTAIR TECHNOLOGIES PHILIPPINES INC.,PH,W38RGI023J3WT1HWRP32,Siemens Aktiengesellschaft,DE,W38RGI023J3WT1HWRP32,Siemens Aktiengesellschaft,DE,,,,,W38RGI023J3WT1HWRP32,Siemens Aktiengesellschaft,DE,gleif_ultimate_parent,A_known_ultimate_parent,1.0,1,0,0,,,,,,,,,,,DE,0.5564,0.4127,DE;US;EUROPE,0.5564;0.1437;0.1436,0,,,,,,,,
PH,549300BVSUOI0J2YXU30,ANALOG DEVICES GEN. TRIAS INC.,PH,5493008RVYTSWTF40I68,Analog Devices Holdings B.V.,IE,GYVOE5EZ4GDAVTU4CQ61,"ANALOG DEVICES, INC.",US,,,,,GYVOE5EZ4GDAVTU4CQ61,"ANALOG DEVICES, INC.",US,gleif_ultimate_parent,A_known_ultimate_parent,1.0,1,0,0,,,,,,,,,,,US,0.5015,0.2452,US;DE;AMERICAS_OTHER,0.5015;0.2564;0.1038,0,,,,,,,,
PH,254900TKWMPYMXV22776,AP RENEWABLE ENERGY CORPORATION,PH,254900991FLRNZJTN223,"ABOITIZ RENEWABLES, INC.",PH,254900MDNXYJKHXO0P61,Aboitiz Equity Ventures Inc.,PH,254900MDNXYJKHXO0P61,Aboitiz Equity Ventures Inc.,PH,ultimate_parent,254900MDNXYJKHXO0P61,Aboitiz Equity Ventures Inc.,PH,gleif_ultimate_parent,A_known_ultimate_parent,1.0,1,0,0,,,,,,,,,,,EUROPE,0.622,0.4237,EUROPE;OTHER;ASIA_OTHER,0.622;0.1983;0.0578,0,,,,,,,,
PH,549300EZPX8NWSISAK56,"ARCHER-DANIELS-MIDLAND PHILIPPINES, INC.",PH,549300LO13MQ9HYSTR83,ARCHER-DANIELS-MIDLAND COMPANY,US,549300LO13MQ9HYSTR83,ARCHER-DANIELS-MIDLAND COMPANY,US,,,,,549300LO13MQ9HYSTR83,ARCHER-DANIELS-MIDLAND COMPANY,US,gleif_ultimate_parent,A_known_ultimate_parent,1.0,1,0,0,,,,,,,,,,,US,0.5352,0.4007,US;DE;EUROPE,0.5352;0.1346;0.1062,0,,,,,,,,
PH,549300PRF2ZVTZAISR23,ATOS INFORMATION TECHNOLOGY INC.,PH,,,,5493001EZOOA66PTBR68,ATOS SE,FR,,,,,5493001EZOOA66PTBR68,ATOS SE,FR,gleif_ultimate_parent,A_known_ultimate_parent,1.0,1,0,0,NON_PUBLIC,,,,,,,,,,DE,0.3555,0.0226,DE;US;AMERICAS_OTHER,0.3555;0.3328;0.1356,0,,,,,,,,
PH,5493000NUDJOB2RXE883,ATRAM TRUST CORPORATION,PH,2549001LKYZJC418SS88,"ATR Asset Management, Inc.",PH,2549001LKYZJC418SS88,"ATR Asset Management, Inc.",PH,,,,,2549001LKYZJC418SS88,"ATR Asset Management, Inc.",PH,gleif_ultimate_parent,A_known_ultimate_parent,1.0,1,0,0,,,,,,,,,,,DE,0.468,0.3075,DE;US;EUROPE,0.468;0.1606;0.1446,0,,,,,,,,
PH,254900EWT10TQ6DKTV34,"AYALA LAND, INC.",PH,254900QJ68UH8GKNGI69,AYALA CORPORATION,PH,254900QJ68UH8GKNGI69,AYALA CORPORATION,PH,,,,,254900QJ68UH8GKNGI69,AYALA CORPORATION,PH,gleif_ultimate_parent,A_known_ultimate_parent,1.0,1,0,0,,,,,,,,,,,EUROPE,0.3491,0.129,EUROPE;DE;US,0.3491;0.2201;0.2096,0,,,,,,,,
PH,254900918VDFWTXZH131,"Amazon Data Services Philippines, Inc.",PH,,,,ZXTILKJKG63JELOEG630,"AMAZON.COM, INC.",US,,,,,ZXTILKJKG63JELOEG630,"AMAZON.COM, INC.",US,gleif_ultimate_parent,A_known_ultimate_parent,1.0,1,0,0,NO_KNOWN_PERSON,,,,,,,,,,US,0.5842,0.3803,US;DE;EUROPE,0.5842;0.2039;0.0763,0,,,,,,,,
PH,529900WJORQIU7CF7M92,Avaloq Philippines Inc.,PH,5493000QYMPFRTEY4K28,日本電気株式会社,JP,5493000QYMPFRTEY4K28,日本電気株式会社,JP,,,,,5493000QYMPFRTEY4K28,日本電気株式会社,JP,gleif_ultimate_parent,A_known_ultimate_parent,1.0,1,0,0,,,,,,,,,,,OTHER,0.324,0.1826,OTHER;US;EUROPE,0.324;0.1414;0.137,0,,,,,,,,
PH,529900UZ0B2A7SEU1J14,B. BRAUN MEDICAL SUPPLIES INC.,PH,529900W8MHYEV82GT965,B. Braun SE,DE,5299004E1B0DK73UIY59,B. Braun Holding GmbH & Co. KG,DE,,,,,5299004E1B0DK73UIY59,B. Braun Holding GmbH & Co. KG,DE,gleif_ultimate_parent,A_known_ultimate_parent,1.0,1,0,0,,,,,,,,,,,US,0.477,0.3164,US;DE;OTHER,0.477;0.1606;0.1357,0,,,,,,,,
PH,529900BKH3GMCPXNLD09,"B. Braun Avitum Philippines, Inc.",PH,5299004E1B0DK73UIY59,B. Braun Holding GmbH & Co. KG,DE,5299004E1B0DK73UIY59,B. Braun Holding GmbH & Co. KG,DE,,,,,5299004E1B0DK73UIY59,B. Braun Holding GmbH & Co. KG,DE,gleif_ultimate_parent,A_known_ultimate_parent,1.0,1,0,0,,,,,,,,,,,US,0.4702,0.1706,US;DE;EUROPE,0.4702;0.2996;0.092,0,,,,,,,,
PH,254900BWJ34HNGS6OD95,BAYER CROPSCIENCE INC.,PH,549300J4U55H3WP1XT59,Bayer Aktiengesellschaft,DE,549300J4U55H3WP1XT59,Bayer Aktiengesellschaft,DE,,,,,549300J4U55H3WP1XT59,Bayer Aktiengesellschaft,DE,gleif_ultimate_parent,A_known_ultimate_parent,1.0,1,0,0,,,,,,,,,,,DE,0.4031,0.1091,DE;EUROPE;OTHER,0.4031;0.294;0.128,0,,,,,,,,
PH,213800WP5WWX8D57WM03,BBDO GUERRERO. INC.,PH,HKUPACFHSSASQK8HLS17,OMNICOM GROUP INC.,US,HKUPACFHSSASQK8HLS17,OMNICOM GROUP INC.,US,,,,,HKUPACFHSSASQK8HLS17,OMNICOM GROUP INC.,US,gleif_ultimate_parent,A_known_ultimate_parent,1.0,1,0,0,,,,,,,,,,,DE,0.6886,0.5729,DE;US;AMERICAS_OTHER,0.6886;0.1157;0.0746,0,,,,,,,,
PH,9845007886664FEVF406,BD AGRICULTURE (PHILIPPINES) INC.,PH,,,,529900AXOUPVP04QCG44,Big Dutchman AktiengeselIschaft,DE,,,,,529900AXOUPVP04QCG44,Big Dutchman AktiengeselIschaft,DE,gleif_ultimate_parent,A_known_ultimate_parent,1.0,1,0,0,,,,,,,,,,,DE,0.28,0.0517,DE;US;EUROPE,0.28;0.2283;0.1895,0,,,,,,,,
PH,549300MEW0CVY0VEL904,BDO CAPITAL & INVESTMENT CORPORATION,PH,3FGIIBS1PEI1FYQBGN97,"BDO UNIBANK, INC.",PH,3FGIIBS1PEI1FYQBGN97,"BDO UNIBANK, INC.",PH,,,,,3FGIIBS1PEI1FYQBGN97,"BDO UNIBANK, INC.",PH,gleif_ultimate_parent,A_known_ultimate_parent,1.0,1,0,0,,,,,,,,,,,OTHER,0.2803,0.012,OTHER;EUROPE;AMERICAS_OTHER,0.2803;0.2682;0.1918,0,,,,,,,,
PH,549300EKTBDWRBXSB835,"BDO Private Bank, Inc.",PH,3FGIIBS1PEI1FYQBGN97,"BDO UNIBANK, INC.",PH,3FGIIBS1PEI1FYQBGN97,"BDO UNIBANK, INC.",PH,,,,,3FGIIBS1PEI1FYQBGN97,"BDO UNIBANK, INC.",PH,gleif_ultimate_parent,A_known_ultimate_parent,1.0,1,0,0,,,,,,,,,,,DE,0.5834,0.428,DE;US;AMERICAS_OTHER,0.5834;0.1554;0.0991,0,,,,,,,,
PH,2549004GMVCHRYS8LW05,BDO SECURITIES CORPORATION,PH,549300MEW0CVY0VEL904,BDO CAPITAL & INVESTMENT CORPORATION,PH,3FGIIBS1PEI1FYQBGN97,"BDO UNIBANK, INC.",PH,3FGIIBS1PEI1FYQBGN97,"BDO UNIBANK, INC.",PH,ultimate_parent,3FGIIBS1PEI1FYQBGN97,"BDO UNIBANK, INC.",PH,gleif_ultimate_parent,A_known_ultimate_parent,1.0,1,0,0,,,,,,,,,,,EUROPE,0.4211,0.1373,EUROPE;OTHER;DE,0.4211;0.2838;0.1229,0,,,,,,,,
PH,549300Q89L7HJNOFLC15,BPI AIA LIFE ASSURANCE CORPORATION,PH,54930002LN93NOB84W02,AIA PHILIPPINES LIFE AND GENERAL INSURANCE COMPANY INC.,PH,ZP5ILWVSYE4LJGMMVD57,AIA Group Limited,HK,ZP5ILWVSYE4LJGMMVD57,AIA Group Limited,HK,ultimate_parent,ZP5ILWVSYE4LJGMMVD57,AIA Group Limited,HK,gleif_ultimate_parent,A_known_ultimate_parent,1.0,1,0,0,,,,,,,,,,,US,0.3601,0.1653,US;EUROPE;DE,0.3601;0.1948;0.1682,0,,,,,,,,
PH,2549007L3GX60KVGDD76,BPI SECURITIES CORP.,PH,254900LLDHIIB1F6DI16,BPI CAPITAL CORP.,PH,254900LLDHIIB1F6DI16,BPI CAPITAL CORP.,PH,,,,,254900LLDHIIB1F6DI16,BPI CAPITAL CORP.,PH,gleif_ultimate_parent,A_known_ultimate_parent,1.0,1,0,0,,,,,,,,,,,DE,0.3913,0.0772,DE;US;OTHER,0.3913;0.3141;0.1204,0,,,,,,,,
PH,254900J7PNZASJY5AE13,BUNGE AGRIBUSINESS PHILS. I,PH,5493000DM1JNU1X8WN78,BUNGE ASIA PTE. LTD.,SG,254900IVXSV9K0B7PO26,Bunge Global SA,CH,,,,,254900IVXSV9K0B7PO26,Bunge Global SA,CH,gleif_ultimate_parent,A_known_ultimate_parent,1.0,1,0,0,,,,,,,,,,,OTHER,0.4811,0.1802,OTHER;EUROPE;ASIA_OTHER,0.4811;0.3009;0.0873,0,,,,,,,,
PH,529900IZCOKCTPEKN750,"Bayan Delinquent Loan Recovery 1 (SPV-AMC), Inc.",PH,7LTWFZYICNSX8D621K86,DEUTSCHE BANK AKTIENGESELLSCHAFT,DE,7LTWFZYICNSX8D621K86,DEUTSCHE BANK AKTIENGESELLSCHAFT,DE,,,,,7LTWFZYICNSX8D621K86,DEUTSCHE BANK AKTIENGESELLSCHAFT,DE,gleif_ultimate_parent,A_known_ultimate_parent,1.0,1,0,0,,,,,,,,,,,US,0.479,0.2223,US;DE;OTHER,0.479;0.2567;0.0879,0,,,,,,,,
PH,549300GQEEZG5VTX0E74,"Bayer Philippines, Inc.",PH,549300J4U55H3WP1XT59,Bayer Aktiengesellschaft,DE,549300J4U55H3WP1XT59,Bayer Aktiengesellschaft,DE,,,,,549300J4U55H3WP1XT59,Bayer Aktiengesellschaft,DE,gleif_ultimate_parent,A_known_ultimate_parent,1.0,1,0,0,,549300J4U55H3WP1XT59,Bayer Aktiengesellschaft,DE,BAYER,100.0,,,,,DE,0.5028,0.2048,DE;US;OFFSHORE,0.5028;0.298;0.0792,0,,,,,,,,
PH,529900TE0BWP16FPP635,Beiersdorf Philippines Inc.,PH,L47NHHI0Z9X22DV46U41,Beiersdorf Aktiengesellschaft,DE,529900DV1ODI5C2GRH81,maxingvest GmbH & Co. KGaA,DE,,,,,529900DV1ODI5C2GRH81,maxingvest GmbH & Co. KGaA,DE,gleif_ultimate_parent,A_known_ultimate_parent,1.0,1,0,0,,,,,,,,,,,DE,0.4613,0.1853,DE;US;OTHER,0.4613;0.276;0.0661,0,,,,,,,,
PH,549300ZDW59MS56DDJ22,"C-JOY POULTRY MEATS PRODUCTION, INC.",PH,5493001CQ1KBLU1LES39,"CARGILL PHILIPPINES, INC.",PH,QXZYQNMR4JZ5RIRN4T31,"CARGILL, INCORPORATED",US,QXZYQNMR4JZ5RIRN4T31,"CARGILL, INCORPORATED",US,ultimate_parent,QXZYQNMR4JZ5RIRN4T31,"CARGILL, INCORPORATED",US,gleif_ultimate_parent,A_known_ultimate_parent,1.0,1,0,0,,,,,,,,,,,US,0.4389,0.2619,US;ASIA_OTHER;EUROPE,0.4389;0.177;0.1393,0,,,,,,,,
PH,549300NEC760MV3RT251,"CARGILL OIL MILLS PHILIPPINES, INC.",PH,5493001CQ1KBLU1LES39,"CARGILL PHILIPPINES, INC.",PH,QXZYQNMR4JZ5RIRN4T31,"CARGILL, INCORPORATED",US,QXZYQNMR4JZ5RIRN4T31,"CARGILL, INCORPORATED",US,ultimate_parent,QXZYQNMR4JZ5RIRN4T31,"CARGILL, INCORPORATED",US,gleif_ultimate_parent,A_known_ultimate_parent,1.0,1,0,0,,QXZYQNMR4JZ5RIRN4T31,"CARGILL, INCORPORATED",US,CARGILL,100.0,,,,,US,0.6569,0.5474,US;AMERICAS_OTHER;OFFSHORE,0.6569;0.1095;0.0818,0,,,,,,,,
PH,5493001CQ1KBLU1LES39,"CARGILL PHILIPPINES, INC.",PH,QXZYQNMR4JZ5RIRN4T31,"CARGILL, INCORPORATED",US,QXZYQNMR4JZ5RIRN4T31,"CARGILL, INCORPORATED",US,,,,,QXZYQNMR4JZ5RIRN4T31,"CARGILL, INCORPORATED",US,gleif_ultimate_parent,A_known_ultimate_parent,1.0,1,0,0,,QXZYQNMR4JZ5RIRN4T31,"CARGILL, INCORPORATED",US,CARGILL,100.0,,,,,US,0.4927,0.2021,US;DE;OFFSHORE,0.4927;0.2906;0.0842,0,,,,,,,,
PH,549300NWSXO6S2OVQU21,"CARGILL TEXTURIZING SOLUTIONS PHILIPPINES, INC.",PH,549300DFYDW3H1J5BO07,CARGILL GMBH,DE,QXZYQNMR4JZ5RIRN4T31,"CARGILL, INCORPORATED",US,,,,,QXZYQNMR4JZ5RIRN4T31,"CARGILL, INCORPORATED",US,gleif_ultimate_parent,A_known_ultimate_parent,1.0,1,0,0,,QXZYQNMR4JZ5RIRN4T31,"CARGILL, INCORPORATED",US,CARGILL,100.0,,,,,US,0.7231,0.6537,US;EUROPE;DE,0.7231;0.0694;0.0693,0,,,,,,,,
PH,549300SB2QQF7TMLMW58,CATERPILLAR FINANCIAL SERVICES PHILIPPINES INC.,PH,EDBQKYOPJUCJKLOJDE72,CATERPILLAR FINANCIAL SERVICES CORPORATION,US,WRJR7GS4GTRECRRTVX92,CATERPILLAR INC.,US,,,,,WRJR7GS4GTRECRRTVX92,CATERPILLAR INC.,US,gleif_ultimate_parent,A_known_ultimate_parent,1.0,1,0,0,,,,,,,,,,,US,0.4277,0.2108,US;EUROPE;OTHER,0.4277;0.2169;0.1475,0,,,,,,,,
PH,549300EI5HZ7VTY4HY04,"CCBC HOLDINGS, INC.",PH,E57ODZWZ7FF32TWEFA76,"Citibank, National Association",US,6SHGI4ZSSLCXXQSBB395,CITIGROUP INC.,US,,,,,6SHGI4ZSSLCXXQSBB395,CITIGROUP INC.,US,gleif_ultimate_parent,A_known_ultimate_parent,1.0,1,0,0,,,,,,,,,,,DE,0.4441,0.2454,DE;US;AMERICAS_OTHER,0.4441;0.1988;0.1518,0,,,,,,,,
PH,9845005B415A048E5804,CGI PHILIPPINES INC.,PH,,,,549300WSRCZY73ZG3090,CGI INC.,CA,,,,,549300WSRCZY73ZG3090,CGI INC.,CA,gleif_ultimate_parent,A_known_ultimate_parent,1.0,1,0,0,,,,,,,,,,,AMERICAS_OTHER,0.3917,0.2421,AMERICAS_OTHER;DE;EUROPE,0.3917;0.1496;0.1396,0,,,,,,,,
PH,2549000OSZJHJQL5PD04,CHAROEN POKPHAND FOODS PHILIPPINES CORPORATION,PH,529900FJ3AI2GKGIWK15,บริษัท เจริญโภคภัณฑ์อาหาร จำกัด (มหาชน),TH,529900FJ3AI2GKGIWK15,บริษัท เจริญโภคภัณฑ์อาหาร จำกัด (มหาชน),TH,,,,,529900FJ3AI2GKGIWK15,บริษัท เจริญโภคภัณฑ์อาหาร จำกัด (มหาชน),TH,gleif_ultimate_parent,A_known_ultimate_parent,1.0,1,0,0,,,,,,,,,,,ASIA_OTHER,0.4846,0.2284,ASIA_OTHER;DE;EUROPE,0.4846;0.2562;0.1012,0,,,,,,,,
PH,549300R6FZ9QQ1PL5K39,CITI CENTER BUILDING CORP.,PH,549300EI5HZ7VTY4HY04,"CCBC HOLDINGS, INC.",PH,6SHGI4ZSSLCXXQSBB395,CITIGROUP INC.,US,6SHGI4ZSSLCXXQSBB395,CITIGROUP INC.,US,ultimate_parent,6SHGI4ZSSLCXXQSBB395,CITIGROUP INC.,US,gleif_ultimate_parent,A_known_ultimate_parent,1.0,1,0,0,,,,,,,,,,,US,0.4245,0.2314,US;DE;AMERICAS_OTHER,0.4245;0.1932;0.1356,0,,,,,,,,
PH,5493005N8SO956E2XN22,CITI SQUARE BUILDING CORPORATION,PH,549300EI5HZ7VTY4HY04,"CCBC HOLDINGS, INC.",PH,6SHGI4ZSSLCXXQSBB395,CITIGROUP INC.,US,6SHGI4ZSSLCXXQSBB395,CITIGROUP INC.,US,ultimate_parent,6SHGI4ZSSLCXXQSBB395,CITIGROUP INC.,US,gleif_ultimate_parent,A_known_ultimate_parent,1.0,1,0,0,,,,,,,,,,,US,0.4184,0.2303,US;AMERICAS_OTHER;OTHER,0.4184;0.1882;0.1398,0,,,,,,,,
PH,549300BEKR7IJPYSEV09,CITIBANK SQUARE CONDOMINIUM CORP.,PH,,,,6SHGI4ZSSLCXXQSBB395,CITIGROUP INC.,US,,,,,6SHGI4ZSSLCXXQSBB395,CITIGROUP INC.,US,gleif_ultimate_parent,A_known_ultimate_parent,1.0,1,0,0,NON_PUBLIC,,,,,,,,,,US,0.4201,0.1856,US;DE;EUROPE,0.4201;0.2345;0.1363,0,,,,,,,,
PH,549300NDS7HFDT3XNP71,CITICORP CAPITAL PHILS. INC.,PH,CYSD4L2598RQ9BPPCB72,CITIBANK OVERSEAS INVESTMENT CORPORATION,US,6SHGI4ZSSLCXXQSBB395,CITIGROUP INC.,US,,,,,6SHGI4ZSSLCXXQSBB395,CITIGROUP INC.,US,gleif_ultimate_parent,A_known_ultimate_parent,1.0,1,0,0,,,,,,,,,,,DE,0.3721,0.1228,DE;US;AMERICAS_OTHER,0.3721;0.2492;0.1588,0,,,,,,,,
PH,2138009SZ4USUGP1IM38,"CLSA PHILIPPINES, INC.",PH,213800YMG8YN4O5CX140,中信証券國際有限公司,HK,2549006I3Q3M98KHOT11,CITIC Limited,HK,,,,,2549006I3Q3M98KHOT11,CITIC Limited,HK,gleif_ultimate_parent,A_known_ultimate_parent,1.0,1,0,0,,,,,,,,,,,DE,0.6313,0.4403,DE;US;EUROPE,0.6313;0.191;0.0513,0,,,,,,,,
PH,549300VL0ZZQR3MMTU71,"COCA-COLA FEMSA PHILIPPINES, INC.",PH,5493008KEVFYPMGTXO33,"COCA-COLA FEMSA, S.A.B. DE C.V.",MX,549300A8MDWDJNMLV153,FOMENTO ECONOMICO MEXICANO S A B DE C V,MX,,,,,549300A8MDWDJNMLV153,FOMENTO ECONOMICO MEXICANO S A B DE C V,MX,gleif_ultimate_parent,A_known_ultimate_parent,1.0,1,0,0,,,,,,,,,,,US,0.5614,0.4266,US;DE;OFFSHORE,0.5614;0.1348;0.1258,0,,,,,,,,
PH,9845005ZC382FA36ED90,CONCEPCION-CARRIER AIR CONDITIONING COMPANY,PH,549300JE3W6CWY2NAN77,CARRIER GLOBAL CORPORATION,US,549300JE3W6CWY2NAN77,CARRIER GLOBAL CORPORATION,US,,,,,549300JE3W6CWY2NAN77,CARRIER GLOBAL CORPORATION,US,gleif_ultimate_parent,A_known_ultimate_parent,1.0,1,0,0,,,,,,,,,,,US,0.4329,0.2836,US;DE;EUROPE,0.4329;0.1493;0.1425,0,,,,,,,,
PH,5493006PIE84IBN3EQ03,CTBC BANK (PHILIPPINES) CORPORATION,PH,549300JI5RKNDKC3GU44,中國信託商業銀行股份有限公司,TW,549300IWDYIFW6JXM387,中國信託金融控股股份有限公司,TW,,,,,549300IWDYIFW6JXM387,中國信託金融控股股份有限公司,TW,gleif_ultimate_parent,A_known_ultimate_parent,1.0,1,0,0,,,,,,,,,,,US,0.4522,0.2234,US;DE;OTHER,0.4522;0.2288;0.1007,0,,,,,,,,
PH,254900B0TWVO6GN5XT78,"Coca-Cola Europacific Aboitiz Philippines, Inc.",PH,,,,549300LTH67W4GWMRF57,COCA-COLA EUROPACIFIC PARTNERS PLC,GB,,,,,549300LTH67W4GWMRF57,COCA-COLA EUROPACIFIC PARTNERS PLC,GB,gleif_ultimate_parent,A_known_ultimate_parent,1.0,1,0,0,,,,,,,,,,,EUROPE,0.4138,0.2035,EUROPE;US;DE,0.4138;0.2104;0.1245,0,,,,,,,,
PH,254900CGJPNECN6ENN96,"Converge Information and Communications Technology Solutions, Inc.",PH,2549001HKS2PFDCAN585,COMCLARK NETWORK AND TECHNOLOGY CORP.,PH,2549001HKS2PFDCAN585,COMCLARK NETWORK AND TECHNOLOGY CORP.,PH,,,,,2549001HKS2PFDCAN585,COMCLARK NETWORK AND TECHNOLOGY CORP.,PH,gleif_ultimate_parent,A_known_ultimate_parent,1.0,1,0,0,,,,,,,,,,,US,0.3469,0.1805,US;EUROPE;DE,0.3469;0.1664;0.1659,0,,,,,,,,
PH,529900WQPM2EF62LB597,DB Schenker Global Services Asia Pacific Inc.,PH,52990063S23N13HU4E98,Deutsche Bahn Aktiengesellschaft,DE,52990063S23N13HU4E98,Deutsche Bahn Aktiengesellschaft,DE,,,,,52990063S23N13HU4E98,Deutsche Bahn Aktiengesellschaft,DE,gleif_ultimate_parent,A_known_ultimate_parent,1.0,1,0,0,,,,,,,,,,,DE,0.3909,0.227,DE;EUROPE;US,0.3909;0.164;0.1619,0,,,,,,,,
PH,529900DD5SKKGUNXWV81,"DB Strategic Advisors, Inc.",PH,7LTWFZYICNSX8D621K86,DEUTSCHE BANK AKTIENGESELLSCHAFT,DE,7LTWFZYICNSX8D621K86,DEUTSCHE BANK AKTIENGESELLSCHAFT,DE,,,,,7LTWFZYICNSX8D621K86,DEUTSCHE BANK AKTIENGESELLSCHAFT,DE,gleif_ultimate_parent,A_known_ultimate_parent,1.0,1,0,0,,,,,,,,,,,DE,0.3632,0.018,DE;US;AMERICAS_OTHER,0.3632;0.3452;0.0945,0,,,,,,,,
PH,213800MQ61QF6W3I8P24,"DKSH PHILIPPINES, INC.",PH,549300HUUUNHO6FJUS42,DKSH HOLDING AG,CH,549300HUUUNHO6FJUS42,DKSH HOLDING AG,CH,,,,,549300HUUUNHO6FJUS42,DKSH HOLDING AG,CH,gleif_ultimate_parent,A_known_ultimate_parent,1.0,1,0,0,,,,,,,,,,,DE,0.4943,0.2449,DE;US;OFFSHORE,0.4943;0.2493;0.0725,0,,,,,,,,
PH,5299008UIYLEG3E9AV28,Draeger Philippines Corporation,PH,5493005UFVHY0PPNKD75,Drägerwerk AG & Co. KGaA,DE,5493005UFVHY0PPNKD75,Drägerwerk AG & Co. KGaA,DE,,,,,5493005UFVHY0PPNKD75,Drägerwerk AG & Co. KGaA,DE,gleif_ultimate_parent,A_known_ultimate_parent,1.0,1,0,0,,,,,,,,,,,DE,0.58,0.468,DE;EUROPE;US,0.58;0.112;0.0899,0,,,,,,,,
PH,529900ZUJLMWMXIP7W71,"Draka Philippines, Inc.",PH,529900X0H1IO3RS1A464,PRYSMIAN S.P.A.,IT,529900X0H1IO3RS1A464,PRYSMIAN S.P.A.,IT,,,,,529900X0H1IO3RS1A464,PRYSMIAN S.P.A.,IT,gleif_ultimate_parent,A_known_ultimate_parent,1.0,1,0,0,,,,,,,,,,,DE,0.509,0.2137,DE;US;EUROPE,0.509;0.2953;0.0896,0,,,,,,,,
PH,213800MCE13K93NZ9D27,EDWARD KELLER (PHILS.) INC.,PH,549300HUUUNHO6FJUS42,DKSH HOLDING AG,CH,549300HUUUNHO6FJUS42,DKSH HOLDING AG,CH,,,,,549300HUUUNHO6FJUS42,DKSH HOLDING AG,CH,gleif_ultimate_parent,A_known_ultimate_parent,1.0,1,0,0,,,,,,,,,,,DE,0.3377,0.0925,DE;US;AMERICAS_OTHER,0.3377;0.2452;0.1943,0,,,,,,,,
PH,529900R20W785TIKND93,"ESSITY PHILIPPINES, INC.",PH,549300G8E6YUVJ1DA153,Essity Aktiebolag (publ),SE,549300G8E6YUVJ1DA153,Essity Aktiebolag (publ),SE,,,,,549300G8E6YUVJ1DA153,Essity Aktiebolag (publ),SE,gleif_ultimate_parent,A_known_ultimate_parent,1.0,1,0,0,,,,,,,,,,,EUROPE,0.317,0.1314,EUROPE;DE;US,0.317;0.1856;0.1545,0,,,,,,,,
PH,549300PMN6ID9UF7JU59,"EXLSERVICE PHILIPPINES, INC.",PH,81E3DTNF6OSH489ZOV15,"EXLSERVICE HOLDINGS, INC.",US,81E3DTNF6OSH489ZOV15,"EXLSERVICE HOLDINGS, INC.",US,,,,,81E3DTNF6OSH489ZOV15,"EXLSERVICE HOLDINGS, INC.",US,gleif_ultimate_parent,A_known_ultimate_parent,1.0,1,0,0,,,,,,,,,,,US,0.4038,0.065,US;DE;OFFSHORE,0.4038;0.3388;0.1065,0,,,,,,,,
PH,5299008AKLLL1T0YSS54,Evonik (Philippines) Inc.,PH,41GUOJQTALQHLF39XJ34,Evonik Industries AG,DE,41GUOJQTALQHLF39XJ34,Evonik Industries AG,DE,,,,,41GUOJQTALQHLF39XJ34,Evonik Industries AG,DE,gleif_ultimate_parent,A_known_ultimate_parent,1.0,1,0,0,,,,,,,,,,,DE,0.2707,0.0525,DE;US;EUROPE,0.2707;0.2182;0.129,0,,,,,,,,
PH,89450021LGT76D9E9J49,"Exclusive Networks - PH, Inc",PH,,,,969500GFM1C4M1KMPL74,EXCLUSIVE NETWORKS CORPORATE,FR,,,,,969500GFM1C4M1KMPL74,EXCLUSIVE NETWORKS CORPORATE,FR,gleif_ultimate_parent,A_known_ultimate_parent,1.0,1,0,0,,,,,,,,,,,EUROPE,0.3516,0.1535,EUROPE;ASIA_OTHER;US,0.3516;0.1981;0.1884,0,,,,,,,,
PH,213800U31R1D7X3A4R13,FCF MINERALS CORPORATION,PH,,,,2138006CFXWG2OPRV987,METALS EXPLORATION PLC,GB,,,,,2138006CFXWG2OPRV987,METALS EXPLORATION PLC,GB,gleif_ultimate_parent,A_known_ultimate_parent,1.0,1,0,0,,,,,,,,,,,EUROPE,0.4243,0.1752,EUROPE;US;DE,0.4243;0.2491;0.1473,0,,,,,,,,
PH,254900XY1PALF7PUB281,"FIS GLOBAL SOLUTIONS PHILIPPINES, INC.",PH,6WQI0GK1PRFVBA061U48,"FIDELITY NATIONAL INFORMATION SERVICES, INC.",US,6WQI0GK1PRFVBA061U48,"FIDELITY NATIONAL INFORMATION SERVICES, INC.",US,,,,,6WQI0GK1PRFVBA061U48,"FIDELITY NATIONAL INFORMATION SERVICES, INC.",US,gleif_ultimate_parent,A_known_ultimate_parent,1.0,1,0,0,NO_LEI,,,,,,,,,,US,0.5401,0.3959,US;DE;EUROPE,0.5401;0.1442;0.1239,0,,,,,,,,
PH,254900PVUWR2BOBBU241,FIS SG SYSTEMS PHILIPPINES INC.,PH,,,,6WQI0GK1PRFVBA061U48,"FIDELITY NATIONAL INFORMATION SERVICES, INC.",US,,,,,6WQI0GK1PRFVBA061U48,"FIDELITY NATIONAL INFORMATION SERVICES, INC.",US,gleif_ultimate_parent,A_known_ultimate_parent,1.0,1,0,0,,,,,,,,,,,US,0.4167,0.2439,US;EUROPE;DE,0.4167;0.1729;0.1535,0,,,,,,,,
PH,5493000E2BPZYMXKJW91,"FOUNDEVER ASIA, INC.",PH,549300BCU0GW2NDZ8U96,Foundever Group,LU,549300BCU0GW2NDZ8U96,Foundever Group,LU,,,,,549300BCU0GW2NDZ8U96,Foundever Group,LU,gleif_ultimate_parent,A_known_ultimate_parent,1.0,1,0,0,,,,,,,,,,,EUROPE,0.3791,0.1928,EUROPE;AMERICAS_OTHER;DE,0.3791;0.1864;0.1111,0,,,,,,,,
PH,254900GY628YEK8EZL09,Falcon SG Holding (Philippines) Inc.,PH,254900DS83LPAC3WI540,Falcon Investments Pte. Ltd.,SG,254900YCYY2GED20AT50,"Gateway Fund II, L.P.",KY,254900YCYY2GED20AT50,"Gateway Fund II, L.P.",KY,ultimate_parent,254900YCYY2GED20AT50,"Gateway Fund II, L.P.",KY,gleif_ultimate_parent,A_known_ultimate_parent,1.0,1,0,0,,,,,,,,,,,OTHER,0.4715,0.2493,OTHER;EUROPE;US,0.4715;0.2221;0.1671,0,,,,,,,,
PH,254900GQUBIUODKX6Y55,First Metro Investment Corporation,PH,549300SQYI82RVWFN715,METROPOLITAN BANK & TRUST COMPANY,PH,549300SQYI82RVWFN715,METROPOLITAN BANK & TRUST COMPANY,PH,,,,,549300SQYI82RVWFN715,METROPOLITAN BANK & TRUST COMPANY,PH,gleif_ultimate_parent,A_known_ultimate_parent,1.0,1,0,0,,,,,,,,,,,DE,0.3802,0.1365,DE;US;OTHER,0.3802;0.2437;0.2116,0,,,,,,,,
PH,254900CLB0C6Z44NK507,Fonterra Brands Phils. Inc.,PH,,,,549300NCQQ9E4O5JX172,FONTERRA CO-OPERATIVE GROUP LIMITED,NZ,,,,,549300NCQQ9E4O5JX172,FONTERRA CO-OPERATIVE GROUP LIMITED,NZ,gleif_ultimate_parent,A_known_ultimate_parent,1.0,1,0,0,,,,,,,,,,,ASIA_OTHER,0.4247,0.2064,ASIA_OTHER;EUROPE;US,0.4247;0.2183;0.1029,0,,,,,,,,
PH,529900T2DH2TGSW2EE39,"Fresenius Kabi Philippines, Inc.",PH,XDFJ0CYCOO1FXRFTQS51,Fresenius SE & Co. KGaA,DE,XDFJ0CYCOO1FXRFTQS51,Fresenius SE & Co. KGaA,DE,,,,,XDFJ0CYCOO1FXRFTQS51,Fresenius SE & Co. KGaA,DE,gleif_ultimate_parent,A_known_ultimate_parent,1.0,1,0,0,,,,,,,,,,,DE,0.3168,0.1159,DE;US;OFFSHORE,0.3168;0.201;0.1617,0,,,,,,,,
PH,529900YTY5Q7H4K14X02,"Fresenius Medical Care Philippines, Inc.",PH,549300CP8NY40UP89Q40,Fresenius Medical Care AG,DE,549300CP8NY40UP89Q40,Fresenius Medical Care AG,DE,,,,,549300CP8NY40UP89Q40,Fresenius Medical Care AG,DE,gleif_ultimate_parent,A_known_ultimate_parent,1.0,1,0,0,,,,,,,,,,,DE,0.3305,0.0707,DE;US;EUROPE,0.3305;0.2598;0.1448,0,,,,,,,,
PH,549300X7WCODFWF5QH78,"GCP APPLIED TECHNOLOGIES OPERATIONS CENTER, INC.",PH,5493007G654QKQVEKV09,GCP APPLIED TECHNOLOGIES INC.,US,5493007G654QKQVEKV09,GCP APPLIED TECHNOLOGIES INC.,US,,,,,5493007G654QKQVEKV09,GCP APPLIED TECHNOLOGIES INC.,US,gleif_ultimate_parent,A_known_ultimate_parent,1.0,1,0,0,,,,,,,,,,,US,0.5118,0.3424,US;EUROPE;DE,0.5118;0.1695;0.1537,0,,,,,,,,
PH,549300PH53AOYHBZML40,GCP APPLIED TECHNOLOGIES PRODUCTS (PHILS.) INC.,PH,5493007G654QKQVEKV09,GCP APPLIED TECHNOLOGIES INC.,US,5493007G654QKQVEKV09,GCP APPLIED TECHNOLOGIES INC.,US,,,,,5493007G654QKQVEKV09,GCP APPLIED TECHNOLOGIES INC.,US,gleif_ultimate_parent,A_known_ultimate_parent,1.0,1,0,0,,,,,,,,,,,US,0.517,0.349,US;EUROPE;DE,0.517;0.168;0.1472,0,,,,,,,,
PH,2549009734QAKDUHM468,GEMALTO PHILIPPINES INC.,PH,,,,724500Z5BLF00QVUM832,Gemalto Holding B.V.,NL,,,,,724500Z5BLF00QVUM832,Gemalto Holding B.V.,NL,gleif_ultimate_parent,A_known_ultimate_parent,1.0,1,0,0,NO_LEI,,,,,,,,,,DE,0.5022,0.181,DE;US;OTHER,0.5022;0.3212;0.0479,0,,,,,,,,
PH,549300042UVGFHUQZ649,GFI GROUP (PHILIPPINES) INC.,PH,2549001IGRCG4F0RLD36,"BGC Group, Inc.",US,2549001IGRCG4F0RLD36,"BGC Group, Inc.",US,,,,,2549001IGRCG4F0RLD36,"BGC Group, Inc.",US,gleif_ultimate_parent,A_known_ultimate_parent,1.0,1,0,0,,,,,,,,,,,US,0.2514,0.0582,US;OFFSHORE;AMERICAS_OTHER,0.2514;0.1931;0.1482,0,,,,,,,,
PH,2138004DEJ98RVJEB150,GOBEAR (PHILIPPINES) INC.,PH,213800YL1WKCFM1LOQ12,WOODPECKER ASIA TECH PTE. LTD,SG,72450085ROINJRUDAT34,Woodpecker Holding B.V.,NL,,,,,72450085ROINJRUDAT34,Woodpecker Holding B.V.,NL,gleif_ultimate_parent,A_known_ultimate_parent,1.0,1,0,0,,,,,,,,,,,DE,0.5585,0.2948,DE;US;EUROPE,0.5585;0.2636;0.0572,0,,,,,,,,
PH,5493002T0BWZ71SQY132,"GOODYEAR PHILIPPINES, INC.",PH,5493002BI0S2ZQUY3437,THE GOODYEAR TIRE & RUBBER COMPANY,US,5493002BI0S2ZQUY3437,THE GOODYEAR TIRE & RUBBER COMPANY,US,,,,,5493002BI0S2ZQUY3437,THE GOODYEAR TIRE & RUBBER COMPANY,US,gleif_ultimate_parent,A_known_ultimate_parent,1.0,1,0,0,,,,,,,,,,,US,0.3978,0.0363,US;DE;OFFSHORE,0.3978;0.3615;0.0832,0,,,,,,,,
PH,254900OWJPJCZHDP2D50,"Gemalto Technologies, Inc.",PH,724500Z5BLF00QVUM832,Gemalto Holding B.V.,NL,724500Z5BLF00QVUM832,Gemalto Holding B.V.,NL,,,,,724500Z5BLF00QVUM832,Gemalto Holding B.V.,NL,gleif_ultimate_parent,A_known_ultimate_parent,1.0,1,0,0,,,,,,,,,,,DE,0.5943,0.387,DE;US;OTHER,0.5943;0.2073;0.1018,0,,,,,,,,
PH,98450095A7ACA2DER517,HGST PHILIPPINES CORP.,PH,549300QQXOOYEF89IC56,WESTERN DIGITAL CORPORATION,US,549300QQXOOYEF89IC56,WESTERN DIGITAL CORPORATION,US,,,,,549300QQXOOYEF89IC56,WESTERN DIGITAL CORPORATION,US,gleif_ultimate_parent,A_known_ultimate_parent,1.0,1,0,0,,,,,,,,,,,US,0.425,0.1984,US;DE;EUROPE,0.425;0.2267;0.1849,0,,,,,,,,
PH,213800EQWLQD8JB2W919,HSBC ELECTRONIC DATA PROCESSING (PHILIPPINES) INC.,PH,213800E47IPQU1WM6303,HSBC GLOBAL SERVICES LIMITED,GB,MLU0ZO3ML4LN2LL2TL39,HSBC HOLDINGS PLC,GB,,,,,MLU0ZO3ML4LN2LL2TL39,HSBC HOLDINGS PLC,GB,gleif_ultimate_parent,A_known_ultimate_parent,1.0,1,0,0,,,,,,,,,,,US,0.6871,0.5394,US;DE;EUROPE,0.6871;0.1476;0.0773,0,,,,,,,,
PH,213800HTIMK4Z26RGD83,"HSBC INVESTMENT AND INSURANCE BROKERAGE, PHILIPPINES INC.",PH,2HI3YI5320L3RW6NJ957,HONGKONG AND SHANGHAI BANKING CORPORATION LIMITED -THE-,HK,MLU0ZO3ML4LN2LL2TL39,HSBC HOLDINGS PLC,GB,,,,,MLU0ZO3ML4LN2LL2TL39,HSBC HOLDINGS PLC,GB,gleif_ultimate_parent,A_known_ultimate_parent,1.0,1,0,0,,,,,,,,,,,US,0.5721,0.3942,US;DE;EUROPE,0.5721;0.1779;0.1055,0,,,,,,,,
PH,5493007R03ET9XE50N08,HSBC SAVINGS BANK (PHILIPPINES) INC.,PH,2HI3YI5320L3RW6NJ957,HONGKONG AND SHANGHAI BANKING CORPORATION LIMITED -THE-,HK,MLU0ZO3ML4LN2LL2TL39,HSBC HOLDINGS PLC,GB,,,,,MLU0ZO3ML4LN2LL2TL39,HSBC HOLDINGS PLC,GB,gleif_ultimate_parent,A_known_ultimate_parent,1.0,1,0,0,,,,,,,,,,,US,0.6404,0.5069,US;DE;EUROPE,0.6404;0.1335;0.0756,0,,,,,,,,
PH,529900ADMJY8XXQQIB36,"Heidelberg Philippines, Inc.",PH,529900ZM98OISTG16932,Heidelberger Druckmaschinen Aktiengesellschaft,DE,529900ZM98OISTG16932,Heidelberger Druckmaschinen Aktiengesellschaft,DE,,,,,529900ZM98OISTG16932,Heidelberger Druckmaschinen Aktiengesellschaft,DE,gleif_ultimate_parent,A_known_ultimate_parent,1.0,1,0,0,,,,,,,,,,,US,0.3622,0.0701,US;DE;OFFSHORE,0.3622;0.2921;0.1168,0,,,,,,,,
PH,52990038JTKGBU5A9G94,"Henkel Philippines, Inc.",PH,549300VZCL1HTH4O4Y49,Henkel AG & Co. KGaA,DE,549300VZCL1HTH4O4Y49,Henkel AG & Co. KGaA,DE,,,,,549300VZCL1HTH4O4Y49,Henkel AG & Co. KGaA,DE,gleif_ultimate_parent,A_known_ultimate_parent,1.0,1,0,0,,,,,,,,,,,DE,0.4867,0.3087,DE;EUROPE;OFFSHORE,0.4867;0.178;0.1185,0,,,,,,,,
PH,529900QW7D78BZHLMO54,"Holcim Philippines, Inc.",PH,529900EHPFPYHV6IQO98,Holcim AG,CH,529900EHPFPYHV6IQO98,Holcim AG,CH,,,,,529900EHPFPYHV6IQO98,Holcim AG,CH,gleif_ultimate_parent,A_known_ultimate_parent,1.0,1,0,0,,,,,,,,,,,DE,0.4462,0.1207,DE;US;EUROPE,0.4462;0.3255;0.0961,0,,,,,,,,
PH,254900GY1OKCCCG15831,Hyperion Storage Holdings Corporation,PH,,,,254900BF7L1ZCMAZS467,Keppel Infrastructure Fund Management Pte. Ltd. As Trustee-Manager Of Keppel Infrastructure Trust,SG,,,,,254900BF7L1ZCMAZS467,Keppel Infrastructure Fund Management Pte. Ltd. As Trustee-Manager Of Keppel Infrastructure Trust,SG,gleif_ultimate_parent,A_known_ultimate_parent,1.0,1,0,0,,,,,,,,,,,OTHER,0.425,0.2286,OTHER;EUROPE;AMERICAS_OTHER,0.425;0.1964;0.1232,0,,,,,,,,
PH,254900NPWQY0SUL2U072,IC AUTOMOTIVE INC.,PH,,,,213800RGEH1MPPNM2T57,INCHCAPE PLC,GB,,,,,213800RGEH1MPPNM2T57,INCHCAPE PLC,GB,gleif_ultimate_parent,A_known_ultimate_parent,1.0,1,0,0,,,,,,,,,,,EUROPE,0.6889,0.59,EUROPE;DE;US,0.6889;0.0988;0.065,0,,,,,,,,
PH,254900CLWGVL55ECJ307,IC LAND AUTOMOTIVE INC.,PH,,,,213800RGEH1MPPNM2T57,INCHCAPE PLC,GB,,,,,213800RGEH1MPPNM2T57,INCHCAPE PLC,GB,gleif_ultimate_parent,A_known_ultimate_parent,1.0,1,0,0,,,,,,,,,,,EUROPE,0.6839,0.5965,EUROPE;ASIA_OTHER;DE,0.6839;0.0874;0.0785,0,,,,,,,,
PH,254900962C74PUJ5VI64,IC STAR AUTOMOTIVE INC.,PH,,,,213800RGEH1MPPNM2T57,INCHCAPE PLC,GB,,,,,213800RGEH1MPPNM2T57,INCHCAPE PLC,GB,gleif_ultimate_parent,A_known_ultimate_parent,1.0,1,0,0,,,,,,,,,,,EUROPE,0.6839,0.5965,EUROPE;ASIA_OTHER;DE,0.6839;0.0874;0.0785,0,,,,,,,,
PH,213800NU5HPFBKRNMJ28,ICAP PHILIPPINES INC,PH,,,,2138006YAA7IRVKKGE63,TP ICAP GROUP PLC,JE,,,,,2138006YAA7IRVKKGE63,TP ICAP GROUP PLC,JE,gleif_ultimate_parent,A_known_ultimate_parent,1.0,1,0,0,NON_PUBLIC,,,,,,,,,,US,0.4559,0.0403,US;DE;EUROPE,0.4559;0.4156;0.0486,0,,,,,,,,
PH,254900XRI8M32IDFBX31,ICATS MOTORCYCLES INC.,PH,,,,213800RGEH1MPPNM2T57,INCHCAPE PLC,GB,,,,,213800RGEH1MPPNM2T57,INCHCAPE PLC,GB,gleif_ultimate_parent,A_known_ultimate_parent,1.0,1,0,0,,,,,,,,,,,EUROPE,0.6741,0.5409,EUROPE;US;DE,0.6741;0.1331;0.0783,0,,,,,,,,
PH,549300SNSFDLDA798O40,INDORAMA VENTURES PACKAGING (PHILIPPINES) CORPORATION,PH,7245007KWY53NVSLN866,Indorama Netherlands B.V.,NL,25490039L6M8ZV6PQV25,Canopus International Limited,MU,,,,,25490039L6M8ZV6PQV25,Canopus International Limited,MU,gleif_ultimate_parent,A_known_ultimate_parent,1.0,1,0,0,,,,,,,,,,,EUROPE,0.57,0.4333,EUROPE;US;ASIA_OTHER,0.57;0.1366;0.0956,0,,,,,,,,
PH,5493009LU9RU1K87ZW02,"ING GLOBAL SERVICES AND OPERATIONS, INC.",PH,3TK20IVIUJ8J3ZU0QE75,ING BANK N.V.,NL,549300NYKK9MWM7GGW15,ING GROEP N.V.,NL,,,,,549300NYKK9MWM7GGW15,ING GROEP N.V.,NL,gleif_ultimate_parent,A_known_ultimate_parent,1.0,1,0,0,,,,,,,,,,,US,0.5542,0.3972,US;DE;OTHER,0.5542;0.157;0.1188,0,,,,,,,,
PH,54930092JHCR7KND6M14,"J.P. Morgan Securities Philippines, Inc.",PH,549300MW265RRCSDUE83,J.P. MORGAN INTERNATIONAL FINANCE LIMITED,US,8I5DZWZKVSZI1NUHU748,JPMORGAN CHASE & CO.,US,,,,,8I5DZWZKVSZI1NUHU748,JPMORGAN CHASE & CO.,US,gleif_ultimate_parent,A_known_ultimate_parent,1.0,1,0,0,,,,,,,,,,,US,0.4128,0.1901,US;EUROPE;OTHER,0.4128;0.2227;0.1799,0,,,,,,,,
PH,5493005EKCWCE68LBU19,JG SUMMIT OLEFINS CORPORATION,PH,8945008FXJ2QCVCRJM25,"JG SUMMIT HOLDINGS, INC.",PH,8945008FXJ2QCVCRJM25,"JG SUMMIT HOLDINGS, INC.",PH,,,,,8945008FXJ2QCVCRJM25,"JG SUMMIT HOLDINGS, INC.",PH,gleif_ultimate_parent,A_known_ultimate_parent,1.0,1,0,0,,,,,,,,,,,EUROPE,0.2683,0.0757,EUROPE;OTHER;US,0.2683;0.1926;0.1748,0,,,,,,,,
PH,5493002OYK1ETB00SV81,JOHNSON & JOHNSON (PHILS.) INC.,PH,549300G0CFPGEF6X2043,Johnson & Johnson,US,549300G0CFPGEF6X2043,Johnson & Johnson,US,,,,,549300G0CFPGEF6X2043,Johnson & Johnson,US,gleif_ultimate_parent,A_known_ultimate_parent,1.0,1,0,0,,,,,,,,,,,US,0.3959,0.2249,US;EUROPE;DE,0.3959;0.171;0.1484,0,,,,,,,,
PH,54930012HEGT6FC14150,KNOWLES ELECTRONICS (PHILIPPINES) CORPORATION,PH,,,,5493003EO323TDZQU148,KNOWLES CORPORATION,US,,,,,5493003EO323TDZQU148,KNOWLES CORPORATION,US,gleif_ultimate_parent,A_known_ultimate_parent,1.0,1,0,0,NON_PUBLIC,,,,,,,,,,US,0.5001,0.2671,US;DE;EUROPE,0.5001;0.233;0.1303,0,,,,,,,,
PH,213800IGKHAWS225I154,"KPI ELEVATORS, INC.",PH,2138001CNF45JP5XZK38,KONE OYJ,FI,2138001CNF45JP5XZK38,KONE OYJ,FI,,,,,2138001CNF45JP5XZK38,KONE OYJ,FI,gleif_ultimate_parent,A_known_ultimate_parent,1.0,1,0,0,,,,,,,,,,,DE,0.7153,0.6061,DE;US;AMERICAS_OTHER,0.7153;0.1091;0.0608,0,,,,,,,,
PH,894500592XYJVVOO0D43,"KUEHNE + NAGEL, INC.",PH,529900Q0YED3805QXQ66,Kühne + Nagel International AG,CH,529900Q0YED3805QXQ66,Kühne + Nagel International AG,CH,,,,,529900Q0YED3805QXQ66,Kühne + Nagel International AG,CH,gleif_ultimate_parent,A_known_ultimate_parent,1.0,1,0,0,,,,,,,,,,,EUROPE,0.4564,0.2358,EUROPE;US;DE,0.4564;0.2207;0.1341,0,,,,,,,,
PH,984500044EA3E7F92A89,Kuehne + Nagel Global Services Inc.,PH,529900Q0YED3805QXQ66,Kühne + Nagel International AG,CH,529900Q0YED3805QXQ66,Kühne + Nagel International AG,CH,,,,,529900Q0YED3805QXQ66,Kühne + Nagel International AG,CH,gleif_ultimate_parent,A_known_ultimate_parent,1.0,1,0,0,,,,,,,,,,,EUROPE,0.3968,0.1017,EUROPE;US;DE,0.3968;0.2951;0.1226,0,,,,,,,,
PH,529900RV262YHM6SWJ32,"L'Oreal Philippines, Inc.",PH,529900JI1GG6F7RKVI53,L'OREAL,FR,529900JI1GG6F7RKVI53,L'OREAL,FR,,,,,529900JI1GG6F7RKVI53,L'OREAL,FR,gleif_ultimate_parent,A_known_ultimate_parent,1.0,1,0,0,,,,,,,,,,,EUROPE,0.3526,0.02,EUROPE;DE;ASIA_OTHER,0.3526;0.3326;0.1258,0,,,,,,,,
PH,2549005BZL5S92UQEF42,"Lulu Financial Services (Phils.), Inc.",PH,254900ZKUUG5N5HC3X48,Lulu Financial Holdings Ltd,AE,254900ZKUUG5N5HC3X48,Lulu Financial Holdings Ltd,AE,,,,,254900ZKUUG5N5HC3X48,Lulu Financial Holdings Ltd,AE,gleif_ultimate_parent,A_known_ultimate_parent,1.0,1,0,0,,,,,,,,,,,OTHER,0.5262,0.3882,OTHER;US;DE,0.5262;0.138;0.1154,0,,,,,,,,
PH,5493001V0ITTX5DZPE20,"MAGNUM RFM ICE CREAM, INC.",PH,,,,25490052LLF3XH6G9847,THE MAGNUM ICE CREAM COMPANY N.V.,NL,,,,,25490052LLF3XH6G9847,THE MAGNUM ICE CREAM COMPANY N.V.,NL,gleif_ultimate_parent,A_known_ultimate_parent,1.0,1,0,0,NO_LEI,,,,,,,,,,US,0.458,0.1789,US;DE;AMERICAS_OTHER,0.458;0.2791;0.155,0,,,,,,,,
PH,529900H5PN4WILIL5A55,MAHLE Filter Systems Philippines Corporation,PH,52990098TR1QJBWIYG58,MAHLE GmbH,DE,52990098TR1QJBWIYG58,MAHLE GmbH,DE,,,,,52990098TR1QJBWIYG58,MAHLE GmbH,DE,gleif_ultimate_parent,A_known_ultimate_parent,1.0,1,0,0,,,,,,,,,,,DE,0.4375,0.2391,DE;ASIA_OTHER;US,0.4375;0.1984;0.1632,0,,,,,,,,
PH,2549008EMOJ17D8BY791,MAJOREL PHILIPPINES CORP.,PH,529900M90DFPXG97IJ03,Majorel Group Luxembourg S.A.,LU,529900M90DFPXG97IJ03,Majorel Group Luxembourg S.A.,LU,,,,,529900M90DFPXG97IJ03,Majorel Group Luxembourg S.A.,LU,gleif_ultimate_parent,A_known_ultimate_parent,1.0,1,0,0,,,,,,,,,,,DE,0.3749,0.0074,DE;US;EUROPE,0.3749;0.3675;0.1358,0,,,,,,,,
PH,549300U2FYKM8UKYHH54,MANULIFE FINANCIAL PLANS INC.,PH,,,,5493007GBX87QOZACS27,Manulife Financial Corporation,CA,,,,,5493007GBX87QOZACS27,Manulife Financial Corporation,CA,gleif_ultimate_parent,A_known_ultimate_parent,1.0,1,0,0,,,,,,,,,,,AMERICAS_OTHER,0.5135,0.3938,AMERICAS_OTHER;OTHER;EUROPE,0.5135;0.1198;0.1023,0,,,,,,,,
PH,2549004FV7AE4AA2ZP95,"MBG Investment Management, Inc.",PH,254900ZF0X8EN5N7BW76,"MBG Capital, Inc.",PH,254900ZF0X8EN5N7BW76,"MBG Capital, Inc.",PH,,,,,254900ZF0X8EN5N7BW76,"MBG Capital, Inc.",PH,gleif_ultimate_parent,A_known_ultimate_parent,1.0,1,0,0,,,,,,,,,,,DE,0.322,0.058,DE;US;AMERICAS_OTHER,0.322;0.264;0.1729,0,,,,,,,,
PH,549300HB7WZ2EN6P4M68,"MEAD JOHNSON NUTRITION (PHILIPPINES), INC.",PH,5493003JFSMOJG48V108,RECKITT BENCKISER GROUP PLC,GB,5493003JFSMOJG48V108,RECKITT BENCKISER GROUP PLC,GB,,,,,5493003JFSMOJG48V108,RECKITT BENCKISER GROUP PLC,GB,gleif_ultimate_parent,A_known_ultimate_parent,1.0,1,0,0,,549300G0CFPGEF6X2043,Johnson & Johnson,US,JOHNSON JOHNSON,100.0,,,,,US,0.7707,0.7037,US;AMERICAS_OTHER;OTHER,0.7707;0.067;0.0536,0,,,,,,,,
PH,549300VE1GXJ3T27HJ35,"MONDELEZ PHILIPPINES, INC.",PH,,,,549300DV9GIB88LZ5P30,"MONDELEZ INTERNATIONAL, INC.",US,,,,,549300DV9GIB88LZ5P30,"MONDELEZ INTERNATIONAL, INC.",US,gleif_ultimate_parent,A_known_ultimate_parent,1.0,1,0,0,,,,,,,,,,,US,0.3205,0.0745,US;DE;OFFSHORE,0.3205;0.246;0.1634,0,,,,,,,,
PH,549300TMBDXIMLSOUY44,"Maersk Filipinas, Inc.",PH,549300D2K6PKKKXVNN73,A.P. MØLLER - MÆRSK A/S,DK,5493000HKHWS15XW2C38,A.P. MØLLER HOLDING A/S,DK,,,,,5493000HKHWS15XW2C38,A.P. MØLLER HOLDING A/S,DK,gleif_ultimate_parent,A_known_ultimate_parent,1.0,1,0,0,,,,,,,,,,,DE,0.6113,0.427,DE;US;EUROPE,0.6113;0.1844;0.0842,0,,,,,,,,
PH,549300YGQSRGKKWJX829,Maersk Global Service Centres (Philippines) Ltd.,PH,549300D2K6PKKKXVNN73,A.P. MØLLER - MÆRSK A/S,DK,5493000HKHWS15XW2C38,A.P. MØLLER HOLDING A/S,DK,,,,,5493000HKHWS15XW2C38,A.P. MØLLER HOLDING A/S,DK,gleif_ultimate_parent,A_known_ultimate_parent,1.0,1,0,0,,,,,,,,,,,US,0.522,0.3304,US;DE;EUROPE,0.522;0.1916;0.0809,0,,,,,,,,
PH,5493007GUMSN1M6VM945,"MariBank Philippines, Inc.",PH,,,,529900OM6JLLW44YKI15,Sea Limited,KY,,,,,529900OM6JLLW44YKI15,Sea Limited,KY,gleif_ultimate_parent,A_known_ultimate_parent,1.0,1,0,0,,,,,,,,,,,OFFSHORE,0.6128,0.4853,OFFSHORE;DE;EUROPE,0.6128;0.1275;0.0843,0,,,,,,,,
PH,254900G2P8DQYLCF8Y95,"Maybank Securities, Inc.",PH,5493004OT3TOY404V310,MALAYAN BANKING BERHAD,MY,5493004OT3TOY404V310,MALAYAN BANKING BERHAD,MY,,,,,5493004OT3TOY404V310,MALAYAN BANKING BERHAD,MY,gleif_ultimate_parent,A_known_ultimate_parent,1.0,1,0,0,,,,,,,,,,,OTHER,0.5437,0.4106,OTHER;EUROPE;DE,0.5437;0.1331;0.114,0,,,,,,,,
PH,529900MXA4R4WJZKZY36,Merck Business Solutions Asia Inc.,PH,529900OAREIS0MOPTW25,MERCK Kommanditgesellschaft auf Aktien,DE,529900YCCXD7AIHXU523,E. Merck KG,DE,,,,,529900YCCXD7AIHXU523,E. Merck KG,DE,gleif_ultimate_parent,A_known_ultimate_parent,1.0,1,0,0,,,,,,,,,,,,,,,,0,,,,,,,,
PH,529900EQZZXDGDIF9Q10,Merck Inc.,PH,529900OAREIS0MOPTW25,MERCK Kommanditgesellschaft auf Aktien,DE,529900YCCXD7AIHXU523,E. Merck KG,DE,,,,,529900YCCXD7AIHXU523,E. Merck KG,DE,gleif_ultimate_parent,A_known_ultimate_parent,1.0,1,0,0,,,,,,,,,,,,,,,,0,,,,,,,,
PH,549300BUK7VE2AZSWO63,NEOVIA PHILIPPINES INC.,PH,549300LO13MQ9HYSTR83,ARCHER-DANIELS-MIDLAND COMPANY,US,549300LO13MQ9HYSTR83,ARCHER-DANIELS-MIDLAND COMPANY,US,,,,,549300LO13MQ9HYSTR83,ARCHER-DANIELS-MIDLAND COMPANY,US,gleif_ultimate_parent,A_known_ultimate_parent,1.0,1,0,0,,,,,,,,,,,US,0.5418,0.416,US;EUROPE;DE,0.5418;0.1258;0.1117,0,,,,,,,,
PH,549300S3X3VQS8LQIB25,"Nomura Securities Philippines, Inc.",PH,,,,549300B3CEAHYG7K8164,野村ホールディングス株式会社,JP,,,,,549300B3CEAHYG7K8164,野村ホールディングス株式会社,JP,gleif_ultimate_parent,A_known_ultimate_parent,1.0,1,0,0,NO_KNOWN_PERSON,,,,,,,,,,US,0.4678,0.2312,US;DE;AMERICAS_OTHER,0.4678;0.2366;0.0963,0,,,,,,,,
PH,254900SSV4MEOPDH7322,PEPPERMINT BIZMOTO INC.,PH,2549006H1MPAONCAR644,Peppermint Innovation Limited,AU,2549006H1MPAONCAR644,Peppermint Innovation Limited,AU,,,,,2549006H1MPAONCAR644,Peppermint Innovation Limited,AU,gleif_ultimate_parent,A_known_ultimate_parent,1.0,1,0,0,,,,,,,,,,,ASIA_OTHER,0.5044,0.3584,ASIA_OTHER;EUROPE;OTHER,0.5044;0.1459;0.1352,0,,,,,,,,
PH,875500Y6EWVOXUH9BJ36,PERFETTI VAN MELLE PHILS. INC.,PH,875500PFUPGWRD0APL65,Perfetti Van Melle Group B.V.,NL,875500UMCWW2X77MW772,C+F CONFECTIONERY AND FOODS S.A.,LU,,,,,875500UMCWW2X77MW772,C+F CONFECTIONERY AND FOODS S.A.,LU,gleif_ultimate_parent,A_known_ultimate_parent,1.0,1,0,0,,,,,,,,,,,EUROPE,0.5916,0.4387,EUROPE;OTHER;US,0.5916;0.1529;0.0978,0,,,,,,,,
PH,254900E18S1Z58DLK316,"PERMASTEELISA PHILIPPINES, INC.",PH,549300IKDSQVJS5WKT41,PERMASTEELISA PACIFIC HOLDINGS LTD.,SG,353800KB8G4F9WUJJ886,株式会社 LIXIL,JP,5493006293RJBDQWJL92,PERMASTEELISA S.P.A.,IT,direct_parent,353800KB8G4F9WUJJ886,株式会社 LIXIL,JP,gleif_ultimate_parent,A_known_ultimate_parent,1.0,1,0,0,,,,,,,,,,,US,0.3671,0.0381,US;DE;OFFSHORE,0.3671;0.329;0.1358,0,,,,,,,,
PH,549300R3PFXOFQSZ7G25,PETRON CORPORATION,PH,549300AGC9NFF12PHN68,SAN MIGUEL CORPORATION,PH,549300AGC9NFF12PHN68,SAN MIGUEL CORPORATION,PH,,,,,549300AGC9NFF12PHN68,SAN MIGUEL CORPORATION,PH,gleif_ultimate_parent,A_known_ultimate_parent,1.0,1,0,0,,,,,,,,,,,DE,0.4788,0.1958,DE;US;EUROPE,0.4788;0.283;0.1584,0,,,,,,,,
PH,5493003BFRUR0A7NYN35,"PHILIPPINE ASSET INVESTMENT (SPV-AMC), INC.",PH,BL60TLYXC6PQ5LPZS153,MORGAN STANLEY EMERGING MARKETS INC.,US,IGJSJL3JD5P30I6NJZ34,MORGAN STANLEY,US,,,,,IGJSJL3JD5P30I6NJZ34,MORGAN STANLEY,US,gleif_ultimate_parent,A_known_ultimate_parent,1.0,1,0,0,,,,,,,,,,,US,0.6981,0.5681,US;AMERICAS_OTHER;OTHER,0.6981;0.13;0.0713,0,,,,,,,,
PH,2549009BIA22Q14RY435,PHILIPPINE AXA LIFE INSURANCE CORPORATION,PH,F5WCUMTUM4RKZ1MAIE39,AXA,FR,F5WCUMTUM4RKZ1MAIE39,AXA,FR,,,,,F5WCUMTUM4RKZ1MAIE39,AXA,FR,gleif_ultimate_parent,A_known_ultimate_parent,1.0,1,0,0,,,,,,,,,,,EUROPE,0.4494,0.2911,EUROPE;OTHER;DE,0.4494;0.1583;0.1488,0,,,,,,,,
PH,5493008NB1ZIY4SKHN46,PHILIPPINE SAVINGS BANK,PH,549300SQYI82RVWFN715,METROPOLITAN BANK & TRUST COMPANY,PH,549300SQYI82RVWFN715,METROPOLITAN BANK & TRUST COMPANY,PH,,,,,549300SQYI82RVWFN715,METROPOLITAN BANK & TRUST COMPANY,PH,gleif_ultimate_parent,A_known_ultimate_parent,1.0,1,0,0,,,,,,,,,,,DE,0.373,0.0072,DE;US;EUROPE,0.373;0.3658;0.1023,0,,,,,,,,
PH,549300WHKX3XCS8Z1995,PILMICO FOODS CORP.,PH,254900MDNXYJKHXO0P61,Aboitiz Equity Ventures Inc.,PH,254900MDNXYJKHXO0P61,Aboitiz Equity Ventures Inc.,PH,,,,,254900MDNXYJKHXO0P61,Aboitiz Equity Ventures Inc.,PH,gleif_ultimate_parent,A_known_ultimate_parent,1.0,1,0,0,,,,,,,,,,,DE,0.4785,0.2352,DE;US;EUROPE,0.4785;0.2433;0.2177,0,,,,,,,,
PH,549300B50LSG97JLU459,PMFTC INC.,PH,HL3H1H2BGXWVG3BSWR90,Philip Morris International Inc.,US,HL3H1H2BGXWVG3BSWR90,Philip Morris International Inc.,US,,,,,HL3H1H2BGXWVG3BSWR90,Philip Morris International Inc.,US,gleif_ultimate_parent,A_known_ultimate_parent,1.0,1,0,0,,,,,,,,,,,US,0.4519,0.2159,US;EUROPE;DE,0.4519;0.2361;0.1483,0,,,,,,,,
PH,2138003TJV5HGIYNAP93,PRU LIFE INSURANCE CORPORATION OF U.K.,PH,5493001Z3ZE83NGK8Y12,Prudential Public Limited Company,GB,5493001Z3ZE83NGK8Y12,Prudential Public Limited Company,GB,,,,,5493001Z3ZE83NGK8Y12,Prudential Public Limited Company,GB,gleif_ultimate_parent,A_known_ultimate_parent,1.0,1,0,0,,,,,,,,,,,US,0.3605,0.1221,US;DE;OTHER,0.3605;0.2383;0.2322,0,,,,,,,,
PH,213800KD24LQ7DEJV642,PRU LIFE UK ASSET MANAGEMENT AND TRUST CORPORATION,PH,5493001Z3ZE83NGK8Y12,Prudential Public Limited Company,GB,5493001Z3ZE83NGK8Y12,Prudential Public Limited Company,GB,,,,,5493001Z3ZE83NGK8Y12,Prudential Public Limited Company,GB,gleif_ultimate_parent,A_known_ultimate_parent,1.0,1,0,0,,,,,,,,,,,EUROPE,0.4698,0.3247,EUROPE;AMERICAS_OTHER;OTHER,0.4698;0.1452;0.1441,0,,,,,,,,
PH,2549002LRCR2LEUGEE97,Philip Morris Philippines Manufacturing Inc.,PH,549300DSZEK88S2GVJ37,PHILIP MORRIS BRANDS SÀRL,CH,HL3H1H2BGXWVG3BSWR90,Philip Morris International Inc.,US,,,,,HL3H1H2BGXWVG3BSWR90,Philip Morris International Inc.,US,gleif_ultimate_parent,A_known_ultimate_parent,1.0,1,0,0,,,,,,,,,,,EUROPE,0.5904,0.3993,EUROPE;OTHER;US,0.5904;0.1911;0.1262,0,,,,,,,,
PH,529900WE0D9FIB4EQI28,"Philippine Opportunities for Growth and Income (SPV-AMC), INC.",PH,7LTWFZYICNSX8D621K86,DEUTSCHE BANK AKTIENGESELLSCHAFT,DE,7LTWFZYICNSX8D621K86,DEUTSCHE BANK AKTIENGESELLSCHAFT,DE,,,,,7LTWFZYICNSX8D621K86,DEUTSCHE BANK AKTIENGESELLSCHAFT,DE,gleif_ultimate_parent,A_known_ultimate_parent,1.0,1,0,0,,,,,,,,,,,US,0.5142,0.2989,US;DE;EUROPE,0.5142;0.2153;0.136,0,,,,,,,,
PH,549300S7KRBUU4JYPE14,"REPUBLIC CEMENT ILIGAN, INC.",PH,549300Z1MW0PXLBK9I07,"REPUBLIC CEMENT & BUILDING MATERIALS, INC.",PH,549300MIDJNNTH068E74,CRH PUBLIC LIMITED COMPANY,IE,,,,,549300MIDJNNTH068E74,CRH PUBLIC LIMITED COMPANY,IE,gleif_ultimate_parent,A_known_ultimate_parent,1.0,1,0,0,,,,,,,,,,,EUROPE,0.7806,0.6858,EUROPE;OTHER;US,0.7806;0.0947;0.0369,0,,,,,,,,
PH,5493006ETVK6ZLHY5M80,"REPUBLIC CEMENT MINDANAO, INC.",PH,549300Z1MW0PXLBK9I07,"REPUBLIC CEMENT & BUILDING MATERIALS, INC.",PH,549300Z1MW0PXLBK9I07,"REPUBLIC CEMENT & BUILDING MATERIALS, INC.",PH,,,,,549300Z1MW0PXLBK9I07,"REPUBLIC CEMENT & BUILDING MATERIALS, INC.",PH,gleif_ultimate_parent,A_known_ultimate_parent,1.0,1,0,0,,,,,,,,,,,EUROPE,0.4928,0.35,EUROPE;AMERICAS_OTHER;US,0.4928;0.1428;0.0962,0,,,,,,,,
PH,549300T8Q4XT07ELRW32,"REPUBLIC CEMENT SERVICES, INC.",PH,549300MIDJNNTH068E74,CRH PUBLIC LIMITED COMPANY,IE,549300MIDJNNTH068E74,CRH PUBLIC LIMITED COMPANY,IE,,,,,549300MIDJNNTH068E74,CRH PUBLIC LIMITED COMPANY,IE,gleif_ultimate_parent,A_known_ultimate_parent,1.0,1,0,0,,,,,,,,,,,EUROPE,0.4928,0.35,EUROPE;AMERICAS_OTHER;US,0.4928;0.1428;0.0962,0,,,,,,,,
PH,549300TVOFR2ZQBHBM51,ROBERT BOSCH INC.,PH,72450009QLIV38GTKN14,Robert Bosch Investment Nederland B.V.,NL,391200PC2CUISRHYLV81,R o b e r t B o s c h S t i f t u n g Gesellschaft mit beschränkter Haftung,DE,,,,,391200PC2CUISRHYLV81,R o b e r t B o s c h S t i f t u n g Gesellschaft mit beschränkter Haftung,DE,gleif_ultimate_parent,A_known_ultimate_parent,1.0,1,0,0,,,,,,,,,,,DE,0.4512,0.1223,DE;US;EUROPE,0.4512;0.3289;0.0757,0,,,,,,,,
PH,5299005H7XQV496SL009,ROHDE & SCHWARZ (PHILIPPINES) INC,PH,,,,529900156OVPNZXFJ655,Rohde & Schwarz GmbH & Co. Kommanditgesellschaft,DE,,,,,529900156OVPNZXFJ655,Rohde & Schwarz GmbH & Co. Kommanditgesellschaft,DE,gleif_ultimate_parent,A_known_ultimate_parent,1.0,1,0,0,NO_LEI,,,,,,,,,,US,0.4878,0.1131,US;AMERICAS_OTHER;OFFSHORE,0.4878;0.3747;0.0557,0,,,,,,,,
PH,549300NX7KEBM2WIGQ32,RR DONNELLEY PHILIPPINES INC.,PH,,,,SU4X0P4WWRGOQDTSV032,R. R. DONNELLEY & SONS COMPANY,US,,,,,SU4X0P4WWRGOQDTSV032,R. R. DONNELLEY & SONS COMPANY,US,gleif_ultimate_parent,A_known_ultimate_parent,1.0,1,0,0,NON_PUBLIC,,,,,,,,,,US,0.4456,0.1919,US;DE;OFFSHORE,0.4456;0.2537;0.103,0,,,,,,,,
PH,254900048CHAB6OWGR70,Reed Elsevier Shared Services (Philippines) Inc.,PH,549300WEVXXVBNHE5R51,RELX OVERSEAS B.V.,NL,549300WSX3VBUFFJOO66,RELX PLC,GB,,,,,549300WSX3VBUFFJOO66,RELX PLC,GB,gleif_ultimate_parent,A_known_ultimate_parent,1.0,1,0,0,,,,,,,,,,,EUROPE,0.482,0.2406,EUROPE;US;OTHER,0.482;0.2415;0.1111,0,,,,,,,,
PH,2549009B2H0UBFM61V58,"Rural Bank of Angeles, Inc.",PH,54930025V41YSY0QJS74,ASIA UNITED BANK CORP.,PH,54930025V41YSY0QJS74,ASIA UNITED BANK CORP.,PH,,,,,54930025V41YSY0QJS74,ASIA UNITED BANK CORP.,PH,gleif_ultimate_parent,A_known_ultimate_parent,1.0,1,0,0,,,,,,,,,,,ASIA_OTHER,0.2792,0.0294,ASIA_OTHER;AMERICAS_OTHER;EUROPE,0.2792;0.2498;0.2034,0,,,,,,,,
PH,549300Q5TI70V55VNY77,"S.C. JOHNSON & SON, INC.",PH,,,,PH5ZFDENRYXEVLP50443,"S. C. JOHNSON & SON, INC.",US,,,,,PH5ZFDENRYXEVLP50443,"S. C. JOHNSON & SON, INC.",US,gleif_ultimate_parent,A_known_ultimate_parent,1.0,1,0,0,NO_LEI,549300G0CFPGEF6X2043,Johnson & Johnson,US,JOHNSON JOHNSON,100.0,,,,,US,0.7153,0.5924,US;DE;AMERICAS_OTHER,0.7153;0.1228;0.0833,0,,,,,,,,
PH,5299007A1U8QOKBC8756,"SAP Philippines, Inc.",PH,529900D6BF99LW9R2E68,SAP SE,DE,529900D6BF99LW9R2E68,SAP SE,DE,,,,,529900D6BF99LW9R2E68,SAP SE,DE,gleif_ultimate_parent,A_known_ultimate_parent,1.0,1,0,0,,,,,,,,,,,DE,0.3966,0.1895,DE;US;EUROPE,0.3966;0.207;0.1282,0,,,,,,,,
PH,254900NRFQS6T8YJAY32,"SAS Institute (Philippines), Inc.",PH,54930038Z4LRJWWZ1746,SAS INSTITUTE INC.,US,54930038Z4LRJWWZ1746,SAS INSTITUTE INC.,US,,,,,54930038Z4LRJWWZ1746,SAS INSTITUTE INC.,US,gleif_ultimate_parent,A_known_ultimate_parent,1.0,1,0,0,,,,,,,,,,,US,0.2637,0.0411,US;DE;EUROPE,0.2637;0.2225;0.1761,0,,,,,,,,
PH,213800ADVLA2CADC7P84,"SCHUURMANS & VAN GINNEKEN PHILIPPINES, INC.",PH,213800YFKYIGIALBMK91,AGMAN GROUP LIMITED,GB,213800YFKYIGIALBMK91,AGMAN GROUP LIMITED,GB,,,,,213800YFKYIGIALBMK91,AGMAN GROUP LIMITED,GB,gleif_ultimate_parent,A_known_ultimate_parent,1.0,1,0,0,,,,,,,,,,,EUROPE,0.2984,0.0725,EUROPE;US;DE,0.2984;0.2259;0.1528,0,,,,,,,,
PH,549300JSVDZIR2CPTP95,SECURITY BANK CORPORATION,PH,GYVOE5EZ4GDAVTU4CQ61,"ANALOG DEVICES, INC.",US,GYVOE5EZ4GDAVTU4CQ61,"ANALOG DEVICES, INC.",US,,,,,GYVOE5EZ4GDAVTU4CQ61,"ANALOG DEVICES, INC.",US,gleif_ultimate_parent,A_known_ultimate_parent,1.0,1,0,0,,,,,,,,,,,US,0.3373,0.1082,US;DE;AMERICAS_OTHER,0.3373;0.229;0.1443,0,,,,,,,,
PH,213800HWMZMN3KCGN612,"SHELL ENERGY PHILIPPINES, INC.",PH,21380068P1DRHMJ8KU70,SHELL PLC,GB,21380068P1DRHMJ8KU70,SHELL PLC,GB,,,,,21380068P1DRHMJ8KU70,SHELL PLC,GB,gleif_ultimate_parent,A_known_ultimate_parent,1.0,1,0,0,,,,,,,,,,,EUROPE,0.5016,0.3502,EUROPE;US;DE,0.5016;0.1514;0.1162,0,,,,,,,,
PH,54930056H8W5F37SB423,SHELL PILIPINAS CORPORATION,PH,21380068P1DRHMJ8KU70,SHELL PLC,GB,21380068P1DRHMJ8KU70,SHELL PLC,GB,,,,,21380068P1DRHMJ8KU70,SHELL PLC,GB,gleif_ultimate_parent,A_known_ultimate_parent,1.0,1,0,0,,,,,,,,,,,EUROPE,0.6865,0.5131,EUROPE;OTHER;OFFSHORE,0.6865;0.1734;0.0442,0,,,,,,,,
PH,549300SMQGQ2I2LIKU85,"SHOPEEPAY PHILIPPINES, INC.",PH,,,,529900OM6JLLW44YKI15,Sea Limited,KY,,,,,529900OM6JLLW44YKI15,Sea Limited,KY,gleif_ultimate_parent,A_known_ultimate_parent,1.0,1,0,0,,,,,,,,,,,OFFSHORE,0.5063,0.3637,OFFSHORE;US;DE,0.5063;0.1426;0.1369,0,,,,,,,,
PH,5299006WWC6T0PMEDY27,SIEMENS ENERGY INC.,PH,5299005CHJZ14D4FDJ62,Siemens Energy AG,DE,5299005CHJZ14D4FDJ62,Siemens Energy AG,DE,,,,,5299005CHJZ14D4FDJ62,Siemens Energy AG,DE,gleif_ultimate_parent,A_known_ultimate_parent,1.0,1,0,0,,W38RGI023J3WT1HWRP32,Siemens Aktiengesellschaft,DE,SIEMENS,100.0,,,,,DE,0.7153,0.6011,DE;US;AMERICAS_OTHER,0.7153;0.1141;0.0608,0,,,,,,,,
PH,5299003UHQ607ADYRE09,SIEMENS INC.,PH,W38RGI023J3WT1HWRP32,Siemens Aktiengesellschaft,DE,W38RGI023J3WT1HWRP32,Siemens Aktiengesellschaft,DE,,,,,W38RGI023J3WT1HWRP32,Siemens Aktiengesellschaft,DE,gleif_ultimate_parent,A_known_ultimate_parent,1.0,1,0,0,,W38RGI023J3WT1HWRP32,Siemens Aktiengesellschaft,DE,SIEMENS,100.0,,,,,DE,0.8401,0.7471,DE;US;OTHER,0.8401;0.093;0.0398,0,,,,,,,,
PH,254900DDNRSIPJA1WR13,SM DEVELOPMENT CORPORATION,PH,254900SZK83MIAB8CU32,"SM PRIME HOLDINGS, INC.",PH,254900YB8UATFP21AF80,SM INVESTMENTS CORPORATION,PH,254900YB8UATFP21AF80,SM INVESTMENTS CORPORATION,PH,ultimate_parent,254900YB8UATFP21AF80,SM INVESTMENTS CORPORATION,PH,gleif_ultimate_parent,A_known_ultimate_parent,1.0,1,0,0,,,,,,,,,,,OTHER,0.2772,0.0245,OTHER;EUROPE;DE,0.2772;0.2527;0.2517,0,,,,,,,,
PH,254900SZK83MIAB8CU32,"SM PRIME HOLDINGS, INC.",PH,254900YB8UATFP21AF80,SM INVESTMENTS CORPORATION,PH,254900YB8UATFP21AF80,SM INVESTMENTS CORPORATION,PH,,,,,254900YB8UATFP21AF80,SM INVESTMENTS CORPORATION,PH,gleif_ultimate_parent,A_known_ultimate_parent,1.0,1,0,0,,,,,,,,,,,EUROPE,0.2919,0.04,EUROPE;US;DE,0.2919;0.2519;0.2019,0,,,,,,,,
PH,25490036CHUM9LJQIS34,SM SMART CITY INFRASTRUCTURE AND DEVELOPMENT CORPORATION,PH,254900SZK83MIAB8CU32,"SM PRIME HOLDINGS, INC.",PH,254900YB8UATFP21AF80,SM INVESTMENTS CORPORATION,PH,254900YB8UATFP21AF80,SM INVESTMENTS CORPORATION,PH,ultimate_parent,254900YB8UATFP21AF80,SM INVESTMENTS CORPORATION,PH,gleif_ultimate_parent,A_known_ultimate_parent,1.0,1,0,0,,,,,,,,,,,EUROPE,0.433,0.2735,EUROPE;OTHER;ASIA_OTHER,0.433;0.1595;0.1327,0,,,,,,,,
PH,254900PH8LUDKC9Z8M19,SMART COMMUNICATIONS INC.,PH,254900ADE8GQHM5P2648,PLDT Inc.,PH,254900ADE8GQHM5P2648,PLDT Inc.,PH,,,,,254900ADE8GQHM5P2648,PLDT Inc.,PH,gleif_ultimate_parent,A_known_ultimate_parent,1.0,1,0,0,,,,,,,,,,,DE,0.5139,0.3048,DE;US;AMERICAS_OTHER,0.5139;0.2091;0.1217,0,,,,,,,,
PH,5299006FI3YMXGRTDX55,SOFTWAREONE PHILIPPINES CORPORATION,PH,529900GBI88JKWXLGI05,SoftwareOne Holding AG,CH,529900GBI88JKWXLGI05,SoftwareOne Holding AG,CH,,,,,529900GBI88JKWXLGI05,SoftwareOne Holding AG,CH,gleif_ultimate_parent,A_known_ultimate_parent,1.0,1,0,0,,,,,,,,,,,DE,0.4058,0.1131,DE;US;OTHER,0.4058;0.2927;0.1291,0,,,,,,,,
PH,54930005Q6EHQ4ZD1I79,"STANDARD CHARTERED GROUP SERVICES, MANILA INCORPORATED",PH,RILFO74KP1CM8P6PCT96,STANDARD CHARTERED BANK,GB,U4LOSYZ7YG4W3S5F2G91,STANDARD CHARTERED PLC,GB,,,,,U4LOSYZ7YG4W3S5F2G91,STANDARD CHARTERED PLC,GB,gleif_ultimate_parent,A_known_ultimate_parent,1.0,1,0,0,,,,,,,,,,,EUROPE,0.6088,0.4587,EUROPE;DE;OTHER,0.6088;0.15;0.1354,0,,,,,,,,
PH,5493003XDQGARZDSS341,"SUN LIFE ASSET MANAGEMENT COMPANY, INC.",PH,549300V040JZX5S66Z78,Sun Life Financial Inc.,CA,549300V040JZX5S66Z78,Sun Life Financial Inc.,CA,,,,,549300V040JZX5S66Z78,Sun Life Financial Inc.,CA,gleif_ultimate_parent,A_known_ultimate_parent,1.0,1,0,0,,,,,,,,,,,US,0.4195,0.1088,US;AMERICAS_OTHER;DE,0.4195;0.3107;0.1289,0,,,,,,,,
PH,549300S8HRTUNY2F3541,SUN LIFE INVESTMENT MANAGEMENT AND TRUST CORPORATION,PH,,,,549300V040JZX5S66Z78,Sun Life Financial Inc.,CA,,,,,549300V040JZX5S66Z78,Sun Life Financial Inc.,CA,gleif_ultimate_parent,A_known_ultimate_parent,1.0,1,0,0,,,,,,,,,,,AMERICAS_OTHER,0.5745,0.4196,AMERICAS_OTHER;EUROPE;OTHER,0.5745;0.1549;0.1069,0,,,,,,,,
PH,5299004XESA80R34S962,Schenker Manila Administrative Competence Center Inc.,PH,52990063S23N13HU4E98,Deutsche Bahn Aktiengesellschaft,DE,52990063S23N13HU4E98,Deutsche Bahn Aktiengesellschaft,DE,,,,,52990063S23N13HU4E98,Deutsche Bahn Aktiengesellschaft,DE,gleif_ultimate_parent,A_known_ultimate_parent,1.0,1,0,0,,,,,,,,,,,DE,0.4329,0.2479,DE;US;EUROPE,0.4329;0.185;0.1489,0,,,,,,,,
PH,549300D2ZXK0IURVVK65,"Schneider Electric (Philippines), Inc.",PH,969500WXGYY981FZLT09,SCHNEIDER ELECTRIC INDUSTRIES SAS,FR,969500A1YF1XUYYXS284,SCHNEIDER ELECTRIC SE,FR,,,,,969500A1YF1XUYYXS284,SCHNEIDER ELECTRIC SE,FR,gleif_ultimate_parent,A_known_ultimate_parent,1.0,1,0,0,,,,,,,,,,,US,0.491,0.2405,US;DE;OFFSHORE,0.491;0.2504;0.0944,0,,,,,,,,
PH,529900PM23OJGYA9KV37,Siemens Healthcare Inc.,PH,W38RGI023J3WT1HWRP32,Siemens Aktiengesellschaft,DE,W38RGI023J3WT1HWRP32,Siemens Aktiengesellschaft,DE,,,,,W38RGI023J3WT1HWRP32,Siemens Aktiengesellschaft,DE,gleif_ultimate_parent,A_known_ultimate_parent,1.0,1,0,0,,W38RGI023J3WT1HWRP32,Siemens Aktiengesellschaft,DE,SIEMENS,100.0,,,,,DE,0.78,0.6691,DE;US;OTHER,0.78;0.1108;0.0675,0,,,,,,,,
PH,529900RD9YSAWCBQ2W55,SimCorp Philippines Inc.,PH,529900G3SW56SHYNPR95,Deutsche Börse Aktiengesellschaft,DE,529900G3SW56SHYNPR95,Deutsche Börse Aktiengesellschaft,DE,,,,,529900G3SW56SHYNPR95,Deutsche Börse Aktiengesellschaft,DE,gleif_ultimate_parent,A_known_ultimate_parent,1.0,1,0,0,,,,,,,,,,,DE,0.4518,0.2571,DE;EUROPE;OTHER,0.4518;0.1947;0.1052,0,,,,,,,,
PH,549300Q6ZG12PUZSTD12,"TABANGAO REALTY, INC.",PH,213800J8M689LDFS4K06,SHELL OVERSEAS INVESTMENTS B.V.,NL,21380068P1DRHMJ8KU70,SHELL PLC,GB,,,,,21380068P1DRHMJ8KU70,SHELL PLC,GB,gleif_ultimate_parent,A_known_ultimate_parent,1.0,1,0,0,,,,,,,,,,,EUROPE,0.7645,0.6767,EUROPE;DE;OTHER,0.7645;0.0878;0.0584,0,,,,,,,,
PH,529900L2YZIHOMD5YG22,"TANN Philippines, Inc.",PH,,,,5299001AMHDLKUM80611,Mayr-Melnhof Karton Aktiengesellschaft,AT,,,,,5299001AMHDLKUM80611,Mayr-Melnhof Karton Aktiengesellschaft,AT,gleif_ultimate_parent,A_known_ultimate_parent,1.0,1,0,0,,,,,,,,,,,DE,0.3896,0.0813,DE;EUROPE;OFFSHORE,0.3896;0.3083;0.0843,0,,,,,,,,
PH,5493000YVC6V7W0Y7I67,"THE MANUFACTURERS LIFE INSURANCE CO. (PHILS.), INC. - ASEAN GROWTH FUND",PH,5493003F2R03I6R05M35,MANUFACTURERS LIFE INSURANCE CO. PHILS. INC.,PH,5493003F2R03I6R05M35,MANUFACTURERS LIFE INSURANCE CO. PHILS. INC.,PH,,,,,5493003F2R03I6R05M35,MANUFACTURERS LIFE INSURANCE CO. PHILS. INC.,PH,gleif_ultimate_parent,A_known_ultimate_parent,1.0,1,0,0,,,,,,,,,,,AMERICAS_OTHER,0.2732,0.0133,AMERICAS_OTHER;OTHER;EUROPE,0.2732;0.2599;0.1551,0,,,,,,,,
PH,5493003DCSBY7A60NL46,TONG LUNG PHILS. METAL INDUSTRY CO. INC.,PH,5493003I60X6OIT8LA93,"TONG LUNG METAL INDUSTRY CO., LTD.",TW,549300JM0MJETDD30O20,"SPECTRUM BRANDS HOLDINGS, INC.",US,,,,,549300JM0MJETDD30O20,"SPECTRUM BRANDS HOLDINGS, INC.",US,gleif_ultimate_parent,A_known_ultimate_parent,1.0,1,0,0,,,,,,,,,,,ASIA_OTHER,0.5212,0.2492,ASIA_OTHER;US;EUROPE,0.5212;0.2719;0.0858,0,,,,,,,,
PH,5493005M4ZCQI95JP460,TOTAL (PHILIPPINES) CORPORATION,PH,529900GWNSB25WZY2573,TOTALENERGIES MARKETING SERVICES,FR,529900S21EQ1BO4ESM68,TotalEnergies SE,FR,,,,,529900S21EQ1BO4ESM68,TotalEnergies SE,FR,gleif_ultimate_parent,A_known_ultimate_parent,1.0,1,0,0,,,,,,,,,,,EUROPE,0.7136,0.5504,EUROPE;OTHER;US,0.7136;0.1633;0.0444,0,,,,,,,,
PH,549300X2EEYYZ5G3C124,TRAFIGURA PHILIPPINES INC,PH,549300Z2X1L1L3MID765,TRAFIGURA PTE LTD,SG,549300HJ8VS88NIO3006,TRAFIGURA GROUP PTE. LTD.,SG,,,,,549300HJ8VS88NIO3006,TRAFIGURA GROUP PTE. LTD.,SG,gleif_ultimate_parent,A_known_ultimate_parent,1.0,1,0,0,,,,,,,,,,,OTHER,0.5613,0.3608,OTHER;EUROPE;US,0.5613;0.2004;0.0755,0,,,,,,,,
PH,549300TCEMHQ8ZPOQN53,"TRANSITIONS OPTICAL PHILIPPINES, INC.",PH,549300B206THJHUTBP43,ESSILOR INTERNATIONAL,FR,549300M3VH1A3ER1TB49,ESSILORLUXOTTICA,FR,,,,,549300M3VH1A3ER1TB49,ESSILORLUXOTTICA,FR,gleif_ultimate_parent,A_known_ultimate_parent,1.0,1,0,0,,,,,,,,,,,US,0.5705,0.3566,US;DE;OTHER,0.5705;0.2139;0.0803,0,,,,,,,,
PH,254900SE2ZB3HPBTI064,TULLETT PREBON (PHILIPPINES) INC.,PH,,,,2138006YAA7IRVKKGE63,TP ICAP GROUP PLC,JE,,,,,2138006YAA7IRVKKGE63,TP ICAP GROUP PLC,JE,gleif_ultimate_parent,A_known_ultimate_parent,1.0,1,0,0,,,,,,,,,,,OFFSHORE,0.4443,0.2976,OFFSHORE;US;EUROPE,0.4443;0.1467;0.129,0,,,,,,,,
PH,254900UYYDF7SWA7NH17,"Therma Luzon, Inc.",PH,254900MDNXYJKHXO0P61,Aboitiz Equity Ventures Inc.,PH,254900MDNXYJKHXO0P61,Aboitiz Equity Ventures Inc.,PH,,,,,254900MDNXYJKHXO0P61,Aboitiz Equity Ventures Inc.,PH,gleif_ultimate_parent,A_known_ultimate_parent,1.0,1,0,0,,,,,,,,,,,DE,0.6004,0.3947,DE;US;EUROPE,0.6004;0.2056;0.0923,0,,,,,,,,
PH,254900XT9AC8T3VD5P25,Toyota Financial Services Philippines Corporation,PH,353800WDOBRSAV97BA75,トヨタファイナンシャルサービス株式会社,JP,5493006W3QUS5LMH6R84,トヨタ自動車株式会社,JP,,,,,5493006W3QUS5LMH6R84,トヨタ自動車株式会社,JP,gleif_ultimate_parent,A_known_ultimate_parent,1.0,1,0,0,,,,,,,,,,,OTHER,0.6754,0.4937,OTHER;EUROPE;DE,0.6754;0.1817;0.0715,0,,,,,,,,
PH,254900LD0ANSL564NI70,"Tradition Financial Services Philippines, Inc.",PH,,,,969500CWFF1XKRFIXJ90,VIEL ET COMPAGNIE-FINANCE,FR,,,,,969500CWFF1XKRFIXJ90,VIEL ET COMPAGNIE-FINANCE,FR,gleif_ultimate_parent,A_known_ultimate_parent,1.0,1,0,0,NO_LEI,,,,,,,,,,US,0.5852,0.4295,US;AMERICAS_OTHER;DE,0.5852;0.1558;0.0986,0,,,,,,,,
PH,5493005YMRKJOY211K77,UBS Securities Philippines Inc.,PH,BFM8T61CT2L1QCEMIK50,UBS AG,CH,549300SZJ9VS8SGXAN81,UBS Group AG,CH,,,,,549300SZJ9VS8SGXAN81,UBS Group AG,CH,gleif_ultimate_parent,A_known_ultimate_parent,1.0,1,0,0,,,,,,,,,,,EUROPE,0.3988,0.2128,EUROPE;US;OFFSHORE,0.3988;0.186;0.1549,0,,,,,,,,
PH,549300I0GSVZLESF0374,"UNILEVER PHILIPPINES, INC.",PH,549300MKFYEKVRWML317,UNILEVER PLC,GB,549300MKFYEKVRWML317,UNILEVER PLC,GB,,,,,549300MKFYEKVRWML317,UNILEVER PLC,GB,gleif_ultimate_parent,A_known_ultimate_parent,1.0,1,0,0,,,,,,,,,,,US,0.3978,0.0363,US;DE;OFFSHORE,0.3978;0.3615;0.0832,0,,,,,,,,
PH,EOLELCHMVXNQ2OHKDS38,UNIONBANK FINANCIAL SERVICES AND INSURANCE BROKERAGE INC.,PH,549300J97JXR3URQK322,UNION BANK OF THE PHILIPPINES,PH,549300J97JXR3URQK322,UNION BANK OF THE PHILIPPINES,PH,,,,,549300J97JXR3URQK322,UNION BANK OF THE PHILIPPINES,PH,gleif_ultimate_parent,A_known_ultimate_parent,1.0,1,0,0,,,,,,,,,,,US,0.5425,0.3279,US;DE;AMERICAS_OTHER,0.5425;0.2146;0.0926,0,,,,,,,,
PH,254900JQYCJ0JYXGUL19,UNIONBANK INVESTMENT MANAGEMENT AND TRUST CORPORATION,PH,549300J97JXR3URQK322,UNION BANK OF THE PHILIPPINES,PH,549300J97JXR3URQK322,UNION BANK OF THE PHILIPPINES,PH,,,,,549300J97JXR3URQK322,UNION BANK OF THE PHILIPPINES,PH,gleif_ultimate_parent,A_known_ultimate_parent,1.0,1,0,0,,,,,,,,,,,EUROPE,0.3357,0.1545,EUROPE;US;ASIA_OTHER,0.3357;0.1812;0.1577,0,,,,,,,,
PH,549300O67ZSVJAT55O77,UNIONDIGITAL BANK INC.,PH,549300J97JXR3URQK322,UNION BANK OF THE PHILIPPINES,PH,549300J97JXR3URQK322,UNION BANK OF THE PHILIPPINES,PH,,,,,549300J97JXR3URQK322,UNION BANK OF THE PHILIPPINES,PH,gleif_ultimate_parent,A_known_ultimate_parent,1.0,1,0,0,,,,,,,,,,,EUROPE,0.3656,0.1072,EUROPE;US;DE,0.3656;0.2584;0.1904,0,,,,,,,,
PH,2549009MHQG2U740WL90,"VCUSTOMER PHILIPPINES, INC.",PH,3358005FZUZ1I25XQH69,TECH MAHINDRA LIMITED,IN,3358005FZUZ1I25XQH69,TECH MAHINDRA LIMITED,IN,,,,,3358005FZUZ1I25XQH69,TECH MAHINDRA LIMITED,IN,gleif_ultimate_parent,A_known_ultimate_parent,1.0,1,0,0,,,,,,,,,,,ASIA_OTHER,0.4361,0.2148,ASIA_OTHER;DE;EUROPE,0.4361;0.2213;0.1231,0,,,,,,,,
PH,529900S8578KC6AWQI42,"Varian Medical Systems Philippines, Inc.",PH,529900QBVWXMWANH7H45,Siemens Healthineers AG,DE,W38RGI023J3WT1HWRP32,Siemens Aktiengesellschaft,DE,,,,,W38RGI023J3WT1HWRP32,Siemens Aktiengesellschaft,DE,gleif_ultimate_parent,A_known_ultimate_parent,1.0,1,0,0,,,,,,,,,,,DE,0.5386,0.3205,DE;EUROPE;US,0.5386;0.2181;0.1198,0,,,,,,,,
PH,254900U0G5XMRUDCQU52,"WNS Global Services Philippines, Inc.",PH,,,,529900RM7QHUD3W9DM42,WNS (HOLDINGS) LIMITED,JE,,,,,529900RM7QHUD3W9DM42,WNS (HOLDINGS) LIMITED,JE,gleif_ultimate_parent,A_known_ultimate_parent,1.0,1,0,0,NO_LEI,,,,,,,,,,US,0.5732,0.3676,US;DE;EUROPE,0.5732;0.2055;0.0785,0,,,,,,,,
PH,2549007GVDWABA6SWP38,"WPP Business Services, Inc",PH,984500AL12UEF0BBFF27,Russell Square Holding B.V.,NL,549300LSGBXPYHXGDT93,WPP PLC,JE,,,,,549300LSGBXPYHXGDT93,WPP PLC,JE,gleif_ultimate_parent,A_known_ultimate_parent,1.0,1,0,0,,,,,,,,,,,EUROPE,0.5558,0.3584,EUROPE;OTHER;DE,0.5558;0.1974;0.0996,0,,,,,,,,
PH,5493009MTRCMMCHEAD31,WYETH PHILIPPINES INC.,PH,KY37LUS27QQX7BB93L28,NESTLÉ S.A.,CH,KY37LUS27QQX7BB93L28,NESTLÉ S.A.,CH,,,,,KY37LUS27QQX7BB93L28,NESTLÉ S.A.,CH,gleif_ultimate_parent,A_known_ultimate_parent,1.0,1,0,0,,,,,,,,,,,EUROPE,0.2636,0.0579,EUROPE;US;AMERICAS_OTHER,0.2636;0.2057;0.1358,0,,,,,,,,
PH,984500E8D4CQ6ZF63A54,"Wolters Kluwer Philippines, Inc.",PH,7245009LTGZJBWYCUF43,Wolters Kluwer International Holding B.V.,NL,724500TEM53I0U077B74,Wolters Kluwer N.V.,NL,,,,,724500TEM53I0U077B74,Wolters Kluwer N.V.,NL,gleif_ultimate_parent,A_known_ultimate_parent,1.0,1,0,0,,,,,,,,,,,EUROPE,0.5513,0.3236,EUROPE;OTHER;US,0.5513;0.2277;0.0897,0,,,,,,,,
PH,213800VUZL9783Z2TY21,YARA FERTILIZERS PHILIPPINES INC.,PH,213800WKOUWXWFJ5Z514,YARA INTERNATIONAL ASA,NO,213800WKOUWXWFJ5Z514,YARA INTERNATIONAL ASA,NO,,,,,213800WKOUWXWFJ5Z514,YARA INTERNATIONAL ASA,NO,gleif_ultimate_parent,A_known_ultimate_parent,1.0,1,0,0,,,,,,,,,,,EUROPE,0.2392,0.0553,EUROPE;US;OFFSHORE,0.2392;0.1839;0.169,0,,,,,,,,
PH,5493005D5JHW1N0OV823,"ZOETIS PHILIPPINES, INC.",PH,,,,549300HD9Q1LOC9KLJ48,ZOETIS INC.,US,,,,,549300HD9Q1LOC9KLJ48,ZOETIS INC.,US,gleif_ultimate_parent,A_known_ultimate_parent,1.0,1,0,0,,,,,,,,,,,US,0.3316,0.1612,US;DE;AMERICAS_OTHER,0.3316;0.1704;0.1329,0,,,,,,,,
PH,529900I1GT5HWJ1T7947,"Zama Precision Industry Manufacturing Philippines, Inc.",PH,529900CMJ1TF5FCBCV93,Stihl International Gesellschaft mit beschränkter Haftung,DE,529900LOL2507QBA4E90,Stihl Holding AG & Co. KG,DE,,,,,529900LOL2507QBA4E90,Stihl Holding AG & Co. KG,DE,gleif_ultimate_parent,A_known_ultimate_parent,1.0,1,0,0,,,,,,,,,,,US,0.6809,0.5542,US;DE;EUROPE,0.6809;0.1266;0.0702,0,,,,,,,,
PH,254900IGA05AINSFBC02,"Hedcor Bukidnon, Inc.",PH,254900991FLRNZJTN223,"ABOITIZ RENEWABLES, INC.",PH,,,,254900MDNXYJKHXO0P61,Aboitiz Equity Ventures Inc.,PH,ultimate_parent,254900MDNXYJKHXO0P61,Aboitiz Equity Ventures Inc.,PH,gleif_upstream_ultimate_parent,A_known_upstream_ultimate_parent,0.97,1,0,0,,,,,,,,,,,DE,0.5585,0.2974,DE;US;EUROPE,0.5585;0.2611;0.1112,0,,,,,,,,
PH,254900UYW8GM00QBBN27,"A. Menarini Philippines, Inc.",PH,254900CPAQRDL9DMSN25,A. Menarini Asia-Pacific Pte. Ltd.,SG,,,,,,,,254900CPAQRDL9DMSN25,A. Menarini Asia-Pacific Pte. Ltd.,SG,gleif_direct_parent,B_known_direct_parent,0.85,1,0,0,,,,,,,,,,,OTHER,0.4451,0.3115,OTHER;DE;US,0.4451;0.1336;0.1307,0,,,,,,,,
PH,54930057S6HLIYF5LS94,EAST WEST BANKING CORPORATION,PH,254900IB7QXHR6MSPH66,Filinvest Development Corporation,PH,,,,,,,,254900IB7QXHR6MSPH66,Filinvest Development Corporation,PH,gleif_direct_parent,B_known_direct_parent,0.85,1,0,0,,,,,,,,,,,US,0.3394,0.0909,US;AMERICAS_OTHER;DE,0.3394;0.2484;0.1366,0,,,,,,,,
PH,254900V8PU4E2IMBBS34,"ED & F MAN PHILIPPINES, INC.",PH,213800OHA6JWDS2DCO81,E D & F MAN HOLDINGS B.V.,NL,,,,,,,,213800OHA6JWDS2DCO81,E D & F MAN HOLDINGS B.V.,NL,gleif_direct_parent,B_known_direct_parent,0.85,1,0,0,,,,,,,,,,,US,0.5427,0.3698,US;AMERICAS_OTHER;DE,0.5427;0.1729;0.1072,0,,,,,,,,
PH,54930098W5M8OFTTUB81,ENERGY DEVELOPMENT CORPORATION,PH,2549001NILAZ2IS02Y35,FIRST GEN CORPORATION,PH,,,,,,,,2549001NILAZ2IS02Y35,FIRST GEN CORPORATION,PH,gleif_direct_parent,B_known_direct_parent,0.85,1,0,0,,,,,,,,,,,US,0.2539,0.0012,US;DE;EUROPE,0.2539;0.2526;0.2178,0,,,,,,,,
PH,254900ANPB1Z88O4VI35,Fresh River Lakes Corp.,PH,2549001NILAZ2IS02Y35,FIRST GEN CORPORATION,PH,,,,,,,,2549001NILAZ2IS02Y35,FIRST GEN CORPORATION,PH,gleif_direct_parent,B_known_direct_parent,0.85,1,0,0,,,,,,,,,,,EUROPE,0.3246,0.0863,EUROPE;ASIA_OTHER;US,0.3246;0.2383;0.1999,0,,,,,,,,
PH,5493007P8PPHZTBU3Q79,GREPALIFE ASSET MANAGEMENT CORPORATION,PH,549300CZ4VA63RMQHT75,SUN LIFE GREPA FINANCIAL INC.,PH,,,,,,,,549300CZ4VA63RMQHT75,SUN LIFE GREPA FINANCIAL INC.,PH,gleif_direct_parent,B_known_direct_parent,0.85,1,0,0,,,,,,,,,,,AMERICAS_OTHER,0.3614,0.0753,AMERICAS_OTHER;US;OTHER,0.3614;0.2861;0.125,0,,,,,,,,
PH,2549006O3GHBBVO4FP72,"RCBC Savings Bank, Inc.",PH,CIKZWI6KV077KV2E2J69,Rizal Commercial Banking Corporation,PH,,,,,,,,CIKZWI6KV077KV2E2J69,Rizal Commercial Banking Corporation,PH,gleif_direct_parent,B_known_direct_parent,0.85,1,0,0,,,,,,,,,,,DE,0.5016,0.2765,DE;US;OTHER,0.5016;0.2251;0.1063,0,,,,,,,,
PH,549300PTBJGLYH0SDJ04,"SAN MIGUEL FOOD AND BEVERAGE, INC.",PH,549300AGC9NFF12PHN68,SAN MIGUEL CORPORATION,PH,,,,,,,,549300AGC9NFF12PHN68,SAN MIGUEL CORPORATION,PH,gleif_direct_parent,B_known_direct_parent,0.85,1,0,0,,,,,,,,,,,EUROPE,0.2903,0.0275,EUROPE;US;DE,0.2903;0.2628;0.184,0,,,,,,,,
PH,254900BIA9QVCYMH1969,UNION CEMENT HOLDINGS CORPORATION,PH,2549000OA9TD0UEZKZ48,"CEMCO HOLDINGS, INC.",PH,,,,,,,,2549000OA9TD0UEZKZ48,"CEMCO HOLDINGS, INC.",PH,gleif_direct_parent,B_known_direct_parent,0.85,1,0,0,,,,,,,,,,,OTHER,0.4217,0.1733,OTHER;EUROPE;US,0.4217;0.2484;0.0984,0,,,,,,,,
PH,549300TJWTX70S5MHI81,EDC BURGOS WIND POWER CORPORATION,PH,54930098W5M8OFTTUB81,ENERGY DEVELOPMENT CORPORATION,PH,,,,2549001NILAZ2IS02Y35,FIRST GEN CORPORATION,PH,direct_parent,2549001NILAZ2IS02Y35,FIRST GEN CORPORATION,PH,gleif_upstream_direct_parent,B_known_upstream_direct_parent,0.9,1,0,0,,,,,,,,,,,EUROPE,0.31,0.1118,EUROPE;US;OTHER,0.31;0.1982;0.1672,0,,,,,,,,
PH,5493005FG08AF28GHB18,"SAN MIGUEL FOODS, INC.",PH,549300PTBJGLYH0SDJ04,"SAN MIGUEL FOOD AND BEVERAGE, INC.",PH,,,,549300AGC9NFF12PHN68,SAN MIGUEL CORPORATION,PH,direct_parent,549300AGC9NFF12PHN68,SAN MIGUEL CORPORATION,PH,gleif_upstream_direct_parent,B_known_upstream_direct_parent,0.9,1,0,0,,,,,,,,,,,EUROPE,0.3834,0.1535,EUROPE;US;OTHER,0.3834;0.2299;0.1324,0,,,,,,,,
PH,549300NNLCKKESL3YZ85,"SAN MIGUEL MILLS, INC.",PH,549300PTBJGLYH0SDJ04,"SAN MIGUEL FOOD AND BEVERAGE, INC.",PH,,,,549300AGC9NFF12PHN68,SAN MIGUEL CORPORATION,PH,direct_parent,549300AGC9NFF12PHN68,SAN MIGUEL CORPORATION,PH,gleif_upstream_direct_parent,B_known_upstream_direct_parent,0.9,1,0,0,,,,,,,,,,,EUROPE,0.378,0.1677,EUROPE;US;DE,0.378;0.2103;0.1415,0,,,,,,,,
PH,549300PICCHVO5NDH035,"Big Big Holdings, Inc.",PH,,,,,,,,,,,529900AXOUPVP04QCG44,Big Dutchman AktiengeselIschaft,DE,phase1_name_match,C_name_match_high,1.0,0,1,1,NON_CONSOLIDATING,529900AXOUPVP04QCG44,Big Dutchman AktiengeselIschaft,DE,BIG DUTCHMAN AKTIENGESELISCHAFT,100.0,,,,,DE,0.6287,0.482,DE;US;AMERICAS_OTHER,0.6287;0.1467;0.0759,0,,,,,,,,
PH,5493006BYGZ68C274O46,GCP APPLIED TECHNOLOGIES (PHILIPPINES) INC.,PH,,,,,,,,,,,5493007G654QKQVEKV09,GCP APPLIED TECHNOLOGIES INC.,US,phase1_name_match,C_name_match_high,1.0,0,1,1,NON_CONSOLIDATING,5493007G654QKQVEKV09,GCP APPLIED TECHNOLOGIES INC.,US,GCP APPLIED TECHNOLOGIES,100.0,,,,,US,0.7995,0.6898,US;DE;EUROPE,0.7995;0.1097;0.0323,0,,,,,,,,
PH,213800GRAMBVBBL7R837,"JOHNSON CONTROLS-HITACHI AIR CONDITIONING PHILIPPINES, INC.",PH,,,,,,,,,,,549300G0CFPGEF6X2043,Johnson & Johnson,US,phase1_name_match,C_name_match_high,1.0,0,1,1,NON_CONSOLIDATING,549300G0CFPGEF6X2043,Johnson & Johnson,US,JOHNSON JOHNSON,100.0,,,,,US,0.7409,0.6155,US;DE;AMERICAS_OTHER,0.7409;0.1254;0.043,0,,,,,,,,
PH,549300S6EYGTMPUPKN97,Johnson & Johnson International (Singapore) Pte. Ltd.,PH,,,,,,,,,,,549300G0CFPGEF6X2043,Johnson & Johnson,US,phase1_name_match,C_name_match_high,1.0,0,1,0,,549300G0CFPGEF6X2043,Johnson & Johnson,US,JOHNSON JOHNSON,100.0,,,,,US,0.7424,0.6663,US;DE;EUROPE,0.7424;0.0761;0.0664,0,,,,,,,,
PH,549300CZ4VA63RMQHT75,SUN LIFE GREPA FINANCIAL INC.,PH,,,,,,,,,,,549300V040JZX5S66Z78,Sun Life Financial Inc.,CA,phase1_name_match,C_name_match_high,1.0,0,1,0,NO_KNOWN_PERSON,549300V040JZX5S66Z78,Sun Life Financial Inc.,CA,SUN LIFE FINANCIAL,100.0,,,,,AMERICAS_OTHER,0.6774,0.4444,AMERICAS_OTHER;US;DE,0.6774;0.233;0.0421,0,,,,,,,,
PH,254900HCN5NQIAYNPS74,"ACEN INTERNATIONAL, INC.",PH,,,,,,,,,,,549300ZYHD5YBZVSYZ84,AC ENERGY AND INFRASTRUCTURE CORPORATION,PH,phase2_address_cluster,D_address_cluster,0.6,0,1,1,NON_CONSOLIDATING,,,,,,549300ZYHD5YBZVSYZ84,AC ENERGY AND INFRASTRUCTURE CORPORATION,PH,0.6,ASIA_OTHER,0.2808,0.0184,ASIA_OTHER;DE;AMERICAS_OTHER,0.2808;0.2624;0.1729,0,,,,,,,,
PH,549300Z1MW0PXLBK9I07,"REPUBLIC CEMENT & BUILDING MATERIALS, INC.",PH,,,,,,,,,,,549300Z1MW0PXLBK9I07,"REPUBLIC CEMENT & BUILDING MATERIALS, INC.",PH,phase2_address_cluster,D_address_cluster,0.6,0,1,1,NON_CONSOLIDATING,,,,,,549300Z1MW0PXLBK9I07,"REPUBLIC CEMENT & BUILDING MATERIALS, INC.",PH,0.6,EUROPE,0.3629,0.1109,EUROPE;US;DE,0.3629;0.252;0.1722,0,,,,,,,,
PH,549300HY401LDQOZOC45,"GENERAL MOTORS AUTOMOBILES PHILIPPINES, INC.",PH,,,,,,,,,,,,,US,phase3_jurisdiction_model,E_model_predicted_jurisdiction,0.7807,0,1,0,,,,,,,,,,,US,0.7807,0.7137,US;AMERICAS_OTHER;OTHER,0.7807;0.067;0.0536,0,,,,,,,,
PH,5493003ETXRC42NSZX90,GENERALI PILIPINAS INSURANCE CO. INC.,PH,,,,,,,,,,,,,US,phase3_jurisdiction_model,E_model_predicted_jurisdiction,0.7693,0,1,0,,,,,,,,,,,US,0.7693,0.6982,US;OTHER;AMERICAS_OTHER,0.7693;0.0711;0.0689,0,,,,,,,,
PH,549300CGJ6FN2TXZ6I20,GENERALI PILIPINAS LIFE ASSURANCE CO. INC.,PH,,,,,,,,,,,,,US,phase3_jurisdiction_model,E_model_predicted_jurisdiction,0.7679,0,1,0,,,,,,,,,,,US,0.7679,0.7025,US;AMERICAS_OTHER;DE,0.7679;0.0654;0.0518,0,,,,,,,,
PH,549300DJTBMG87CO0C94,"GENERALI PILIPINAS HOLDING CO., INC.",PH,,,,,,,,,,,,,US,phase3_jurisdiction_model,E_model_predicted_jurisdiction,0.7562,0,1,0,NON_PUBLIC,,,,,,,,,,US,0.7562,0.6284,US;AMERICAS_OTHER;OTHER,0.7562;0.1278;0.052,0,,,,,,,,
PH,5493001J8RU03FCPMO11,"STREAM INTERNATIONAL GLOBAL SERVICES PHILIPPINES, INC.",PH,,,,,,,,,,,,,US,phase3_jurisdiction_model,E_model_predicted_jurisdiction,0.7415,0,1,0,,,,,,,,,,,US,0.7415,0.6611,US;AMERICAS_OTHER;DE,0.7415;0.0804;0.0656,0,,,,,,,,
PH,549300UD7QHBLNQZWK41,"HC CONSUMER FINANCE PHILIPPINES, INC",PH,,,,,,,,,,,,,US,phase3_jurisdiction_model,E_model_predicted_jurisdiction,0.74,0,1,0,NON_PUBLIC,,,,,,,,,,US,0.74,0.6478,US;AMERICAS_OTHER;OTHER,0.74;0.0922;0.0541,0,,,,,,,,
PH,549300DSNKY0W2OYG961,"XEROX SHARED SERVICES PHILIPPINES INC., ROHQ",PH,,,,,,,,,,,,,US,phase3_jurisdiction_model,E_model_predicted_jurisdiction,0.7144,0,1,0,,,,,,,,,,,US,0.7144,0.5734,US;DE;EUROPE,0.7144;0.1409;0.0648,0,,,,,,,,
PH,549300CCPKT6GUH53V54,"GENERAL ELECTRIC PHILIPPINES METER AND INSTRUMENT COMPANY, INC.",PH,,,,,,,,,,,,,US,phase3_jurisdiction_model,E_model_predicted_jurisdiction,0.7119,0,1,0,NON_PUBLIC,,,,,,,,,,US,0.7119,0.6206,US;AMERICAS_OTHER;DE,0.7119;0.0913;0.0704,0,,,,,,,,
PH,549300MOT5OUKZIY4P34,XEROX BUSINESS SERVICES PHILIPPINES INC.,PH,,,,,,,,,,,,,US,phase3_jurisdiction_model,E_model_predicted_jurisdiction,0.6915,0,1,0,,,,,,,,,,,US,0.6915,0.5285,US;DE;EUROPE,0.6915;0.163;0.0589,0,,,,,,,,
PH,549300FQFLY6N6DXP164,DEV. BANK OF THE PHILS.,PH,,,,,,,,,,,,,US,phase3_jurisdiction_model,E_model_predicted_jurisdiction,0.6885,0,1,0,NATURAL_PERSONS,,,,,,,,,,US,0.6885,0.5451,US;DE;AMERICAS_OTHER,0.6885;0.1434;0.0807,0,,,,,,,,
PH,549300J15CT1IJIU5N40,GENPACT SERVICES LLC - PHILIPPINE BRANCH,PH,,,,,,,,,,,,,US,phase3_jurisdiction_model,E_model_predicted_jurisdiction,0.6872,0,1,0,,,,,,,,,,,US,0.6872,0.5423,US;DE;EUROPE,0.6872;0.1449;0.0871,0,,,,,,,,
PH,5493003PTW2SF8UBNN66,American Power Conversion Land Holdings Inc.,PH,,,,,,,,,,,,,US,phase3_jurisdiction_model,E_model_predicted_jurisdiction,0.6866,0,1,0,NON_PUBLIC,,,,,,,,,,US,0.6866,0.5359,US;DE;EUROPE,0.6866;0.1507;0.0507,0,,,,,,,,
PH,549300H3WDH2PQVUWG15,IBM PHILIPPINES EMPLOYEES RETIREMENT BENEFITS PLAN,PH,,,,,,,,,,,,,US,phase3_jurisdiction_model,E_model_predicted_jurisdiction,0.6854,0,1,0,NATURAL_PERSONS,,,,,,,,,,US,0.6854,0.5914,US;DE;EUROPE,0.6854;0.094;0.0797,0,,,,,,,,
PH,549300NI7FHWD8BMEP98,"TOWERS WATSON GLOBAL BUSINESS SERVICES, INC.",PH,,,,,,,,,,,,,US,phase3_jurisdiction_model,E_model_predicted_jurisdiction,0.6748,0,1,0,,,,,,,,,,,US,0.6748,0.5753,US;DE;AMERICAS_OTHER,0.6748;0.0995;0.0758,0,,,,,,,,
PH,5493003GSP8B01W71W62,TAYOCASH INC.,PH,,,,,,,,,,,,,DE,phase3_jurisdiction_model,E_model_predicted_jurisdiction,0.6741,0,1,1,NON_CONSOLIDATING,,,,,,,,,,DE,0.6741,0.5114,DE;US;OTHER,0.6741;0.1627;0.0714,0,,,,,,,,
PH,549300JMNWRDZXX4OH32,ASSURANCE SOLUTIONS INSURANCE AGENCY INC.,PH,,,,,,,,,,,,,US,phase3_jurisdiction_model,E_model_predicted_jurisdiction,0.6738,0,1,0,NON_PUBLIC,,,,,,,,,,US,0.6738,0.4723,US;AMERICAS_OTHER;OTHER,0.6738;0.2014;0.0524,0,,,,,,,,
PH,549300YQ5JXFGRO3QS03,PRIMUS HOLDINGS INC.,PH,,,,,,,,,,,,,DE,phase3_jurisdiction_model,E_model_predicted_jurisdiction,0.6736,0,1,0,,,,,,,,,,,DE,0.6736,0.5526,DE;US;AMERICAS_OTHER,0.6736;0.121;0.0892,0,,,,,,,,
PH,254900Q1MZZ1I7L4W103,"Vantage Equities, Inc.",PH,,,,,,,,,,,,,DE,phase3_jurisdiction_model,E_model_predicted_jurisdiction,0.666,0,1,0,NATURAL_PERSONS,,,,,,,,,,DE,0.666,0.4512,DE;US;OTHER,0.666;0.2148;0.0489,0,,,,,,,,
PH,549300875HPA9QJ5G398,CONNELL BROS. CO. PILIPINAS INC.,PH,,,,,,,,,,,,,US,phase3_jurisdiction_model,E_model_predicted_jurisdiction,0.6628,0,1,0,NO_LEI,,,,,,,,,,US,0.6628,0.512,US;DE;AMERICAS_OTHER,0.6628;0.1507;0.0638,0,,,,,,,,
PH,254900FO9VFC2G82TD67,"Philippine Business Bank, Inc. A Savings Bank",PH,,,,,,,,,,,,,US,phase3_jurisdiction_model,E_model_predicted_jurisdiction,0.6601,0,1,1,NON_CONSOLIDATING,,,,,,,,,,US,0.6601,0.5435,US;DE;ASIA_OTHER,0.6601;0.1166;0.0968,0,,,,,,,,
PH,2138007Z7GVJ5FWOX549,"LA SALLIAN EDUCATIONAL INNOVATORS FOUNDATION (DE LA SALLE-COLLEGE OF SAINT BENILDE), INC.",PH,,,,,,,,,,,,,US,phase3_jurisdiction_model,E_model_predicted_jurisdiction,0.6563,0,1,1,NON_CONSOLIDATING,,,,,,,,,,US,0.6563,0.5253,US;DE;AMERICAS_OTHER,0.6563;0.1311;0.0783,0,,,,,,,,
PH,549300M7B26SWBKT5H28,CREDIT GUARANTEE AND INVESTMENT FACILITY,PH,,,,,,,,,,,,,US,phase3_jurisdiction_model,E_model_predicted_jurisdiction,0.6494,0,1,0,NO_KNOWN_PERSON,,,,,,,,,,US,0.6494,0.5111,US;DE;EUROPE,0.6494;0.1383;0.0836,0,,,,,,,,
PH,254900M2T9JIVGSZBM44,"Asiasec Equities, Inc.",PH,,,,,,,,,,,,,DE,phase3_jurisdiction_model,E_model_predicted_jurisdiction,0.646,0,1,0,NATURAL_PERSONS,,,,,,,,,,DE,0.646,0.4212,DE;US;AMERICAS_OTHER,0.646;0.2248;0.0637,0,,,,,,,,
PH,5493005IKXICEEJZJ743,"CEBU AIR, INC.",PH,,,,,,,,,,,,,DE,phase3_jurisdiction_model,E_model_predicted_jurisdiction,0.645,0,1,1,NON_CONSOLIDATING,,,,,,,,,,DE,0.645,0.4204,DE;US;EUROPE,0.645;0.2245;0.065,0,,,,,,,,
PH,2549001BKCV7CPLCC484,"Philam Fund, Inc.",PH,,,,,,,,,,,,,DE,phase3_jurisdiction_model,E_model_predicted_jurisdiction,0.6422,0,1,1,NON_CONSOLIDATING,,,,,,,,,,DE,0.6422,0.4662,DE;US;OTHER,0.6422;0.1759;0.0815,0,,,,,,,,
PH,254900QCRP1VBHY5H743,"2GO Group, Inc.",PH,,,,,,,,,,,,,DE,phase3_jurisdiction_model,E_model_predicted_jurisdiction,0.6397,0,1,1,NON_CONSOLIDATING,,,,,,,,,,DE,0.6397,0.4745,DE;US;EUROPE,0.6397;0.1651;0.0923,0,,,,,,,,
PH,213800ETIM34Z1DJWF23,"GILMON HOLDINGS, INC.",PH,,,,,,,,,,,,,DE,phase3_jurisdiction_model,E_model_predicted_jurisdiction,0.6392,0,1,0,NATURAL_PERSONS,,,,,,,,,,DE,0.6392,0.4076,DE;US;AMERICAS_OTHER,0.6392;0.2316;0.0537,0,,,,,,,,
PH,549300ADYY2EIZ0UVB36,"SUN LIFE OF CANADA (PHILIPPINES), INC.",PH,,,,,,,,,,,,,US,phase3_jurisdiction_model,E_model_predicted_jurisdiction,0.6356,0,1,0,NO_KNOWN_PERSON,,,,,,,,,,US,0.6356,0.5074,US;DE;AMERICAS_OTHER,0.6356;0.1282;0.0915,0,,,,,,,,
PH,254900Y3QHG4KRIBZ524,JJ-LAPP (P) INC.,PH,,,,,,,,,,,,,DE,phase3_jurisdiction_model,E_model_predicted_jurisdiction,0.6349,0,1,1,NON_CONSOLIDATING,,,,,,,,,,DE,0.6349,0.4774,DE;US;AMERICAS_OTHER,0.6349;0.1575;0.0984,0,,,,,,,,
PH,2549001V1J7D8YY7NT53,"The Roman Catholic Vicar Apostolic Of San Jose In Mindoro, Inc.",PH,,,,,,,,,,,,,US,phase3_jurisdiction_model,E_model_predicted_jurisdiction,0.634,0,1,0,NATURAL_PERSONS,,,,,,,,,,US,0.634,0.5115,US;DE;AMERICAS_OTHER,0.634;0.1225;0.0758,0,,,,,,,,
PH,549300K53SQ27VPN2691,SOUTHERN MINDANAO AGRI RESOURCES TRADING INC.,PH,,,,,,,,,,,,,US,phase3_jurisdiction_model,E_model_predicted_jurisdiction,0.6324,0,1,0,NO_KNOWN_PERSON,,,,,,,,,,US,0.6324,0.4727,US;DE;EUROPE,0.6324;0.1597;0.0712,0,,,,,,,,
PH,254900LKYWI0SHD85V92,"ABB, INC.",PH,,,,,,,,,,,,,DE,phase3_jurisdiction_model,E_model_predicted_jurisdiction,0.6294,0,1,1,NON_CONSOLIDATING,,,,,,,,,,DE,0.6294,0.4358,DE;US;EUROPE,0.6294;0.1936;0.0735,0,,,,,,,,
PH,5299008XZALKLRR0HN65,Air Liquide Pipeline Utilities Services (Alplus) Inc.,PH,,,,,,,,,,,,,US,phase3_jurisdiction_model,E_model_predicted_jurisdiction,0.6291,0,1,0,,,,,,,,,,,US,0.6291,0.4848,US;DE;ASIA_OTHER,0.6291;0.1443;0.0742,0,,,,,,,,
PH,549300500PE4IG2M2V98,BSP PROVIDENT FUND,PH,,,,,,,,,,,,,DE,phase3_jurisdiction_model,E_model_predicted_jurisdiction,0.6255,0,1,1,NON_CONSOLIDATING,,,,,,,,,,DE,0.6255,0.3494,DE;US;OTHER,0.6255;0.2761;0.0571,0,,,,,,,,
PH,254900GPWI1816YIM923,Globe Telecom Inc.,PH,,,,,,,,,,,,,DE,phase3_jurisdiction_model,E_model_predicted_jurisdiction,0.6255,0,1,1,NON_CONSOLIDATING,,,,,,,,,,DE,0.6255,0.4701,DE;US;AMERICAS_OTHER,0.6255;0.1555;0.0854,0,,,,,,,,
PH,5493004SJIK0GOUIZM45,MANILA WATER CO. INC.,PH,,,,,,,,,,,,,DE,phase3_jurisdiction_model,E_model_predicted_jurisdiction,0.6244,0,1,1,NON_CONSOLIDATING,,,,,,,,,,DE,0.6244,0.4545,DE;US;EUROPE,0.6244;0.1699;0.0729,0,,,,,,,,
PH,549300YXH3QHIFXJXG18,"XYLEM WATER SYSTEMS INTERNATIONAL, INC PHILIPPINE BRANCH",PH,,,,,,,,,,,,,US,phase3_jurisdiction_model,E_model_predicted_jurisdiction,0.6188,0,1,0,,,,,,,,,,,US,0.6188,0.485,US;DE;EUROPE,0.6188;0.1338;0.0974,0,,,,,,,,
PH,5493004OFPUHDX35UX68,"TOWERS WATSON ASIA PACIFIC SHARED SERVICES CENTER, INC",PH,,,,,,,,,,,,,US,phase3_jurisdiction_model,E_model_predicted_jurisdiction,0.6171,0,1,0,,,,,,,,,,,US,0.6171,0.4925,US;AMERICAS_OTHER;DE,0.6171;0.1246;0.1093,0,,,,,,,,
PH,549300QOEKEDZQWDU224,"ALSTOM (Shared Services) Philippines, Inc.",PH,,,,,,,,,,,,,US,phase3_jurisdiction_model,E_model_predicted_jurisdiction,0.6157,0,1,1,NON_CONSOLIDATING,,,,,,,,,,US,0.6157,0.4306,US;DE;EUROPE,0.6157;0.1852;0.0888,0,,,,,,,,
PH,2549009JPNPZ6KJA6V28,"SOLIDARITAS FUND, INC.",PH,,,,,,,,,,,,,DE,phase3_jurisdiction_model,E_model_predicted_jurisdiction,0.612,0,1,0,NO_KNOWN_PERSON,,,,,,,,,,DE,0.612,0.4064,DE;US;OTHER,0.612;0.2055;0.0908,0,,,,,,,,
PH,894500XRGKYPCCE6PF12,TRAXION PAY INC.,PH,,,,,,,,,,,,,DE,phase3_jurisdiction_model,E_model_predicted_jurisdiction,0.6116,0,1,0,NO_KNOWN_PERSON,,,,,,,,,,DE,0.6116,0.4577,DE;US;EUROPE,0.6116;0.1539;0.1007,0,,,,,,,,
PH,549300MW9E8PLD2DIN09,ZYBI TECH INC.,PH,,,,,,,,,,,,,DE,phase3_jurisdiction_model,E_model_predicted_jurisdiction,0.6116,0,1,0,NO_KNOWN_PERSON,,,,,,,,,,DE,0.6116,0.4477,DE;US;EUROPE,0.6116;0.1639;0.1007,0,,,,,,,,
PH,254900LD9GMYM59G8571,MALARAYAT RBANK. INC.,PH,,,,,,,,,,,,,DE,phase3_jurisdiction_model,E_model_predicted_jurisdiction,0.611,0,1,0,NO_KNOWN_PERSON,,,,,,,,,,DE,0.611,0.4173,DE;US;EUROPE,0.611;0.1936;0.1085,0,,,,,,,,
PH,894500EPIDPGE9BYPF63,MARCOPAY Inc.,PH,,,,,,,,,,,,,DE,phase3_jurisdiction_model,E_model_predicted_jurisdiction,0.6075,0,1,0,NO_KNOWN_PERSON,,,,,,,,,,DE,0.6075,0.4243,DE;US;EUROPE,0.6075;0.1831;0.086,0,,,,,,,,
PH,254900J3O6QNVQOZRB26,Ecashpay Asia Inc.,PH,,,,,,,,,,,,,DE,phase3_jurisdiction_model,E_model_predicted_jurisdiction,0.6073,0,1,0,NATURAL_PERSONS,,,,,,,,,,DE,0.6073,0.4484,DE;US;EUROPE,0.6073;0.1589;0.0957,0,,,,,,,,
PH,W5JZ665WALY3VJMKO883,"GENERAL ELECTRIC PHILIPPINES, INC.",PH,,,,,,,,,,,,,US,phase3_jurisdiction_model,E_model_predicted_jurisdiction,0.6058,0,1,0,,,,,,,,,,,US,0.6058,0.5021,US;OTHER;AMERICAS_OTHER,0.6058;0.1037;0.0878,0,,,,,,,,
PH,549300CJFG5WEXKMGJ76,"BANGKO MONTANOSA, INC. (A RURAL BANK)",PH,,,,,,,,,,,,,US,phase3_jurisdiction_model,E_model_predicted_jurisdiction,0.604,0,1,1,NON_CONSOLIDATING,,,,,,,,,,US,0.604,0.4122,US;DE;EUROPE,0.604;0.1918;0.0738,0,,,,,,,,
PH,549300L3UDXJ3W6I6I87,"Sutherland Global Services Philippines, Inc.",PH,,,,,,,,,,,,,US,phase3_jurisdiction_model,E_model_predicted_jurisdiction,0.5914,0,1,0,,,,,,,,,,,US,0.5914,0.4527,US;DE;OTHER,0.5914;0.1387;0.114,0,,,,,,,,
PH,549300FDYYIWV81VD442,"CIS BAYAD CENTER, INC.",PH,,,,,,,,,,,,,DE,phase3_jurisdiction_model,E_model_predicted_jurisdiction,0.5905,0,1,0,NO_LEI,,,,,,,,,,DE,0.5905,0.387,DE;US;OTHER,0.5905;0.2035;0.0855,0,,,,,,,,
PH,894500PR811IB6O5TF50,SPEEDYPAY INC.,PH,,,,,,,,,,,,,DE,phase3_jurisdiction_model,E_model_predicted_jurisdiction,0.5897,0,1,0,NATURAL_PERSONS,,,,,,,,,,DE,0.5897,0.3738,DE;US;EUROPE,0.5897;0.2158;0.0797,0,,,,,,,,
PH,549300DJX4SP2B5GJN45,BANK OF COMMERCE,PH,,,,,,,,,,,,,DE,phase3_jurisdiction_model,E_model_predicted_jurisdiction,0.5893,0,1,0,NO_KNOWN_PERSON,,,,,,,,,,DE,0.5893,0.2847,DE;US;EUROPE,0.5893;0.3046;0.0644,0,,,,,,,,
PH,254900ZF0X8EN5N7BW76,"MBG Capital, Inc.",PH,,,,,,,,,,,,,DE,phase3_jurisdiction_model,E_model_predicted_jurisdiction,0.5886,0,1,0,NATURAL_PERSONS,,,,,,,,,,DE,0.5886,0.4278,DE;US;AMERICAS_OTHER,0.5886;0.1608;0.148,0,,,,,,,,
PH,254900KD6O9VDMNIDG55,Alipay Connect Pte. Ltd. (Philippines Branch),PH,,,,,,,,,,,,,US,phase3_jurisdiction_model,E_model_predicted_jurisdiction,0.5882,0,1,0,,,,,,,,,,,US,0.5882,0.4145,US;EUROPE;DE,0.5882;0.1736;0.0831,0,,,,,,,,
PH,8945001X4M0HRQ2NPP42,"MAYA BANK, INC.",PH,,,,,,,,,,,,,DE,phase3_jurisdiction_model,E_model_predicted_jurisdiction,0.586,0,1,0,NO_KNOWN_PERSON,,,,,,,,,,DE,0.586,0.4201,DE;US;EUROPE,0.586;0.1659;0.1045,0,,,,,,,,
PH,5493002NQSYK6RZLJF82,ING BUSINESS SHARED SERVICES B.V. BRANCH OFFICE,PH,,,,,,,,,,,,,US,phase3_jurisdiction_model,E_model_predicted_jurisdiction,0.5856,0,1,0,,,,,,,,,,,US,0.5856,0.4069,US;AMERICAS_OTHER;EUROPE,0.5856;0.1787;0.0925,0,,,,,,,,
PH,254900CT1I2XSXORGV80,"ATRAM Philippine Balanced Fund, Inc.",PH,,,,,,,,,,,,,US,phase3_jurisdiction_model,E_model_predicted_jurisdiction,0.5851,0,1,1,NON_CONSOLIDATING,,,,,,,,,,US,0.5851,0.459,US;DE;EUROPE,0.5851;0.1261;0.0923,0,,,,,,,,
PH,549300LDE6CIQJ9C5F75,UNITED OVERSEAS BANK PHILIPPINES,PH,,,,,,,,,,,,,US,phase3_jurisdiction_model,E_model_predicted_jurisdiction,0.5848,0,1,0,,,,,,,,,,,US,0.5848,0.4875,US;DE;OTHER,0.5848;0.0973;0.0937,0,,,,,,,,
PH,254900ADE8GQHM5P2648,PLDT Inc.,PH,,,,,,,,,,,,,DE,phase3_jurisdiction_model,E_model_predicted_jurisdiction,0.5844,0,1,0,NO_KNOWN_PERSON,,,,,,,,,,DE,0.5844,0.4044,DE;US;AMERICAS_OTHER,0.5844;0.18;0.1508,0,,,,,,,,
PH,254900AXIAS2E5YJQQ30,MONDELEZ BUSINESS SERVICES AP PTE. LTD. PHILIPPINE BRANCH,PH,,,,,,,,,,,,,US,phase3_jurisdiction_model,E_model_predicted_jurisdiction,0.5843,0,1,0,,,,,,,,,,,US,0.5843,0.4437,US;DE;EUROPE,0.5843;0.1405;0.1036,0,,,,,,,,
PH,33PKCEICENEN06SF1H69,Asian Development Bank Staff Retirement Plan,PH,,,,,,,,,,,,,US,phase3_jurisdiction_model,E_model_predicted_jurisdiction,0.5839,0,1,0,NO_KNOWN_PERSON,,,,,,,,,,US,0.5839,0.3607,US;DE;OTHER,0.5839;0.2232;0.0905,0,,,,,,,,
PH,254900HRLJFNOZBOK921,"REGIS PARTNERS, INC.",PH,,,,,,,,,,,,,DE,phase3_jurisdiction_model,E_model_predicted_jurisdiction,0.5837,0,1,0,NO_LEI,,,,,,,,,,DE,0.5837,0.422,DE;AMERICAS_OTHER;US,0.5837;0.1616;0.1611,0,,,,,,,,
PH,254900FVS439T7QUL346,"SB EQUITIES, INC.",PH,,,,,,,,,,,,,DE,phase3_jurisdiction_model,E_model_predicted_jurisdiction,0.5836,0,1,0,NATURAL_PERSONS,,,,,,,,,,DE,0.5836,0.4228,DE;US;AMERICAS_OTHER,0.5836;0.1608;0.153,0,,,,,,,,
PH,254900PIHH1NONGBZT41,"PHILAM BOND FUND, INC.",PH,,,,,,,,,,,,,DE,phase3_jurisdiction_model,E_model_predicted_jurisdiction,0.5825,0,1,1,NON_CONSOLIDATING,,,,,,,,,,DE,0.5825,0.361,DE;US;OTHER,0.5825;0.2215;0.0851,0,,,,,,,,
PH,254900UPR6SHGY5ZBV44,PIONEER LIFE INC.,PH,,,,,,,,,,,,,DE,phase3_jurisdiction_model,E_model_predicted_jurisdiction,0.5793,0,1,0,NO_LEI,,,,,,,,,,DE,0.5793,0.4314,DE;US;AMERICAS_OTHER,0.5793;0.1479;0.1347,0,,,,,,,,
PH,98450052EBIE7CCE5J80,Genesys Cloud Services Cayman Ltd. - Philippine Branch,PH,,,,,,,,,,,,,US,phase3_jurisdiction_model,E_model_predicted_jurisdiction,0.5787,0,1,0,,,,,,,,,,,US,0.5787,0.446,US;ASIA_OTHER;DE,0.5787;0.1327;0.1121,0,,,,,,,,
PH,254900RQTH8MFAUMCK87,MHE-DEMAG (P) INC.,PH,,,,,,,,,,,,,DE,phase3_jurisdiction_model,E_model_predicted_jurisdiction,0.5781,0,1,0,NO_KNOWN_PERSON,,,,,,,,,,DE,0.5781,0.3482,DE;US;EUROPE,0.5781;0.2299;0.099,0,,,,,,,,
PH,254900VMAEOR1RCGQ473,"PAMI Horizon Fund, Inc.",PH,,,,,,,,,,,,,DE,phase3_jurisdiction_model,E_model_predicted_jurisdiction,0.5777,0,1,1,NON_CONSOLIDATING,,,,,,,,,,DE,0.5777,0.365,DE;US;OTHER,0.5777;0.2127;0.0989,0,,,,,,,,
PH,25490017VWZYS30ZP074,JEBSEN AND JESSEN TECHNOLOGY PHILIPPINES INC.,PH,,,,,,,,,,,,,US,phase3_jurisdiction_model,E_model_predicted_jurisdiction,0.5765,0,1,1,NON_CONSOLIDATING,,,,,,,,,,US,0.5765,0.3998,US;DE;EUROPE,0.5765;0.1767;0.1229,0,,,,,,,,
PH,549300916MKGF326WP56,O.M. MANUFACTURING PHILIPPINES INC.,PH,,,,,,,,,,,,,US,phase3_jurisdiction_model,E_model_predicted_jurisdiction,0.5754,0,1,1,NON_CONSOLIDATING,,,,,,,,,,US,0.5754,0.3703,US;DE;OTHER,0.5754;0.2051;0.0741,0,,,,,,,,
PH,254900A9VBZXRXZWSN75,"Rural Bank of Itogon (Benguet), Inc.",PH,,,,,,,,,,,,,US,phase3_jurisdiction_model,E_model_predicted_jurisdiction,0.5736,0,1,0,NO_KNOWN_PERSON,,,,,,,,,,US,0.5736,0.3807,US;DE;OTHER,0.5736;0.1929;0.0794,0,,,,,,,,
PH,549300GQQ2D4K92I8L54,"NOVEL CAPITAL, INC.",PH,,,,,,,,,,,,,DE,phase3_jurisdiction_model,E_model_predicted_jurisdiction,0.5723,0,1,0,NO_LEI,,,,,,,,,,DE,0.5723,0.4184,DE;US;AMERICAS_OTHER,0.5723;0.1539;0.1036,0,,,,,,,,
PH,M1XS4BBMT08DKF4N4F24,"GE LIGHTING PHILIPPINES, INC.",PH,,,,,,,,,,,,,US,phase3_jurisdiction_model,E_model_predicted_jurisdiction,0.5721,0,1,0,NON_PUBLIC,,,,,,,,,,US,0.5721,0.4016,US;AMERICAS_OTHER;OTHER,0.5721;0.1705;0.095,0,,,,,,,,
PH,549300VPT7GPFQ7V5Q40,Asian Development Bank Retiree Medical Plan Fund,PH,,,,,,,,,,,,,US,phase3_jurisdiction_model,E_model_predicted_jurisdiction,0.5708,0,1,0,NO_KNOWN_PERSON,,,,,,,,,,US,0.5708,0.3708,US;DE;OTHER,0.5708;0.2;0.0787,0,,,,,,,,
PH,254900QLMW32I9UC0U43,"I-Remit, Inc.",PH,,,,,,,,,,,,,DE,phase3_jurisdiction_model,E_model_predicted_jurisdiction,0.5681,0,1,0,NO_LEI,,,,,,,,,,DE,0.5681,0.3851,DE;US;EUROPE,0.5681;0.1831;0.099,0,,,,,,,,
PH,254900LD17EHACT2KE83,Blackrock Resources Inc.,PH,,,,,,,,,,,,,DE,phase3_jurisdiction_model,E_model_predicted_jurisdiction,0.5661,0,1,0,NATURAL_PERSONS,,,,,,,,,,DE,0.5661,0.3543,DE;US;AMERICAS_OTHER,0.5661;0.2117;0.1153,0,,,,,,,,
PH,549300IN5K5G4EZYIB84,XEROX SOLUTIONS PHILIPPINES INC.,PH,,,,,,,,,,,,,US,phase3_jurisdiction_model,E_model_predicted_jurisdiction,0.5648,0,1,0,,,,,,,,,,,US,0.5648,0.4418,US;DE;OTHER,0.5648;0.123;0.1037,0,,,,,,,,
PH,5493007XEQFIM5QCIU42,STERLING BANK OF ASIA INC. (A SAVINGS BANK),PH,,,,,,,,,,,,,US,phase3_jurisdiction_model,E_model_predicted_jurisdiction,0.5646,0,1,0,NATURAL_PERSONS,,,,,,,,,,US,0.5646,0.3798,US;DE;AMERICAS_OTHER,0.5646;0.1848;0.113,0,,,,,,,,
PH,5493007GZNKB0EW24K85,CREDIT SUISSE SECURITIES (PHILIPPINES) INC.,PH,,,,,,,,,,,,,US,phase3_jurisdiction_model,E_model_predicted_jurisdiction,0.5644,0,1,1,NON_CONSOLIDATING,,,,,,,,,,US,0.5644,0.2726,US;AMERICAS_OTHER;DE,0.5644;0.2918;0.0462,0,,,,,,,,
PH,894500IFRWIX212P9V66,TAGCASH LTD. INC.,PH,,,,,,,,,,,,,DE,phase3_jurisdiction_model,E_model_predicted_jurisdiction,0.5643,0,1,0,NO_KNOWN_PERSON,,,,,,,,,,DE,0.5643,0.432,DE;AMERICAS_OTHER;US,0.5643;0.1323;0.1304,0,,,,,,,,
PH,549300J1Q15BRPI6U552,BOUNTY FRESH FOOD INC.,PH,,,,,,,,,,,,,DE,phase3_jurisdiction_model,E_model_predicted_jurisdiction,0.5634,0,1,1,NON_CONSOLIDATING,,,,,,,,,,DE,0.5634,0.3339,DE;US;EUROPE,0.5634;0.2295;0.0895,0,,,,,,,,
PH,5493008F1Q8V4LUGJK40,MANULIFE PHILIPPINES ASIA PACIFIC BOND FUND,PH,,,,,,,,,,,,,US,phase3_jurisdiction_model,E_model_predicted_jurisdiction,0.5634,0,1,1,NON_CONSOLIDATING,,,,,,,,,,US,0.5634,0.4292,US;DE;EUROPE,0.5634;0.1342;0.1317,0,,,,,,,,
PH,549300PKBTWAJOSBG383,Land Bank of the Philippines,PH,,,,,,,,,,,,,US,phase3_jurisdiction_model,E_model_predicted_jurisdiction,0.5597,0,1,1,NON_CONSOLIDATING,,,,,,,,,,US,0.5597,0.3202,US;DE;EUROPE,0.5597;0.2395;0.0836,0,,,,,,,,
PH,9845007A8C7R2C6E8E44,"SAINT-GOBAIN PHILIPPINES CO. LTD., INC.",PH,,,,,,,,,,,,,US,phase3_jurisdiction_model,E_model_predicted_jurisdiction,0.559,0,1,0,NATURAL_PERSONS,,,,,,,,,,US,0.559,0.3628,US;DE;EUROPE,0.559;0.1962;0.0854,0,,,,,,,,
PH,213800INZ8NYZP3P3867,AMKOR TECHNOLOGY PHILIPPINES INC. EMPLOYEES' MULTI-EMPLOYER RETIREMENT BENEFIT PLAN (MERP),PH,,,,,,,,,,,,,US,phase3_jurisdiction_model,E_model_predicted_jurisdiction,0.5583,0,1,0,NATURAL_PERSONS,,,,,,,,,,US,0.5583,0.3904,US;DE;EUROPE,0.5583;0.168;0.0915,0,,,,,,,,
PH,25490059M9QSKGQDDQ45,SOLDIVO BOND FUND INC.,PH,,,,,,,,,,,,,DE,phase3_jurisdiction_model,E_model_predicted_jurisdiction,0.5583,0,1,1,NON_CONSOLIDATING,,,,,,,,,,DE,0.5583,0.3318,DE;US;OTHER,0.5583;0.2265;0.0878,0,,,,,,,,
PH,254900LI748H7KY4PE34,"THE INSULAR LIFE ASSURANCE COMPANY, LTD.",PH,,,,,,,,,,,,,US,phase3_jurisdiction_model,E_model_predicted_jurisdiction,0.5576,0,1,0,NO_KNOWN_PERSON,,,,,,,,,,US,0.5576,0.3968,US;AMERICAS_OTHER;DE,0.5576;0.1608;0.1556,0,,,,,,,,
PH,254900K86PVARJ2IFF34,INTEGRATED MARKET SERVICES (PHILIPPINES) INC.,PH,,,,,,,,,,,,,US,phase3_jurisdiction_model,E_model_predicted_jurisdiction,0.5575,0,1,0,NON_PUBLIC,,,,,,,,,,US,0.5575,0.3394,US;DE;AMERICAS_OTHER,0.5575;0.2182;0.0778,0,,,,,,,,
PH,254900NPK2XQCAG2H897,Associated Marine Officers' and Seamen's Union of the Philippines,PH,,,,,,,,,,,,,US,phase3_jurisdiction_model,E_model_predicted_jurisdiction,0.5555,0,1,0,NATURAL_PERSONS,,,,,,,,,,US,0.5555,0.4193,US;DE;OTHER,0.5555;0.1362;0.1015,0,,,,,,,,
PH,549300XIY2M2AQ6B1K02,INFOSERVE INCORPORATED,PH,,,,,,,,,,,,,DE,phase3_jurisdiction_model,E_model_predicted_jurisdiction,0.5543,0,1,1,NON_CONSOLIDATING,,,,,,,,,,DE,0.5543,0.4279,DE;AMERICAS_OTHER;US,0.5543;0.1264;0.1213,0,,,,,,,,
PH,9845009B82FEDFYF0549,"DKSH Market Expansion Services Philippines, Inc.",PH,,,,,,,,,,,,,US,phase3_jurisdiction_model,E_model_predicted_jurisdiction,0.5521,0,1,0,NATURAL_PERSONS,,,,,,,,,,US,0.5521,0.3869,US;DE;EUROPE,0.5521;0.1652;0.1291,0,,,,,,,,
PH,549300PKHQSU7PED2T78,NETSUITE (PHILIPPINES) INC.,PH,,,,,,,,,,,,,US,phase3_jurisdiction_model,E_model_predicted_jurisdiction,0.5504,0,1,0,,,,,,,,,,,US,0.5504,0.4053,US;DE;OTHER,0.5504;0.1451;0.1096,0,,,,,,,,
PH,5493004GOGGY9KO0KA32,MANULIFE PHILIPPINES - GLOBAL TARGET INCOME FUND,PH,,,,,,,,,,,,,US,phase3_jurisdiction_model,E_model_predicted_jurisdiction,0.5498,0,1,1,NON_CONSOLIDATING,,,,,,,,,,US,0.5498,0.3839,US;AMERICAS_OTHER;EUROPE,0.5498;0.166;0.132,0,,,,,,,,
PH,254900EW0WUZXJVMF012,"Biñan Rural Bank, Inc.",PH,,,,,,,,,,,,,DE,phase3_jurisdiction_model,E_model_predicted_jurisdiction,0.5496,0,1,0,NO_KNOWN_PERSON,,,,,,,,,,DE,0.5496,0.3338,DE;US;EUROPE,0.5496;0.2158;0.0889,0,,,,,,,,
PH,5493004IV52FDH6OQZ18,"TRANSCOM WORLDWIDE (PHILIPPINES), INC.",PH,,,,,,,,,,,,,US,phase3_jurisdiction_model,E_model_predicted_jurisdiction,0.5492,0,1,0,,,,,,,,,,,US,0.5492,0.3216,US;DE;OTHER,0.5492;0.2276;0.103,0,,,,,,,,
PH,549300W86N4HT5SZO450,PHILIPPINE BANK OF COMMUNICATIONS,PH,,,,,,,,,,,,,US,phase3_jurisdiction_model,E_model_predicted_jurisdiction,0.5471,0,1,1,NON_CONSOLIDATING,,,,,,,,,,US,0.5471,0.3653,US;DE;AMERICAS_OTHER,0.5471;0.1818;0.0822,0,,,,,,,,
PH,549300YU0W08QA7IHH82,"BANCO MEXICO, INC.",PH,,,,,,,,,,,,,DE,phase3_jurisdiction_model,E_model_predicted_jurisdiction,0.5458,0,1,1,NON_CONSOLIDATING,,,,,,,,,,DE,0.5458,0.2814,DE;US;EUROPE,0.5458;0.2644;0.1161,0,,,,,,,,
PH,5493007ANY4H2MBWT639,PHILIPPINE DIGITAL ASSET EXCHANGE (PDAX) INC,PH,,,,,,,,,,,,,US,phase3_jurisdiction_model,E_model_predicted_jurisdiction,0.5429,0,1,0,NO_LEI,,,,,,,,,,US,0.5429,0.4088,US;EUROPE;AMERICAS_OTHER,0.5429;0.1341;0.1234,0,,,,,,,,
PH,254900WA056EEAGGLT29,"Rural Bank of Sanchez Mira, Cagayan Inc.",PH,,,,,,,,,,,,,US,phase3_jurisdiction_model,E_model_predicted_jurisdiction,0.5409,0,1,0,NO_KNOWN_PERSON,,,,,,,,,,US,0.5409,0.3619,US;DE;ASIA_OTHER,0.5409;0.179;0.0855,0,,,,,,,,
PH,254900YK7QJM2ZYL7Q15,"Rural Bank of Solano (N.V.), Inc.",PH,,,,,,,,,,,,,US,phase3_jurisdiction_model,E_model_predicted_jurisdiction,0.5407,0,1,1,NON_CONSOLIDATING,,,,,,,,,,US,0.5407,0.3278,US;DE;EUROPE,0.5407;0.2129;0.0804,0,,,,,,,,
PH,2549002RDK7GAVZRDR10,PHILAM STRATEGIC GROWTH FUND INC.,PH,,,,,,,,,,,,,US,phase3_jurisdiction_model,E_model_predicted_jurisdiction,0.5384,0,1,1,NON_CONSOLIDATING,,,,,,,,,,US,0.5384,0.4025,US;OTHER;AMERICAS_OTHER,0.5384;0.1359;0.1294,0,,,,,,,,
PH,549300SKW1JTUC7QSK14,Hdi Securites Inc.,PH,,,,,,,,,,,,,DE,phase3_jurisdiction_model,E_model_predicted_jurisdiction,0.5373,0,1,0,NON_PUBLIC,,,,,,,,,,DE,0.5373,0.2474,DE;US;EUROPE,0.5373;0.2899;0.0644,0,,,,,,,,
PH,2549001UCJ10AR345H88,"ABB, INC.",PH,,,,,,,,,,,,,DE,phase3_jurisdiction_model,E_model_predicted_jurisdiction,0.5365,0,1,0,,,,,,,,,,,DE,0.5365,0.2687,DE;US;EUROPE,0.5365;0.2678;0.0982,0,,,,,,,,
PH,894500WONXWSEI6ETQ23,"Rural Bank of Porac (Pamp), Inc.",PH,,,,,,,,,,,,,US,phase3_jurisdiction_model,E_model_predicted_jurisdiction,0.5361,0,1,0,NO_KNOWN_PERSON,,,,,,,,,,US,0.5361,0.3454,US;DE;AMERICAS_OTHER,0.5361;0.1907;0.0908,0,,,,,,,,
PH,254900P24RO3PVCKV074,"Aboitiz & Company, Inc.",PH,,,,,,,,,,,,,DE,phase3_jurisdiction_model,E_model_predicted_jurisdiction,0.5338,0,1,0,NO_KNOWN_PERSON,,,,,,,,,,DE,0.5338,0.3125,DE;US;EUROPE,0.5338;0.2212;0.0959,0,,,,,,,,
PH,529900JWF36CH7HZ8B80,"AIR LIQUIDE PHILS., INC",PH,,,,,,,,,,,,,DE,phase3_jurisdiction_model,E_model_predicted_jurisdiction,0.5333,0,1,0,,,,,,,,,,,DE,0.5333,0.2985,DE;US;OTHER,0.5333;0.2347;0.0903,0,,,,,,,,
PH,254900YDF6ILHK6ZLD13,"Philam Managed Income Fund, Inc.",PH,,,,,,,,,,,,,US,phase3_jurisdiction_model,E_model_predicted_jurisdiction,0.5324,0,1,0,NO_KNOWN_PERSON,,,,,,,,,,US,0.5324,0.3863,US;AMERICAS_OTHER;OTHER,0.5324;0.1461;0.137,0,,,,,,,,
PH,254900FU1MWK0I0Q4J61,"International Container Terminal Services, Inc.",PH,,,,,,,,,,,,,US,phase3_jurisdiction_model,E_model_predicted_jurisdiction,0.5319,0,1,1,NON_CONSOLIDATING,,,,,,,,,,US,0.5319,0.3102,US;DE;AMERICAS_OTHER,0.5319;0.2217;0.1296,0,,,,,,,,
PH,894500JFI38L36KI3128,LVB PHILIPPINES CONSULTANCY SERVICES INC,PH,,,,,,,,,,,,,US,phase3_jurisdiction_model,E_model_predicted_jurisdiction,0.5306,0,1,0,NO_KNOWN_PERSON,,,,,,,,,,US,0.5306,0.2795,US;DE;ASIA_OTHER,0.5306;0.2512;0.0865,0,,,,,,,,
PH,2549007S3D0B3GHBX979,"Dole Philippines, Inc.",PH,,,,,,,,,,,,,DE,phase3_jurisdiction_model,E_model_predicted_jurisdiction,0.5305,0,1,1,NON_CONSOLIDATING,,,,,,,,,,DE,0.5305,0.2587,DE;US;EUROPE,0.5305;0.2718;0.0646,0,,,,,,,,
PH,213800XK5IZXBRJR6R53,RBS ASIA SECURITIES INC,PH,,,,,,,,,,,,,DE,phase3_jurisdiction_model,E_model_predicted_jurisdiction,0.5296,0,1,0,NO_KNOWN_PERSON,,,,,,,,,,DE,0.5296,0.2771,DE;US;EUROPE,0.5296;0.2525;0.092,0,,,,,,,,
PH,984500476YC98FTAA886,"OPTODEV, INC.",PH,,,,,,,,,,,,,DE,phase3_jurisdiction_model,E_model_predicted_jurisdiction,0.5282,0,1,0,NATURAL_PERSONS,,,,,,,,,,DE,0.5282,0.2896,DE;US;EUROPE,0.5282;0.2387;0.1164,0,,,,,,,,
PH,2549004B3V7BP3K12Z49,"PAMI Global Bond Fund, Inc.",PH,,,,,,,,,,,,,US,phase3_jurisdiction_model,E_model_predicted_jurisdiction,0.5278,0,1,0,NO_KNOWN_PERSON,,,,,,,,,,US,0.5278,0.366,US;AMERICAS_OTHER;OTHER,0.5278;0.1619;0.1232,0,,,,,,,,
PH,254900KNBED09ESQ5932,"Paymongo Payments, Inc.",PH,,,,,,,,,,,,,DE,phase3_jurisdiction_model,E_model_predicted_jurisdiction,0.5266,0,1,0,NO_LEI,,,,,,,,,,DE,0.5266,0.3934,DE;AMERICAS_OTHER;US,0.5266;0.1332;0.1286,0,,,,,,,,
PH,254900C58OELBKYY7C82,UNObank Inc.,PH,,,,,,,,,,,,,DE,phase3_jurisdiction_model,E_model_predicted_jurisdiction,0.5265,0,1,0,NO_LEI,,,,,,,,,,DE,0.5265,0.372,DE;US;AMERICAS_OTHER,0.5265;0.1546;0.137,0,,,,,,,,
PH,2549005L6VGT61WGC066,"PAMI Equity Index Fund, Inc.",PH,,,,,,,,,,,,,US,phase3_jurisdiction_model,E_model_predicted_jurisdiction,0.5247,0,1,0,NO_KNOWN_PERSON,,,,,,,,,,US,0.5247,0.3561,US;AMERICAS_OTHER;OTHER,0.5247;0.1685;0.1273,0,,,,,,,,
PH,254900EGY2V6NF185Q74,"Therma Visayas, Inc.",PH,,,,,,,,,,,,,DE,phase3_jurisdiction_model,E_model_predicted_jurisdiction,0.5246,0,1,0,NO_LEI,,,,,,,,,,DE,0.5246,0.214,DE;US;EUROPE,0.5246;0.3107;0.0954,0,,,,,,,,
PH,549300RYB1GASW5KV818,DOUBLEDRAGON CORPORATION,PH,,,,,,,,,,,,,DE,phase3_jurisdiction_model,E_model_predicted_jurisdiction,0.5244,0,1,1,NON_CONSOLIDATING,,,,,,,,,,DE,0.5244,0.2513,DE;US;OTHER,0.5244;0.2731;0.0998,0,,,,,,,,
PH,549300E31HOXGFRB1623,USSC MONEY SERVICES INC.,PH,,,,,,,,,,,,,DE,phase3_jurisdiction_model,E_model_predicted_jurisdiction,0.5232,0,1,0,NO_LEI,,,,,,,,,,DE,0.5232,0.3275,DE;US;AMERICAS_OTHER,0.5232;0.1957;0.1096,0,,,,,,,,
PH,984500C1CEE9D475BC11,"STMICROELECTRONICS, INC.",PH,,,,,,,,,,,,,DE,phase3_jurisdiction_model,E_model_predicted_jurisdiction,0.5231,0,1,1,NON_CONSOLIDATING,,,,,,,,,,DE,0.5231,0.2893,DE;US;EUROPE,0.5231;0.2337;0.0785,0,,,,,,,,
PH,SSFVF4P2TSJZYCOTL647,PHILIPPINE FOREMOST MILLING CORPORATION,PH,,,,,,,,,,,,,US,phase3_jurisdiction_model,E_model_predicted_jurisdiction,0.5224,0,1,1,NON_CONSOLIDATING,,,,,,,,,,US,0.5224,0.3101,US;DE;EUROPE,0.5224;0.2123;0.1271,0,,,,,,,,
PH,254900771I6WUUYNL314,"EMERGING POWER, INC.",PH,,,,,,,,,,,,,DE,phase3_jurisdiction_model,E_model_predicted_jurisdiction,0.5211,0,1,0,NO_LEI,,,,,,,,,,DE,0.5211,0.3448,DE;AMERICAS_OTHER;US,0.5211;0.1763;0.1335,0,,,,,,,,
PH,894500AF7YB6X94VHV82,HRDP Group Corporation,PH,,,,,,,,,,,,,DE,phase3_jurisdiction_model,E_model_predicted_jurisdiction,0.5209,0,1,0,NO_KNOWN_PERSON,,,,,,,,,,DE,0.5209,0.2987,DE;US;OTHER,0.5209;0.2222;0.1196,0,,,,,,,,
PH,254900RDFLCM12O8SK69,Manila Electric Company,PH,,,,,,,,,,,,,DE,phase3_jurisdiction_model,E_model_predicted_jurisdiction,0.5198,0,1,0,NON_PUBLIC,,,,,,,,,,DE,0.5198,0.2657,DE;US;EUROPE,0.5198;0.2541;0.0932,0,,,,,,,,
PH,54930071KB5MC8K69123,"BASF PHILIPPINES, INC.",PH,,,,,,,,,,,,,DE,phase3_jurisdiction_model,E_model_predicted_jurisdiction,0.519,0,1,1,NON_CONSOLIDATING,,,,,,,,,,DE,0.519,0.1911,DE;US;EUROPE,0.519;0.3279;0.0493,0,,,,,,,,
PH,254900YVSUE8KE25BN27,Schenker Philippines Inc,PH,,,,,,,,,,,,,DE,phase3_jurisdiction_model,E_model_predicted_jurisdiction,0.5177,0,1,0,NON_PUBLIC,,,,,,,,,,DE,0.5177,0.25,DE;US;EUROPE,0.5177;0.2677;0.1138,0,,,,,,,,
PH,984500836B5E4B4C3730,"MMS BULKSHIP MANAGEMENT (PHILIPPINES), INC.",PH,,,,,,,,,,,,,US,phase3_jurisdiction_model,E_model_predicted_jurisdiction,0.5153,0,1,0,NO_KNOWN_PERSON,,,,,,,,,,US,0.5153,0.3009,US;DE;ASIA_OTHER,0.5153;0.2144;0.108,0,,,,,,,,
PH,5493008T5L43C5KMMQ97,"ECOLAB PHILIPPINES, INC.",PH,,,,,,,,,,,,,US,phase3_jurisdiction_model,E_model_predicted_jurisdiction,0.5149,0,1,0,,,,,,,,,,,US,0.5149,0.2139,US;DE;OTHER,0.5149;0.301;0.0769,0,,,,,,,,
PH,549300F19E6UK44UXX20,"SUN LIFE PROSPERITY PHILIPPINE STOCK INDEX FUND, INC.",PH,,,,,,,,,,,,,US,phase3_jurisdiction_model,E_model_predicted_jurisdiction,0.5147,0,1,1,NON_CONSOLIDATING,,,,,,,,,,US,0.5147,0.3671,US;EUROPE;DE,0.5147;0.1476;0.1334,0,,,,,,,,
PH,2138001U8MYNRWWHPA69,"DE LA SALLE UNIVERSITY, INC.",PH,,,,,,,,,,,,,US,phase3_jurisdiction_model,E_model_predicted_jurisdiction,0.5144,0,1,1,NON_CONSOLIDATING,,,,,,,,,,US,0.5144,0.2889,US;DE;AMERICAS_OTHER,0.5144;0.2255;0.1393,0,,,,,,,,
PH,5493007DVMJXYV6Y2N65,"KUEHNE + NAGEL SHARED SERVICE CENTER, INC",PH,,,,,,,,,,,,,US,phase3_jurisdiction_model,E_model_predicted_jurisdiction,0.5124,0,1,1,NON_CONSOLIDATING,,,,,,,,,,US,0.5124,0.2822,US;DE;ASIA_OTHER,0.5124;0.2302;0.1004,0,,,,,,,,
PH,254900Y30EM7QBM50W13,"HEDCOR, INC.",PH,,,,,,,,,,,,,DE,phase3_jurisdiction_model,E_model_predicted_jurisdiction,0.5119,0,1,0,NO_KNOWN_PERSON,,,,,,,,,,DE,0.5119,0.1969,DE;US;EUROPE,0.5119;0.315;0.1004,0,,,,,,,,
PH,529900Y4KT6JPZLR5D91,"LUFTHANSA TECHNIK PHILIPPINES, INC.- A JOINT VENTURE WITH MACROASIA CORPORATION",PH,,,,,,,,,,,,,US,phase3_jurisdiction_model,E_model_predicted_jurisdiction,0.5111,0,1,0,NON_PUBLIC,,,,,,,,,,US,0.5111,0.2918,US;DE;EUROPE,0.5111;0.2193;0.1026,0,,,,,,,,
PH,254900YA6DFXF3AFC534,"BORAL PLASTERBOARD PHILIPPINES, INC.",PH,,,,,,,,,,,,,US,phase3_jurisdiction_model,E_model_predicted_jurisdiction,0.509,0,1,0,NO_LEI,,,,,,,,,,US,0.509,0.2777,US;DE;OTHER,0.509;0.2313;0.1275,0,,,,,,,,
PH,549300FJQGBU8XR44X07,UNITED COCONUT PLANTERS BANK,PH,,,,,,,,,,,,,US,phase3_jurisdiction_model,E_model_predicted_jurisdiction,0.5087,0,1,0,NO_KNOWN_PERSON,,,,,,,,,,US,0.5087,0.3085,US;AMERICAS_OTHER;DE,0.5087;0.2001;0.1399,0,,,,,,,,
PH,254900LQWRS9U1BE2C92,"ALFM GROWTH FUND, INC.",PH,,,,,,,,,,,,,DE,phase3_jurisdiction_model,E_model_predicted_jurisdiction,0.5062,0,1,0,NO_KNOWN_PERSON,,,,,,,,,,DE,0.5062,0.3066,DE;US;EUROPE,0.5062;0.1995;0.1318,0,,,,,,,,
PH,254900NJO99E7KVAA748,"Philam Dollar Bond Fund, Inc.",PH,,,,,,,,,,,,,US,phase3_jurisdiction_model,E_model_predicted_jurisdiction,0.5062,0,1,0,NO_KNOWN_PERSON,,,,,,,,,,US,0.5062,0.3186,US;AMERICAS_OTHER;OTHER,0.5062;0.1876;0.1323,0,,,,,,,,
PH,984500E0742FE3814198,ESSILOR PHILIPPINES OPTICAL DISTRIBUTION INC.,PH,,,,,,,,,,,,,US,phase3_jurisdiction_model,E_model_predicted_jurisdiction,0.5057,0,1,0,NATURAL_PERSONS,,,,,,,,,,US,0.5057,0.3123,US;DE;EUROPE,0.5057;0.1934;0.115,0,,,,,,,,
PH,5493006U7EG6N6C84U65,"SUN LIFE PROSPERITY ACHIEVER FUND 2028, INC.",PH,,,,,,,,,,,,,US,phase3_jurisdiction_model,E_model_predicted_jurisdiction,0.5056,0,1,1,NON_CONSOLIDATING,,,,,,,,,,US,0.5056,0.3814,US;OTHER;DE,0.5056;0.1242;0.1206,0,,,,,,,,
PH,5493006OI1QRXCVMQH94,"SUN LIFE PROSPERITY ACHIEVER FUND 2038, INC.",PH,,,,,,,,,,,,,US,phase3_jurisdiction_model,E_model_predicted_jurisdiction,0.5056,0,1,1,NON_CONSOLIDATING,,,,,,,,,,US,0.5056,0.3814,US;OTHER;DE,0.5056;0.1242;0.1206,0,,,,,,,,
PH,549300NOR39NKCM7ID33,"SUN LIFE PROSPERITY ACHIEVER FUND 2048, INC.",PH,,,,,,,,,,,,,US,phase3_jurisdiction_model,E_model_predicted_jurisdiction,0.5056,0,1,1,NON_CONSOLIDATING,,,,,,,,,,US,0.5056,0.3814,US;OTHER;DE,0.5056;0.1242;0.1206,0,,,,,,,,
PH,5493001HD2V5PAUIVU66,"HONEYWELL CEASA (SUBIC BAY) COMPANY, INC.",PH,,,,,,,,,,,,,US,phase3_jurisdiction_model,E_model_predicted_jurisdiction,0.5042,0,1,1,NON_CONSOLIDATING,,,,,,,,,,US,0.5042,0.2947,US;DE;AMERICAS_OTHER,0.5042;0.2096;0.1561,0,,,,,,,,
PH,5493007N60LP1051JD84,HAVI LOGISTICS PHILIPPINES INC.,PH,,,,,,,,,,,,,US,phase3_jurisdiction_model,E_model_predicted_jurisdiction,0.5041,0,1,0,,,,,,,,,,,US,0.5041,0.2473,US;DE;OTHER,0.5041;0.2568;0.0779,0,,,,,,,,
PH,549300M84SUI453HO042,"MARIA FRANCESCA TAN (MFT) GROUP OF COMPANIES, INC.",PH,,,,,,,,,,,,,US,phase3_jurisdiction_model,E_model_predicted_jurisdiction,0.5041,0,1,1,NON_CONSOLIDATING,,,,,,,,,,US,0.5041,0.3253,US;AMERICAS_OTHER;DE,0.5041;0.1788;0.1231,0,,,,,,,,
PH,549300ULL2QWE0EP8M04,"ROP INVESTMENTS LIMITED, PHILIPPINES BRANCH",PH,,,,,,,,,,,,,US,phase3_jurisdiction_model,E_model_predicted_jurisdiction,0.5029,0,1,1,NON_CONSOLIDATING,,,,,,,,,,US,0.5029,0.3247,US;EUROPE;DE,0.5029;0.1782;0.1295,0,,,,,,,,
PH,549300QSYPW3F9H2C337,JANUARIUS HOLDINGS INC.,PH,,,,,,,,,,,,,DE,phase3_jurisdiction_model,E_model_predicted_jurisdiction,0.5027,0,1,0,NON_PUBLIC,,,,,,,,,,DE,0.5027,0.1946,DE;US;EUROPE,0.5027;0.3081;0.0791,0,,,,,,,,
PH,2549006Q0HAZIJT9E809,REPUBLIC OF THE PHILIPPINES SOCIAL SECURITY SYSTEM,PH,,,,,,,,,,,,,US,phase3_jurisdiction_model,E_model_predicted_jurisdiction,0.5016,0,1,0,NO_KNOWN_PERSON,,,,,,,,,,US,0.5016,0.3501,US;EUROPE;DE,0.5016;0.1515;0.1287,0,,,,,,,,
PH,5493004J77Q7Z7590S60,SMBF PROVIDENT FUND ASSOCIATION INC.,PH,,,,,,,,,,,,,US,phase3_jurisdiction_model,E_model_predicted_jurisdiction,0.5015,0,1,0,NO_KNOWN_PERSON,,,,,,,,,,US,0.5015,0.3249,US;AMERICAS_OTHER;DE,0.5015;0.1765;0.1428,0,,,,,,,,
PH,549300AFS0UU6SDK2K95,Philippine National Bank,PH,,,,,,,,,,,,,DE,phase3_jurisdiction_model,E_model_predicted_jurisdiction,0.4995,0,1,1,NON_CONSOLIDATING,,,,,,,,,,DE,0.4995,0.1368,DE;US;EUROPE,0.4995;0.3628;0.0781,0,,,,,,,,
PH,549300FYQJAVLTUPRN13,GINEBRA SAN MIGUEL INC.,PH,,,,,,,,,,,,,DE,phase3_jurisdiction_model,E_model_predicted_jurisdiction,0.499,0,1,0,NO_LEI,,,,,,,,,,DE,0.499,0.3177,DE;US;EUROPE,0.499;0.1813;0.1074,0,,,,,,,,
PH,254900YH8IWTJV49YV85,"Wilmar Edible Oils Philippines, Inc.",PH,,,,,,,,,,,,,US,phase3_jurisdiction_model,E_model_predicted_jurisdiction,0.4984,0,1,0,NO_KNOWN_PERSON,,,,,,,,,,US,0.4984,0.2602,US;AMERICAS_OTHER;DE,0.4984;0.2382;0.0676,0,,,,,,,,
PH,549300CAD33VKDJBDH39,"PDM PHILIPPINES INDUSTRIES, INC.",PH,,,,,,,,,,,,,US,phase3_jurisdiction_model,E_model_predicted_jurisdiction,0.4979,0,1,0,,,,,,,,,,,US,0.4979,0.2368,US;DE;OTHER,0.4979;0.2611;0.0779,0,,,,,,,,
PH,254900EK2URNE8DCRU14,"Wipro Philippines, Inc.",PH,,,,,,,,,,,,,DE,phase3_jurisdiction_model,E_model_predicted_jurisdiction,0.4975,0,1,0,NO_LEI,,,,,,,,,,DE,0.4975,0.2224,DE;US;OFFSHORE,0.4975;0.2751;0.0665,0,,,,,,,,
PH,549300ZB5ZHB5KT1A941,BENTLY NEVADA (PHILIPPINES) CORP.,PH,,,,,,,,,,,,,US,phase3_jurisdiction_model,E_model_predicted_jurisdiction,0.497,0,1,0,NON_PUBLIC,,,,,,,,,,US,0.497,0.2762,US;DE;EUROPE,0.497;0.2208;0.1193,0,,,,,,,,
PH,254900RB1RTZ84ZMF446,ROP Sukuk Trust,PH,,,,,,,,,,,,,DE,phase3_jurisdiction_model,E_model_predicted_jurisdiction,0.4949,0,1,0,NO_LEI,,,,,,,,,,DE,0.4949,0.2623,DE;US;EUROPE,0.4949;0.2325;0.1386,0,,,,,,,,
PH,894500IADSFLTHWOSU37,Starpay Corporation,PH,,,,,,,,,,,,,DE,phase3_jurisdiction_model,E_model_predicted_jurisdiction,0.4933,0,1,1,NON_CONSOLIDATING,,,,,,,,,,DE,0.4933,0.256,DE;US;EUROPE,0.4933;0.2374;0.178,0,,,,,,,,
PH,213800OOGNCEPHGCQ412,BROADRIDGE CONNECTIVITY SOLUTIONS PHILIPPINES INC.,PH,,,,,,,,,,,,,US,phase3_jurisdiction_model,E_model_predicted_jurisdiction,0.493,0,1,1,NON_CONSOLIDATING,,,,,,,,,,US,0.493,0.2841,US;AMERICAS_OTHER;EUROPE,0.493;0.2088;0.0924,0,,,,,,,,
PH,894500F5OAHMJ4D1U580,PPS-PEPP FINANCIAL SERVICES CORPORATION,PH,,,,,,,,,,,,,US,phase3_jurisdiction_model,E_model_predicted_jurisdiction,0.4916,0,1,0,NO_KNOWN_PERSON,,,,,,,,,,US,0.4916,0.2425,US;DE;EUROPE,0.4916;0.2491;0.0891,0,,,,,,,,
PH,5493004LMCWFB8HLNI10,GREPALIFE FIXED INCOME FUND CORPORATION,PH,,,,,,,,,,,,,US,phase3_jurisdiction_model,E_model_predicted_jurisdiction,0.4902,0,1,1,NON_CONSOLIDATING,,,,,,,,,,US,0.4902,0.2677,US;AMERICAS_OTHER;OTHER,0.4902;0.2225;0.1423,0,,,,,,,,
PH,894500OV1QLLTJN72M46,"RURAL BANK OF LANUZA (Surigao del Sur), INC.",PH,,,,,,,,,,,,,US,phase3_jurisdiction_model,E_model_predicted_jurisdiction,0.488,0,1,0,NO_KNOWN_PERSON,,,,,,,,,,US,0.488,0.2812,US;DE;ASIA_OTHER,0.488;0.2068;0.1057,0,,,,,,,,
PH,549300TZ4TUGQ11AMO24,"PRICE SOLUTIONS PHILIPPINES, INC.",PH,,,,,,,,,,,,,US,phase3_jurisdiction_model,E_model_predicted_jurisdiction,0.4879,0,1,0,,,,,,,,,,,US,0.4879,0.2329,US;DE;OTHER,0.4879;0.255;0.1042,0,,,,,,,,
PH,549300WJRIVY626H7D76,PHIL. VETERANS BANK,PH,,,,,,,,,,,,,US,phase3_jurisdiction_model,E_model_predicted_jurisdiction,0.4863,0,1,1,NON_CONSOLIDATING,,,,,,,,,,US,0.4863,0.122,US;DE;OTHER,0.4863;0.3644;0.0561,0,,,,,,,,
PH,5493000FDUJEXLCBKX50,POWER FILL INTERNATIONAL SUBIC INC.,PH,,,,,,,,,,,,,US,phase3_jurisdiction_model,E_model_predicted_jurisdiction,0.4862,0,1,1,NON_CONSOLIDATING,,,,,,,,,,US,0.4862,0.29,US;DE;EUROPE,0.4862;0.1963;0.125,0,,,,,,,,
PH,8945006Y1O7KUUSTJH16,MLC Pharma and Medical Supplies Corp.,PH,,,,,,,,,,,,,US,phase3_jurisdiction_model,E_model_predicted_jurisdiction,0.4844,0,1,0,NO_KNOWN_PERSON,,,,,,,,,,US,0.4844,0.2582,US;DE;EUROPE,0.4844;0.2262;0.1296,0,,,,,,,,
PH,984500M603C10656BF36,VICTORIA SHIPMGT. INC.,PH,,,,,,,,,,,,,DE,phase3_jurisdiction_model,E_model_predicted_jurisdiction,0.4833,0,1,0,NATURAL_PERSONS,,,,,,,,,,DE,0.4833,0.2688,DE;EUROPE;ASIA_OTHER,0.4833;0.2144;0.0982,0,,,,,,,,
PH,89450031XMEDTZ4WOI62,AVITEK ANIMAL HEALTH INC,PH,,,,,,,,,,,,,DE,phase3_jurisdiction_model,E_model_predicted_jurisdiction,0.4831,0,1,0,NO_KNOWN_PERSON,,,,,,,,,,DE,0.4831,0.2384,DE;US;EUROPE,0.4831;0.2447;0.1181,0,,,,,,,,
PH,2549002IG9KKYPCM7A31,8 Profit Hub Inc.,PH,,,,,,,,,,,,,DE,phase3_jurisdiction_model,E_model_predicted_jurisdiction,0.483,0,1,0,NO_KNOWN_PERSON,,,,,,,,,,DE,0.483,0.1818,DE;US;EUROPE,0.483;0.3012;0.1105,0,,,,,,,,
PH,2549002E5VAZNEJI1W35,BPI Asset Management and Trust Corporation,PH,,,,,,,,,,,,,AMERICAS_OTHER,phase3_jurisdiction_model,E_model_predicted_jurisdiction,0.482,0,1,0,NO_KNOWN_PERSON,,,,,,,,,,AMERICAS_OTHER,0.482,0.1706,AMERICAS_OTHER;US;EUROPE,0.482;0.3114;0.0981,0,,,,,,,,
PH,984500E9E7B76B7X5720,CENTURY PACIFIC AGRICULTURAL VENTURES INC.,PH,,,,,,,,,,,,,US,phase3_jurisdiction_model,E_model_predicted_jurisdiction,0.4816,0,1,1,NON_CONSOLIDATING,,,,,,,,,,US,0.4816,0.2551,US;DE;EUROPE,0.4816;0.2265;0.1219,0,,,,,,,,
PH,549300VZWIZE3158W321,SUN LIFE OF CANADA PROSPERITY PHIL. EQUITY FUND INC.,PH,,,,,,,,,,,,,US,phase3_jurisdiction_model,E_model_predicted_jurisdiction,0.4813,0,1,1,NON_CONSOLIDATING,,,,,,,,,,US,0.4813,0.3328,US;AMERICAS_OTHER;DE,0.4813;0.1484;0.1292,0,,,,,,,,
PH,254900BV13YPQSKRUF86,"San Puente Holdings, Inc",PH,,,,,,,,,,,,,DE,phase3_jurisdiction_model,E_model_predicted_jurisdiction,0.4813,0,1,0,NATURAL_PERSONS,,,,,,,,,,DE,0.4813,0.1677,DE;US;AMERICAS_OTHER,0.4813;0.3136;0.0777,0,,,,,,,,
PH,984500DAFECDA81DUC35,ESSILOR SHARED SERVICES PHILIPPINES INCORPORATED,PH,,,,,,,,,,,,,US,phase3_jurisdiction_model,E_model_predicted_jurisdiction,0.4809,0,1,0,NATURAL_PERSONS,,,,,,,,,,US,0.4809,0.2953,US;DE;EUROPE,0.4809;0.1856;0.1396,0,,,,,,,,
PH,2549008UAPVK62Y7NE43,Highpoint Services Network Philippines Inc.,PH,,,,,,,,,,,,,US,phase3_jurisdiction_model,E_model_predicted_jurisdiction,0.4786,0,1,0,NO_LEI,,,,,,,,,,US,0.4786,0.2788,US;DE;EUROPE,0.4786;0.1998;0.1406,0,,,,,,,,
PH,984500CFDDB891EBTS69,ONLINE LOANS PILIPINAS FINANCING INC.,PH,,,,,,,,,,,,,US,phase3_jurisdiction_model,E_model_predicted_jurisdiction,0.4781,0,1,1,NON_CONSOLIDATING,,,,,,,,,,US,0.4781,0.2378,US;DE;EUROPE,0.4781;0.2403;0.0949,0,,,,,,,,
PH,254900WZWKW7X55POZ05,AMCOR FLEXIBLES PHILIPPINES CORP.,PH,,,,,,,,,,,,,US,phase3_jurisdiction_model,E_model_predicted_jurisdiction,0.4775,0,1,0,NON_PUBLIC,,,,,,,,,,US,0.4775,0.2466,US;DE;EUROPE,0.4775;0.2309;0.1246,0,,,,,,,,
PH,984500D6XE87C07U8332,Al Amanah Islamic Investment Bank of the Philippines,PH,,,,,,,,,,,,,US,phase3_jurisdiction_model,E_model_predicted_jurisdiction,0.4774,0,1,0,NO_LEI,,,,,,,,,,US,0.4774,0.3209,US;DE;ASIA_OTHER,0.4774;0.1565;0.1397,0,,,,,,,,
PH,254900S86FNA9H907696,Roman Catholic Archbishop Of Manila,PH,,,,,,,,,,,,,US,phase3_jurisdiction_model,E_model_predicted_jurisdiction,0.4771,0,1,0,NATURAL_PERSONS,,,,,,,,,,US,0.4771,0.2458,US;DE;OTHER,0.4771;0.2312;0.1353,0,,,,,,,,
PH,549300I6LL37A9M7RL60,"LINDE PHILIPPINES, INC.",PH,,,,,,,,,,,,,DE,phase3_jurisdiction_model,E_model_predicted_jurisdiction,0.4759,0,1,1,NON_CONSOLIDATING,,,,,,,,,,DE,0.4759,0.1064,DE;US;OTHER,0.4759;0.3695;0.0543,0,,,,,,,,
PH,254900DGZ6EGTLT63535,"Nestle Philippines, Inc.",PH,,,,,,,,,,,,,DE,phase3_jurisdiction_model,E_model_predicted_jurisdiction,0.4756,0,1,1,NON_CONSOLIDATING,,,,,,,,,,DE,0.4756,0.1393,DE;US;EUROPE,0.4756;0.3363;0.0625,0,,,,,,,,
PH,894500WOI360XVAHL953,"Rural Bank of Sipocot(Camarines Sur), Inc.",PH,,,,,,,,,,,,,US,phase3_jurisdiction_model,E_model_predicted_jurisdiction,0.4754,0,1,0,NO_KNOWN_PERSON,,,,,,,,,,US,0.4754,0.2035,US;DE;OTHER,0.4754;0.2719;0.1061,0,,,,,,,,
PH,2549008UISYVGCYYV048,"ATRAM Philippine Equity Opportunity Fund, Inc.",PH,,,,,,,,,,,,,US,phase3_jurisdiction_model,E_model_predicted_jurisdiction,0.4747,0,1,1,NON_CONSOLIDATING,,,,,,,,,,US,0.4747,0.2838,US;EUROPE;DE,0.4747;0.1909;0.1776,0,,,,,,,,
PH,549300H7T6LGL1RBVY83,"PHILIPS PHILIPPINES, INC.",PH,,,,,,,,,,,,,US,phase3_jurisdiction_model,E_model_predicted_jurisdiction,0.4738,0,1,0,NON_PUBLIC,,,,,,,,,,US,0.4738,0.1858,US;DE;AMERICAS_OTHER,0.4738;0.2879;0.1132,0,,,,,,,,
PH,549300QGS1XOA2UIFQ86,BRENNTAG INGREDIENTS INC.,PH,,,,,,,,,,,,,DE,phase3_jurisdiction_model,E_model_predicted_jurisdiction,0.4734,0,1,0,NO_LEI,,,,,,,,,,DE,0.4734,0.2273,DE;US;EUROPE,0.4734;0.2462;0.0968,0,,,,,,,,
PH,89450002GSG26FQYZ239,"LifeBank, A Rural Bank",PH,,,,,,,,,,,,,DE,phase3_jurisdiction_model,E_model_predicted_jurisdiction,0.4715,0,1,0,NO_KNOWN_PERSON,,,,,,,,,,DE,0.4715,0.2002,DE;US;EUROPE,0.4715;0.2713;0.1076,0,,,,,,,,
PH,254900S4W7WQEC4U5U98,"PALOO FINANCING, INC.",PH,,,,,,,,,,,,,DE,phase3_jurisdiction_model,E_model_predicted_jurisdiction,0.4713,0,1,0,NON_PUBLIC,,,,,,,,,,DE,0.4713,0.2806,DE;EUROPE;ASIA_OTHER,0.4713;0.1907;0.1031,0,,,,,,,,
PH,894500S0ZKXQ7RTV9Q62,"MONEY MALL RURAL BANK, INC.",PH,,,,,,,,,,,,,US,phase3_jurisdiction_model,E_model_predicted_jurisdiction,0.471,0,1,0,NO_KNOWN_PERSON,,,,,,,,,,US,0.471,0.2455,US;DE;AMERICAS_OTHER,0.471;0.2255;0.1059,0,,,,,,,,
PH,549300W4805DTM3PL558,"Investments 2234 Philippines Fund I (SPV-AMC), Inc.",PH,,,,,,,,,,,,,US,phase3_jurisdiction_model,E_model_predicted_jurisdiction,0.469,0,1,1,NON_CONSOLIDATING,,,,,,,,,,US,0.469,0.1867,US;AMERICAS_OTHER;EUROPE,0.469;0.2824;0.0888,0,,,,,,,,
PH,549300E4Y7JN7VN8P057,MANULIFE INVESTMENT MANAGEMENT AND TRUST CORPORATION,PH,,,,,,,,,,,,,US,phase3_jurisdiction_model,E_model_predicted_jurisdiction,0.4684,0,1,1,NON_CONSOLIDATING,,,,,,,,,,US,0.4684,0.2015,US;AMERICAS_OTHER;OTHER,0.4684;0.2669;0.1041,0,,,,,,,,
PH,529900K4HG81TB5OEN26,Henkel Asia Pacific Service Centre,PH,,,,,,,,,,,,,US,phase3_jurisdiction_model,E_model_predicted_jurisdiction,0.468,0,1,1,NON_CONSOLIDATING,,,,,,,,,,US,0.468,0.2912,US;DE;OTHER,0.468;0.1768;0.1693,0,,,,,,,,
PH,254900VA32LYZZNXQF50,"Banco San Vicente, Inc. (A Rural Bank)",PH,,,,,,,,,,,,,US,phase3_jurisdiction_model,E_model_predicted_jurisdiction,0.4672,0,1,0,NO_KNOWN_PERSON,,,,,,,,,,US,0.4672,0.2528,US;DE;AMERICAS_OTHER,0.4672;0.2144;0.1164,0,,,,,,,,
PH,5493002A4AR5XK37G321,"PHILIPPINE AIRLINES, INC.",PH,,,,,,,,,,,,,DE,phase3_jurisdiction_model,E_model_predicted_jurisdiction,0.4669,0,1,1,NON_CONSOLIDATING,,,,,,,,,,DE,0.4669,0.1048,DE;US;AMERICAS_OTHER,0.4669;0.3621;0.0526,0,,,,,,,,
PH,254900PKCHQJCFQUCE62,EKKLESIA MUTUAL FUND INC.,PH,,,,,,,,,,,,,DE,phase3_jurisdiction_model,E_model_predicted_jurisdiction,0.4668,0,1,1,NON_CONSOLIDATING,,,,,,,,,,DE,0.4668,0.1716,DE;US;OTHER,0.4668;0.2952;0.1125,0,,,,,,,,
PH,254900145SOJJFPUPU84,Acer Global Merchandise Philippines Inc.,PH,,,,,,,,,,,,,US,phase3_jurisdiction_model,E_model_predicted_jurisdiction,0.4663,0,1,0,NO_LEI,,,,,,,,,,US,0.4663,0.2171,US;DE;EUROPE,0.4663;0.2492;0.1092,0,,,,,,,,
PH,5493008WQY4CY84QGL98,PHIL. GOLD PROCESSING & REFINING CORP.,PH,,,,,,,,,,,,,US,phase3_jurisdiction_model,E_model_predicted_jurisdiction,0.4649,0,1,0,NATURAL_PERSONS,,,,,,,,,,US,0.4649,0.2823,US;DE;EUROPE,0.4649;0.1826;0.1661,0,,,,,,,,
PH,254900AHGSPBPS34T495,PPI PAZIFIK POWER INC.,PH,,,,,,,,,,,,,DE,phase3_jurisdiction_model,E_model_predicted_jurisdiction,0.4648,0,1,0,NO_LEI,,,,,,,,,,DE,0.4648,0.2926,DE;AMERICAS_OTHER;US,0.4648;0.1721;0.1307,0,,,,,,,,
PH,549300JWFZ2NJWYJ8X67,SAN MIGUEL AEROCITY INC.,PH,,,,,,,,,,,,,DE,phase3_jurisdiction_model,E_model_predicted_jurisdiction,0.4647,0,1,0,NO_LEI,,,,,,,,,,DE,0.4647,0.2345,DE;US;EUROPE,0.4647;0.2302;0.1009,0,,,,,,,,
PH,549300SQYI82RVWFN715,METROPOLITAN BANK & TRUST COMPANY,PH,,,,,,,,,,,,,US,phase3_jurisdiction_model,E_model_predicted_jurisdiction,0.4645,0,1,1,NON_CONSOLIDATING,,,,,,,,,,US,0.4645,0.2848,US;DE;AMERICAS_OTHER,0.4645;0.1798;0.1761,0,,,,,,,,
PH,549300U3SV5LV88YPI34,GREPALIFE DOLLAR BOND FUND CORPORATION,PH,,,,,,,,,,,,,AMERICAS_OTHER,phase3_jurisdiction_model,E_model_predicted_jurisdiction,0.4635,0,1,1,NON_CONSOLIDATING,,,,,,,,,,AMERICAS_OTHER,0.4635,0.1647,AMERICAS_OTHER;US;EUROPE,0.4635;0.2988;0.1032,0,,,,,,,,
PH,549300G6J4PN39HDJC57,THOMSON REUTERS CORPORATION PTE. LTD. - PHILIPPINE BRANCH,PH,,,,,,,,,,,,,US,phase3_jurisdiction_model,E_model_predicted_jurisdiction,0.4632,0,1,0,,,,,,,,,,,US,0.4632,0.2532,US;EUROPE;AMERICAS_OTHER,0.4632;0.2099;0.1916,0,,,,,,,,
PH,254900SLFSH0EYWZ8W48,"SCHENEIDER ELECTRIC IT PHILIPPINES, INC.",PH,,,,,,,,,,,,,US,phase3_jurisdiction_model,E_model_predicted_jurisdiction,0.4631,0,1,0,NON_PUBLIC,,,,,,,,,,US,0.4631,0.2447,US;DE;EUROPE,0.4631;0.2183;0.1034,0,,,,,,,,
PH,984500D8DFTAE2B99F36,ACER PHILIPPINES INC.,PH,,,,,,,,,,,,,DE,phase3_jurisdiction_model,E_model_predicted_jurisdiction,0.463,0,1,1,NON_CONSOLIDATING,,,,,,,,,,DE,0.463,0.1908,DE;US;AMERICAS_OTHER,0.463;0.2722;0.1158,0,,,,,,,,
PH,254900C70M4NHRI85812,"ATRAM Dynamic Allocation Fund, Inc.",PH,,,,,,,,,,,,,US,phase3_jurisdiction_model,E_model_predicted_jurisdiction,0.4621,0,1,1,NON_CONSOLIDATING,,,,,,,,,,US,0.4621,0.2383,US;DE;OTHER,0.4621;0.2239;0.1676,0,,,,,,,,
PH,894500YSQ761RB6S2689,"Cantilan Bank, Inc. (A Rural Bank)",PH,,,,,,,,,,,,,US,phase3_jurisdiction_model,E_model_predicted_jurisdiction,0.4618,0,1,0,NO_KNOWN_PERSON,,,,,,,,,,US,0.4618,0.2187,US;DE;AMERICAS_OTHER,0.4618;0.2431;0.149,0,,,,,,,,
PH,635400ECABCKLTJVME44,TRANSFERMATE PHILIPPINES CORPORATION,PH,,,,,,,,,,,,,US,phase3_jurisdiction_model,E_model_predicted_jurisdiction,0.4615,0,1,1,NON_CONSOLIDATING,,,,,,,,,,US,0.4615,0.1712,US;DE;ASIA_OTHER,0.4615;0.2903;0.1121,0,,,,,,,,
PH,254900FIIA71EWVPNL25,"First Metro Save and Learn F.O.C.C.U.S. Dynamic Fund, Inc.",PH,,,,,,,,,,,,,US,phase3_jurisdiction_model,E_model_predicted_jurisdiction,0.461,0,1,0,NATURAL_PERSONS,,,,,,,,,,US,0.461,0.2738,US;DE;ASIA_OTHER,0.461;0.1872;0.1181,0,,,,,,,,
PH,9845003DO90D2B871D10,OMEGA HEALTHCARE MANAGEMENT SERVICES INC.,PH,,,,,,,,,,,,,US,phase3_jurisdiction_model,E_model_predicted_jurisdiction,0.4609,0,1,1,NON_CONSOLIDATING,,,,,,,,,,US,0.4609,0.2169,US;DE;EUROPE,0.4609;0.244;0.1182,0,,,,,,,,
PH,254900NMHK1LQWO5H733,"ALFM PESO BOND FUND, INC.",PH,,,,,,,,,,,,,US,phase3_jurisdiction_model,E_model_predicted_jurisdiction,0.4608,0,1,0,NO_KNOWN_PERSON,,,,,,,,,,US,0.4608,0.1696,US;DE;AMERICAS_OTHER,0.4608;0.2912;0.1221,0,,,,,,,,
PH,549300V444MLLOL40V54,"SUN LIFE PROSPERITY DYNAMIC FUND, INC.",PH,,,,,,,,,,,,,US,phase3_jurisdiction_model,E_model_predicted_jurisdiction,0.46,0,1,1,NON_CONSOLIDATING,,,,,,,,,,US,0.46,0.1379,US;AMERICAS_OTHER;DE,0.46;0.3221;0.1296,0,,,,,,,,
PH,98450096FZC4703L5160,"PUBLICIS MANILA, INC.",PH,,,,,,,,,,,,,DE,phase3_jurisdiction_model,E_model_predicted_jurisdiction,0.4599,0,1,0,NATURAL_PERSONS,,,,,,,,,,DE,0.4599,0.2592,DE;AMERICAS_OTHER;EUROPE,0.4599;0.2007;0.1323,0,,,,,,,,
PH,98450079CB5E6FOEKT54,"ESSILOR MANUFACTURING PHILIPPINES, INC.",PH,,,,,,,,,,,,,US,phase3_jurisdiction_model,E_model_predicted_jurisdiction,0.4591,0,1,0,NATURAL_PERSONS,,,,,,,,,,US,0.4591,0.1581,US;DE;ASIA_OTHER,0.4591;0.301;0.0835,0,,,,,,,,
PH,254900UO1U1IEHCVF528,ALFM EURO BOND FUND INC.,PH,,,,,,,,,,,,,US,phase3_jurisdiction_model,E_model_predicted_jurisdiction,0.459,0,1,0,NO_KNOWN_PERSON,,,,,,,,,,US,0.459,0.3018,US;AMERICAS_OTHER;DE,0.459;0.1571;0.1253,0,,,,,,,,
PH,254900S1D4UAUERXGL63,SPI TECHNOLOGIES INC.,PH,,,,,,,,,,,,,DE,phase3_jurisdiction_model,E_model_predicted_jurisdiction,0.459,0,1,0,NO_LEI,,,,,,,,,,DE,0.459,0.2648,DE;EUROPE;US,0.459;0.1942;0.1214,0,,,,,,,,
PH,9845004DG48940AY0820,SUN REACHERS INC.,PH,,,,,,,,,,,,,DE,phase3_jurisdiction_model,E_model_predicted_jurisdiction,0.4585,0,1,0,NATURAL_PERSONS,,,,,,,,,,DE,0.4585,0.2735,DE;EUROPE;AMERICAS_OTHER,0.4585;0.185;0.1771,0,,,,,,,,
PH,549300UB8238Q8UPD648,PAMI Asia Balanced Fund Inc.,PH,,,,,,,,,,,,,US,phase3_jurisdiction_model,E_model_predicted_jurisdiction,0.4578,0,1,0,NO_KNOWN_PERSON,,,,,,,,,,US,0.4578,0.1544,US;DE;OTHER,0.4578;0.3034;0.0838,0,,,,,,,,
PH,8945004HCVXD5KQCNI06,"RURAL BANK OF SAN MATEO (ISABELA), INC.",PH,,,,,,,,,,,,,US,phase3_jurisdiction_model,E_model_predicted_jurisdiction,0.4578,0,1,0,NO_KNOWN_PERSON,,,,,,,,,,US,0.4578,0.2407,US;DE;ASIA_OTHER,0.4578;0.2171;0.1182,0,,,,,,,,
PH,2549002PHMN9701C0T60,"UNAHCO, INC.",PH,,,,,,,,,,,,,DE,phase3_jurisdiction_model,E_model_predicted_jurisdiction,0.4577,0,1,0,NATURAL_PERSONS,,,,,,,,,,DE,0.4577,0.21,DE;EUROPE;US,0.4577;0.2478;0.1261,0,,,,,,,,
PH,549300Q859563J09SC88,31988 Foundation,PH,,,,,,,,,,,,,DE,phase3_jurisdiction_model,E_model_predicted_jurisdiction,0.4572,0,1,0,NON_PUBLIC,,,,,,,,,,DE,0.4572,0.1001,DE;US;EUROPE,0.4572;0.3571;0.1218,0,,,,,,,,
PH,984500DB90BFRD7TB627,"Araw Technologies, Inc.",PH,,,,,,,,,,,,,DE,phase3_jurisdiction_model,E_model_predicted_jurisdiction,0.4571,0,1,0,NATURAL_PERSONS,,,,,,,,,,DE,0.4571,0.2495,DE;EUROPE;ASIA_OTHER,0.4571;0.2076;0.1147,0,,,,,,,,
PH,8945004AQJBCPDJJIM66,RBANK. OF ROSARIO (LA UNION) INC.,PH,,,,,,,,,,,,,US,phase3_jurisdiction_model,E_model_predicted_jurisdiction,0.4568,0,1,0,NATURAL_PERSONS,,,,,,,,,,US,0.4568,0.2087,US;DE;AMERICAS_OTHER,0.4568;0.2481;0.149,0,,,,,,,,
PH,894500X6D6QIVW6Q2C69,"Own Bank, The Rural Bank of Cavite City, Inc",PH,,,,,,,,,,,,,US,phase3_jurisdiction_model,E_model_predicted_jurisdiction,0.4557,0,1,0,NO_KNOWN_PERSON,,,,,,,,,,US,0.4557,0.2511,US;DE;ASIA_OTHER,0.4557;0.2046;0.1267,0,,,,,,,,
PH,213800I63HUPTGAFY559,"SEAOIL PHILIPPINES, INC.",PH,,,,,,,,,,,,,DE,phase3_jurisdiction_model,E_model_predicted_jurisdiction,0.4554,0,1,0,NATURAL_PERSONS,,,,,,,,,,DE,0.4554,0.1408,DE;US;AMERICAS_OTHER,0.4554;0.3146;0.0831,0,,,,,,,,
PH,2549001PBA2MCQAWHX33,VSL International Ltd.,PH,,,,,,,,,,,,,DE,phase3_jurisdiction_model,E_model_predicted_jurisdiction,0.4551,0,1,0,,,,,,,,,,,DE,0.4551,0.097,DE;US;EUROPE,0.4551;0.3581;0.0841,0,,,,,,,,
PH,254900BQRWJR4V1XY226,"MBG Equity Investment Fund, Inc.",PH,,,,,,,,,,,,,US,phase3_jurisdiction_model,E_model_predicted_jurisdiction,0.4537,0,1,0,NATURAL_PERSONS,,,,,,,,,,US,0.4537,0.2179,US;DE;OTHER,0.4537;0.2357;0.126,0,,,,,,,,
PH,549300F9ESZBV3DZ6E78,MANULIFE CHINA BANK LIFE ASSURANCE CORP - GLOBAL TARGET INCOME FUND,PH,,,,,,,,,,,,,US,phase3_jurisdiction_model,E_model_predicted_jurisdiction,0.4534,0,1,1,NON_CONSOLIDATING,,,,,,,,,,US,0.4534,0.1765,US;AMERICAS_OTHER;EUROPE,0.4534;0.2769;0.1006,0,,,,,,,,
PH,254900H2P6KET1UZLF84,PMFTC Inc. Philip Morris Philippines Manufacturing Inc. Multi Employer Retirement Benefit Plan,PH,,,,,,,,,,,,,US,phase3_jurisdiction_model,E_model_predicted_jurisdiction,0.4529,0,1,0,NATURAL_PERSONS,,,,,,,,,,US,0.4529,0.2787,US;DE;EUROPE,0.4529;0.1742;0.1486,0,,,,,,,,
PH,549300LOTFYYCSIC4770,AIA INVESTMENT MANAGEMENT AND TRUST CORPORATION PHILIPPINES UNDER THE NAMEAND STYLE OF AIAIM PH,PH,,,,,,,,,,,,,US,phase3_jurisdiction_model,E_model_predicted_jurisdiction,0.4527,0,1,0,NO_KNOWN_PERSON,,,,,,,,,,US,0.4527,0.1861,US;AMERICAS_OTHER;EUROPE,0.4527;0.2666;0.1854,0,,,,,,,,
PH,2138009XN3KTAAKUPR35,JOLLIBEE FOODS CORPORATION,PH,,,,,,,,,,,,,DE,phase3_jurisdiction_model,E_model_predicted_jurisdiction,0.4524,0,1,0,NO_KNOWN_PERSON,,,,,,,,,,DE,0.4524,0.1569,DE;US;OTHER,0.4524;0.2955;0.0989,0,,,,,,,,
PH,254900Z505LF1NK52V56,AICOM MANPOWER SERVICES,PH,,,,,,,,,,,,,DE,phase3_jurisdiction_model,E_model_predicted_jurisdiction,0.4522,0,1,0,NATURAL_PERSONS,,,,,,,,,,DE,0.4522,0.0912,DE;US;EUROPE,0.4522;0.361;0.1165,0,,,,,,,,
PH,254900CG8L5H405C9063,GOTYME BANK CORPORATION,PH,,,,,,,,,,,,,DE,phase3_jurisdiction_model,E_model_predicted_jurisdiction,0.4515,0,1,0,NO_LEI,,,,,,,,,,DE,0.4515,0.1979,DE;US;EUROPE,0.4515;0.2535;0.1326,0,,,,,,,,
PH,549300NZIGN6CQ6F9A46,INTEGRATED MICRO-ELECTRONICS INC.,PH,,,,,,,,,,,,,DE,phase3_jurisdiction_model,E_model_predicted_jurisdiction,0.4509,0,1,1,NON_CONSOLIDATING,,,,,,,,,,DE,0.4509,0.1173,DE;US;EUROPE,0.4509;0.3336;0.0595,0,,,,,,,,
PH,254900P57OOZ5AY5C521,Megaworld Corporation,PH,,,,,,,,,,,,,DE,phase3_jurisdiction_model,E_model_predicted_jurisdiction,0.4504,0,1,0,NO_LEI,,,,,,,,,,DE,0.4504,0.2508,DE;US;EUROPE,0.4504;0.1996;0.1556,0,,,,,,,,
PH,5299001D8AFME8C20Q29,Schaeffler Philippines Inc.,PH,,,,,,,,,,,,,US,phase3_jurisdiction_model,E_model_predicted_jurisdiction,0.4501,0,1,1,NON_CONSOLIDATING,,,,,,,,,,US,0.4501,0.1491,US;DE;OFFSHORE,0.4501;0.301;0.0995,0,,,,,,,,
PH,2138002VZ5BXPOMO9J32,"FLY ACE HOLDINGS, INC.",PH,,,,,,,,,,,,,DE,phase3_jurisdiction_model,E_model_predicted_jurisdiction,0.4493,0,1,0,NATURAL_PERSONS,,,,,,,,,,DE,0.4493,0.2997,DE;EUROPE;ASIA_OTHER,0.4493;0.1496;0.1459,0,,,,,,,,
PH,2549003WBGIWUSNRZX59,PHILEX MINING CORP.,PH,,,,,,,,,,,,,DE,phase3_jurisdiction_model,E_model_predicted_jurisdiction,0.4492,0,1,0,NON_PUBLIC,,,,,,,,,,DE,0.4492,0.1938,DE;US;EUROPE,0.4492;0.2554;0.1554,0,,,,,,,,
PH,549300IU4MWWNXLYOH47,SITEL PHILIPPINES CORPORATION,PH,,,,,,,,,,,,,DE,phase3_jurisdiction_model,E_model_predicted_jurisdiction,0.4492,0,1,1,NON_CONSOLIDATING,,,,,,,,,,DE,0.4492,0.0949,DE;US;OTHER,0.4492;0.3543;0.0599,0,,,,,,,,
PH,9845006E6C16YS9ED470,HH CONSULTING INC.,PH,,,,,,,,,,,,,DE,phase3_jurisdiction_model,E_model_predicted_jurisdiction,0.4485,0,1,0,NATURAL_PERSONS,,,,,,,,,,DE,0.4485,0.2646,DE;EUROPE;AMERICAS_OTHER,0.4485;0.1839;0.1644,0,,,,,,,,
PH,549300TH4BNEB622D314,"WRIGLEY PHILIPPINES, INCORPORATED",PH,,,,,,,,,,,,,US,phase3_jurisdiction_model,E_model_predicted_jurisdiction,0.4484,0,1,0,,,,,,,,,,,US,0.4484,0.159,US;DE;OFFSHORE,0.4484;0.2895;0.0806,0,,,,,,,,
PH,549300HBCE80QXKII590,SAN MIGUEL GLOBAL POWER HOLDINGS CORP.,PH,,,,,,,,,,,,,US,phase3_jurisdiction_model,E_model_predicted_jurisdiction,0.4472,0,1,1,NON_CONSOLIDATING,,,,,,,,,,US,0.4472,0.253,US;DE;EUROPE,0.4472;0.1943;0.144,0,,,,,,,,
PH,549300DXFOJWFCYAGP78,NALCO PHILIPPINES INC.,PH,,,,,,,,,,,,,DE,phase3_jurisdiction_model,E_model_predicted_jurisdiction,0.4466,0,1,0,NON_PUBLIC,,,,,,,,,,DE,0.4466,0.0493,DE;US;EUROPE,0.4466;0.3973;0.0478,0,,,,,,,,
PH,254900ZDHUHW37PF0W24,"NCM MUTUAL FUND OF THE PHILS., INC.",PH,,,,,,,,,,,,,AMERICAS_OTHER,phase3_jurisdiction_model,E_model_predicted_jurisdiction,0.4465,0,1,0,NO_KNOWN_PERSON,,,,,,,,,,AMERICAS_OTHER,0.4465,0.2249,AMERICAS_OTHER;US;EUROPE,0.4465;0.2216;0.1203,0,,,,,,,,
PH,254900JLQP5HFUXXQK21,"Phoenix Petroleum Philippines, Inc.",PH,,,,,,,,,,,,,US,phase3_jurisdiction_model,E_model_predicted_jurisdiction,0.4455,0,1,0,NO_KNOWN_PERSON,,,,,,,,,,US,0.4455,0.1426,US;DE;EUROPE,0.4455;0.3029;0.0707,0,,,,,,,,
PH,8945006FKM6W59TJLJ32,AHAV Business Process Outsourcing Services,PH,,,,,,,,,,,,,US,phase3_jurisdiction_model,E_model_predicted_jurisdiction,0.4443,0,1,0,NATURAL_PERSONS,,,,,,,,,,US,0.4443,0.1786,US;DE;EUROPE,0.4443;0.2657;0.1247,0,,,,,,,,
PH,254900DFNVPKG3WZ7O76,"GPay Network PH, Inc.",PH,,,,,,,,,,,,,DE,phase3_jurisdiction_model,E_model_predicted_jurisdiction,0.4443,0,1,0,NON_PUBLIC,,,,,,,,,,DE,0.4443,0.285,DE;US;EUROPE,0.4443;0.1593;0.151,0,,,,,,,,
PH,213800YFUFE2K89R2B54,PHILIPPINE TRANSMARINE CARRIERS INC.,PH,,,,,,,,,,,,,US,phase3_jurisdiction_model,E_model_predicted_jurisdiction,0.4443,0,1,0,NO_KNOWN_PERSON,,,,,,,,,,US,0.4443,0.1561,US;DE;OTHER,0.4443;0.2882;0.0769,0,,,,,,,,
PH,54930093ZQNC5BY7OG92,"SIGNIFY PHILIPPINES, INC.",PH,,,,,,,,,,,,,DE,phase3_jurisdiction_model,E_model_predicted_jurisdiction,0.4443,0,1,1,NON_CONSOLIDATING,,,,,,,,,,DE,0.4443,0.0992,DE;US;AMERICAS_OTHER,0.4443;0.345;0.0736,0,,,,,,,,
PH,25490084Z4Q8FRMJH837,"DENTSU PERFORMANCE PHILIPPINES, INC.",PH,,,,,,,,,,,,,US,phase3_jurisdiction_model,E_model_predicted_jurisdiction,0.4441,0,1,0,NO_LEI,,,,,,,,,,US,0.4441,0.2159,US;DE;AMERICAS_OTHER,0.4441;0.2282;0.0928,0,,,,,,,,
PH,254900B0YAIKCLF7J154,FGP CORP.,PH,,,,,,,,,,,,,DE,phase3_jurisdiction_model,E_model_predicted_jurisdiction,0.4437,0,1,0,NATURAL_PERSONS,,,,,,,,,,DE,0.4437,0.2055,DE;US;EUROPE,0.4437;0.2381;0.153,0,,,,,,,,
PH,254900L1EIR1CG28MR52,Amkor Technology Philippines Inc,PH,,,,,,,,,,,,,US,phase3_jurisdiction_model,E_model_predicted_jurisdiction,0.4434,0,1,0,,,,,,,,,,,US,0.4434,0.1664,US;DE;EUROPE,0.4434;0.277;0.0959,0,,,,,,,,
PH,254900RANKFNVI0V3653,Pagbilao Energy Corporation,PH,,,,,,,,,,,,,DE,phase3_jurisdiction_model,E_model_predicted_jurisdiction,0.4431,0,1,1,NON_CONSOLIDATING,,,,,,,,,,DE,0.4431,0.1695,DE;US;OTHER,0.4431;0.2736;0.1178,0,,,,,,,,
PH,549300X0MVH42CY8Q105,ASIAN DEVELOPMENT BANK,PH,,,,,,,,,,,,,US,phase3_jurisdiction_model,E_model_predicted_jurisdiction,0.4424,0,1,0,NO_KNOWN_PERSON,,,,,,,,,,US,0.4424,0.0025,US;DE;EUROPE,0.4424;0.4399;0.0614,0,,,,,,,,
PH,2549008F5QI7Y2FDN526,Nickel Asia Corporation,PH,,,,,,,,,,,,,DE,phase3_jurisdiction_model,E_model_predicted_jurisdiction,0.4423,0,1,0,NO_KNOWN_PERSON,,,,,,,,,,DE,0.4423,0.2086,DE;US;EUROPE,0.4423;0.2337;0.1189,0,,,,,,,,
PH,984500CRF3FY5537B310,"GIGA ACE 6, Inc.",PH,,,,,,,,,,,,,DE,phase3_jurisdiction_model,E_model_predicted_jurisdiction,0.4419,0,1,0,NATURAL_PERSONS,,,,,,,,,,DE,0.4419,0.2079,DE;EUROPE;US,0.4419;0.234;0.1389,0,,,,,,,,
PH,4IDQTQC5NXVM3WSFHR30,BANGKO SENTRAL NG PILIPINAS,PH,,,,,,,,,,,,,US,phase3_jurisdiction_model,E_model_predicted_jurisdiction,0.4414,0,1,0,NO_KNOWN_PERSON,,,,,,,,,,US,0.4414,0.1195,US;DE;OFFSHORE,0.4414;0.3219;0.066,0,,,,,,,,
PH,549300BTNWR3X658Z105,TOPJUAN TECH CORPORATION,PH,,,,,,,,,,,,,DE,phase3_jurisdiction_model,E_model_predicted_jurisdiction,0.4412,0,1,0,NATURAL_PERSONS,,,,,,,,,,DE,0.4412,0.239,DE;US;EUROPE,0.4412;0.2022;0.1349,0,,,,,,,,
PH,254900HKNTC2EEHEGL80,Ryonan Electric Philippines Corporation,PH,,,,,,,,,,,,,US,phase3_jurisdiction_model,E_model_predicted_jurisdiction,0.4403,0,1,0,NO_LEI,,,,,,,,,,US,0.4403,0.1617,US;DE;EUROPE,0.4403;0.2785;0.1215,0,,,,,,,,
PH,254900RO3ZZOHC1RCJ04,Puratos (Philippines) Inc.,PH,,,,,,,,,,,,,DE,phase3_jurisdiction_model,E_model_predicted_jurisdiction,0.44,0,1,0,NON_PUBLIC,,,,,,,,,,DE,0.44,0.0994,DE;US;OFFSHORE,0.44;0.3406;0.0678,0,,,,,,,,
PH,254900C2V1YEVU0VVB68,"Top Bank Philippines, Inc. (A Rural Bank)",PH,,,,,,,,,,,,,US,phase3_jurisdiction_model,E_model_predicted_jurisdiction,0.4396,0,1,0,NATURAL_PERSONS,,,,,,,,,,US,0.4396,0.286,US;DE;EUROPE,0.4396;0.1536;0.1457,0,,,,,,,,
PH,54930051TIGNGQ4Z3Y02,"SUN LIFE PROSPERITY DOLLAR ABUNDANCE FUND, INC.",PH,,,,,,,,,,,,,US,phase3_jurisdiction_model,E_model_predicted_jurisdiction,0.4395,0,1,1,NON_CONSOLIDATING,,,,,,,,,,US,0.4395,0.1192,US;AMERICAS_OTHER;DE,0.4395;0.3203;0.1404,0,,,,,,,,
PH,549300DHFHCIQ6Y51250,SUN LIFE PROSPERITY DOLLAR ADVANTAGE FUND INC.,PH,,,,,,,,,,,,,US,phase3_jurisdiction_model,E_model_predicted_jurisdiction,0.4395,0,1,1,NON_CONSOLIDATING,,,,,,,,,,US,0.4395,0.1242,US;AMERICAS_OTHER;DE,0.4395;0.3153;0.1404,0,,,,,,,,
PH,549300SCSSLGV0B02X36,"SUN LIFE PROSPERITY DOLLAR WELLSPRING FUND, INC.",PH,,,,,,,,,,,,,US,phase3_jurisdiction_model,E_model_predicted_jurisdiction,0.4395,0,1,1,NON_CONSOLIDATING,,,,,,,,,,US,0.4395,0.1192,US;AMERICAS_OTHER;DE,0.4395;0.3203;0.1404,0,,,,,,,,
PH,98450094B1BE7BD9CX59,SGS PHILS. INC,PH,,,,,,,,,,,,,DE,phase3_jurisdiction_model,E_model_predicted_jurisdiction,0.4389,0,1,0,NON_PUBLIC,,,,,,,,,,DE,0.4389,0.2807,DE;EUROPE;AMERICAS_OTHER,0.4389;0.1582;0.1266,0,,,,,,,,
PH,984500F12BESDDE70K05,SKILLS INTL. CO. INC.,PH,,,,,,,,,,,,,DE,phase3_jurisdiction_model,E_model_predicted_jurisdiction,0.4385,0,1,0,NATURAL_PERSONS,,,,,,,,,,DE,0.4385,0.2452,DE;EUROPE;US,0.4385;0.1933;0.1246,0,,,,,,,,
PH,254900OTYUG8YYDAQ761,"VICAR APOSTOLIC OF CALAPAN, INC.",PH,,,,,,,,,,,,,US,phase3_jurisdiction_model,E_model_predicted_jurisdiction,0.4385,0,1,0,NATURAL_PERSONS,,,,,,,,,,US,0.4385,0.156,US;DE;AMERICAS_OTHER,0.4385;0.2825;0.0851,0,,,,,,,,
PH,2549006F0WW5IJ235H35,"AMERTRON, INC.",PH,,,,,,,,,,,,,DE,phase3_jurisdiction_model,E_model_predicted_jurisdiction,0.4384,0,1,0,NO_LEI,,,,,,,,,,DE,0.4384,0.203,DE;EUROPE;US,0.4384;0.2354;0.1663,0,,,,,,,,
PH,549300UW4UH6XT2X8C50,BANK OF THE PHIL. ISLANDS,PH,,,,,,,,,,,,,US,phase3_jurisdiction_model,E_model_predicted_jurisdiction,0.4382,0,1,0,NATURAL_PERSONS,,,,,,,,,,US,0.4382,0.2012,US;DE;AMERICAS_OTHER,0.4382;0.2369;0.1797,0,,,,,,,,
PH,8945009OA4JE4ZBSZY50,"Tonik Digital Bank, Inc.",PH,,,,,,,,,,,,,DE,phase3_jurisdiction_model,E_model_predicted_jurisdiction,0.4371,0,1,0,NO_KNOWN_PERSON,,,,,,,,,,DE,0.4371,0.1055,DE;US;OTHER,0.4371;0.3315;0.0918,0,,,,,,,,
PH,549300NLRS64LAXIVL17,SUN LIFE OF CANADA PROSPERITY BALANCED FUND INC,PH,,,,,,,,,,,,,US,phase3_jurisdiction_model,E_model_predicted_jurisdiction,0.437,0,1,1,NON_CONSOLIDATING,,,,,,,,,,US,0.437,0.1217,US;AMERICAS_OTHER;DE,0.437;0.3153;0.1341,0,,,,,,,,
PH,894500P2KTZOCIBFJN67,Metro Pacific Investments Corporation,PH,,,,,,,,,,,,,US,phase3_jurisdiction_model,E_model_predicted_jurisdiction,0.4367,0,1,0,NO_KNOWN_PERSON,,,,,,,,,,US,0.4367,0.2112,US;DE;OTHER,0.4367;0.2256;0.1568,0,,,,,,,,
PH,254900DBWM1NTQKYXP89,Eramen Minerals Inc.,PH,,,,,,,,,,,,,DE,phase3_jurisdiction_model,E_model_predicted_jurisdiction,0.4362,0,1,0,NATURAL_PERSONS,,,,,,,,,,DE,0.4362,0.2472,DE;AMERICAS_OTHER;EUROPE,0.4362;0.189;0.1563,0,,,,,,,,
PH,2549001QRWOO8212OQ71,Isla LPG Corporation,PH,,,,,,,,,,,,,DE,phase3_jurisdiction_model,E_model_predicted_jurisdiction,0.4362,0,1,0,NO_LEI,,,,,,,,,,DE,0.4362,0.2531,DE;US;AMERICAS_OTHER,0.4362;0.1831;0.1397,0,,,,,,,,
PH,894500RO1YT8LC40B281,MAKILING DEVELOPMENT BANK CORPORATION,PH,,,,,,,,,,,,,US,phase3_jurisdiction_model,E_model_predicted_jurisdiction,0.4358,0,1,0,NO_KNOWN_PERSON,,,,,,,,,,US,0.4358,0.1655,US;DE;OTHER,0.4358;0.2703;0.1201,0,,,,,,,,
PH,2549006F70TZGVZBLL71,Future Innovation Management Academy (FINMAC) Inc.,PH,,,,,,,,,,,,,US,phase3_jurisdiction_model,E_model_predicted_jurisdiction,0.4357,0,1,0,NATURAL_PERSONS,,,,,,,,,,US,0.4357,0.2322,US;DE;EUROPE,0.4357;0.2034;0.1253,0,,,,,,,,
PH,254900UT7YQ6PEG7MU44,JEBSEN & JESSEN INGREDIENTS (P) INC.,PH,,,,,,,,,,,,,US,phase3_jurisdiction_model,E_model_predicted_jurisdiction,0.4351,0,1,0,NATURAL_PERSONS,,,,,,,,,,US,0.4351,0.0671,US;AMERICAS_OTHER;DE,0.4351;0.3681;0.0901,0,,,,,,,,
PH,2549009ME4AK3ADZE687,MEGA INTERNATIONAL COMMERCIAL BANK CO. LTD.,PH,,,,,,,,,,,,,US,phase3_jurisdiction_model,E_model_predicted_jurisdiction,0.4343,0,1,0,,,,,,,,,,,US,0.4343,0.2346,US;EUROPE;DE,0.4343;0.1998;0.1498,0,,,,,,,,
PH,9845005C0D0A15ZCDF51,"PNB Securities, Inc.",PH,,,,,,,,,,,,,DE,phase3_jurisdiction_model,E_model_predicted_jurisdiction,0.4341,0,1,0,NATURAL_PERSONS,,,,,,,,,,DE,0.4341,0.2595,DE;AMERICAS_OTHER;EUROPE,0.4341;0.1747;0.1225,0,,,,,,,,
PH,254900TMWW9DC8K4TE36,"PRYCE GASES, INC.",PH,,,,,,,,,,,,,DE,phase3_jurisdiction_model,E_model_predicted_jurisdiction,0.4339,0,1,0,NO_LEI,,,,,,,,,,DE,0.4339,0.2757,DE;EUROPE;AMERICAS_OTHER,0.4339;0.1582;0.1316,0,,,,,,,,
PH,549300V9K708TICWWC92,"RURAL BANK OF LA PAZ, INC.",PH,,,,,,,,,,,,,US,phase3_jurisdiction_model,E_model_predicted_jurisdiction,0.4336,0,1,0,NO_KNOWN_PERSON,,,,,,,,,,US,0.4336,0.132,US;DE;OTHER,0.4336;0.3016;0.0933,0,,,,,,,,
PH,5299006JDPQU5NI23Q41,Vega International Shipmanagement Inc,PH,,,,,,,,,,,,,DE,phase3_jurisdiction_model,E_model_predicted_jurisdiction,0.4328,0,1,0,NATURAL_PERSONS,,,,,,,,,,DE,0.4328,0.1274,DE;US;EUROPE,0.4328;0.3055;0.1006,0,,,,,,,,
PH,2138006GJ4HIOQZSVX71,CARMEN COPPER CORPORATION,PH,,,,,,,,,,,,,DE,phase3_jurisdiction_model,E_model_predicted_jurisdiction,0.4322,0,1,0,NATURAL_PERSONS,,,,,,,,,,DE,0.4322,0.1761,DE;US;EUROPE,0.4322;0.2561;0.1664,0,,,,,,,,
PH,9845009783E9705DA385,Jship Management Philippines OPC,PH,,,,,,,,,,,,,US,phase3_jurisdiction_model,E_model_predicted_jurisdiction,0.432,0,1,0,NO_KNOWN_PERSON,,,,,,,,,,US,0.432,0.1142,US;DE;EUROPE,0.432;0.3179;0.0795,0,,,,,,,,
PH,984500641DDEEF61FB22,"VIRTUS SYSTEMS, INC",PH,,,,,,,,,,,,,DE,phase3_jurisdiction_model,E_model_predicted_jurisdiction,0.4316,0,1,0,NATURAL_PERSONS,,,,,,,,,,DE,0.4316,0.285,DE;AMERICAS_OTHER;EUROPE,0.4316;0.1466;0.1455,0,,,,,,,,
PH,984500B38C07A5B03B25,"7107 ISLANDS PLACEMENT & PROMOTIONS, INC",PH,,,,,,,,,,,,,US,phase3_jurisdiction_model,E_model_predicted_jurisdiction,0.4311,0,1,0,NATURAL_PERSONS,,,,,,,,,,US,0.4311,0.2313,US;DE;EUROPE,0.4311;0.1998;0.1625,0,,,,,,,,
PH,549300JORLBR93L7K611,"SUN LIFE PROSPERITY DOLLAR STARTER FUND, INC.",PH,,,,,,,,,,,,,US,phase3_jurisdiction_model,E_model_predicted_jurisdiction,0.4309,0,1,1,NON_CONSOLIDATING,,,,,,,,,,US,0.4309,0.1107,US;AMERICAS_OTHER;DE,0.4309;0.3203;0.143,0,,,,,,,,
PH,254900W7RO197GWSHB05,"ALFM MONEY MARKET FUND, INC.",PH,,,,,,,,,,,,,US,phase3_jurisdiction_model,E_model_predicted_jurisdiction,0.4305,0,1,1,NON_CONSOLIDATING,,,,,,,,,,US,0.4305,0.1937,US;DE;AMERICAS_OTHER,0.4305;0.2367;0.1375,0,,,,,,,,
PH,549300TJ3L4M9JTBEW53,"SUN LIFE PROSPERITY PESO VOYAGER FEEDER FUND, INC",PH,,,,,,,,,,,,,US,phase3_jurisdiction_model,E_model_predicted_jurisdiction,0.4303,0,1,0,NO_KNOWN_PERSON,,,,,,,,,,US,0.4303,0.1943,US;EUROPE;AMERICAS_OTHER,0.4303;0.236;0.105,0,,,,,,,,
PH,894500ADOQ52GWRVYJ54,SP ADVISORY & CONSULTING SERVICES INC.,PH,,,,,,,,,,,,,US,phase3_jurisdiction_model,E_model_predicted_jurisdiction,0.4301,0,1,0,NO_KNOWN_PERSON,,,,,,,,,,US,0.4301,0.2323,US;DE;EUROPE,0.4301;0.1978;0.1632,0,,,,,,,,
PH,254900R498ZMCZ2LOF96,FIRST METRO SAVE & LEARN PHILIPPINE INDEX FUND (SALPHIN) INC.,PH,,,,,,,,,,,,,US,phase3_jurisdiction_model,E_model_predicted_jurisdiction,0.4296,0,1,1,NON_CONSOLIDATING,,,,,,,,,,US,0.4296,0.2533,US;DE;EUROPE,0.4296;0.1763;0.1718,0,,,,,,,,
PH,254900463B5GB7LU9K81,"First Metro Philippine Equity Exchange Traded Fund, Inc.",PH,,,,,,,,,,,,,US,phase3_jurisdiction_model,E_model_predicted_jurisdiction,0.4296,0,1,1,NON_CONSOLIDATING,,,,,,,,,,US,0.4296,0.2533,US;DE;EUROPE,0.4296;0.1763;0.1718,0,,,,,,,,
PH,8945007PRF1RRI73BI14,"GM BANK OF LUZON, INC. ( A RURAL BANK)",PH,,,,,,,,,,,,,US,phase3_jurisdiction_model,E_model_predicted_jurisdiction,0.4289,0,1,0,NO_KNOWN_PERSON,,,,,,,,,,US,0.4289,0.1837,US;DE;OTHER,0.4289;0.2452;0.1273,0,,,,,,,,
PH,8945005H8IQOSF8GOJ66,"Rural Bank of Bacolod City, Inc.",PH,,,,,,,,,,,,,US,phase3_jurisdiction_model,E_model_predicted_jurisdiction,0.4285,0,1,0,NO_KNOWN_PERSON,,,,,,,,,,US,0.4285,0.1676,US;DE;AMERICAS_OTHER,0.4285;0.2609;0.159,0,,,,,,,,
PH,549300RTOPP4NYEQXI84,APAC BUSINESS SUPPORT SERVICES,PH,,,,,,,,,,,,,US,phase3_jurisdiction_model,E_model_predicted_jurisdiction,0.4284,0,1,1,NON_CONSOLIDATING,,,,,,,,,,US,0.4284,0.1448,US;DE;OTHER,0.4284;0.2836;0.1292,0,,,,,,,,
PH,894500FJU9099EPY1A42,ASIANINVEST CONSULTANTS INC.,PH,,,,,,,,,,,,,DE,phase3_jurisdiction_model,E_model_predicted_jurisdiction,0.4277,0,1,0,NO_KNOWN_PERSON,,,,,,,,,,DE,0.4277,0.1802,DE;US;OTHER,0.4277;0.2475;0.08,0,,,,,,,,
PH,254900P0ZPSRAHUO2131,"GT Capital Holdings, Inc.",PH,,,,,,,,,,,,,DE,phase3_jurisdiction_model,E_model_predicted_jurisdiction,0.4271,0,1,0,NO_LEI,,,,,,,,,,DE,0.4271,0.2222,DE;US;AMERICAS_OTHER,0.4271;0.2049;0.1877,0,,,,,,,,
PH,254900LYER8M78KTRQ04,"ATRAM Total Return Dollar Bond Fund, Inc.",PH,,,,,,,,,,,,,US,phase3_jurisdiction_model,E_model_predicted_jurisdiction,0.4264,0,1,0,NO_KNOWN_PERSON,,,,,,,,,,US,0.4264,0.2286,US;DE;OTHER,0.4264;0.1978;0.1497,0,,,,,,,,
PH,5493007O4ESHWQIJQ015,"SUN LIFE PROSPERITY PESO STARTER FUND, INC.",PH,,,,,,,,,,,,,US,phase3_jurisdiction_model,E_model_predicted_jurisdiction,0.4259,0,1,1,NON_CONSOLIDATING,,,,,,,,,,US,0.4259,0.1047,US;AMERICAS_OTHER;DE,0.4259;0.3213;0.143,0,,,,,,,,
PH,254900MZ524GKRDF5V85,"Welcome Bank, Rural Bank Inc.",PH,,,,,,,,,,,,,US,phase3_jurisdiction_model,E_model_predicted_jurisdiction,0.4256,0,1,0,NATURAL_PERSONS,,,,,,,,,,US,0.4256,0.2089,US;DE;AMERICAS_OTHER,0.4256;0.2167;0.143,0,,,,,,,,
PH,549300MW9OVMRJKCB072,ROBINSONS BANK CORPORATION,PH,,,,,,,,,,,,,DE,phase3_jurisdiction_model,E_model_predicted_jurisdiction,0.4249,0,1,1,NON_CONSOLIDATING,,,,,,,,,,DE,0.4249,0.1409,DE;US;EUROPE,0.4249;0.2839;0.1389,0,,,,,,,,
PH,98450037A05D65W5CE39,SIKA PHILIPPINE INC.,PH,,,,,,,,,,,,,DE,phase3_jurisdiction_model,E_model_predicted_jurisdiction,0.4249,0,1,0,NATURAL_PERSONS,,,,,,,,,,DE,0.4249,0.1219,DE;US;AMERICAS_OTHER,0.4249;0.3031;0.0975,0,,,,,,,,
PH,529900IXDGCCLXPZDB73,Cronimet Metal Philippines Inc.,PH,,,,,,,,,,,,,US,phase3_jurisdiction_model,E_model_predicted_jurisdiction,0.4238,0,1,1,NON_CONSOLIDATING,,,,,,,,,,US,0.4238,0.0853,US;DE;OFFSHORE,0.4238;0.3385;0.1086,0,,,,,,,,
PH,549300KYZ7XXY62NYK52,SUN LIFE OF CANADA PROSPERITY BOND FUND INC.,PH,,,,,,,,,,,,,US,phase3_jurisdiction_model,E_model_predicted_jurisdiction,0.4235,0,1,1,NON_CONSOLIDATING,,,,,,,,,,US,0.4235,0.1072,US;AMERICAS_OTHER;DE,0.4235;0.3163;0.1367,0,,,,,,,,
PH,549300A7SWFQC7TXDQ26,GREPALIFE BALANCED FUND CORPORATION,PH,,,,,,,,,,,,,AMERICAS_OTHER,phase3_jurisdiction_model,E_model_predicted_jurisdiction,0.4222,0,1,1,NON_CONSOLIDATING,,,,,,,,,,AMERICAS_OTHER,0.4222,0.1906,AMERICAS_OTHER;US;DE,0.4222;0.2315;0.105,0,,,,,,,,
PH,8945004771OP0SYBGU80,Cooperative Bank of Cagayan,PH,,,,,,,,,,,,,US,phase3_jurisdiction_model,E_model_predicted_jurisdiction,0.4217,0,1,0,NO_KNOWN_PERSON,,,,,,,,,,US,0.4217,0.1402,US;DE;OTHER,0.4217;0.2814;0.0946,0,,,,,,,,
PH,52990029B29N9YX3EH05,"Brenntag Chemicals Philippines, Inc.",PH,,,,,,,,,,,,,US,phase3_jurisdiction_model,E_model_predicted_jurisdiction,0.4206,0,1,0,NO_KNOWN_PERSON,,,,,,,,,,US,0.4206,0.088,US;DE;EUROPE,0.4206;0.3325;0.104,0,,,,,,,,
PH,984500D6C0BE78C0E897,"BOSTIK PHILIPPINES, INC.",PH,,,,,,,,,,,,,DE,phase3_jurisdiction_model,E_model_predicted_jurisdiction,0.4196,0,1,1,NON_CONSOLIDATING,,,,,,,,,,DE,0.4196,0.0982,DE;US;EUROPE,0.4196;0.3214;0.065,0,,,,,,,,
PH,2549006O24D4ZUP2X838,"AIPH Merchant Services, Inc.",PH,,,,,,,,,,,,,DE,phase3_jurisdiction_model,E_model_predicted_jurisdiction,0.4174,0,1,1,NON_CONSOLIDATING,,,,,,,,,,DE,0.4174,0.1964,DE;US;AMERICAS_OTHER,0.4174;0.221;0.1311,0,,,,,,,,
PH,549300G0XRQ3LH2MSQ49,MANULIFE CHINA BANK LIFE ASSURANCE CORP - ASIA PACIFIC BOND FUND,PH,,,,,,,,,,,,,US,phase3_jurisdiction_model,E_model_predicted_jurisdiction,0.4166,0,1,1,NON_CONSOLIDATING,,,,,,,,,,US,0.4166,0.2524,US;DE;EUROPE,0.4166;0.1642;0.1375,0,,,,,,,,
PH,254900PDDLNNMSYV1217,SAMSUNG ELECTRONICS PHILIPPINES CORPORATION,PH,,,,,,,,,,,,,US,phase3_jurisdiction_model,E_model_predicted_jurisdiction,0.4166,0,1,0,NON_PUBLIC,,,,,,,,,,US,0.4166,0.2045,US;DE;EUROPE,0.4166;0.2121;0.171,0,,,,,,,,
PH,9845000DB6C6E97D5D81,Probe CX Philippines Inc,PH,,,,,,,,,,,,,DE,phase3_jurisdiction_model,E_model_predicted_jurisdiction,0.4155,0,1,0,NO_LEI,,,,,,,,,,DE,0.4155,0.1341,DE;US;EUROPE,0.4155;0.2814;0.1045,0,,,,,,,,
PH,254900L6SRE70EKZOE81,Ni Ao Software Limited Corp.,PH,,,,,,,,,,,,,US,phase3_jurisdiction_model,E_model_predicted_jurisdiction,0.4154,0,1,0,NATURAL_PERSONS,,,,,,,,,,US,0.4154,0.2026,US;DE;EUROPE,0.4154;0.2128;0.1233,0,,,,,,,,
PH,98450005081LC44D1595,"NEC PHILIPPINES, INC.",PH,,,,,,,,,,,,,DE,phase3_jurisdiction_model,E_model_predicted_jurisdiction,0.4151,0,1,0,NATURAL_PERSONS,,,,,,,,,,DE,0.4151,0.1958,DE;US;AMERICAS_OTHER,0.4151;0.2192;0.203,0,,,,,,,,
PH,254900YF6C9T330IOE07,Sky Cable Corporation,PH,,,,,,,,,,,,,DE,phase3_jurisdiction_model,E_model_predicted_jurisdiction,0.415,0,1,0,NON_PUBLIC,,,,,,,,,,DE,0.415,0.0891,DE;US;EUROPE,0.415;0.3259;0.1506,0,,,,,,,,
PH,5493008BR4EC6IEUBG57,"SUN LIFE PROSPERITY GS FUND, INC.",PH,,,,,,,,,,,,,US,phase3_jurisdiction_model,E_model_predicted_jurisdiction,0.4149,0,1,1,NON_CONSOLIDATING,,,,,,,,,,US,0.4149,0.0628,US;AMERICAS_OTHER;DE,0.4149;0.3521;0.1278,0,,,,,,,,
PH,2549001LKYZJC418SS88,"ATR Asset Management, Inc.",PH,,,,,,,,,,,,,DE,phase3_jurisdiction_model,E_model_predicted_jurisdiction,0.4141,0,1,1,NON_CONSOLIDATING,,,,,,,,,,DE,0.4141,0.1807,DE;US;AMERICAS_OTHER,0.4141;0.2334;0.1793,0,,,,,,,,
PH,894500UT2JUR5OBEKU28,MVSM BANK (A RURAL BANK SINCE 1953) INC.,PH,,,,,,,,,,,,,US,phase3_jurisdiction_model,E_model_predicted_jurisdiction,0.414,0,1,0,NATURAL_PERSONS,,,,,,,,,,US,0.414,0.1445,US;DE;OTHER,0.414;0.2695;0.1547,0,,,,,,,,
PH,213800SWFIM2MUXO4221,ASIASOURCE FINANCIAL INC.,PH,,,,,,,,,,,,,DE,phase3_jurisdiction_model,E_model_predicted_jurisdiction,0.4137,0,1,0,NO_KNOWN_PERSON,,,,,,,,,,DE,0.4137,0.1821,DE;EUROPE;US,0.4137;0.2316;0.1382,0,,,,,,,,
PH,254900RAZ9PYPWCDIW56,PHILIPPINE EQUITY PARTNERS INC.,PH,,,,,,,,,,,,,US,phase3_jurisdiction_model,E_model_predicted_jurisdiction,0.4137,0,1,0,NATURAL_PERSONS,,,,,,,,,,US,0.4137,0.2211,US;OFFSHORE;AMERICAS_OTHER,0.4137;0.1926;0.1636,0,,,,,,,,
PH,8945009S4HY161MZCJ55,IGT TECHNOLOGIES PHILIPPINES INC.,PH,,,,,,,,,,,,,US,phase3_jurisdiction_model,E_model_predicted_jurisdiction,0.4136,0,1,0,NATURAL_PERSONS,,,,,,,,,,US,0.4136,0.2523,US;DE;AMERICAS_OTHER,0.4136;0.1613;0.1519,0,,,,,,,,
PH,529900CAISEMS1D0FV45,"Sisters of Mary of Banneux, Inc.",PH,,,,,,,,,,,,,US,phase3_jurisdiction_model,E_model_predicted_jurisdiction,0.4129,0,1,0,NO_KNOWN_PERSON,,,,,,,,,,US,0.4129,0.1238,US;DE;OTHER,0.4129;0.2891;0.1394,0,,,,,,,,
PH,984500E4E7XC8CCF6059,PILIPINAS KAO INC.,PH,,,,,,,,,,,,,DE,phase3_jurisdiction_model,E_model_predicted_jurisdiction,0.4119,0,1,0,NON_PUBLIC,,,,,,,,,,DE,0.4119,0.1829,DE;US;AMERICAS_OTHER,0.4119;0.229;0.1539,0,,,,,,,,
PH,984500550AA771MCE452,"21ST CENTURY MANPOWER RESOURCES, INC.",PH,,,,,,,,,,,,,US,phase3_jurisdiction_model,E_model_predicted_jurisdiction,0.41,0,1,0,NATURAL_PERSONS,,,,,,,,,,US,0.41,0.1943,US;DE;EUROPE,0.41;0.2157;0.1417,0,,,,,,,,
PH,894500HH4M3QJ17MHA74,IMMUGANDA TRADING CORP.,PH,,,,,,,,,,,,,DE,phase3_jurisdiction_model,E_model_predicted_jurisdiction,0.4089,0,1,0,NO_KNOWN_PERSON,,,,,,,,,,DE,0.4089,0.1028,DE;US;EUROPE,0.4089;0.3062;0.2102,0,,,,,,,,
PH,894500VHPFPLAP439Q03,"Rural Bank of Bay, Inc.",PH,,,,,,,,,,,,,DE,phase3_jurisdiction_model,E_model_predicted_jurisdiction,0.4089,0,1,0,NO_KNOWN_PERSON,,,,,,,,,,DE,0.4089,0.0866,DE;US;AMERICAS_OTHER,0.4089;0.3223;0.1292,0,,,,,,,,
PH,5493005KVQB0Q5B5EP81,"Maybank Philippines, Incorporated",PH,,,,,,,,,,,,,US,phase3_jurisdiction_model,E_model_predicted_jurisdiction,0.4087,0,1,0,NON_PUBLIC,,,,,,,,,,US,0.4087,0.1025,US;DE;OFFSHORE,0.4087;0.3062;0.1013,0,,,,,,,,
PH,254900BHW0XWR18ITJ45,INDUSTRIAL AND COMMERCIAL BANK OF CHINA LIMITED - MANILA BRANCH,PH,,,,,,,,,,,,,US,phase3_jurisdiction_model,E_model_predicted_jurisdiction,0.408,0,1,0,,,,,,,,,,,US,0.408,0.2032,US;EUROPE;DE,0.408;0.2048;0.1434,0,,,,,,,,
PH,254900NFV7QTJB821G52,"CENTURY PACIFIC FOOD, INC.",PH,,,,,,,,,,,,,DE,phase3_jurisdiction_model,E_model_predicted_jurisdiction,0.4079,0,1,0,NATURAL_PERSONS,,,,,,,,,,DE,0.4079,0.1346,DE;US;AMERICAS_OTHER,0.4079;0.2733;0.1562,0,,,,,,,,
PH,894500EKFNWO9CDR4B68,"Southeast Country Bank, Inc. (A Rural Bank)",PH,,,,,,,,,,,,,US,phase3_jurisdiction_model,E_model_predicted_jurisdiction,0.4076,0,1,0,NO_KNOWN_PERSON,,,,,,,,,,US,0.4076,0.232,US;DE;EUROPE,0.4076;0.1756;0.1625,0,,,,,,,,
PH,254900X4ZMKI345ZS168,"Katipunan Banking Corporation ""A Rural Bank""",PH,,,,,,,,,,,,,US,phase3_jurisdiction_model,E_model_predicted_jurisdiction,0.4073,0,1,0,NO_KNOWN_PERSON,,,,,,,,,,US,0.4073,0.1158,US;DE;OTHER,0.4073;0.2914;0.1083,0,,,,,,,,
PH,254900YQBA93BUFL6I05,Amcor Specialty Cartons Rizal Corp.,PH,,,,,,,,,,,,,US,phase3_jurisdiction_model,E_model_predicted_jurisdiction,0.4071,0,1,0,NON_PUBLIC,,,,,,,,,,US,0.4071,0.2356,US;DE;EUROPE,0.4071;0.1715;0.1714,0,,,,,,,,
PH,549300U56PTCFW4ZGC72,"TELLABS PHILIPPINES, INC.",PH,,,,,,,,,,,,,US,phase3_jurisdiction_model,E_model_predicted_jurisdiction,0.4068,0,1,0,,,,,,,,,,,US,0.4068,0.0159,US;DE;OTHER,0.4068;0.3909;0.0683,0,,,,,,,,
PH,2549007J5WLP4CJSJ346,"PHILEQUITY MANAGEMENT, INC.",PH,,,,,,,,,,,,,US,phase3_jurisdiction_model,E_model_predicted_jurisdiction,0.4065,0,1,0,NATURAL_PERSONS,,,,,,,,,,US,0.4065,0.203,US;DE;OTHER,0.4065;0.2035;0.1211,0,,,,,,,,
PH,549300CUOTXJCLZ00K49,MONDE NISSIN CORPORATION,PH,,,,,,,,,,,,,DE,phase3_jurisdiction_model,E_model_predicted_jurisdiction,0.4062,0,1,1,NON_CONSOLIDATING,,,,,,,,,,DE,0.4062,0.1359,DE;US;EUROPE,0.4062;0.2703;0.2282,0,,,,,,,,
PH,2549005UQT00PB6M7H55,ISTANA DEV. CORP.,PH,,,,,,,,,,,,,DE,phase3_jurisdiction_model,E_model_predicted_jurisdiction,0.4061,0,1,1,NON_CONSOLIDATING,,,,,,,,,,DE,0.4061,0.1853,DE;US;EUROPE,0.4061;0.2208;0.1889,0,,,,,,,,
PH,549300LF0ECT0YGJTB41,BANANA FINTECH SERVICES CORPORATION,PH,,,,,,,,,,,,,AMERICAS_OTHER,phase3_jurisdiction_model,E_model_predicted_jurisdiction,0.4057,0,1,0,NO_LEI,,,,,,,,,,AMERICAS_OTHER,0.4057,0.1828,AMERICAS_OTHER;US;OTHER,0.4057;0.2228;0.1367,0,,,,,,,,
PH,984500E544064C38D056,"NESTLE BUSINESS SERVICES AOA, INC.",PH,,,,,,,,,,,,,US,phase3_jurisdiction_model,E_model_predicted_jurisdiction,0.405,0,1,0,NATURAL_PERSONS,,,,,,,,,,US,0.405,0.1491,US;DE;AMERICAS_OTHER,0.405;0.2559;0.1407,0,,,,,,,,
PH,2549004F9YLYB98MYC36,I'L PRIMO ILLUMINATI INC.,PH,,,,,,,,,,,,,DE,phase3_jurisdiction_model,E_model_predicted_jurisdiction,0.4046,0,1,0,NO_KNOWN_PERSON,,,,,,,,,,DE,0.4046,0.0342,DE;US;EUROPE,0.4046;0.3704;0.0894,0,,,,,,,,
PH,254900SP161IWE9MPN41,"ALFM DOLLAR BOND FUND, INC.",PH,,,,,,,,,,,,,US,phase3_jurisdiction_model,E_model_predicted_jurisdiction,0.4042,0,1,0,NO_KNOWN_PERSON,,,,,,,,,,US,0.4042,0.1493,US;DE;OTHER,0.4042;0.2549;0.1351,0,,,,,,,,
PH,549300HH4X3ONRTWA138,GOVERNMENT SERVICE INSURANCE SYSTEM,PH,,,,,,,,,,,,,US,phase3_jurisdiction_model,E_model_predicted_jurisdiction,0.4042,0,1,0,NO_KNOWN_PERSON,,,,,,,,,,US,0.4042,0.039,US;DE;OTHER,0.4042;0.3652;0.0898,0,,,,,,,,
PH,549300B14PK448EZ1Q88,PHILIPPINE TRUST COMPANY,PH,,,,,,,,,,,,,DE,phase3_jurisdiction_model,E_model_predicted_jurisdiction,0.4029,0,1,1,NON_CONSOLIDATING,,,,,,,,,,DE,0.4029,0.0579,DE;US;AMERICAS_OTHER,0.4029;0.345;0.0809,0,,,,,,,,
PH,8945005KRWHWKT7G5Q36,NORTH STAR BANK (A RURAL BANK) INC.,PH,,,,,,,,,,,,,US,phase3_jurisdiction_model,E_model_predicted_jurisdiction,0.4024,0,1,0,NO_KNOWN_PERSON,,,,,,,,,,US,0.4024,0.1028,US;DE;AMERICAS_OTHER,0.4024;0.2995;0.1508,0,,,,,,,,
PH,984500E9FAAMVCCF7D55,"CHINA BANK SAVINGS, INC.",PH,,,,,,,,,,,,,DE,phase3_jurisdiction_model,E_model_predicted_jurisdiction,0.4023,0,1,0,NON_PUBLIC,,,,,,,,,,DE,0.4023,0.1936,DE;EUROPE;US,0.4023;0.2086;0.1838,0,,,,,,,,
PH,2549008WUABSW5YX6X96,Denso Ten Solutions Philippines Corporation,PH,,,,,,,,,,,,,US,phase3_jurisdiction_model,E_model_predicted_jurisdiction,0.4006,0,1,0,NON_PUBLIC,,,,,,,,,,US,0.4006,0.0675,US;DE;OTHER,0.4006;0.3331;0.1153,0,,,,,,,,
PH,549300TXGWDN7R2DMQ15,MANULIFE CHINABANK LIFE ASSURANCE CORPORATION,PH,,,,,,,,,,,,,US,phase3_jurisdiction_model,E_model_predicted_jurisdiction,0.4,0,1,1,NON_CONSOLIDATING,,,,,,,,,,US,0.4,0.037,US;AMERICAS_OTHER;EUROPE,0.4;0.363;0.1192,0,,,,,,,,
PH,254900EAVAYF2A6P5U65,Chartres Combine Holdings Inc,PH,,,,,,,,,,,,,US,phase3_jurisdiction_model,E_model_predicted_jurisdiction,0.3996,0,1,0,NATURAL_PERSONS,,,,,,,,,,US,0.3996,0.122,US;DE;AMERICAS_OTHER,0.3996;0.2776;0.1044,0,,,,,,,,
PH,254900WRBIIZ8LO4LA38,SCG INTERNATIONAL (PHILIPPINES) CORPORATION,PH,,,,,,,,,,,,,US,phase3_jurisdiction_model,E_model_predicted_jurisdiction,0.3979,0,1,0,NON_PUBLIC,,,,,,,,,,US,0.3979,0.2092,US;EUROPE;DE,0.3979;0.1887;0.18,0,,,,,,,,
PH,254900BUUS5N9MUSIS52,Robinsons Land Corporation,PH,,,,,,,,,,,,,DE,phase3_jurisdiction_model,E_model_predicted_jurisdiction,0.3978,0,1,1,NON_CONSOLIDATING,,,,,,,,,,DE,0.3978,0.1308,DE;US;EUROPE,0.3978;0.2669;0.1531,0,,,,,,,,
PH,549300M0NN29T4F38J57,"CTS GLOBAL EQUITY GROUP, INC.",PH,,,,,,,,,,,,,US,phase3_jurisdiction_model,E_model_predicted_jurisdiction,0.3976,0,1,1,NON_CONSOLIDATING,,,,,,,,,,US,0.3976,0.1135,US;DE;AMERICAS_OTHER,0.3976;0.2841;0.1844,0,,,,,,,,
PH,5493005X8D8YRVOM8I04,"STRONGVIEW, INC.",PH,,,,,,,,,,,,,DE,phase3_jurisdiction_model,E_model_predicted_jurisdiction,0.3973,0,1,1,NON_CONSOLIDATING,,,,,,,,,,DE,0.3973,0.1605,DE;AMERICAS_OTHER;US,0.3973;0.2368;0.2064,0,,,,,,,,
PH,2138009RXTCUCF6Q2P23,BANANA CORP.,PH,,,,,,,,,,,,,DE,phase3_jurisdiction_model,E_model_predicted_jurisdiction,0.3971,0,1,0,NATURAL_PERSONS,,,,,,,,,,DE,0.3971,0.0932,DE;US;EUROPE,0.3971;0.3039;0.2081,0,,,,,,,,
PH,8945007GIMS5J5GJ1V54,KIBOU NIHON TRADING CORP.,PH,,,,,,,,,,,,,DE,phase3_jurisdiction_model,E_model_predicted_jurisdiction,0.3965,0,1,0,NO_KNOWN_PERSON,,,,,,,,,,DE,0.3965,0.1164,DE;US;EUROPE,0.3965;0.2802;0.1408,0,,,,,,,,
PH,2549008F3USMZFJAJ303,AB MAURI PHILIPPINES INC.,PH,,,,,,,,,,,,,DE,phase3_jurisdiction_model,E_model_predicted_jurisdiction,0.3959,0,1,0,NON_PUBLIC,,,,,,,,,,DE,0.3959,0.0241,DE;US;EUROPE,0.3959;0.3717;0.0732,0,,,,,,,,
PH,549300WAONYUUQXBUK29,EZP DEVELOPMENT INC.,PH,,,,,,,,,,,,,DE,phase3_jurisdiction_model,E_model_predicted_jurisdiction,0.3959,0,1,1,NON_CONSOLIDATING,,,,,,,,,,DE,0.3959,0.1412,DE;AMERICAS_OTHER;US,0.3959;0.2547;0.1875,0,,,,,,,,
PH,254900RA3BJAI8VCP284,FIRST GAS POWER CORP.,PH,,,,,,,,,,,,,DE,phase3_jurisdiction_model,E_model_predicted_jurisdiction,0.395,0,1,0,NATURAL_PERSONS,,,,,,,,,,DE,0.395,0.1683,DE;US;EUROPE,0.395;0.2267;0.131,0,,,,,,,,
PH,549300IFQMLWM2X26612,CHINA BANKING CORPORATION,PH,,,,,,,,,,,,,DE,phase3_jurisdiction_model,E_model_predicted_jurisdiction,0.3945,0,1,0,,,,,,,,,,,DE,0.3945,0.0906,DE;US;EUROPE,0.3945;0.3039;0.1359,0,,,,,,,,
PH,984500C6DI3A8BB54149,ELTEE CONSTRUCTION,PH,,,,,,,,,,,,,DE,phase3_jurisdiction_model,E_model_predicted_jurisdiction,0.392,0,1,0,NATURAL_PERSONS,,,,,,,,,,DE,0.392,0.1049,DE;US;EUROPE,0.392;0.2872;0.1771,0,,,,,,,,
PH,2549008QQU0CJLWUXL04,"Netbank (A Rural Bank), Inc.",PH,,,,,,,,,,,,,US,phase3_jurisdiction_model,E_model_predicted_jurisdiction,0.3915,0,1,0,NATURAL_PERSONS,,,,,,,,,,US,0.3915,0.1225,US;DE;AMERICAS_OTHER,0.3915;0.269;0.1839,0,,,,,,,,
PH,984500AAF41A59DX3758,WISE PILIPINAS INC.,PH,,,,,,,,,,,,,DE,phase3_jurisdiction_model,E_model_predicted_jurisdiction,0.3911,0,1,1,NON_CONSOLIDATING,,,,,,,,,,DE,0.3911,0.1863,DE;AMERICAS_OTHER;US,0.3911;0.2048;0.153,0,,,,,,,,
PH,9845003K38A1CC991V73,MEGA MAN. CORP,PH,,,,,,,,,,,,,DE,phase3_jurisdiction_model,E_model_predicted_jurisdiction,0.3908,0,1,0,NATURAL_PERSONS,,,,,,,,,,DE,0.3908,0.1789,DE;US;EUROPE,0.3908;0.2119;0.1965,0,,,,,,,,
PH,984500EF50744DX8D512,"ADC PHILIPPINES, INC",PH,,,,,,,,,,,,,DE,phase3_jurisdiction_model,E_model_predicted_jurisdiction,0.3901,0,1,0,NON_PUBLIC,,,,,,,,,,DE,0.3901,0.2002,DE;US;EUROPE,0.3901;0.19;0.1608,0,,,,,,,,
PH,9845006EC3C9EAFA0D06,MT. ZION INTERNATIONAL PLACEMENT AGENCY INC.,PH,,,,,,,,,,,,,US,phase3_jurisdiction_model,E_model_predicted_jurisdiction,0.39,0,1,0,NATURAL_PERSONS,,,,,,,,,,US,0.39,0.1756,US;DE;EUROPE,0.39;0.2145;0.1518,0,,,,,,,,
PH,254900UWG4AO9VMTZD56,MANDARIN SECURITIES CORP.,PH,,,,,,,,,,,,,DE,phase3_jurisdiction_model,E_model_predicted_jurisdiction,0.3891,0,1,0,NATURAL_PERSONS,,,,,,,,,,DE,0.3891,0.1606,DE;US;EUROPE,0.3891;0.2285;0.1397,0,,,,,,,,
PH,254900VD5O8AL4INWC59,ALFM GLOBAL MULTI-ASSET INCOME FUND INC.,PH,,,,,,,,,,,,,US,phase3_jurisdiction_model,E_model_predicted_jurisdiction,0.3884,0,1,0,NO_KNOWN_PERSON,,,,,,,,,,US,0.3884,0.1963,US;EUROPE;DE,0.3884;0.1921;0.1801,0,,,,,,,,
PH,894500TUQGEJSTQBNY10,"RURAL BANK OF MONTALBAN, INC.",PH,,,,,,,,,,,,,US,phase3_jurisdiction_model,E_model_predicted_jurisdiction,0.3878,0,1,0,NATURAL_PERSONS,,,,,,,,,,US,0.3878,0.1297,US;DE;AMERICAS_OTHER,0.3878;0.2581;0.2069,0,,,,,,,,
PH,254900ECMSLS21XGF173,"Atram Alpha Opportunity Fund, Inc.",PH,,,,,,,,,,,,,US,phase3_jurisdiction_model,E_model_predicted_jurisdiction,0.3869,0,1,1,NON_CONSOLIDATING,,,,,,,,,,US,0.3869,0.1386,US;DE;OTHER,0.3869;0.2483;0.1288,0,,,,,,,,
PH,254900ZK8SFW86NAUX17,NATIONAL REINSURANCE CORPORATION OF THE PHILIPPINES,PH,,,,,,,,,,,,,US,phase3_jurisdiction_model,E_model_predicted_jurisdiction,0.3865,0,1,0,NO_KNOWN_PERSON,,,,,,,,,,US,0.3865,0.1459,US;AMERICAS_OTHER;EUROPE,0.3865;0.2406;0.1365,0,,,,,,,,
PH,2549002DU9IWEXT2QZ52,"MBG Asia Frontier Feeder UMF, Inc.",PH,,,,,,,,,,,,,US,phase3_jurisdiction_model,E_model_predicted_jurisdiction,0.3845,0,1,1,NON_CONSOLIDATING,,,,,,,,,,US,0.3845,0.1548,US;DE;EUROPE,0.3845;0.2296;0.1484,0,,,,,,,,
PH,254900TH9XAHNZA9N034,MEGAWIDE CONSTRUCTION CORPORATION,PH,,,,,,,,,,,,,US,phase3_jurisdiction_model,E_model_predicted_jurisdiction,0.3839,0,1,0,NATURAL_PERSONS,,,,,,,,,,US,0.3839,0.0911,US;DE;EUROPE,0.3839;0.2928;0.136,0,,,,,,,,
PH,549300QHUZF6T8414J93,UPVISOR BUSINESS SOLUTIONS LTD. CO.,PH,,,,,,,,,,,,,US,phase3_jurisdiction_model,E_model_predicted_jurisdiction,0.3831,0,1,0,NO_KNOWN_PERSON,,,,,,,,,,US,0.3831,0.1268,US;AMERICAS_OTHER;DE,0.3831;0.2563;0.1384,0,,,,,,,,
PH,549300AGC9NFF12PHN68,SAN MIGUEL CORPORATION,PH,,,,,,,,,,,,,DE,phase3_jurisdiction_model,E_model_predicted_jurisdiction,0.3828,0,1,1,NON_CONSOLIDATING,,,,,,,,,,DE,0.3828,0.1219,DE;EUROPE;US,0.3828;0.2609;0.2382,0,,,,,,,,
PH,254900SLKWQ1ESNNEZ50,"AFFINITY GLOBAL MULTI-ASSET FUND, INC.",PH,,,,,,,,,,,,,US,phase3_jurisdiction_model,E_model_predicted_jurisdiction,0.3819,0,1,1,NON_CONSOLIDATING,,,,,,,,,,US,0.3819,0.1705,US;DE;EUROPE,0.3819;0.2114;0.1512,0,,,,,,,,
PH,9845004B56FC4FDC1B78,DENSO PHILIPPINES CORPORATION,PH,,,,,,,,,,,,,US,phase3_jurisdiction_model,E_model_predicted_jurisdiction,0.3819,0,1,0,NO_KNOWN_PERSON,,,,,,,,,,US,0.3819,0.0786,US;DE;EUROPE,0.3819;0.3033;0.0994,0,,,,,,,,
PH,984500D5B6F95C45B962,CARZIQO CAR RENTAL SERVICES,PH,,,,,,,,,,,,,US,phase3_jurisdiction_model,E_model_predicted_jurisdiction,0.3817,0,1,0,NATURAL_PERSONS,,,,,,,,,,US,0.3817,0.1177,US;DE;EUROPE,0.3817;0.264;0.1336,0,,,,,,,,
PH,984500E37BFA5FA5FE45,DENSO TEN PHILIPPINES CORPORATION,PH,,,,,,,,,,,,,US,phase3_jurisdiction_model,E_model_predicted_jurisdiction,0.3809,0,1,0,NON_PUBLIC,,,,,,,,,,US,0.3809,0.0808,US;DE;ASIA_OTHER,0.3809;0.3001;0.146,0,,,,,,,,
PH,254900OPOSJ1F48FDN63,Intelenet Global Philippines Inc,PH,,,,,,,,,,,,,US,phase3_jurisdiction_model,E_model_predicted_jurisdiction,0.3804,0,1,0,NO_LEI,,,,,,,,,,US,0.3804,0.0304,US;DE;OFFSHORE,0.3804;0.35;0.086,0,,,,,,,,
PH,5493001IIQX5TWILOL22,ERICSSON TELECOMMUNICATIONS INC.,PH,,,,,,,,,,,,,DE,phase3_jurisdiction_model,E_model_predicted_jurisdiction,0.3801,0,1,0,,,,,,,,,,,DE,0.3801,0.0534,DE;US;OTHER,0.3801;0.3268;0.1353,0,,,,,,,,
PH,549300HEDGJ0YSWCDQ76,"SUN LIFE PROSPERITY WORLD VOYAGER FUND, INC.",PH,,,,,,,,,,,,,US,phase3_jurisdiction_model,E_model_predicted_jurisdiction,0.3799,0,1,1,NON_CONSOLIDATING,,,,,,,,,,US,0.3799,0.0839,US;AMERICAS_OTHER;DE,0.3799;0.296;0.1853,0,,,,,,,,
PH,254900ZBS4C7EFTFG503,"ATRAM Corporate Bond Fund, Inc.",PH,,,,,,,,,,,,,US,phase3_jurisdiction_model,E_model_predicted_jurisdiction,0.3796,0,1,1,NON_CONSOLIDATING,,,,,,,,,,US,0.3796,0.13,US;DE;OTHER,0.3796;0.2496;0.1192,0,,,,,,,,
PH,25490054BE7ZTL2NPG05,"Atram AsiaPlus Equity Fund, Inc.",PH,,,,,,,,,,,,,US,phase3_jurisdiction_model,E_model_predicted_jurisdiction,0.3796,0,1,1,NON_CONSOLIDATING,,,,,,,,,,US,0.3796,0.1306,US;DE;OTHER,0.3796;0.2489;0.1288,0,,,,,,,,
PH,54930006FXU34VZRXM40,DECATHLON PHILIPPINES INC.,PH,,,,,,,,,,,,,US,phase3_jurisdiction_model,E_model_predicted_jurisdiction,0.3796,0,1,0,NATURAL_PERSONS,,,,,,,,,,US,0.3796,0.0092,US;DE;OFFSHORE,0.3796;0.3704;0.0947,0,,,,,,,,
PH,CIKZWI6KV077KV2E2J69,Rizal Commercial Banking Corporation,PH,,,,,,,,,,,,,US,phase3_jurisdiction_model,E_model_predicted_jurisdiction,0.3786,0,1,1,NON_CONSOLIDATING,,,,,,,,,,US,0.3786,0.069,US;DE;OTHER,0.3786;0.3095;0.1694,0,,,,,,,,
PH,254900VS17SW1TTQ6P06,ITO-Seisakusho Phillippines Corporation,PH,,,,,,,,,,,,,DE,phase3_jurisdiction_model,E_model_predicted_jurisdiction,0.3777,0,1,0,NO_LEI,,,,,,,,,,DE,0.3777,0.0831,DE;US;EUROPE,0.3777;0.2946;0.1175,0,,,,,,,,
PH,254900I6XR5VZ08PH636,"First Metro Consumer Fund, Inc.,",PH,,,,,,,,,,,,,US,phase3_jurisdiction_model,E_model_predicted_jurisdiction,0.3767,0,1,0,NATURAL_PERSONS,,,,,,,,,,US,0.3767,0.1522,US;DE;EUROPE,0.3767;0.2245;0.1383,0,,,,,,,,
PH,529900KKKGKIVWE70241,San Ignacio Energy Resources Development Corporation,PH,,,,,,,,,,,,,US,phase3_jurisdiction_model,E_model_predicted_jurisdiction,0.3766,0,1,1,NON_CONSOLIDATING,,,,,,,,,,US,0.3766,0.1813,US;DE;EUROPE,0.3766;0.1953;0.1465,0,,,,,,,,
PH,984500B6C79R6C705C41,"SUMMIT BANK (RURAL BANK OF TUBLAY, INC.)",PH,,,,,,,,,,,,,US,phase3_jurisdiction_model,E_model_predicted_jurisdiction,0.3763,0,1,0,NO_KNOWN_PERSON,,,,,,,,,,US,0.3763,0.1837,US;DE;ASIA_OTHER,0.3763;0.1927;0.1655,0,,,,,,,,
PH,9845009552FF5A1D8F40,BLUEOCEAN SHIPMANAGEMENT INTERNATIONAL INC.,PH,,,,,,,,,,,,,US,phase3_jurisdiction_model,E_model_predicted_jurisdiction,0.3759,0,1,0,NATURAL_PERSONS,,,,,,,,,,US,0.3759,0.1151,US;DE;EUROPE,0.3759;0.2609;0.1418,0,,,,,,,,
PH,529900S5MGXV4GMWY310,"DWS Global Business Services, Inc.",PH,,,,,,,,,,,,,US,phase3_jurisdiction_model,E_model_predicted_jurisdiction,0.3756,0,1,1,NON_CONSOLIDATING,,,,,,,,,,US,0.3756,0.1219,US;DE;OTHER,0.3756;0.2537;0.1387,0,,,,,,,,
PH,984500C68DB006082A18,VAULT OUTSOURCING OPC,PH,,,,,,,,,,,,,DE,phase3_jurisdiction_model,E_model_predicted_jurisdiction,0.3754,0,1,0,NATURAL_PERSONS,,,,,,,,,,DE,0.3754,0.0988,DE;US;EUROPE,0.3754;0.2765;0.1169,0,,,,,,,,
PH,894500PYG8NLHNMFZN37,LOLC Bank Philippines Inc.,PH,,,,,,,,,,,,,US,phase3_jurisdiction_model,E_model_predicted_jurisdiction,0.3749,0,1,0,NO_KNOWN_PERSON,,,,,,,,,,US,0.3749,0.0133,US;DE;OFFSHORE,0.3749;0.3616;0.0829,0,,,,,,,,
PH,254900YDDB694NPELO08,AbbVie Philippines Inc.,PH,,,,,,,,,,,,,DE,phase3_jurisdiction_model,E_model_predicted_jurisdiction,0.3734,0,1,1,NON_CONSOLIDATING,,,,,,,,,,DE,0.3734,0.0448,DE;US;OTHER,0.3734;0.3286;0.1119,0,,,,,,,,
PH,9845001F9646059LA023,SYNPULSE PHILIPPINES INC.,PH,,,,,,,,,,,,,DE,phase3_jurisdiction_model,E_model_predicted_jurisdiction,0.3727,0,1,1,NON_CONSOLIDATING,,,,,,,,,,DE,0.3727,0.149,DE;US;EUROPE,0.3727;0.2237;0.1582,0,,,,,,,,
PH,2549008L4Q3WEVC2H093,"First Metro Save and Learn Balanced Fund, Inc.,",PH,,,,,,,,,,,,,US,phase3_jurisdiction_model,E_model_predicted_jurisdiction,0.3724,0,1,0,NATURAL_PERSONS,,,,,,,,,,US,0.3724,0.1691,US;DE;EUROPE,0.3724;0.2034;0.1981,0,,,,,,,,
PH,9ZOQDHZEWZ35STU41A29,LA FILIPINA UY GONGCO CORP.,PH,,,,,,,,,,,,,US,phase3_jurisdiction_model,E_model_predicted_jurisdiction,0.3718,0,1,1,NON_CONSOLIDATING,,,,,,,,,,US,0.3718,0.1808,US;DE;EUROPE,0.3718;0.191;0.172,0,,,,,,,,
PH,529900RAHBALMYIJ3T08,Republic of the Philippines,PH,,,,,,,,,,,,,US,phase3_jurisdiction_model,E_model_predicted_jurisdiction,0.3717,0,1,0,NO_KNOWN_PERSON,,,,,,,,,,US,0.3717,0.0047,US;DE;EUROPE,0.3717;0.3669;0.0751,0,,,,,,,,
PH,894500G1K0CJHX83UY28,Honeyworth Corporation,PH,,,,,,,,,,,,,DE,phase3_jurisdiction_model,E_model_predicted_jurisdiction,0.3715,0,1,0,NO_KNOWN_PERSON,,,,,,,,,,DE,0.3715,0.1676,DE;EUROPE;US,0.3715;0.2039;0.174,0,,,,,,,,
PH,549300DDB3T47QH1O698,"PHILAM EQUITABLE LIFE ASSURANCE COMPANY, INC.",PH,,,,,,,,,,,,,US,phase3_jurisdiction_model,E_model_predicted_jurisdiction,0.371,0,1,0,,,,,,,,,,,US,0.371,0.1137,US;DE;OTHER,0.371;0.2573;0.2216,0,,,,,,,,
PH,984500573BE11592E677,"CHRYSO PHILIPPINES, INC.",PH,,,,,,,,,,,,,DE,phase3_jurisdiction_model,E_model_predicted_jurisdiction,0.3705,0,1,0,NON_PUBLIC,,,,,,,,,,DE,0.3705,0.1479,DE;US;EUROPE,0.3705;0.2226;0.2068,0,,,,,,,,
PH,5493003F2R03I6R05M35,MANUFACTURERS LIFE INSURANCE CO. PHILS. INC.,PH,,,,,,,,,,,,,AMERICAS_OTHER,phase3_jurisdiction_model,E_model_predicted_jurisdiction,0.3703,0,1,1,NON_CONSOLIDATING,,,,,,,,,,AMERICAS_OTHER,0.3703,0.0095,AMERICAS_OTHER;US;DE,0.3703;0.3608;0.1012,0,,,,,,,,
PH,549300DIAG42G1P8L472,Sunshine Star Holding Corporation,PH,,,,,,,,,,,,,US,phase3_jurisdiction_model,E_model_predicted_jurisdiction,0.3694,0,1,0,NON_PUBLIC,,,,,,,,,,US,0.3694,0.1788,US;OTHER;DE,0.3694;0.1906;0.17,0,,,,,,,,
PH,25490077A2E5SGKTH526,SteelAsia Manufacturing Corporation,PH,,,,,,,,,,,,,US,phase3_jurisdiction_model,E_model_predicted_jurisdiction,0.3692,0,1,0,NATURAL_PERSONS,,,,,,,,,,US,0.3692,0.1072,US;DE;EUROPE,0.3692;0.262;0.1463,0,,,,,,,,
PH,254900YYOD0ZCCUJ6668,FIRST NATGAS POWER CORP.,PH,,,,,,,,,,,,,DE,phase3_jurisdiction_model,E_model_predicted_jurisdiction,0.3689,0,1,0,NATURAL_PERSONS,,,,,,,,,,DE,0.3689,0.1441,DE;US;EUROPE,0.3689;0.2249;0.1428,0,,,,,,,,
PH,984500EFE37904C38646,SPACE LOGIC OPC,PH,,,,,,,,,,,,,DE,phase3_jurisdiction_model,E_model_predicted_jurisdiction,0.3676,0,1,0,NATURAL_PERSONS,,,,,,,,,,DE,0.3676,0.0996,DE;US;EUROPE,0.3676;0.268;0.1222,0,,,,,,,,
PH,254900QDD5K95CNENT89,Kanepackage Philippine Inc.,PH,,,,,,,,,,,,,US,phase3_jurisdiction_model,E_model_predicted_jurisdiction,0.3671,0,1,1,NON_CONSOLIDATING,,,,,,,,,,US,0.3671,0.0279,US;DE;OFFSHORE,0.3671;0.3392;0.1068,0,,,,,,,,
PH,2549006QY9VRIC0G7L23,"DOW CHEMICAL PHILIPPINES, INC.",PH,,,,,,,,,,,,,US,phase3_jurisdiction_model,E_model_predicted_jurisdiction,0.3655,0,1,1,NON_CONSOLIDATING,,,,,,,,,,US,0.3655,0.051,US;DE;EUROPE,0.3655;0.3145;0.1417,0,,,,,,,,
PH,254900Y66LT76VBXTH29,"PHILIPPINE STOCK INDEX FUND, CORP.",PH,,,,,,,,,,,,,US,phase3_jurisdiction_model,E_model_predicted_jurisdiction,0.365,0,1,0,NO_KNOWN_PERSON,,,,,,,,,,US,0.365,0.1174,US;DE;ASIA_OTHER,0.365;0.2476;0.1596,0,,,,,,,,
PH,98450078E8AA6C2AF176,ISHI 2926 VEHICLE TRADING,PH,,,,,,,,,,,,,US,phase3_jurisdiction_model,E_model_predicted_jurisdiction,0.3635,0,1,0,NATURAL_PERSONS,,,,,,,,,,US,0.3635,0.0641,US;DE;EUROPE,0.3635;0.2995;0.1653,0,,,,,,,,
PH,2549000OA9TD0UEZKZ48,"CEMCO HOLDINGS, INC.",PH,,,,,,,,,,,,,DE,phase3_jurisdiction_model,E_model_predicted_jurisdiction,0.3633,0,1,0,NO_LEI,,,,,,,,,,DE,0.3633,0.1476,DE;US;EUROPE,0.3633;0.2157;0.1796,0,,,,,,,,
PH,254900KTPCTKZ5BBXQ83,Peak United Group Corp.,PH,,,,,,,,,,,,,DE,phase3_jurisdiction_model,E_model_predicted_jurisdiction,0.3617,0,1,0,NATURAL_PERSONS,,,,,,,,,,DE,0.3617,0.0013,DE;US;EUROPE,0.3617;0.3604;0.1488,0,,,,,,,,
PH,254900UBMR9OQ6CROL25,TEAM (PHILIPPINES) ENERGY CORPORATION,PH,,,,,,,,,,,,,US,phase3_jurisdiction_model,E_model_predicted_jurisdiction,0.3617,0,1,0,NO_LEI,,,,,,,,,,US,0.3617,0.1775,US;DE;EUROPE,0.3617;0.1842;0.1729,0,,,,,,,,
PH,984500E997DA4SF42F78,"MYNT, INC.",PH,,,,,,,,,,,,,DE,phase3_jurisdiction_model,E_model_predicted_jurisdiction,0.3588,0,1,1,NON_CONSOLIDATING,,,,,,,,,,DE,0.3588,0.0709,DE;US;EUROPE,0.3588;0.2879;0.1461,0,,,,,,,,
PH,549300J97JXR3URQK322,UNION BANK OF THE PHILIPPINES,PH,,,,,,,,,,,,,US,phase3_jurisdiction_model,E_model_predicted_jurisdiction,0.3587,0,1,1,NON_CONSOLIDATING,,,,,,,,,,US,0.3587,0.1547,US;DE;OTHER,0.3587;0.204;0.1993,0,,,,,,,,
PH,254900FHXOR4ZLVHSU42,"First Metro Save and Learn Dollar Bond Fund, Inc.",PH,,,,,,,,,,,,,US,phase3_jurisdiction_model,E_model_predicted_jurisdiction,0.3581,0,1,1,NON_CONSOLIDATING,,,,,,,,,,US,0.3581,0.1178,US;DE;AMERICAS_OTHER,0.3581;0.2404;0.1967,0,,,,,,,,
PH,549300OXF76YB1HQ1490,MORNING STAR MILLING CORPORATION,PH,,,,,,,,,,,,,DE,phase3_jurisdiction_model,E_model_predicted_jurisdiction,0.3579,0,1,1,NON_CONSOLIDATING,,,,,,,,,,DE,0.3579,0.073,DE;US;OTHER,0.3579;0.2849;0.1801,0,,,,,,,,
PH,254900ROK3SCRTHI7Y69,"The Andresons Group, Incorporated",PH,,,,,,,,,,,,,US,phase3_jurisdiction_model,E_model_predicted_jurisdiction,0.3577,0,1,0,NATURAL_PERSONS,,,,,,,,,,US,0.3577,0.1084,US;DE;OTHER,0.3577;0.2494;0.1898,0,,,,,,,,
PH,894500598A6RLE2QNN11,"Rural Bank of Sagay, Inc.",PH,,,,,,,,,,,,,US,phase3_jurisdiction_model,E_model_predicted_jurisdiction,0.3574,0,1,0,NO_KNOWN_PERSON,,,,,,,,,,US,0.3574,0.0085,US;DE;AMERICAS_OTHER,0.3574;0.3489;0.1361,0,,,,,,,,
PH,984500A87E1ED6687T53,VEER-O-METALS (PHILIPPINES) INC.,PH,,,,,,,,,,,,,US,phase3_jurisdiction_model,E_model_predicted_jurisdiction,0.3553,0,1,1,NON_CONSOLIDATING,,,,,,,,,,US,0.3553,0.0461,US;DE;EUROPE,0.3553;0.3092;0.1082,0,,,,,,,,
PH,9845007A98EF2998BC71,"ENCORE RECEIVABLE MANAGEMENT, INC.",PH,,,,,,,,,,,,,US,phase3_jurisdiction_model,E_model_predicted_jurisdiction,0.355,0,1,0,,,,,,,,,,,US,0.355,0.1121,US;DE;OTHER,0.355;0.2428;0.1375,0,,,,,,,,
PH,98450019BB9CED264C19,"RURAL BANK OF SAN NARCISO, INC.",PH,,,,,,,,,,,,,US,phase3_jurisdiction_model,E_model_predicted_jurisdiction,0.3549,0,1,0,NATURAL_PERSONS,,,,,,,,,,US,0.3549,0.1218,US;DE;EUROPE,0.3549;0.2331;0.1657,0,,,,,,,,
PH,2549001NILAZ2IS02Y35,FIRST GEN CORPORATION,PH,,,,,,,,,,,,,DE,phase3_jurisdiction_model,E_model_predicted_jurisdiction,0.3543,0,1,0,NO_LEI,,,,,,,,,,DE,0.3543,0.1322,DE;EUROPE;US,0.3543;0.2222;0.2046,0,,,,,,,,
PH,549300HEENDPDEG51X58,SIMON AGRIVENTURES CORPORATION,PH,,,,,,,,,,,,,US,phase3_jurisdiction_model,E_model_predicted_jurisdiction,0.3543,0,1,0,NATURAL_PERSONS,,,,,,,,,,US,0.3543,0.0891,US;DE;EUROPE,0.3543;0.2652;0.1876,0,,,,,,,,
PH,894500G861RK4GUVF094,EASYPAY GLOBAL EMI CORP.,PH,,,,,,,,,,,,,DE,phase3_jurisdiction_model,E_model_predicted_jurisdiction,0.3536,0,1,0,NO_KNOWN_PERSON,,,,,,,,,,DE,0.3536,0.1632,DE;US;ASIA_OTHER,0.3536;0.1904;0.1459,0,,,,,,,,
PH,984500A5IE3CF9B9AB97,NORTHCOM SECURITY & INVESTIGATION AGENCY INC.,PH,,,,,,,,,,,,,US,phase3_jurisdiction_model,E_model_predicted_jurisdiction,0.3531,0,1,0,NATURAL_PERSONS,,,,,,,,,,US,0.3531,0.1424,US;DE;EUROPE,0.3531;0.2106;0.1748,0,,,,,,,,
PH,254900EWBCRKFAD5D452,J&K IMPEX GROUP CORP.,PH,,,,,,,,,,,,,DE,phase3_jurisdiction_model,E_model_predicted_jurisdiction,0.3525,0,1,0,NATURAL_PERSONS,,,,,,,,,,DE,0.3525,0.1668,DE;EUROPE;US,0.3525;0.1857;0.1738,0,,,,,,,,
PH,25490020YWM5TTT8OZ70,IXUS SOLAR ENERGY CORP.,PH,,,,,,,,,,,,,DE,phase3_jurisdiction_model,E_model_predicted_jurisdiction,0.3524,0,1,0,NO_LEI,,,,,,,,,,DE,0.3524,0.1499,DE;EUROPE;US,0.3524;0.2025;0.1652,0,,,,,,,,
PH,254900Z1HZTP35ISGS52,OPUS SOLAR ENERGY CORP.,PH,,,,,,,,,,,,,DE,phase3_jurisdiction_model,E_model_predicted_jurisdiction,0.3524,0,1,0,NO_LEI,,,,,,,,,,DE,0.3524,0.1499,DE;EUROPE;US,0.3524;0.2025;0.1652,0,,,,,,,,
PH,549300UJRT4KE08RIS90,PHILIPPINE DEPOSITORY & TRUST CORP.,PH,,,,,,,,,,,,,US,phase3_jurisdiction_model,E_model_predicted_jurisdiction,0.3521,0,1,0,NO_LEI,,,,,,,,,,US,0.3521,0.0083,US;AMERICAS_OTHER;EUROPE,0.3521;0.3438;0.1805,0,,,,,,,,
PH,2549001RY2MTRAUQKR93,BPI Wealth Builder Multi-Asset Mutual Fund Inc. doing business under the trade names and styles of BPI Wealth Builder Fund and BPI Wealth Builder,PH,,,,,,,,,,,,,US,phase3_jurisdiction_model,E_model_predicted_jurisdiction,0.3515,0,1,0,NO_KNOWN_PERSON,,,,,,,,,,US,0.3515,0.1325,US;EUROPE;DE,0.3515;0.219;0.2148,0,,,,,,,,
PH,894500TCKDLYH0SKGE49,Metro South Cooperative Bank,PH,,,,,,,,,,,,,DE,phase3_jurisdiction_model,E_model_predicted_jurisdiction,0.35,0,1,0,NO_KNOWN_PERSON,,,,,,,,,,DE,0.35,0.0244,DE;US;OTHER,0.35;0.3256;0.1612,0,,,,,,,,
PH,254900O6XH28945W2A04,"GLOBAL DOMINION FINANCING, INC.",PH,,,,,,,,,,,,,DE,phase3_jurisdiction_model,E_model_predicted_jurisdiction,0.3498,0,1,0,NATURAL_PERSONS,,,,,,,,,,DE,0.3498,0.1126,DE;US;EUROPE,0.3498;0.2373;0.155,0,,,,,,,,
PH,984500N63888EH004383,FIRST MULTI-TECH INDL. & DEV. (FMIDC) CORP.,PH,,,,,,,,,,,,,US,phase3_jurisdiction_model,E_model_predicted_jurisdiction,0.3482,0,1,0,NATURAL_PERSONS,,,,,,,,,,US,0.3482,0.173,US;EUROPE;DE,0.3482;0.1752;0.1616,0,,,,,,,,
PH,254900A73UX5GOI72U71,"MALAYAN INSURANCE COMPANY, INC.",PH,,,,,,,,,,,,,DE,phase3_jurisdiction_model,E_model_predicted_jurisdiction,0.3482,0,1,0,NO_LEI,,,,,,,,,,DE,0.3482,0.0638,DE;US;AMERICAS_OTHER,0.3482;0.2844;0.1691,0,,,,,,,,
PH,254900ZLY098SGWTM757,KOODZYM CORP.,PH,,,,,,,,,,,,,DE,phase3_jurisdiction_model,E_model_predicted_jurisdiction,0.3481,0,1,0,NATURAL_PERSONS,,,,,,,,,,DE,0.3481,0.126,DE;EUROPE;US,0.3481;0.2221;0.2122,0,,,,,,,,
PH,3FGIIBS1PEI1FYQBGN97,"BDO UNIBANK, INC.",PH,,,,,,,,,,,,,DE,phase3_jurisdiction_model,E_model_predicted_jurisdiction,0.348,0,1,1,NON_CONSOLIDATING,,,,,,,,,,DE,0.348,0.1487,DE;US;EUROPE,0.348;0.1993;0.1868,0,,,,,,,,
PH,254900EG3W3FYT046H61,J & k CONSULTING INC.,PH,,,,,,,,,,,,,DE,phase3_jurisdiction_model,E_model_predicted_jurisdiction,0.348,0,1,0,NATURAL_PERSONS,,,,,,,,,,DE,0.348,0.1523,DE;US;EUROPE,0.348;0.1957;0.1903,0,,,,,,,,
PH,25490096FR9KAW5DOP07,Soldivo Strategic Growth Fund,PH,,,,,,,,,,,,,DE,phase3_jurisdiction_model,E_model_predicted_jurisdiction,0.3475,0,1,1,NON_CONSOLIDATING,,,,,,,,,,DE,0.3475,0.0196,DE;US;OTHER,0.3475;0.3278;0.156,0,,,,,,,,
PH,213800DG6WIZICM6PH10,HUAWEI TECHNOLOGIES PHILS. INC.,PH,,,,,,,,,,,,,US,phase3_jurisdiction_model,E_model_predicted_jurisdiction,0.3459,0,1,0,NON_PUBLIC,,,,,,,,,,US,0.3459,0.0874,US;AMERICAS_OTHER;DE,0.3459;0.2585;0.124,0,,,,,,,,
PH,2549005N7VTH3WDG1C74,"MAYNILAD WATER SERVICES, INC.",PH,,,,,,,,,,,,,DE,phase3_jurisdiction_model,E_model_predicted_jurisdiction,0.3458,0,1,0,NO_LEI,,,,,,,,,,DE,0.3458,0.1126,DE;US;AMERICAS_OTHER,0.3458;0.2332;0.1714,0,,,,,,,,
PH,2549003YYV0DOY3M6082,ASIA LINK FINANCE CORPORATION,PH,,,,,,,,,,,,,AMERICAS_OTHER,phase3_jurisdiction_model,E_model_predicted_jurisdiction,0.3454,0,1,0,NATURAL_PERSONS,,,,,,,,,,AMERICAS_OTHER,0.3454,0.1737,AMERICAS_OTHER;ASIA_OTHER;US,0.3454;0.1717;0.1665,0,,,,,,,,
PH,894500W799O1FYC0B158,SIMON AGRIBUSINESS CORPORATION,PH,,,,,,,,,,,,,US,phase3_jurisdiction_model,E_model_predicted_jurisdiction,0.3434,0,1,0,NATURAL_PERSONS,,,,,,,,,,US,0.3434,0.0098,US;DE;EUROPE,0.3434;0.3336;0.1488,0,,,,,,,,
PH,254900OSW4JXCFQLA626,Paynamics Technologies Inc.,PH,,,,,,,,,,,,,AMERICAS_OTHER,phase3_jurisdiction_model,E_model_predicted_jurisdiction,0.3433,0,1,0,NATURAL_PERSONS,,,,,,,,,,AMERICAS_OTHER,0.3433,0.1788,AMERICAS_OTHER;DE;US,0.3433;0.1645;0.1625,0,,,,,,,,
PH,635400U6BA5THFP3YP08,ALLIANZ PNB LIFE INSURANCE INC.,PH,,,,,,,,,,,,,US,phase3_jurisdiction_model,E_model_predicted_jurisdiction,0.3422,0,1,0,NATURAL_PERSONS,,,,,,,,,,US,0.3422,0.0021,US;AMERICAS_OTHER;DE,0.3422;0.3401;0.177,0,,,,,,,,
PH,2549009EXUWTB03S9A32,"ATRAM Unitized Corporate Debt Vehicle, Inc.",PH,,,,,,,,,,,,,US,phase3_jurisdiction_model,E_model_predicted_jurisdiction,0.3416,0,1,1,NON_CONSOLIDATING,,,,,,,,,,US,0.3416,0.1163,US;DE;AMERICAS_OTHER,0.3416;0.2254;0.165,0,,,,,,,,
PH,2549000GWJ0ZIFQIZ990,UNITED PULP & PAPER CO. INC.,PH,,,,,,,,,,,,,US,phase3_jurisdiction_model,E_model_predicted_jurisdiction,0.3414,0,1,0,NO_KNOWN_PERSON,,,,,,,,,,US,0.3414,0.0916,US;DE;EUROPE,0.3414;0.2498;0.1678,0,,,,,,,,
PH,254900Z3KHM2QFSRGQ15,"DENTSU SOLUTIONS PHILIPPINES, INC.",PH,,,,,,,,,,,,,US,phase3_jurisdiction_model,E_model_predicted_jurisdiction,0.3407,0,1,0,NO_LEI,,,,,,,,,,US,0.3407,0.1052,US;AMERICAS_OTHER;DE,0.3407;0.2355;0.1274,0,,,,,,,,
PH,254900CL7KEPPP9AP480,"Dentsu Creative Philippines, Inc.",PH,,,,,,,,,,,,,US,phase3_jurisdiction_model,E_model_predicted_jurisdiction,0.3407,0,1,0,NO_LEI,,,,,,,,,,US,0.3407,0.1052,US;AMERICAS_OTHER;DE,0.3407;0.2355;0.1274,0,,,,,,,,
PH,984500BB38AC2CBCF765,UNICHARM (PHILIPPINES) CORPORATION,PH,,,,,,,,,,,,,US,phase3_jurisdiction_model,E_model_predicted_jurisdiction,0.339,0,1,0,NATURAL_PERSONS,,,,,,,,,,US,0.339,0.1532,US;DE;OTHER,0.339;0.1858;0.1605,0,,,,,,,,
PH,254900Q0CQR67WVRV876,"First Metro Asset Management, Inc.",PH,,,,,,,,,,,,,US,phase3_jurisdiction_model,E_model_predicted_jurisdiction,0.3385,0,1,0,NATURAL_PERSONS,,,,,,,,,,US,0.3385,0.0573,US;AMERICAS_OTHER;DE,0.3385;0.2812;0.1989,0,,,,,,,,
PH,254900QJ68UH8GKNGI69,AYALA CORPORATION,PH,,,,,,,,,,,,,DE,phase3_jurisdiction_model,E_model_predicted_jurisdiction,0.3375,0,1,0,NATURAL_PERSONS,,,,,,,,,,DE,0.3375,0.053,DE;EUROPE;US,0.3375;0.2845;0.1675,0,,,,,,,,
PH,984500E7076B04D4T516,SPLASH CORPORATION,PH,,,,,,,,,,,,,DE,phase3_jurisdiction_model,E_model_predicted_jurisdiction,0.3357,0,1,0,NON_PUBLIC,,,,,,,,,,DE,0.3357,0.0851,DE;EUROPE;US,0.3357;0.2506;0.2259,0,,,,,,,,
PH,254900WUONF7N4DKB194,PTT PHILIPPINES CORPORATION,PH,,,,,,,,,,,,,US,phase3_jurisdiction_model,E_model_predicted_jurisdiction,0.3348,0,1,0,NO_KNOWN_PERSON,,,,,,,,,,US,0.3348,0.0784,US;DE;ASIA_OTHER,0.3348;0.2564;0.1642,0,,,,,,,,
PH,984500BCBCB2K9473B15,"CONCENTRIX CVG PHILIPPINES, INC.",PH,,,,,,,,,,,,,US,phase3_jurisdiction_model,E_model_predicted_jurisdiction,0.3328,0,1,1,NON_CONSOLIDATING,,,,,,,,,,US,0.3328,0.0391,US;DE;EUROPE,0.3328;0.2937;0.1251,0,,,,,,,,
PH,2549004EIIEQY4GXG575,"RURAL BANK OF SILAY CITY, INC.",PH,,,,,,,,,,,,,US,phase3_jurisdiction_model,E_model_predicted_jurisdiction,0.3328,0,1,0,NO_LEI,,,,,,,,,,US,0.3328,0.1056,US;DE;EUROPE,0.3328;0.2272;0.1711,0,,,,,,,,
PH,984500B8BBFAFB02A305,"CLEANOCEAN SHIPMANAGEMENT, INC.",PH,,,,,,,,,,,,,DE,phase3_jurisdiction_model,E_model_predicted_jurisdiction,0.3311,0,1,0,NO_KNOWN_PERSON,,,,,,,,,,DE,0.3311,0.0677,DE;US;EUROPE,0.3311;0.2634;0.1898,0,,,,,,,,
PH,9845000D9602A4896N65,"ORANGE INTERNATIONAL RECRUITMENT SERVICES, INC.",PH,,,,,,,,,,,,,US,phase3_jurisdiction_model,E_model_predicted_jurisdiction,0.3311,0,1,0,NATURAL_PERSONS,,,,,,,,,,US,0.3311,0.1158,US;DE;AMERICAS_OTHER,0.3311;0.2153;0.1706,0,,,,,,,,
PH,54930092NHZ06N7PMW15,"UNIOIL PETROLEUM PHILS., INC.",PH,,,,,,,,,,,,,DE,phase3_jurisdiction_model,E_model_predicted_jurisdiction,0.33,0,1,0,NO_KNOWN_PERSON,,,,,,,,,,DE,0.33,0.0178,DE;US;AMERICAS_OTHER,0.33;0.3121;0.1929,0,,,,,,,,
PH,549300UF0WW28Z71DM64,CHINA BANKING CORP.,PH,,,,,,,,,,,,,US,phase3_jurisdiction_model,E_model_predicted_jurisdiction,0.3282,0,1,0,NATURAL_PERSONS,,,,,,,,,,US,0.3282,0.0668,US;DE;AMERICAS_OTHER,0.3282;0.2614;0.1869,0,,,,,,,,
PH,984500FDAE1DB7B0FE58,BLACK PENCIL HOLDINGS INC.,PH,,,,,,,,,,,,,DE,phase3_jurisdiction_model,E_model_predicted_jurisdiction,0.3255,0,1,0,NATURAL_PERSONS,,,,,,,,,,DE,0.3255,0.1343,DE;AMERICAS_OTHER;US,0.3255;0.1913;0.1806,0,,,,,,,,
PH,9845006414AVAN2C6Q20,DENSO TECHNO PHILIPPINES INC.,PH,,,,,,,,,,,,,DE,phase3_jurisdiction_model,E_model_predicted_jurisdiction,0.3251,0,1,0,NON_PUBLIC,,,,,,,,,,DE,0.3251,0.0184,DE;US;EUROPE,0.3251;0.3067;0.1539,0,,,,,,,,
PH,984500A8I8J66070BF57,HUHTAMAKI PHILIPPINES INC.,PH,,,,,,,,,,,,,DE,phase3_jurisdiction_model,E_model_predicted_jurisdiction,0.3251,0,1,0,NON_PUBLIC,,,,,,,,,,DE,0.3251,0.0697,DE;US;EUROPE,0.3251;0.2554;0.1484,0,,,,,,,,
PH,549300J0JNJF0GSD7L21,FIVELEAF EQUITY CORPORATION,PH,,,,,,,,,,,,,DE,phase3_jurisdiction_model,E_model_predicted_jurisdiction,0.325,0,1,0,NO_KNOWN_PERSON,,,,,,,,,,DE,0.325,0.0456,DE;US;EUROPE,0.325;0.2795;0.1733,0,,,,,,,,
PH,5493000MIR4XIUHQ3582,"SUN LIFE PROSPERITY WORLD INCOME FUND, INC",PH,,,,,,,,,,,,,US,phase3_jurisdiction_model,E_model_predicted_jurisdiction,0.3245,0,1,0,NO_KNOWN_PERSON,,,,,,,,,,US,0.3245,0.0312,US;AMERICAS_OTHER;EUROPE,0.3245;0.2932;0.1596,0,,,,,,,,
PH,984500C5E5C9B9TD6513,GENERAL TUNA CORPORATION,PH,,,,,,,,,,,,,DE,phase3_jurisdiction_model,E_model_predicted_jurisdiction,0.3239,0,1,1,NON_CONSOLIDATING,,,,,,,,,,DE,0.3239,0.0659,DE;EUROPE;US,0.3239;0.258;0.2332,0,,,,,,,,
PH,984500CF03882AO6DD34,"H. A. Duldulao & Co., Inc.",PH,,,,,,,,,,,,,US,phase3_jurisdiction_model,E_model_predicted_jurisdiction,0.3238,0,1,0,NO_KNOWN_PERSON,,,,,,,,,,US,0.3238,0.0732,US;DE;EUROPE,0.3238;0.2506;0.1674,0,,,,,,,,
PH,984500YCDCE7BDR96492,ELECTROLUX PHILIPPINES INC.,PH,,,,,,,,,,,,,US,phase3_jurisdiction_model,E_model_predicted_jurisdiction,0.3236,0,1,0,NATURAL_PERSONS,,,,,,,,,,US,0.3236,0.0319,US;DE;AMERICAS_OTHER,0.3236;0.2917;0.1191,0,,,,,,,,
PH,984500BFFEADC9281W74,"Wolfstorm Black Security, Inc.",PH,,,,,,,,,,,,,DE,phase3_jurisdiction_model,E_model_predicted_jurisdiction,0.3235,0,1,0,NATURAL_PERSONS,,,,,,,,,,DE,0.3235,0.1152,DE;US;EUROPE,0.3235;0.2083;0.1758,0,,,,,,,,
PH,2549001HKS2PFDCAN585,COMCLARK NETWORK AND TECHNOLOGY CORP.,PH,,,,,,,,,,,,,US,phase3_jurisdiction_model,E_model_predicted_jurisdiction,0.3232,0,1,1,NON_CONSOLIDATING,,,,,,,,,,US,0.3232,0.1009,US;DE;EUROPE,0.3232;0.2223;0.1905,0,,,,,,,,
PH,984500CC910A46B36E13,HEMISPHERE LEO-BURNETT INC.,PH,,,,,,,,,,,,,DE,phase3_jurisdiction_model,E_model_predicted_jurisdiction,0.3209,0,1,0,NATURAL_PERSONS,,,,,,,,,,DE,0.3209,0.023,DE;US;AMERICAS_OTHER,0.3209;0.2979;0.1042,0,,,,,,,,
PH,9845002AF8DB44C52E43,"PUBLICIS JIMENEZBASIC, INC.",PH,,,,,,,,,,,,,DE,phase3_jurisdiction_model,E_model_predicted_jurisdiction,0.3209,0,1,0,NATURAL_PERSONS,,,,,,,,,,DE,0.3209,0.023,DE;US;AMERICAS_OTHER,0.3209;0.2979;0.1042,0,,,,,,,,
PH,254900OVCTK2LTBRRN33,"PRIME INFRASTRUCTURE CAPITAL, INC.",PH,,,,,,,,,,,,,DE,phase3_jurisdiction_model,E_model_predicted_jurisdiction,0.3199,0,1,0,NO_LEI,,,,,,,,,,DE,0.3199,0.0512,DE;US;EUROPE,0.3199;0.2687;0.1296,0,,,,,,,,
PH,54930025V41YSY0QJS74,ASIA UNITED BANK CORP.,PH,,,,,,,,,,,,,DE,phase3_jurisdiction_model,E_model_predicted_jurisdiction,0.3198,0,1,0,NATURAL_PERSONS,,,,,,,,,,DE,0.3198,0.0874,DE;US;EUROPE,0.3198;0.2323;0.2206,0,,,,,,,,
PH,2549006UUI7RCMA9WH49,SALMON BANK (RURAL BANK) INC.,PH,,,,,,,,,,,,,US,phase3_jurisdiction_model,E_model_predicted_jurisdiction,0.3198,0,1,0,NO_KNOWN_PERSON,,,,,,,,,,US,0.3198,0.1026,US;DE;EUROPE,0.3198;0.2172;0.172,0,,,,,,,,
PH,254900PO506YXS3L2C19,DIMENSION-ALL MANPOWER INC.,PH,,,,,,,,,,,,,DE,phase3_jurisdiction_model,E_model_predicted_jurisdiction,0.3192,0,1,0,NATURAL_PERSONS,,,,,,,,,,DE,0.3192,0.1462,DE;ASIA_OTHER;US,0.3192;0.173;0.1603,0,,,,,,,,
PH,984500E81C3A5362A067,PRINCESS JOY PLACEMENT AND GENERAL SERVICES INC,PH,,,,,,,,,,,,,US,phase3_jurisdiction_model,E_model_predicted_jurisdiction,0.3187,0,1,0,NATURAL_PERSONS,,,,,,,,,,US,0.3187,0.1051,US;DE;EUROPE,0.3187;0.2136;0.1899,0,,,,,,,,
PH,984500F1EDD708BB9F69,"SYNGENTA PHILIPPINES, INC.",PH,,,,,,,,,,,,,DE,phase3_jurisdiction_model,E_model_predicted_jurisdiction,0.316,0,1,0,NON_PUBLIC,,,,,,,,,,DE,0.316,0.0358,DE;US;EUROPE,0.316;0.2802;0.1765,0,,,,,,,,
PH,984500996D8B0C7DAF31,"TORRENT PHARMA PHILIPPINES, INC.",PH,,,,,,,,,,,,,US,phase3_jurisdiction_model,E_model_predicted_jurisdiction,0.3159,0,1,1,NON_CONSOLIDATING,,,,,,,,,,US,0.3159,0.0496,US;DE;AMERICAS_OTHER,0.3159;0.2663;0.1325,0,,,,,,,,
PH,2549006V6M4JODGA5X09,"Del Monte Philippines, Inc.",PH,,,,,,,,,,,,,US,phase3_jurisdiction_model,E_model_predicted_jurisdiction,0.3157,0,1,0,NO_LEI,,,,,,,,,,US,0.3157,0.022,US;DE;AMERICAS_OTHER,0.3157;0.2937;0.1308,0,,,,,,,,
PH,984500F56AFE1543ME82,A.B. CAPITAL & INV. CORP.,PH,,,,,,,,,,,,,AMERICAS_OTHER,phase3_jurisdiction_model,E_model_predicted_jurisdiction,0.315,0,1,0,NO_KNOWN_PERSON,,,,,,,,,,AMERICAS_OTHER,0.315,0.0064,AMERICAS_OTHER;US;DE,0.315;0.3086;0.1474,0,,,,,,,,
PH,549300DMJ4PEIUMTEQ37,GENERAL MILLING CORPORATION,PH,,,,,,,,,,,,,DE,phase3_jurisdiction_model,E_model_predicted_jurisdiction,0.3139,0,1,0,,,,,,,,,,,DE,0.3139,0.002,DE;US;EUROPE,0.3139;0.3119;0.1493,0,,,,,,,,
PH,549300BBW4HFXV4RPF06,"All Asian Countertrade, Inc.",PH,,,,,,,,,,,,,DE,phase3_jurisdiction_model,E_model_predicted_jurisdiction,0.3126,0,1,0,NO_LEI,,,,,,,,,,DE,0.3126,0.0162,DE;US;AMERICAS_OTHER,0.3126;0.2964;0.2169,0,,,,,,,,
PH,8945008FXJ2QCVCRJM25,"JG SUMMIT HOLDINGS, INC.",PH,,,,,,,,,,,,,DE,phase3_jurisdiction_model,E_model_predicted_jurisdiction,0.3107,0,1,0,NO_KNOWN_PERSON,,,,,,,,,,DE,0.3107,0.0183,DE;US;EUROPE,0.3107;0.2925;0.1446,0,,,,,,,,
PH,254900Q8ACJ0DSIUJX19,JARDINE SCHINDLER ELEVATOR CORP.,PH,,,,,,,,,,,,,US,phase3_jurisdiction_model,E_model_predicted_jurisdiction,0.3079,0,1,0,NON_PUBLIC,,,,,,,,,,US,0.3079,0.0349,US;DE;EUROPE,0.3079;0.273;0.1542,0,,,,,,,,
PH,254900ISCL7S0SZ7E706,Century Limitless Corporation,PH,,,,,,,,,,,,,US,phase3_jurisdiction_model,E_model_predicted_jurisdiction,0.3077,0,1,0,NO_LEI,,,,,,,,,,US,0.3077,0.0444,US;DE;OTHER,0.3077;0.2633;0.1558,0,,,,,,,,
PH,254900MDNXYJKHXO0P61,Aboitiz Equity Ventures Inc.,PH,,,,,,,,,,,,,AMERICAS_OTHER,phase3_jurisdiction_model,E_model_predicted_jurisdiction,0.3064,0,1,1,NON_CONSOLIDATING,,,,,,,,,,AMERICAS_OTHER,0.3064,0.0178,AMERICAS_OTHER;EUROPE;US,0.3064;0.2886;0.1437,0,,,,,,,,
PH,254900O2GL2DVQY36A42,"FIRST METRO SAVE & LEARN EQUITY FUND, INC.",PH,,,,,,,,,,,,,US,phase3_jurisdiction_model,E_model_predicted_jurisdiction,0.3061,0,1,1,NON_CONSOLIDATING,,,,,,,,,,US,0.3061,0.0762,US;DE;EUROPE,0.3061;0.2299;0.1813,0,,,,,,,,
PH,254900WDU9TVJ8YB2L71,PRIME MERIDIAN POWERGEN CORPORATION,PH,,,,,,,,,,,,,US,phase3_jurisdiction_model,E_model_predicted_jurisdiction,0.306,0,1,0,NATURAL_PERSONS,,,,,,,,,,US,0.306,0.0762,US;DE;EUROPE,0.306;0.2299;0.1556,0,,,,,,,,
PH,984500E49CET9FA73D38,GLOBAL TRANSPORT VENTURES CORPORATION,PH,,,,,,,,,,,,,US,phase3_jurisdiction_model,E_model_predicted_jurisdiction,0.3054,0,1,0,NATURAL_PERSONS,,,,,,,,,,US,0.3054,0.0315,US;DE;EUROPE,0.3054;0.2738;0.1302,0,,,,,,,,
PH,98450068I640ED1DDD42,COLUMBUS SHIPMANAGEMENT INC.,PH,,,,,,,,,,,,,DE,phase3_jurisdiction_model,E_model_predicted_jurisdiction,0.3052,0,1,0,NATURAL_PERSONS,,,,,,,,,,DE,0.3052,0.0889,DE;EUROPE;US,0.3052;0.2163;0.2132,0,,,,,,,,
PH,9845006085A4144AA280,GOLDEN ARCHES DEVELOPMENT CORPORATION,PH,,,,,,,,,,,,,US,phase3_jurisdiction_model,E_model_predicted_jurisdiction,0.3052,0,1,0,NATURAL_PERSONS,,,,,,,,,,US,0.3052,0.0292,US;DE;EUROPE,0.3052;0.2759;0.1514,0,,,,,,,,
PH,984500ECD785A9EZ3918,MEDICAL STAFFING RESOURCES INC.,PH,,,,,,,,,,,,,DE,phase3_jurisdiction_model,E_model_predicted_jurisdiction,0.3038,0,1,0,NATURAL_PERSONS,,,,,,,,,,DE,0.3038,0.1088,DE;US;AMERICAS_OTHER,0.3038;0.1951;0.1666,0,,,,,,,,
PH,9845005G98A9E859DA26,IMCD PHILIPPINES CORPORATION,PH,,,,,,,,,,,,,US,phase3_jurisdiction_model,E_model_predicted_jurisdiction,0.3036,0,1,1,NON_CONSOLIDATING,,,,,,,,,,US,0.3036,0.069,US;DE;EUROPE,0.3036;0.2346;0.1806,0,,,,,,,,
PH,254900ENQK97JHASNV20,"FIRST METRO SAVE & LEARN FIXED-INCOME FUND, INC.",PH,,,,,,,,,,,,,US,phase3_jurisdiction_model,E_model_predicted_jurisdiction,0.3035,0,1,0,NATURAL_PERSONS,,,,,,,,,,US,0.3035,0.1027,US;DE;EUROPE,0.3035;0.2008;0.1946,0,,,,,,,,
PH,254900DI9Y5JWYL5LG15,"TERRA SOLAR PHILIPPINES, INC.",PH,,,,,,,,,,,,,US,phase3_jurisdiction_model,E_model_predicted_jurisdiction,0.3032,0,1,0,NON_PUBLIC,,,,,,,,,,US,0.3032,0.0076,US;DE;EUROPE,0.3032;0.2956;0.1232,0,,,,,,,,
PH,98450008B4C8CE683C81,"Ardom Towergen Philippines, Inc.",PH,,,,,,,,,,,,,US,phase3_jurisdiction_model,E_model_predicted_jurisdiction,0.3015,0,1,0,NO_KNOWN_PERSON,,,,,,,,,,US,0.3015,0.0185,US;DE;EUROPE,0.3015;0.2831;0.1324,0,,,,,,,,
PH,254900IB7QXHR6MSPH66,Filinvest Development Corporation,PH,,,,,,,,,,,,,DE,phase3_jurisdiction_model,E_model_predicted_jurisdiction,0.3008,0,1,0,NO_LEI,,,,,,,,,,DE,0.3008,0.0384,DE;US;EUROPE,0.3008;0.2624;0.154,0,,,,,,,,
PH,254900YH5X9J9UM1EC78,"BPI Investment Management, Inc.",PH,,,,,,,,,,,,,DE,phase3_jurisdiction_model,E_model_predicted_jurisdiction,0.2989,0,1,0,NO_KNOWN_PERSON,,,,,,,,,,DE,0.2989,0.0368,DE;AMERICAS_OTHER;US,0.2989;0.262;0.2469,0,,,,,,,,
PH,2549008E6WZJ6VGQHJ36,"First Metro Save and Learn Money Market Fund, Inc.",PH,,,,,,,,,,,,,US,phase3_jurisdiction_model,E_model_predicted_jurisdiction,0.2968,0,1,1,NON_CONSOLIDATING,,,,,,,,,,US,0.2968,0.0675,US;DE;EUROPE,0.2968;0.2293;0.1922,0,,,,,,,,
PH,549300F6F75L86ROSC61,TOKTOKWALLET INC.,PH,,,,,,,,,,,,,DE,phase3_jurisdiction_model,E_model_predicted_jurisdiction,0.2956,0,1,0,NO_LEI,,,,,,,,,,DE,0.2956,0.0593,DE;AMERICAS_OTHER;US,0.2956;0.2363;0.1925,0,,,,,,,,
PH,98450071D75ACB476F35,ARUDRA MAINTENANCE AND SUPPLIES INC.,PH,,,,,,,,,,,,,US,phase3_jurisdiction_model,E_model_predicted_jurisdiction,0.2944,0,1,1,NON_CONSOLIDATING,,,,,,,,,,US,0.2944,0.0725,US;DE;AMERICAS_OTHER,0.2944;0.2219;0.2,0,,,,,,,,
PH,98450047369A4CZF5926,SOLUTION KEY LIMITED CORP.,PH,,,,,,,,,,,,,DE,phase3_jurisdiction_model,E_model_predicted_jurisdiction,0.2942,0,1,0,NO_KNOWN_PERSON,,,,,,,,,,DE,0.2942,0.0326,DE;US;EUROPE,0.2942;0.2616;0.1431,0,,,,,,,,
PH,984500FE60C7F2ECB786,PAPA SECURITIES CORPORATION,PH,,,,,,,,,,,,,DE,phase3_jurisdiction_model,E_model_predicted_jurisdiction,0.2936,0,1,1,NON_CONSOLIDATING,,,,,,,,,,DE,0.2936,0.0585,DE;US;OTHER,0.2936;0.2352;0.1371,0,,,,,,,,
PH,254900V7U4ISSUGFR887,SALISBURY SECURITIES CORPORATION,PH,,,,,,,,,,,,,DE,phase3_jurisdiction_model,E_model_predicted_jurisdiction,0.2933,0,1,0,NO_LEI,,,,,,,,,,DE,0.2933,0.0766,DE;US;EUROPE,0.2933;0.2167;0.1647,0,,,,,,,,
PH,254900M3L8EPM2IJZ951,South Asialink Finance Corporation,PH,,,,,,,,,,,,,US,phase3_jurisdiction_model,E_model_predicted_jurisdiction,0.2899,0,1,0,NATURAL_PERSONS,,,,,,,,,,US,0.2899,0.0292,US;DE;EUROPE,0.2899;0.2607;0.1567,0,,,,,,,,
PH,984500BB92D3BED1C031,MUNDO BUILDERS INCORPORATED,PH,,,,,,,,,,,,,DE,phase3_jurisdiction_model,E_model_predicted_jurisdiction,0.2898,0,1,0,NATURAL_PERSONS,,,,,,,,,,DE,0.2898,0.1207,DE;ASIA_OTHER;US,0.2898;0.169;0.1533,0,,,,,,,,
PH,213800PT2RM9BOG5Q719,NTT PHILIPPINES SOLUTIONS INC.,PH,,,,,,,,,,,,,US,phase3_jurisdiction_model,E_model_predicted_jurisdiction,0.2886,0,1,1,NON_CONSOLIDATING,,,,,,,,,,US,0.2886,0.0059,US;AMERICAS_OTHER;DE,0.2886;0.2827;0.1506,0,,,,,,,,
PH,9845004C2AD94649U582,SYNERGY OCEAN MARITIME INC.,PH,,,,,,,,,,,,,DE,phase3_jurisdiction_model,E_model_predicted_jurisdiction,0.2877,0,1,0,NATURAL_PERSONS,,,,,,,,,,DE,0.2877,0.0717,DE;US;ASIA_OTHER,0.2877;0.216;0.2003,0,,,,,,,,
PH,98450004A8897A3UFC81,ZENITH OPTIMEDIA PHILS. INC.,PH,,,,,,,,,,,,,DE,phase3_jurisdiction_model,E_model_predicted_jurisdiction,0.2871,0,1,0,NATURAL_PERSONS,,,,,,,,,,DE,0.2871,0.0694,DE;AMERICAS_OTHER;US,0.2871;0.2177;0.17,0,,,,,,,,
PH,984500E0B5A3ED8DD497,ABBA PERSONNEL SERVICES INC,PH,,,,,,,,,,,,,DE,phase3_jurisdiction_model,E_model_predicted_jurisdiction,0.2864,0,1,0,NATURAL_PERSONS,,,,,,,,,,DE,0.2864,0.0775,DE;US;ASIA_OTHER,0.2864;0.2089;0.1953,0,,,,,,,,
PH,254900W9XKKT87I45076,Malayan Savings Bank Inc.,PH,,,,,,,,,,,,,AMERICAS_OTHER,phase3_jurisdiction_model,E_model_predicted_jurisdiction,0.2853,0,1,1,NON_CONSOLIDATING,,,,,,,,,,AMERICAS_OTHER,0.2853,0.0282,AMERICAS_OTHER;DE;US,0.2853;0.2571;0.1998,0,,,,,,,,
PH,984500GE5D868B5CO441,Opal Ship Management Corporation,PH,,,,,,,,,,,,,DE,phase3_jurisdiction_model,E_model_predicted_jurisdiction,0.2818,0,1,0,NATURAL_PERSONS,,,,,,,,,,DE,0.2818,0.0171,DE;US;EUROPE,0.2818;0.2647;0.1621,0,,,,,,,,
PH,984500E159001B382C35,BLACK PENCIL ADVERTISING INC.,PH,,,,,,,,,,,,,DE,phase3_jurisdiction_model,E_model_predicted_jurisdiction,0.2787,0,1,0,NATURAL_PERSONS,,,,,,,,,,DE,0.2787,0.0265,DE;AMERICAS_OTHER;US,0.2787;0.2522;0.1693,0,,,,,,,,
PH,254900LLDHIIB1F6DI16,BPI CAPITAL CORP.,PH,,,,,,,,,,,,,DE,phase3_jurisdiction_model,E_model_predicted_jurisdiction,0.2787,0,1,1,NON_CONSOLIDATING,,,,,,,,,,DE,0.2787,0.0487,DE;AMERICAS_OTHER;US,0.2787;0.23;0.2146,0,,,,,,,,
PH,984500F14BB61A86EJ25,Qwikwire Billing Systems Inc.,PH,,,,,,,,,,,,,DE,phase3_jurisdiction_model,E_model_predicted_jurisdiction,0.2787,0,1,0,NO_LEI,,,,,,,,,,DE,0.2787,0.0215,DE;AMERICAS_OTHER;US,0.2787;0.2572;0.1716,0,,,,,,,,
PH,984500A6493978704563,LBS RECRUITMENT SOLUTIONS CORPORATION,PH,,,,,,,,,,,,,US,phase3_jurisdiction_model,E_model_predicted_jurisdiction,0.2768,0,1,0,NATURAL_PERSONS,,,,,,,,,,US,0.2768,0.0141,US;DE;EUROPE,0.2768;0.2628;0.1503,0,,,,,,,,
PH,254900P35KIN2M2I1E88,JARDINE DISTRIBUTION INC.,PH,,,,,,,,,,,,,ASIA_OTHER,phase3_jurisdiction_model,E_model_predicted_jurisdiction,0.2735,0,1,0,NON_PUBLIC,,,,,,,,,,ASIA_OTHER,0.2735,0.0812,ASIA_OTHER;DE;AMERICAS_OTHER,0.2735;0.1924;0.1899,0,,,,,,,,
PH,254900P8QCVL2I5IKI76,Petroleum Marang Corporation,PH,,,,,,,,,,,,,DE,phase3_jurisdiction_model,E_model_predicted_jurisdiction,0.2669,0,1,0,NATURAL_PERSONS,,,,,,,,,,DE,0.2669,0.027,DE;US;EUROPE,0.2669;0.2399;0.221,0,,,,,,,,
PH,254900X2XG3725TUXA32,"EURONET TECHNOLOGY SERVICES, INC.",PH,,,,,,,,,,,,,DE,phase3_jurisdiction_model,E_model_predicted_jurisdiction,0.2667,0,1,0,NATURAL_PERSONS,,,,,,,,,,DE,0.2667,0.0151,DE;US;AMERICAS_OTHER,0.2667;0.2515;0.1624,0,,,,,,,,
PH,254900J25GU4QVHPGO06,FWD Life Insurance Corporation,PH,,,,,,,,,,,,,DE,phase3_jurisdiction_model,E_model_predicted_jurisdiction,0.2666,0,1,0,NON_PUBLIC,,,,,,,,,,DE,0.2666,0.0641,DE;OTHER;US,0.2666;0.2026;0.1862,0,,,,,,,,
PH,9845009NSM41AO36BK60,Hinatuan Mining Corporation,PH,,,,,,,,,,,,,DE,phase3_jurisdiction_model,E_model_predicted_jurisdiction,0.2664,0,1,0,NON_PUBLIC,,,,,,,,,,DE,0.2664,0.0524,DE;ASIA_OTHER;US,0.2664;0.214;0.189,0,,,,,,,,
PH,98450075A3ED38BFB383,Taganito Mining Corporation,PH,,,,,,,,,,,,,DE,phase3_jurisdiction_model,E_model_predicted_jurisdiction,0.2664,0,1,0,NON_PUBLIC,,,,,,,,,,DE,0.2664,0.0524,DE;ASIA_OTHER;US,0.2664;0.214;0.189,0,,,,,,,,
PH,254900YB8UATFP21AF80,SM INVESTMENTS CORPORATION,PH,,,,,,,,,,,,,EUROPE,phase3_jurisdiction_model,E_model_predicted_jurisdiction,0.2634,0,1,1,NON_CONSOLIDATING,,,,,,,,,,EUROPE,0.2634,0.0031,EUROPE;US;DE,0.2634;0.2603;0.2118,0,,,,,,,,
PH,9845000EI61DD48S5U16,AB CAPITAL SECURITIES INC.,PH,,,,,,,,,,,,,US,phase3_jurisdiction_model,E_model_predicted_jurisdiction,0.2609,0,1,0,NATURAL_PERSONS,,,,,,,,,,US,0.2609,0.0334,US;AMERICAS_OTHER;DE,0.2609;0.2275;0.2092,0,,,,,,,,
PH,984500EBCBD3A7R7A027,CAGDIANAO MINING CORPORATION,PH,,,,,,,,,,,,,DE,phase3_jurisdiction_model,E_model_predicted_jurisdiction,0.2596,0,1,0,NON_PUBLIC,,,,,,,,,,DE,0.2596,0.0472,DE;EUROPE;US,0.2596;0.2124;0.1838,0,,,,,,,,
PH,254900M9EXJ3M6S66M06,DigiPlus Interactive Corp.,PH,,,,,,,,,,,,,ASIA_OTHER,phase3_jurisdiction_model,E_model_predicted_jurisdiction,0.2518,0,1,0,NO_LEI,,,,,,,,,,ASIA_OTHER,0.2518,0.0356,ASIA_OTHER;AMERICAS_OTHER;US,0.2518;0.2163;0.187,0,,,,,,,,
PH,254900G4WDEOXLMTDK48,ERAMEN HOLDINGS CORPORATION,PH,,,,,,,,,,,,,DE,phase3_jurisdiction_model,E_model_predicted_jurisdiction,0.25,0,1,0,NATURAL_PERSONS,,,,,,,,,,DE,0.25,0.0809,DE;US;ASIA_OTHER,0.25;0.1691;0.1604,0,,,,,,,,
PH,98450054FE86DTAAHF03,FIRST DIGITAL FINANCE CORPORATION,PH,,,,,,,,,,,,,US,phase3_jurisdiction_model,E_model_predicted_jurisdiction,0.2483,0,1,0,NATURAL_PERSONS,,,,,,,,,,US,0.2483,0.0054,US;DE;OTHER,0.2483;0.2429;0.1939,0,,,,,,,,
PH,984500FC3AEOBA4ECD29,Rio Tuba Nickel Mining Corporation,PH,,,,,,,,,,,,,US,phase3_jurisdiction_model,E_model_predicted_jurisdiction,0.2422,0,1,0,NON_PUBLIC,,,,,,,,,,US,0.2422,0.0589,US;EUROPE;DE,0.2422;0.1833;0.1781,0,,,,,,,,
PH,254900AZZMZLESPUCS42,First Circle Growth Finance Corp.,PH,,,,,,,,,,,,,US,phase3_jurisdiction_model,E_model_predicted_jurisdiction,0.2374,0,1,0,NO_LEI,,,,,,,,,,US,0.2374,0.0363,US;AMERICAS_OTHER;DE,0.2374;0.2011;0.1983,0,,,,,,,,
PH,98450073FEAH515OA758,OneTeam Technology Corporation,PH,,,,,,,,,,,,,DE,phase3_jurisdiction_model,E_model_predicted_jurisdiction,0.2352,0,1,1,NON_CONSOLIDATING,,,,,,,,,,DE,0.2352,0.0444,DE;US;OTHER,0.2352;0.1908;0.1765,0,,,,,,,,
PH,254900G2SIX647VTQY06,LAB BIOSERV CORP.,PH,,,,,,,,,,,,,US,phase3_jurisdiction_model,E_model_predicted_jurisdiction,0.2348,0,1,0,NO_LEI,,,,,,,,,,US,0.2348,0.0133,US;DE;AMERICAS_OTHER,0.2348;0.2216;0.147,0,,,,,,,,
PH,98450078EB1E66641181,PLACEWELL INTERNATIONAL SERVICES CORPORATION,PH,,,,,,,,,,,,,US,phase3_jurisdiction_model,E_model_predicted_jurisdiction,0.2335,0,1,0,NATURAL_PERSONS,,,,,,,,,,US,0.2335,0.0428,US;DE;OTHER,0.2335;0.1906;0.175,0,,,,,,,,
PH,254900KFOAORWAEHNX33,DENTSU PHILIPPINES INC.,PH,,,,,,,,,,,,,US,phase3_jurisdiction_model,E_model_predicted_jurisdiction,0.2295,0,1,0,NO_LEI,,,,,,,,,,US,0.2295,0.017,US;DE;AMERICAS_OTHER,0.2295;0.2125;0.1639,0,,,,,,,,
PH,254900N02OYFRSDCFJ74,RCBC TRUST CORPORATION,PH,,,,,,,,,,,,,ASIA_OTHER,phase3_jurisdiction_model,E_model_predicted_jurisdiction,0.2229,0,1,0,NO_LEI,,,,,,,,,,ASIA_OTHER,0.2229,0.0196,ASIA_OTHER;DE;AMERICAS_OTHER,0.2229;0.2033;0.1902,0,,,,,,,,
PH,254900SN94HHEGB7FN15,PIONEER INSURANCE & SURETY CORP.,PH,,,,,,,,,,,,,US,phase3_jurisdiction_model,E_model_predicted_jurisdiction,0.2174,0,1,0,NO_LEI,,,,,,,,,,US,0.2174,0.0063,US;AMERICAS_OTHER;DE,0.2174;0.2111;0.2083,0,,,,,,,,
PH,984500B464BLFD79F109,Riya Travel and Tours LLC,PH,,,,,,,,,,,,,,unassigned,U_unassigned,0.0,0,0,0,,,,,,,,,,,,,,,,0,,,,,,,,
PH,254900C32J0JD8DJ9A82,SCG MARKETING PHILIPPINES INC.,PH,,,,,,,,,,,,,,unassigned,U_unassigned,0.0,0,0,0,,,,,,,,,,,,,,,,0,,,,,,,,
